
===========================================================================
report_checks -path_delay max (Setup)
============================================================================
======================= Typical Corner ===================================

Startpoint: _715_ (rising edge-triggered flip-flop clocked by clk)
Endpoint: product[14] (output port clocked by clk)
Path Group: clk
Path Type: max

Fanout     Cap    Slew   Delay    Time   Description
-----------------------------------------------------------------------------
                          0.00    0.00   clock clk (rise edge)
                          0.00    0.00   clock source latency
                  0.13    0.09    0.09 ^ clk (in)
     1    0.03                           clk (net)
                  0.13    0.00    0.09 ^ clkbuf_0_clk/A (sky130_fd_sc_hd__clkbuf_16)
                  0.07    0.19    0.28 ^ clkbuf_0_clk/X (sky130_fd_sc_hd__clkbuf_16)
     4    0.05                           clknet_0_clk (net)
                  0.07    0.00    0.28 ^ clkbuf_2_3__f_clk/A (sky130_fd_sc_hd__clkbuf_16)
                  0.06    0.16    0.44 ^ clkbuf_2_3__f_clk/X (sky130_fd_sc_hd__clkbuf_16)
    12    0.05                           clknet_2_3__leaf_clk (net)
                  0.06    0.00    0.44 ^ _715_/CLK (sky130_fd_sc_hd__dfrtp_2)
                  0.09    0.48    0.92 v _715_/Q (sky130_fd_sc_hd__dfrtp_2)
     3    0.03                           net25 (net)
                  0.09    0.00    0.93 v output25/A (sky130_fd_sc_hd__clkbuf_4)
                  0.08    0.21    1.14 v output25/X (sky130_fd_sc_hd__clkbuf_4)
     1    0.03                           product[14] (net)
                  0.08    0.00    1.14 v product[14] (out)
                                  1.14   data arrival time

                         10.00   10.00   clock clk (rise edge)
                          0.00   10.00   clock network delay (propagated)
                         -0.25    9.75   clock uncertainty
                          0.00    9.75   clock reconvergence pessimism
                         -2.00    7.75   output external delay
                                  7.75   data required time
-----------------------------------------------------------------------------
                                  7.75   data required time
                                 -1.14   data arrival time
-----------------------------------------------------------------------------
                                  6.61   slack (MET)


Startpoint: _706_ (rising edge-triggered flip-flop clocked by clk)
Endpoint: product[5] (output port clocked by clk)
Path Group: clk
Path Type: max

Fanout     Cap    Slew   Delay    Time   Description
-----------------------------------------------------------------------------
                          0.00    0.00   clock clk (rise edge)
                          0.00    0.00   clock source latency
                  0.13    0.09    0.09 ^ clk (in)
     1    0.03                           clk (net)
                  0.13    0.00    0.09 ^ clkbuf_0_clk/A (sky130_fd_sc_hd__clkbuf_16)
                  0.07    0.19    0.28 ^ clkbuf_0_clk/X (sky130_fd_sc_hd__clkbuf_16)
     4    0.05                           clknet_0_clk (net)
                  0.07    0.00    0.28 ^ clkbuf_2_1__f_clk/A (sky130_fd_sc_hd__clkbuf_16)
                  0.07    0.16    0.44 ^ clkbuf_2_1__f_clk/X (sky130_fd_sc_hd__clkbuf_16)
    14    0.05                           clknet_2_1__leaf_clk (net)
                  0.07    0.00    0.45 ^ _706_/CLK (sky130_fd_sc_hd__dfrtp_1)
                  0.15    0.43    0.88 ^ _706_/Q (sky130_fd_sc_hd__dfrtp_1)
     2    0.02                           net31 (net)
                  0.15    0.00    0.88 ^ output31/A (sky130_fd_sc_hd__buf_2)
                  0.17    0.25    1.13 ^ output31/X (sky130_fd_sc_hd__buf_2)
     1    0.03                           product[5] (net)
                  0.17    0.00    1.13 ^ product[5] (out)
                                  1.13   data arrival time

                         10.00   10.00   clock clk (rise edge)
                          0.00   10.00   clock network delay (propagated)
                         -0.25    9.75   clock uncertainty
                          0.00    9.75   clock reconvergence pessimism
                         -2.00    7.75   output external delay
                                  7.75   data required time
-----------------------------------------------------------------------------
                                  7.75   data required time
                                 -1.13   data arrival time
-----------------------------------------------------------------------------
                                  6.62   slack (MET)


Startpoint: _725_ (rising edge-triggered flip-flop clocked by clk)
Endpoint: _747_ (rising edge-triggered flip-flop clocked by clk)
Path Group: clk
Path Type: max

Fanout     Cap    Slew   Delay    Time   Description
-----------------------------------------------------------------------------
                          0.00    0.00   clock clk (rise edge)
                          0.00    0.00   clock source latency
                  0.13    0.09    0.09 ^ clk (in)
     1    0.03                           clk (net)
                  0.13    0.00    0.09 ^ clkbuf_0_clk/A (sky130_fd_sc_hd__clkbuf_16)
                  0.07    0.19    0.28 ^ clkbuf_0_clk/X (sky130_fd_sc_hd__clkbuf_16)
     4    0.05                           clknet_0_clk (net)
                  0.07    0.00    0.28 ^ clkbuf_2_0__f_clk/A (sky130_fd_sc_hd__clkbuf_16)
                  0.07    0.16    0.45 ^ clkbuf_2_0__f_clk/X (sky130_fd_sc_hd__clkbuf_16)
    15    0.05                           clknet_2_0__leaf_clk (net)
                  0.07    0.00    0.45 ^ _725_/CLK (sky130_fd_sc_hd__dfrtp_4)
                  0.09    0.54    0.99 v _725_/Q (sky130_fd_sc_hd__dfrtp_4)
     6    0.02                           u_core.M[0] (net)
                  0.09    0.00    0.99 v _354_/B (sky130_fd_sc_hd__nor2_2)
                  0.26    0.24    1.24 ^ _354_/Y (sky130_fd_sc_hd__nor2_2)
     3    0.02                           _115_ (net)
                  0.26    0.00    1.24 ^ _366_/A (sky130_fd_sc_hd__clkbuf_4)
                  0.12    0.28    1.52 ^ _366_/X (sky130_fd_sc_hd__clkbuf_4)
    10    0.04                           _127_ (net)
                  0.12    0.00    1.52 ^ _381_/A (sky130_fd_sc_hd__nand2_2)
                  0.11    0.12    1.64 v _381_/Y (sky130_fd_sc_hd__nand2_2)
     6    0.02                           _142_ (net)
                  0.11    0.00    1.64 v _383_/A2 (sky130_fd_sc_hd__o21ai_1)
                  0.19    0.21    1.85 ^ _383_/Y (sky130_fd_sc_hd__o21ai_1)
     2    0.01                           _144_ (net)
                  0.19    0.00    1.85 ^ _384_/B1 (sky130_fd_sc_hd__o21ai_1)
                  0.09    0.13    1.99 v _384_/Y (sky130_fd_sc_hd__o21ai_1)
     2    0.01                           _145_ (net)
                  0.09    0.00    1.99 v _436_/A (sky130_fd_sc_hd__nand2_1)
                  0.10    0.12    2.11 ^ _436_/Y (sky130_fd_sc_hd__nand2_1)
     3    0.01                           _197_ (net)
                  0.10    0.00    2.11 ^ _437_/D1 (sky130_fd_sc_hd__o2111a_1)
                  0.11    0.23    2.34 ^ _437_/X (sky130_fd_sc_hd__o2111a_1)
     2    0.01                           _198_ (net)
                  0.11    0.00    2.34 ^ _438_/D (sky130_fd_sc_hd__nand4_2)
                  0.16    0.18    2.52 v _438_/Y (sky130_fd_sc_hd__nand4_2)
     3    0.02                           _199_ (net)
                  0.16    0.00    2.52 v _444_/A2 (sky130_fd_sc_hd__a21oi_1)
                  0.26    0.31    2.83 ^ _444_/Y (sky130_fd_sc_hd__a21oi_1)
     2    0.01                           _205_ (net)
                  0.26    0.00    2.83 ^ _450_/A2 (sky130_fd_sc_hd__o21bai_2)
                  0.08    0.12    2.96 v _450_/Y (sky130_fd_sc_hd__o21bai_2)
     3    0.01                           _211_ (net)
                  0.08    0.00    2.96 v _453_/B1 (sky130_fd_sc_hd__a22oi_1)
                  0.14    0.14    3.10 ^ _453_/Y (sky130_fd_sc_hd__a22oi_1)
     1    0.00                           _214_ (net)
                  0.14    0.00    3.10 ^ _459_/A2_N (sky130_fd_sc_hd__a2bb2o_1)
                  0.05    0.30    3.41 v _459_/X (sky130_fd_sc_hd__a2bb2o_1)
     1    0.00                           _107_ (net)
                  0.05    0.00    3.41 v _747_/D (sky130_fd_sc_hd__dfrtp_2)
                                  3.41   data arrival time

                         10.00   10.00   clock clk (rise edge)
                          0.00   10.00   clock source latency
                  0.13    0.09   10.09 ^ clk (in)
     1    0.03                           clk (net)
                  0.13    0.00   10.09 ^ clkbuf_0_clk/A (sky130_fd_sc_hd__clkbuf_16)
                  0.07    0.17   10.25 ^ clkbuf_0_clk/X (sky130_fd_sc_hd__clkbuf_16)
     4    0.05                           clknet_0_clk (net)
                  0.07    0.00   10.26 ^ clkbuf_2_3__f_clk/A (sky130_fd_sc_hd__clkbuf_16)
                  0.06    0.15   10.40 ^ clkbuf_2_3__f_clk/X (sky130_fd_sc_hd__clkbuf_16)
    12    0.05                           clknet_2_3__leaf_clk (net)
                  0.06    0.00   10.40 ^ _747_/CLK (sky130_fd_sc_hd__dfrtp_2)
                         -0.25   10.15   clock uncertainty
                          0.03   10.18   clock reconvergence pessimism
                         -0.11   10.07   library setup time
                                 10.07   data required time
-----------------------------------------------------------------------------
                                 10.07   data required time
                                 -3.41   data arrival time
-----------------------------------------------------------------------------
                                  6.66   slack (MET)


Startpoint: _716_ (rising edge-triggered flip-flop clocked by clk)
Endpoint: product[15] (output port clocked by clk)
Path Group: clk
Path Type: max

Fanout     Cap    Slew   Delay    Time   Description
-----------------------------------------------------------------------------
                          0.00    0.00   clock clk (rise edge)
                          0.00    0.00   clock source latency
                  0.13    0.09    0.09 ^ clk (in)
     1    0.03                           clk (net)
                  0.13    0.00    0.09 ^ clkbuf_0_clk/A (sky130_fd_sc_hd__clkbuf_16)
                  0.07    0.19    0.28 ^ clkbuf_0_clk/X (sky130_fd_sc_hd__clkbuf_16)
     4    0.05                           clknet_0_clk (net)
                  0.07    0.00    0.28 ^ clkbuf_2_0__f_clk/A (sky130_fd_sc_hd__clkbuf_16)
                  0.07    0.16    0.45 ^ clkbuf_2_0__f_clk/X (sky130_fd_sc_hd__clkbuf_16)
    15    0.05                           clknet_2_0__leaf_clk (net)
                  0.07    0.00    0.45 ^ _716_/CLK (sky130_fd_sc_hd__dfrtp_1)
                  0.08    0.43    0.88 v _716_/Q (sky130_fd_sc_hd__dfrtp_1)
     2    0.01                           net26 (net)
                  0.08    0.00    0.88 v output26/A (sky130_fd_sc_hd__clkbuf_4)
                  0.08    0.21    1.09 v output26/X (sky130_fd_sc_hd__clkbuf_4)
     1    0.03                           product[15] (net)
                  0.08    0.00    1.09 v product[15] (out)
                                  1.09   data arrival time

                         10.00   10.00   clock clk (rise edge)
                          0.00   10.00   clock network delay (propagated)
                         -0.25    9.75   clock uncertainty
                          0.00    9.75   clock reconvergence pessimism
                         -2.00    7.75   output external delay
                                  7.75   data required time
-----------------------------------------------------------------------------
                                  7.75   data required time
                                 -1.09   data arrival time
-----------------------------------------------------------------------------
                                  6.66   slack (MET)


Startpoint: _711_ (rising edge-triggered flip-flop clocked by clk)
Endpoint: product[10] (output port clocked by clk)
Path Group: clk
Path Type: max

Fanout     Cap    Slew   Delay    Time   Description
-----------------------------------------------------------------------------
                          0.00    0.00   clock clk (rise edge)
                          0.00    0.00   clock source latency
                  0.13    0.09    0.09 ^ clk (in)
     1    0.03                           clk (net)
                  0.13    0.00    0.09 ^ clkbuf_0_clk/A (sky130_fd_sc_hd__clkbuf_16)
                  0.07    0.19    0.28 ^ clkbuf_0_clk/X (sky130_fd_sc_hd__clkbuf_16)
     4    0.05                           clknet_0_clk (net)
                  0.07    0.00    0.28 ^ clkbuf_2_2__f_clk/A (sky130_fd_sc_hd__clkbuf_16)
                  0.07    0.16    0.45 ^ clkbuf_2_2__f_clk/X (sky130_fd_sc_hd__clkbuf_16)
    13    0.05                           clknet_2_2__leaf_clk (net)
                  0.07    0.00    0.45 ^ _711_/CLK (sky130_fd_sc_hd__dfrtp_1)
                  0.07    0.41    0.86 v _711_/Q (sky130_fd_sc_hd__dfrtp_1)
     2    0.01                           net21 (net)
                  0.07    0.00    0.86 v output21/A (sky130_fd_sc_hd__clkbuf_4)
                  0.08    0.20    1.06 v output21/X (sky130_fd_sc_hd__clkbuf_4)
     1    0.03                           product[10] (net)
                  0.08    0.00    1.06 v product[10] (out)
                                  1.06   data arrival time

                         10.00   10.00   clock clk (rise edge)
                          0.00   10.00   clock network delay (propagated)
                         -0.25    9.75   clock uncertainty
                          0.00    9.75   clock reconvergence pessimism
                         -2.00    7.75   output external delay
                                  7.75   data required time
-----------------------------------------------------------------------------
                                  7.75   data required time
                                 -1.06   data arrival time
-----------------------------------------------------------------------------
                                  6.69   slack (MET)


Startpoint: _710_ (rising edge-triggered flip-flop clocked by clk)
Endpoint: product[9] (output port clocked by clk)
Path Group: clk
Path Type: max

Fanout     Cap    Slew   Delay    Time   Description
-----------------------------------------------------------------------------
                          0.00    0.00   clock clk (rise edge)
                          0.00    0.00   clock source latency
                  0.13    0.09    0.09 ^ clk (in)
     1    0.03                           clk (net)
                  0.13    0.00    0.09 ^ clkbuf_0_clk/A (sky130_fd_sc_hd__clkbuf_16)
                  0.07    0.19    0.28 ^ clkbuf_0_clk/X (sky130_fd_sc_hd__clkbuf_16)
     4    0.05                           clknet_0_clk (net)
                  0.07    0.00    0.28 ^ clkbuf_2_0__f_clk/A (sky130_fd_sc_hd__clkbuf_16)
                  0.07    0.16    0.45 ^ clkbuf_2_0__f_clk/X (sky130_fd_sc_hd__clkbuf_16)
    15    0.05                           clknet_2_0__leaf_clk (net)
                  0.07    0.00    0.45 ^ _710_/CLK (sky130_fd_sc_hd__dfrtp_1)
                  0.06    0.40    0.85 v _710_/Q (sky130_fd_sc_hd__dfrtp_1)
     2    0.01                           net35 (net)
                  0.06    0.00    0.85 v output35/A (sky130_fd_sc_hd__clkbuf_4)
                  0.08    0.20    1.05 v output35/X (sky130_fd_sc_hd__clkbuf_4)
     1    0.03                           product[9] (net)
                  0.08    0.00    1.05 v product[9] (out)
                                  1.05   data arrival time

                         10.00   10.00   clock clk (rise edge)
                          0.00   10.00   clock network delay (propagated)
                         -0.25    9.75   clock uncertainty
                          0.00    9.75   clock reconvergence pessimism
                         -2.00    7.75   output external delay
                                  7.75   data required time
-----------------------------------------------------------------------------
                                  7.75   data required time
                                 -1.05   data arrival time
-----------------------------------------------------------------------------
                                  6.70   slack (MET)


Startpoint: _702_ (rising edge-triggered flip-flop clocked by clk)
Endpoint: product[1] (output port clocked by clk)
Path Group: clk
Path Type: max

Fanout     Cap    Slew   Delay    Time   Description
-----------------------------------------------------------------------------
                          0.00    0.00   clock clk (rise edge)
                          0.00    0.00   clock source latency
                  0.13    0.09    0.09 ^ clk (in)
     1    0.03                           clk (net)
                  0.13    0.00    0.09 ^ clkbuf_0_clk/A (sky130_fd_sc_hd__clkbuf_16)
                  0.07    0.19    0.28 ^ clkbuf_0_clk/X (sky130_fd_sc_hd__clkbuf_16)
     4    0.05                           clknet_0_clk (net)
                  0.07    0.00    0.28 ^ clkbuf_2_0__f_clk/A (sky130_fd_sc_hd__clkbuf_16)
                  0.07    0.16    0.45 ^ clkbuf_2_0__f_clk/X (sky130_fd_sc_hd__clkbuf_16)
    15    0.05                           clknet_2_0__leaf_clk (net)
                  0.07    0.00    0.45 ^ _702_/CLK (sky130_fd_sc_hd__dfrtp_1)
                  0.06    0.40    0.85 v _702_/Q (sky130_fd_sc_hd__dfrtp_1)
     2    0.01                           net27 (net)
                  0.06    0.00    0.85 v output27/A (sky130_fd_sc_hd__clkbuf_4)
                  0.08    0.20    1.05 v output27/X (sky130_fd_sc_hd__clkbuf_4)
     1    0.03                           product[1] (net)
                  0.08    0.00    1.05 v product[1] (out)
                                  1.05   data arrival time

                         10.00   10.00   clock clk (rise edge)
                          0.00   10.00   clock network delay (propagated)
                         -0.25    9.75   clock uncertainty
                          0.00    9.75   clock reconvergence pessimism
                         -2.00    7.75   output external delay
                                  7.75   data required time
-----------------------------------------------------------------------------
                                  7.75   data required time
                                 -1.05   data arrival time
-----------------------------------------------------------------------------
                                  6.70   slack (MET)


Startpoint: _714_ (rising edge-triggered flip-flop clocked by clk)
Endpoint: product[13] (output port clocked by clk)
Path Group: clk
Path Type: max

Fanout     Cap    Slew   Delay    Time   Description
-----------------------------------------------------------------------------
                          0.00    0.00   clock clk (rise edge)
                          0.00    0.00   clock source latency
                  0.13    0.09    0.09 ^ clk (in)
     1    0.03                           clk (net)
                  0.13    0.00    0.09 ^ clkbuf_0_clk/A (sky130_fd_sc_hd__clkbuf_16)
                  0.07    0.19    0.28 ^ clkbuf_0_clk/X (sky130_fd_sc_hd__clkbuf_16)
     4    0.05                           clknet_0_clk (net)
                  0.07    0.00    0.28 ^ clkbuf_2_1__f_clk/A (sky130_fd_sc_hd__clkbuf_16)
                  0.07    0.16    0.44 ^ clkbuf_2_1__f_clk/X (sky130_fd_sc_hd__clkbuf_16)
    14    0.05                           clknet_2_1__leaf_clk (net)
                  0.07    0.00    0.45 ^ _714_/CLK (sky130_fd_sc_hd__dfrtp_1)
                  0.06    0.40    0.85 v _714_/Q (sky130_fd_sc_hd__dfrtp_1)
     2    0.01                           net24 (net)
                  0.06    0.00    0.85 v output24/A (sky130_fd_sc_hd__buf_2)
                  0.09    0.19    1.05 v output24/X (sky130_fd_sc_hd__buf_2)
     1    0.03                           product[13] (net)
                  0.09    0.00    1.05 v product[13] (out)
                                  1.05   data arrival time

                         10.00   10.00   clock clk (rise edge)
                          0.00   10.00   clock network delay (propagated)
                         -0.25    9.75   clock uncertainty
                          0.00    9.75   clock reconvergence pessimism
                         -2.00    7.75   output external delay
                                  7.75   data required time
-----------------------------------------------------------------------------
                                  7.75   data required time
                                 -1.05   data arrival time
-----------------------------------------------------------------------------
                                  6.70   slack (MET)


Startpoint: _705_ (rising edge-triggered flip-flop clocked by clk)
Endpoint: product[4] (output port clocked by clk)
Path Group: clk
Path Type: max

Fanout     Cap    Slew   Delay    Time   Description
-----------------------------------------------------------------------------
                          0.00    0.00   clock clk (rise edge)
                          0.00    0.00   clock source latency
                  0.13    0.09    0.09 ^ clk (in)
     1    0.03                           clk (net)
                  0.13    0.00    0.09 ^ clkbuf_0_clk/A (sky130_fd_sc_hd__clkbuf_16)
                  0.07    0.19    0.28 ^ clkbuf_0_clk/X (sky130_fd_sc_hd__clkbuf_16)
     4    0.05                           clknet_0_clk (net)
                  0.07    0.00    0.28 ^ clkbuf_2_2__f_clk/A (sky130_fd_sc_hd__clkbuf_16)
                  0.07    0.16    0.45 ^ clkbuf_2_2__f_clk/X (sky130_fd_sc_hd__clkbuf_16)
    13    0.05                           clknet_2_2__leaf_clk (net)
                  0.07    0.00    0.45 ^ _705_/CLK (sky130_fd_sc_hd__dfrtp_1)
                  0.05    0.40    0.85 v _705_/Q (sky130_fd_sc_hd__dfrtp_1)
     2    0.01                           net30 (net)
                  0.05    0.00    0.85 v output30/A (sky130_fd_sc_hd__clkbuf_4)
                  0.08    0.20    1.04 v output30/X (sky130_fd_sc_hd__clkbuf_4)
     1    0.03                           product[4] (net)
                  0.08    0.00    1.04 v product[4] (out)
                                  1.04   data arrival time

                         10.00   10.00   clock clk (rise edge)
                          0.00   10.00   clock network delay (propagated)
                         -0.25    9.75   clock uncertainty
                          0.00    9.75   clock reconvergence pessimism
                         -2.00    7.75   output external delay
                                  7.75   data required time
-----------------------------------------------------------------------------
                                  7.75   data required time
                                 -1.04   data arrival time
-----------------------------------------------------------------------------
                                  6.71   slack (MET)


Startpoint: _704_ (rising edge-triggered flip-flop clocked by clk)
Endpoint: product[3] (output port clocked by clk)
Path Group: clk
Path Type: max

Fanout     Cap    Slew   Delay    Time   Description
-----------------------------------------------------------------------------
                          0.00    0.00   clock clk (rise edge)
                          0.00    0.00   clock source latency
                  0.13    0.09    0.09 ^ clk (in)
     1    0.03                           clk (net)
                  0.13    0.00    0.09 ^ clkbuf_0_clk/A (sky130_fd_sc_hd__clkbuf_16)
                  0.07    0.19    0.28 ^ clkbuf_0_clk/X (sky130_fd_sc_hd__clkbuf_16)
     4    0.05                           clknet_0_clk (net)
                  0.07    0.00    0.28 ^ clkbuf_2_0__f_clk/A (sky130_fd_sc_hd__clkbuf_16)
                  0.07    0.16    0.45 ^ clkbuf_2_0__f_clk/X (sky130_fd_sc_hd__clkbuf_16)
    15    0.05                           clknet_2_0__leaf_clk (net)
                  0.07    0.00    0.45 ^ _704_/CLK (sky130_fd_sc_hd__dfrtp_1)
                  0.05    0.40    0.84 v _704_/Q (sky130_fd_sc_hd__dfrtp_1)
     2    0.01                           net29 (net)
                  0.05    0.00    0.84 v output29/A (sky130_fd_sc_hd__clkbuf_4)
                  0.08    0.19    1.04 v output29/X (sky130_fd_sc_hd__clkbuf_4)
     1    0.03                           product[3] (net)
                  0.08    0.00    1.04 v product[3] (out)
                                  1.04   data arrival time

                         10.00   10.00   clock clk (rise edge)
                          0.00   10.00   clock network delay (propagated)
                         -0.25    9.75   clock uncertainty
                          0.00    9.75   clock reconvergence pessimism
                         -2.00    7.75   output external delay
                                  7.75   data required time
-----------------------------------------------------------------------------
                                  7.75   data required time
                                 -1.04   data arrival time
-----------------------------------------------------------------------------
                                  6.71   slack (MET)


Startpoint: _725_ (rising edge-triggered flip-flop clocked by clk)
Endpoint: _714_ (rising edge-triggered flip-flop clocked by clk)
Path Group: clk
Path Type: max

Fanout     Cap    Slew   Delay    Time   Description
-----------------------------------------------------------------------------
                          0.00    0.00   clock clk (rise edge)
                          0.00    0.00   clock source latency
                  0.13    0.09    0.09 ^ clk (in)
     1    0.03                           clk (net)
                  0.13    0.00    0.09 ^ clkbuf_0_clk/A (sky130_fd_sc_hd__clkbuf_16)
                  0.07    0.19    0.28 ^ clkbuf_0_clk/X (sky130_fd_sc_hd__clkbuf_16)
     4    0.05                           clknet_0_clk (net)
                  0.07    0.00    0.28 ^ clkbuf_2_0__f_clk/A (sky130_fd_sc_hd__clkbuf_16)
                  0.07    0.16    0.45 ^ clkbuf_2_0__f_clk/X (sky130_fd_sc_hd__clkbuf_16)
    15    0.05                           clknet_2_0__leaf_clk (net)
                  0.07    0.00    0.45 ^ _725_/CLK (sky130_fd_sc_hd__dfrtp_4)
                  0.09    0.54    0.99 v _725_/Q (sky130_fd_sc_hd__dfrtp_4)
     6    0.02                           u_core.M[0] (net)
                  0.09    0.00    0.99 v _354_/B (sky130_fd_sc_hd__nor2_2)
                  0.26    0.24    1.24 ^ _354_/Y (sky130_fd_sc_hd__nor2_2)
     3    0.02                           _115_ (net)
                  0.26    0.00    1.24 ^ _366_/A (sky130_fd_sc_hd__clkbuf_4)
                  0.12    0.28    1.52 ^ _366_/X (sky130_fd_sc_hd__clkbuf_4)
    10    0.04                           _127_ (net)
                  0.12    0.00    1.52 ^ _381_/A (sky130_fd_sc_hd__nand2_2)
                  0.11    0.12    1.64 v _381_/Y (sky130_fd_sc_hd__nand2_2)
     6    0.02                           _142_ (net)
                  0.11    0.00    1.64 v _383_/A2 (sky130_fd_sc_hd__o21ai_1)
                  0.19    0.21    1.85 ^ _383_/Y (sky130_fd_sc_hd__o21ai_1)
     2    0.01                           _144_ (net)
                  0.19    0.00    1.85 ^ _384_/B1 (sky130_fd_sc_hd__o21ai_1)
                  0.09    0.13    1.99 v _384_/Y (sky130_fd_sc_hd__o21ai_1)
     2    0.01                           _145_ (net)
                  0.09    0.00    1.99 v _436_/A (sky130_fd_sc_hd__nand2_1)
                  0.10    0.12    2.11 ^ _436_/Y (sky130_fd_sc_hd__nand2_1)
     3    0.01                           _197_ (net)
                  0.10    0.00    2.11 ^ _437_/D1 (sky130_fd_sc_hd__o2111a_1)
                  0.11    0.23    2.34 ^ _437_/X (sky130_fd_sc_hd__o2111a_1)
     2    0.01                           _198_ (net)
                  0.11    0.00    2.34 ^ _515_/C (sky130_fd_sc_hd__nand3_1)
                  0.13    0.14    2.48 v _515_/Y (sky130_fd_sc_hd__nand3_1)
     3    0.01                           _268_ (net)
                  0.13    0.00    2.48 v _524_/A1 (sky130_fd_sc_hd__a21oi_1)
                  0.09    0.14    2.62 ^ _524_/Y (sky130_fd_sc_hd__a21oi_1)
     1    0.00                           _276_ (net)
                  0.09    0.00    2.62 ^ _526_/A1_N (sky130_fd_sc_hd__a2bb2o_1)
                  0.08    0.34    2.96 v _526_/X (sky130_fd_sc_hd__a2bb2o_1)
     2    0.01                           _278_ (net)
                  0.08    0.00    2.96 v _596_/A0 (sky130_fd_sc_hd__mux2_1)
                  0.06    0.31    3.27 v _596_/X (sky130_fd_sc_hd__mux2_1)
     1    0.00                           _324_ (net)
                  0.06    0.00    3.27 v _597_/A (sky130_fd_sc_hd__clkbuf_1)
                  0.03    0.10    3.37 v _597_/X (sky130_fd_sc_hd__clkbuf_1)
     1    0.00                           _074_ (net)
                  0.03    0.00    3.37 v _714_/D (sky130_fd_sc_hd__dfrtp_1)
                                  3.37   data arrival time

                         10.00   10.00   clock clk (rise edge)
                          0.00   10.00   clock source latency
                  0.13    0.09   10.09 ^ clk (in)
     1    0.03                           clk (net)
                  0.13    0.00   10.09 ^ clkbuf_0_clk/A (sky130_fd_sc_hd__clkbuf_16)
                  0.07    0.17   10.25 ^ clkbuf_0_clk/X (sky130_fd_sc_hd__clkbuf_16)
     4    0.05                           clknet_0_clk (net)
                  0.07    0.00   10.26 ^ clkbuf_2_1__f_clk/A (sky130_fd_sc_hd__clkbuf_16)
                  0.07    0.15   10.40 ^ clkbuf_2_1__f_clk/X (sky130_fd_sc_hd__clkbuf_16)
    14    0.05                           clknet_2_1__leaf_clk (net)
                  0.07    0.00   10.40 ^ _714_/CLK (sky130_fd_sc_hd__dfrtp_1)
                         -0.25   10.15   clock uncertainty
                          0.03   10.18   clock reconvergence pessimism
                         -0.10   10.08   library setup time
                                 10.08   data required time
-----------------------------------------------------------------------------
                                 10.08   data required time
                                 -3.37   data arrival time
-----------------------------------------------------------------------------
                                  6.71   slack (MET)


Startpoint: _703_ (rising edge-triggered flip-flop clocked by clk)
Endpoint: product[2] (output port clocked by clk)
Path Group: clk
Path Type: max

Fanout     Cap    Slew   Delay    Time   Description
-----------------------------------------------------------------------------
                          0.00    0.00   clock clk (rise edge)
                          0.00    0.00   clock source latency
                  0.13    0.09    0.09 ^ clk (in)
     1    0.03                           clk (net)
                  0.13    0.00    0.09 ^ clkbuf_0_clk/A (sky130_fd_sc_hd__clkbuf_16)
                  0.07    0.19    0.28 ^ clkbuf_0_clk/X (sky130_fd_sc_hd__clkbuf_16)
     4    0.05                           clknet_0_clk (net)
                  0.07    0.00    0.28 ^ clkbuf_2_1__f_clk/A (sky130_fd_sc_hd__clkbuf_16)
                  0.07    0.16    0.44 ^ clkbuf_2_1__f_clk/X (sky130_fd_sc_hd__clkbuf_16)
    14    0.05                           clknet_2_1__leaf_clk (net)
                  0.07    0.00    0.45 ^ _703_/CLK (sky130_fd_sc_hd__dfrtp_1)
                  0.05    0.40    0.84 v _703_/Q (sky130_fd_sc_hd__dfrtp_1)
     2    0.01                           net28 (net)
                  0.05    0.00    0.84 v output28/A (sky130_fd_sc_hd__clkbuf_4)
                  0.08    0.19    1.04 v output28/X (sky130_fd_sc_hd__clkbuf_4)
     1    0.03                           product[2] (net)
                  0.08    0.00    1.04 v product[2] (out)
                                  1.04   data arrival time

                         10.00   10.00   clock clk (rise edge)
                          0.00   10.00   clock network delay (propagated)
                         -0.25    9.75   clock uncertainty
                          0.00    9.75   clock reconvergence pessimism
                         -2.00    7.75   output external delay
                                  7.75   data required time
-----------------------------------------------------------------------------
                                  7.75   data required time
                                 -1.04   data arrival time
-----------------------------------------------------------------------------
                                  6.71   slack (MET)


Startpoint: _709_ (rising edge-triggered flip-flop clocked by clk)
Endpoint: product[8] (output port clocked by clk)
Path Group: clk
Path Type: max

Fanout     Cap    Slew   Delay    Time   Description
-----------------------------------------------------------------------------
                          0.00    0.00   clock clk (rise edge)
                          0.00    0.00   clock source latency
                  0.13    0.09    0.09 ^ clk (in)
     1    0.03                           clk (net)
                  0.13    0.00    0.09 ^ clkbuf_0_clk/A (sky130_fd_sc_hd__clkbuf_16)
                  0.07    0.19    0.28 ^ clkbuf_0_clk/X (sky130_fd_sc_hd__clkbuf_16)
     4    0.05                           clknet_0_clk (net)
                  0.07    0.00    0.28 ^ clkbuf_2_1__f_clk/A (sky130_fd_sc_hd__clkbuf_16)
                  0.07    0.16    0.44 ^ clkbuf_2_1__f_clk/X (sky130_fd_sc_hd__clkbuf_16)
    14    0.05                           clknet_2_1__leaf_clk (net)
                  0.07    0.00    0.45 ^ _709_/CLK (sky130_fd_sc_hd__dfrtp_1)
                  0.05    0.40    0.84 v _709_/Q (sky130_fd_sc_hd__dfrtp_1)
     2    0.01                           net34 (net)
                  0.05    0.00    0.84 v output34/A (sky130_fd_sc_hd__clkbuf_4)
                  0.08    0.19    1.04 v output34/X (sky130_fd_sc_hd__clkbuf_4)
     1    0.03                           product[8] (net)
                  0.08    0.00    1.04 v product[8] (out)
                                  1.04   data arrival time

                         10.00   10.00   clock clk (rise edge)
                          0.00   10.00   clock network delay (propagated)
                         -0.25    9.75   clock uncertainty
                          0.00    9.75   clock reconvergence pessimism
                         -2.00    7.75   output external delay
                                  7.75   data required time
-----------------------------------------------------------------------------
                                  7.75   data required time
                                 -1.04   data arrival time
-----------------------------------------------------------------------------
                                  6.71   slack (MET)


Startpoint: _701_ (rising edge-triggered flip-flop clocked by clk)
Endpoint: product[0] (output port clocked by clk)
Path Group: clk
Path Type: max

Fanout     Cap    Slew   Delay    Time   Description
-----------------------------------------------------------------------------
                          0.00    0.00   clock clk (rise edge)
                          0.00    0.00   clock source latency
                  0.13    0.09    0.09 ^ clk (in)
     1    0.03                           clk (net)
                  0.13    0.00    0.09 ^ clkbuf_0_clk/A (sky130_fd_sc_hd__clkbuf_16)
                  0.07    0.19    0.28 ^ clkbuf_0_clk/X (sky130_fd_sc_hd__clkbuf_16)
     4    0.05                           clknet_0_clk (net)
                  0.07    0.00    0.28 ^ clkbuf_2_2__f_clk/A (sky130_fd_sc_hd__clkbuf_16)
                  0.07    0.16    0.45 ^ clkbuf_2_2__f_clk/X (sky130_fd_sc_hd__clkbuf_16)
    13    0.05                           clknet_2_2__leaf_clk (net)
                  0.07    0.00    0.45 ^ _701_/CLK (sky130_fd_sc_hd__dfrtp_1)
                  0.05    0.39    0.84 v _701_/Q (sky130_fd_sc_hd__dfrtp_1)
     2    0.00                           net20 (net)
                  0.05    0.00    0.84 v output20/A (sky130_fd_sc_hd__clkbuf_4)
                  0.08    0.19    1.03 v output20/X (sky130_fd_sc_hd__clkbuf_4)
     1    0.03                           product[0] (net)
                  0.08    0.00    1.03 v product[0] (out)
                                  1.03   data arrival time

                         10.00   10.00   clock clk (rise edge)
                          0.00   10.00   clock network delay (propagated)
                         -0.25    9.75   clock uncertainty
                          0.00    9.75   clock reconvergence pessimism
                         -2.00    7.75   output external delay
                                  7.75   data required time
-----------------------------------------------------------------------------
                                  7.75   data required time
                                 -1.03   data arrival time
-----------------------------------------------------------------------------
                                  6.72   slack (MET)


Startpoint: _707_ (rising edge-triggered flip-flop clocked by clk)
Endpoint: product[6] (output port clocked by clk)
Path Group: clk
Path Type: max

Fanout     Cap    Slew   Delay    Time   Description
-----------------------------------------------------------------------------
                          0.00    0.00   clock clk (rise edge)
                          0.00    0.00   clock source latency
                  0.13    0.09    0.09 ^ clk (in)
     1    0.03                           clk (net)
                  0.13    0.00    0.09 ^ clkbuf_0_clk/A (sky130_fd_sc_hd__clkbuf_16)
                  0.07    0.19    0.28 ^ clkbuf_0_clk/X (sky130_fd_sc_hd__clkbuf_16)
     4    0.05                           clknet_0_clk (net)
                  0.07    0.00    0.28 ^ clkbuf_2_2__f_clk/A (sky130_fd_sc_hd__clkbuf_16)
                  0.07    0.16    0.45 ^ clkbuf_2_2__f_clk/X (sky130_fd_sc_hd__clkbuf_16)
    13    0.05                           clknet_2_2__leaf_clk (net)
                  0.07    0.00    0.45 ^ _707_/CLK (sky130_fd_sc_hd__dfrtp_1)
                  0.05    0.39    0.84 v _707_/Q (sky130_fd_sc_hd__dfrtp_1)
     2    0.00                           net32 (net)
                  0.05    0.00    0.84 v output32/A (sky130_fd_sc_hd__clkbuf_4)
                  0.08    0.19    1.03 v output32/X (sky130_fd_sc_hd__clkbuf_4)
     1    0.03                           product[6] (net)
                  0.08    0.00    1.03 v product[6] (out)
                                  1.03   data arrival time

                         10.00   10.00   clock clk (rise edge)
                          0.00   10.00   clock network delay (propagated)
                         -0.25    9.75   clock uncertainty
                          0.00    9.75   clock reconvergence pessimism
                         -2.00    7.75   output external delay
                                  7.75   data required time
-----------------------------------------------------------------------------
                                  7.75   data required time
                                 -1.03   data arrival time
-----------------------------------------------------------------------------
                                  6.72   slack (MET)


Startpoint: _700_ (rising edge-triggered flip-flop clocked by clk)
Endpoint: done (output port clocked by clk)
Path Group: clk
Path Type: max

Fanout     Cap    Slew   Delay    Time   Description
-----------------------------------------------------------------------------
                          0.00    0.00   clock clk (rise edge)
                          0.00    0.00   clock source latency
                  0.13    0.09    0.09 ^ clk (in)
     1    0.03                           clk (net)
                  0.13    0.00    0.09 ^ clkbuf_0_clk/A (sky130_fd_sc_hd__clkbuf_16)
                  0.07    0.19    0.28 ^ clkbuf_0_clk/X (sky130_fd_sc_hd__clkbuf_16)
     4    0.05                           clknet_0_clk (net)
                  0.07    0.00    0.28 ^ clkbuf_2_3__f_clk/A (sky130_fd_sc_hd__clkbuf_16)
                  0.06    0.16    0.44 ^ clkbuf_2_3__f_clk/X (sky130_fd_sc_hd__clkbuf_16)
    12    0.05                           clknet_2_3__leaf_clk (net)
                  0.06    0.00    0.45 ^ _700_/CLK (sky130_fd_sc_hd__dfrtp_1)
                  0.05    0.39    0.84 v _700_/Q (sky130_fd_sc_hd__dfrtp_1)
     2    0.01                           net19 (net)
                  0.05    0.00    0.84 v output19/A (sky130_fd_sc_hd__clkbuf_4)
                  0.08    0.19    1.03 v output19/X (sky130_fd_sc_hd__clkbuf_4)
     1    0.03                           done (net)
                  0.08    0.00    1.03 v done (out)
                                  1.03   data arrival time

                         10.00   10.00   clock clk (rise edge)
                          0.00   10.00   clock network delay (propagated)
                         -0.25    9.75   clock uncertainty
                          0.00    9.75   clock reconvergence pessimism
                         -2.00    7.75   output external delay
                                  7.75   data required time
-----------------------------------------------------------------------------
                                  7.75   data required time
                                 -1.03   data arrival time
-----------------------------------------------------------------------------
                                  6.72   slack (MET)


Startpoint: _713_ (rising edge-triggered flip-flop clocked by clk)
Endpoint: product[12] (output port clocked by clk)
Path Group: clk
Path Type: max

Fanout     Cap    Slew   Delay    Time   Description
-----------------------------------------------------------------------------
                          0.00    0.00   clock clk (rise edge)
                          0.00    0.00   clock source latency
                  0.13    0.09    0.09 ^ clk (in)
     1    0.03                           clk (net)
                  0.13    0.00    0.09 ^ clkbuf_0_clk/A (sky130_fd_sc_hd__clkbuf_16)
                  0.07    0.19    0.28 ^ clkbuf_0_clk/X (sky130_fd_sc_hd__clkbuf_16)
     4    0.05                           clknet_0_clk (net)
                  0.07    0.00    0.28 ^ clkbuf_2_3__f_clk/A (sky130_fd_sc_hd__clkbuf_16)
                  0.06    0.16    0.44 ^ clkbuf_2_3__f_clk/X (sky130_fd_sc_hd__clkbuf_16)
    12    0.05                           clknet_2_3__leaf_clk (net)
                  0.06    0.00    0.45 ^ _713_/CLK (sky130_fd_sc_hd__dfrtp_1)
                  0.05    0.39    0.84 v _713_/Q (sky130_fd_sc_hd__dfrtp_1)
     2    0.00                           net23 (net)
                  0.05    0.00    0.84 v output23/A (sky130_fd_sc_hd__clkbuf_4)
                  0.08    0.19    1.03 v output23/X (sky130_fd_sc_hd__clkbuf_4)
     1    0.03                           product[12] (net)
                  0.08    0.00    1.03 v product[12] (out)
                                  1.03   data arrival time

                         10.00   10.00   clock clk (rise edge)
                          0.00   10.00   clock network delay (propagated)
                         -0.25    9.75   clock uncertainty
                          0.00    9.75   clock reconvergence pessimism
                         -2.00    7.75   output external delay
                                  7.75   data required time
-----------------------------------------------------------------------------
                                  7.75   data required time
                                 -1.03   data arrival time
-----------------------------------------------------------------------------
                                  6.72   slack (MET)


Startpoint: _712_ (rising edge-triggered flip-flop clocked by clk)
Endpoint: product[11] (output port clocked by clk)
Path Group: clk
Path Type: max

Fanout     Cap    Slew   Delay    Time   Description
-----------------------------------------------------------------------------
                          0.00    0.00   clock clk (rise edge)
                          0.00    0.00   clock source latency
                  0.13    0.09    0.09 ^ clk (in)
     1    0.03                           clk (net)
                  0.13    0.00    0.09 ^ clkbuf_0_clk/A (sky130_fd_sc_hd__clkbuf_16)
                  0.07    0.19    0.28 ^ clkbuf_0_clk/X (sky130_fd_sc_hd__clkbuf_16)
     4    0.05                           clknet_0_clk (net)
                  0.07    0.00    0.28 ^ clkbuf_2_1__f_clk/A (sky130_fd_sc_hd__clkbuf_16)
                  0.07    0.16    0.44 ^ clkbuf_2_1__f_clk/X (sky130_fd_sc_hd__clkbuf_16)
    14    0.05                           clknet_2_1__leaf_clk (net)
                  0.07    0.00    0.45 ^ _712_/CLK (sky130_fd_sc_hd__dfrtp_1)
                  0.05    0.39    0.84 v _712_/Q (sky130_fd_sc_hd__dfrtp_1)
     2    0.00                           net22 (net)
                  0.05    0.00    0.84 v output22/A (sky130_fd_sc_hd__clkbuf_4)
                  0.08    0.19    1.03 v output22/X (sky130_fd_sc_hd__clkbuf_4)
     1    0.03                           product[11] (net)
                  0.08    0.00    1.03 v product[11] (out)
                                  1.03   data arrival time

                         10.00   10.00   clock clk (rise edge)
                          0.00   10.00   clock network delay (propagated)
                         -0.25    9.75   clock uncertainty
                          0.00    9.75   clock reconvergence pessimism
                         -2.00    7.75   output external delay
                                  7.75   data required time
-----------------------------------------------------------------------------
                                  7.75   data required time
                                 -1.03   data arrival time
-----------------------------------------------------------------------------
                                  6.72   slack (MET)


Startpoint: _708_ (rising edge-triggered flip-flop clocked by clk)
Endpoint: product[7] (output port clocked by clk)
Path Group: clk
Path Type: max

Fanout     Cap    Slew   Delay    Time   Description
-----------------------------------------------------------------------------
                          0.00    0.00   clock clk (rise edge)
                          0.00    0.00   clock source latency
                  0.13    0.09    0.09 ^ clk (in)
     1    0.03                           clk (net)
                  0.13    0.00    0.09 ^ clkbuf_0_clk/A (sky130_fd_sc_hd__clkbuf_16)
                  0.07    0.19    0.28 ^ clkbuf_0_clk/X (sky130_fd_sc_hd__clkbuf_16)
     4    0.05                           clknet_0_clk (net)
                  0.07    0.00    0.28 ^ clkbuf_2_2__f_clk/A (sky130_fd_sc_hd__clkbuf_16)
                  0.07    0.16    0.45 ^ clkbuf_2_2__f_clk/X (sky130_fd_sc_hd__clkbuf_16)
    13    0.05                           clknet_2_2__leaf_clk (net)
                  0.07    0.00    0.45 ^ _708_/CLK (sky130_fd_sc_hd__dfrtp_1)
                  0.05    0.39    0.84 v _708_/Q (sky130_fd_sc_hd__dfrtp_1)
     2    0.00                           net33 (net)
                  0.05    0.00    0.84 v output33/A (sky130_fd_sc_hd__clkbuf_4)
                  0.08    0.19    1.03 v output33/X (sky130_fd_sc_hd__clkbuf_4)
     1    0.03                           product[7] (net)
                  0.08    0.00    1.03 v product[7] (out)
                                  1.03   data arrival time

                         10.00   10.00   clock clk (rise edge)
                          0.00   10.00   clock network delay (propagated)
                         -0.25    9.75   clock uncertainty
                          0.00    9.75   clock reconvergence pessimism
                         -2.00    7.75   output external delay
                                  7.75   data required time
-----------------------------------------------------------------------------
                                  7.75   data required time
                                 -1.03   data arrival time
-----------------------------------------------------------------------------
                                  6.72   slack (MET)


Startpoint: _725_ (rising edge-triggered flip-flop clocked by clk)
Endpoint: _745_ (rising edge-triggered flip-flop clocked by clk)
Path Group: clk
Path Type: max

Fanout     Cap    Slew   Delay    Time   Description
-----------------------------------------------------------------------------
                          0.00    0.00   clock clk (rise edge)
                          0.00    0.00   clock source latency
                  0.13    0.09    0.09 ^ clk (in)
     1    0.03                           clk (net)
                  0.13    0.00    0.09 ^ clkbuf_0_clk/A (sky130_fd_sc_hd__clkbuf_16)
                  0.07    0.19    0.28 ^ clkbuf_0_clk/X (sky130_fd_sc_hd__clkbuf_16)
     4    0.05                           clknet_0_clk (net)
                  0.07    0.00    0.28 ^ clkbuf_2_0__f_clk/A (sky130_fd_sc_hd__clkbuf_16)
                  0.07    0.16    0.45 ^ clkbuf_2_0__f_clk/X (sky130_fd_sc_hd__clkbuf_16)
    15    0.05                           clknet_2_0__leaf_clk (net)
                  0.07    0.00    0.45 ^ _725_/CLK (sky130_fd_sc_hd__dfrtp_4)
                  0.09    0.54    0.99 v _725_/Q (sky130_fd_sc_hd__dfrtp_4)
     6    0.02                           u_core.M[0] (net)
                  0.09    0.00    0.99 v _354_/B (sky130_fd_sc_hd__nor2_2)
                  0.26    0.24    1.24 ^ _354_/Y (sky130_fd_sc_hd__nor2_2)
     3    0.02                           _115_ (net)
                  0.26    0.00    1.24 ^ _366_/A (sky130_fd_sc_hd__clkbuf_4)
                  0.12    0.28    1.52 ^ _366_/X (sky130_fd_sc_hd__clkbuf_4)
    10    0.04                           _127_ (net)
                  0.12    0.00    1.52 ^ _381_/A (sky130_fd_sc_hd__nand2_2)
                  0.11    0.12    1.64 v _381_/Y (sky130_fd_sc_hd__nand2_2)
     6    0.02                           _142_ (net)
                  0.11    0.00    1.64 v _383_/A2 (sky130_fd_sc_hd__o21ai_1)
                  0.19    0.21    1.85 ^ _383_/Y (sky130_fd_sc_hd__o21ai_1)
     2    0.01                           _144_ (net)
                  0.19    0.00    1.85 ^ _384_/B1 (sky130_fd_sc_hd__o21ai_1)
                  0.09    0.13    1.99 v _384_/Y (sky130_fd_sc_hd__o21ai_1)
     2    0.01                           _145_ (net)
                  0.09    0.00    1.99 v _436_/A (sky130_fd_sc_hd__nand2_1)
                  0.10    0.12    2.11 ^ _436_/Y (sky130_fd_sc_hd__nand2_1)
     3    0.01                           _197_ (net)
                  0.10    0.00    2.11 ^ _437_/D1 (sky130_fd_sc_hd__o2111a_1)
                  0.11    0.23    2.34 ^ _437_/X (sky130_fd_sc_hd__o2111a_1)
     2    0.01                           _198_ (net)
                  0.11    0.00    2.34 ^ _438_/D (sky130_fd_sc_hd__nand4_2)
                  0.16    0.18    2.52 v _438_/Y (sky130_fd_sc_hd__nand4_2)
     3    0.02                           _199_ (net)
                  0.16    0.00    2.52 v _444_/A2 (sky130_fd_sc_hd__a21oi_1)
                  0.26    0.31    2.83 ^ _444_/Y (sky130_fd_sc_hd__a21oi_1)
     2    0.01                           _205_ (net)
                  0.26    0.00    2.83 ^ _471_/A2 (sky130_fd_sc_hd__o21bai_2)
                  0.07    0.12    2.95 v _471_/Y (sky130_fd_sc_hd__o21bai_2)
     3    0.01                           _230_ (net)
                  0.07    0.00    2.95 v _474_/C1 (sky130_fd_sc_hd__o211ai_1)
                  0.14    0.09    3.04 ^ _474_/Y (sky130_fd_sc_hd__o211ai_1)
     1    0.00                           _233_ (net)
                  0.14    0.00    3.04 ^ _475_/B1 (sky130_fd_sc_hd__o21ai_1)
                  0.06    0.09    3.13 v _475_/Y (sky130_fd_sc_hd__o21ai_1)
     1    0.00                           _234_ (net)
                  0.06    0.00    3.13 v _477_/A2 (sky130_fd_sc_hd__o21bai_1)
                  0.12    0.14    3.27 ^ _477_/Y (sky130_fd_sc_hd__o21bai_1)
     1    0.00                           _236_ (net)
                  0.12    0.00    3.27 ^ _479_/A (sky130_fd_sc_hd__nand2_1)
                  0.04    0.07    3.34 v _479_/Y (sky130_fd_sc_hd__nand2_1)
     1    0.00                           _105_ (net)
                  0.04    0.00    3.34 v _745_/D (sky130_fd_sc_hd__dfrtp_1)
                                  3.34   data arrival time

                         10.00   10.00   clock clk (rise edge)
                          0.00   10.00   clock source latency
                  0.13    0.09   10.09 ^ clk (in)
     1    0.03                           clk (net)
                  0.13    0.00   10.09 ^ clkbuf_0_clk/A (sky130_fd_sc_hd__clkbuf_16)
                  0.07    0.17   10.25 ^ clkbuf_0_clk/X (sky130_fd_sc_hd__clkbuf_16)
     4    0.05                           clknet_0_clk (net)
                  0.07    0.00   10.26 ^ clkbuf_2_3__f_clk/A (sky130_fd_sc_hd__clkbuf_16)
                  0.06    0.15   10.40 ^ clkbuf_2_3__f_clk/X (sky130_fd_sc_hd__clkbuf_16)
    12    0.05                           clknet_2_3__leaf_clk (net)
                  0.06    0.00   10.40 ^ _745_/CLK (sky130_fd_sc_hd__dfrtp_1)
                         -0.25   10.15   clock uncertainty
                          0.03   10.18   clock reconvergence pessimism
                         -0.11   10.07   library setup time
                                 10.07   data required time
-----------------------------------------------------------------------------
                                 10.07   data required time
                                 -3.34   data arrival time
-----------------------------------------------------------------------------
                                  6.74   slack (MET)


Startpoint: _725_ (rising edge-triggered flip-flop clocked by clk)
Endpoint: _740_ (rising edge-triggered flip-flop clocked by clk)
Path Group: clk
Path Type: max

Fanout     Cap    Slew   Delay    Time   Description
-----------------------------------------------------------------------------
                          0.00    0.00   clock clk (rise edge)
                          0.00    0.00   clock source latency
                  0.13    0.09    0.09 ^ clk (in)
     1    0.03                           clk (net)
                  0.13    0.00    0.09 ^ clkbuf_0_clk/A (sky130_fd_sc_hd__clkbuf_16)
                  0.07    0.19    0.28 ^ clkbuf_0_clk/X (sky130_fd_sc_hd__clkbuf_16)
     4    0.05                           clknet_0_clk (net)
                  0.07    0.00    0.28 ^ clkbuf_2_0__f_clk/A (sky130_fd_sc_hd__clkbuf_16)
                  0.07    0.16    0.45 ^ clkbuf_2_0__f_clk/X (sky130_fd_sc_hd__clkbuf_16)
    15    0.05                           clknet_2_0__leaf_clk (net)
                  0.07    0.00    0.45 ^ _725_/CLK (sky130_fd_sc_hd__dfrtp_4)
                  0.09    0.54    0.99 v _725_/Q (sky130_fd_sc_hd__dfrtp_4)
     6    0.02                           u_core.M[0] (net)
                  0.09    0.00    0.99 v _354_/B (sky130_fd_sc_hd__nor2_2)
                  0.26    0.24    1.24 ^ _354_/Y (sky130_fd_sc_hd__nor2_2)
     3    0.02                           _115_ (net)
                  0.26    0.00    1.24 ^ _366_/A (sky130_fd_sc_hd__clkbuf_4)
                  0.12    0.28    1.52 ^ _366_/X (sky130_fd_sc_hd__clkbuf_4)
    10    0.04                           _127_ (net)
                  0.12    0.00    1.52 ^ _381_/A (sky130_fd_sc_hd__nand2_2)
                  0.11    0.12    1.64 v _381_/Y (sky130_fd_sc_hd__nand2_2)
     6    0.02                           _142_ (net)
                  0.11    0.00    1.64 v _383_/A2 (sky130_fd_sc_hd__o21ai_1)
                  0.19    0.21    1.85 ^ _383_/Y (sky130_fd_sc_hd__o21ai_1)
     2    0.01                           _144_ (net)
                  0.19    0.00    1.85 ^ _384_/B1 (sky130_fd_sc_hd__o21ai_1)
                  0.09    0.13    1.99 v _384_/Y (sky130_fd_sc_hd__o21ai_1)
     2    0.01                           _145_ (net)
                  0.09    0.00    1.99 v _393_/A2 (sky130_fd_sc_hd__o21ai_2)
                  0.23    0.24    2.23 ^ _393_/Y (sky130_fd_sc_hd__o21ai_2)
     4    0.02                           _154_ (net)
                  0.23    0.00    2.23 ^ _405_/B1 (sky130_fd_sc_hd__o22a_1)
                  0.15    0.27    2.50 ^ _405_/X (sky130_fd_sc_hd__o22a_1)
     3    0.01                           _166_ (net)
                  0.15    0.00    2.50 ^ _482_/A (sky130_fd_sc_hd__nand2_2)
                  0.10    0.12    2.62 v _482_/Y (sky130_fd_sc_hd__nand2_2)
     5    0.02                           _240_ (net)
                  0.10    0.00    2.62 v _511_/B (sky130_fd_sc_hd__or2_1)
                  0.06    0.25    2.87 v _511_/X (sky130_fd_sc_hd__or2_1)
     1    0.00                           _265_ (net)
                  0.06    0.00    2.87 v _513_/B1 (sky130_fd_sc_hd__a22oi_2)
                  0.17    0.16    3.03 ^ _513_/Y (sky130_fd_sc_hd__a22oi_2)
     2    0.01                           _267_ (net)
                  0.17    0.00    3.03 ^ _514_/A2_N (sky130_fd_sc_hd__a2bb2o_1)
                  0.05    0.31    3.33 v _514_/X (sky130_fd_sc_hd__a2bb2o_1)
     1    0.00                           _100_ (net)
                  0.05    0.00    3.33 v _740_/D (sky130_fd_sc_hd__dfrtp_4)
                                  3.33   data arrival time

                         10.00   10.00   clock clk (rise edge)
                          0.00   10.00   clock source latency
                  0.13    0.09   10.09 ^ clk (in)
     1    0.03                           clk (net)
                  0.13    0.00   10.09 ^ clkbuf_0_clk/A (sky130_fd_sc_hd__clkbuf_16)
                  0.07    0.17   10.25 ^ clkbuf_0_clk/X (sky130_fd_sc_hd__clkbuf_16)
     4    0.05                           clknet_0_clk (net)
                  0.07    0.00   10.26 ^ clkbuf_2_2__f_clk/A (sky130_fd_sc_hd__clkbuf_16)
                  0.07    0.15   10.40 ^ clkbuf_2_2__f_clk/X (sky130_fd_sc_hd__clkbuf_16)
    13    0.05                           clknet_2_2__leaf_clk (net)
                  0.07    0.00   10.41 ^ _740_/CLK (sky130_fd_sc_hd__dfrtp_4)
                         -0.25   10.16   clock uncertainty
                          0.03   10.18   clock reconvergence pessimism
                         -0.11   10.07   library setup time
                                 10.07   data required time
-----------------------------------------------------------------------------
                                 10.07   data required time
                                 -3.33   data arrival time
-----------------------------------------------------------------------------
                                  6.74   slack (MET)


Startpoint: _725_ (rising edge-triggered flip-flop clocked by clk)
Endpoint: _744_ (rising edge-triggered flip-flop clocked by clk)
Path Group: clk
Path Type: max

Fanout     Cap    Slew   Delay    Time   Description
-----------------------------------------------------------------------------
                          0.00    0.00   clock clk (rise edge)
                          0.00    0.00   clock source latency
                  0.13    0.09    0.09 ^ clk (in)
     1    0.03                           clk (net)
                  0.13    0.00    0.09 ^ clkbuf_0_clk/A (sky130_fd_sc_hd__clkbuf_16)
                  0.07    0.19    0.28 ^ clkbuf_0_clk/X (sky130_fd_sc_hd__clkbuf_16)
     4    0.05                           clknet_0_clk (net)
                  0.07    0.00    0.28 ^ clkbuf_2_0__f_clk/A (sky130_fd_sc_hd__clkbuf_16)
                  0.07    0.16    0.45 ^ clkbuf_2_0__f_clk/X (sky130_fd_sc_hd__clkbuf_16)
    15    0.05                           clknet_2_0__leaf_clk (net)
                  0.07    0.00    0.45 ^ _725_/CLK (sky130_fd_sc_hd__dfrtp_4)
                  0.09    0.54    0.99 v _725_/Q (sky130_fd_sc_hd__dfrtp_4)
     6    0.02                           u_core.M[0] (net)
                  0.09    0.00    0.99 v _354_/B (sky130_fd_sc_hd__nor2_2)
                  0.26    0.24    1.24 ^ _354_/Y (sky130_fd_sc_hd__nor2_2)
     3    0.02                           _115_ (net)
                  0.26    0.00    1.24 ^ _366_/A (sky130_fd_sc_hd__clkbuf_4)
                  0.12    0.28    1.52 ^ _366_/X (sky130_fd_sc_hd__clkbuf_4)
    10    0.04                           _127_ (net)
                  0.12    0.00    1.52 ^ _381_/A (sky130_fd_sc_hd__nand2_2)
                  0.11    0.12    1.64 v _381_/Y (sky130_fd_sc_hd__nand2_2)
     6    0.02                           _142_ (net)
                  0.11    0.00    1.64 v _383_/A2 (sky130_fd_sc_hd__o21ai_1)
                  0.19    0.21    1.85 ^ _383_/Y (sky130_fd_sc_hd__o21ai_1)
     2    0.01                           _144_ (net)
                  0.19    0.00    1.85 ^ _384_/B1 (sky130_fd_sc_hd__o21ai_1)
                  0.09    0.13    1.99 v _384_/Y (sky130_fd_sc_hd__o21ai_1)
     2    0.01                           _145_ (net)
                  0.09    0.00    1.99 v _436_/A (sky130_fd_sc_hd__nand2_1)
                  0.10    0.12    2.11 ^ _436_/Y (sky130_fd_sc_hd__nand2_1)
     3    0.01                           _197_ (net)
                  0.10    0.00    2.11 ^ _437_/D1 (sky130_fd_sc_hd__o2111a_1)
                  0.11    0.23    2.34 ^ _437_/X (sky130_fd_sc_hd__o2111a_1)
     2    0.01                           _198_ (net)
                  0.11    0.00    2.34 ^ _438_/D (sky130_fd_sc_hd__nand4_2)
                  0.16    0.18    2.52 v _438_/Y (sky130_fd_sc_hd__nand4_2)
     3    0.02                           _199_ (net)
                  0.16    0.00    2.52 v _444_/A2 (sky130_fd_sc_hd__a21oi_1)
                  0.26    0.31    2.83 ^ _444_/Y (sky130_fd_sc_hd__a21oi_1)
     2    0.01                           _205_ (net)
                  0.26    0.00    2.83 ^ _471_/A2 (sky130_fd_sc_hd__o21bai_2)
                  0.07    0.12    2.95 v _471_/Y (sky130_fd_sc_hd__o21bai_2)
     3    0.01                           _230_ (net)
                  0.07    0.00    2.95 v _486_/B1 (sky130_fd_sc_hd__a22o_1)
                  0.04    0.19    3.15 v _486_/X (sky130_fd_sc_hd__a22o_1)
     1    0.00                           _244_ (net)
                  0.04    0.00    3.15 v _488_/B1 (sky130_fd_sc_hd__a22o_1)
                  0.04    0.18    3.33 v _488_/X (sky130_fd_sc_hd__a22o_1)
     1    0.00                           _104_ (net)
                  0.04    0.00    3.33 v _744_/D (sky130_fd_sc_hd__dfrtp_2)
                                  3.33   data arrival time

                         10.00   10.00   clock clk (rise edge)
                          0.00   10.00   clock source latency
                  0.13    0.09   10.09 ^ clk (in)
     1    0.03                           clk (net)
                  0.13    0.00   10.09 ^ clkbuf_0_clk/A (sky130_fd_sc_hd__clkbuf_16)
                  0.07    0.17   10.25 ^ clkbuf_0_clk/X (sky130_fd_sc_hd__clkbuf_16)
     4    0.05                           clknet_0_clk (net)
                  0.07    0.00   10.26 ^ clkbuf_2_2__f_clk/A (sky130_fd_sc_hd__clkbuf_16)
                  0.07    0.15   10.40 ^ clkbuf_2_2__f_clk/X (sky130_fd_sc_hd__clkbuf_16)
    13    0.05                           clknet_2_2__leaf_clk (net)
                  0.07    0.00   10.40 ^ _744_/CLK (sky130_fd_sc_hd__dfrtp_2)
                         -0.25   10.15   clock uncertainty
                          0.03   10.18   clock reconvergence pessimism
                         -0.11   10.07   library setup time
                                 10.07   data required time
-----------------------------------------------------------------------------
                                 10.07   data required time
                                 -3.33   data arrival time
-----------------------------------------------------------------------------
                                  6.74   slack (MET)


Startpoint: _725_ (rising edge-triggered flip-flop clocked by clk)
Endpoint: _746_ (rising edge-triggered flip-flop clocked by clk)
Path Group: clk
Path Type: max

Fanout     Cap    Slew   Delay    Time   Description
-----------------------------------------------------------------------------
                          0.00    0.00   clock clk (rise edge)
                          0.00    0.00   clock source latency
                  0.13    0.09    0.09 ^ clk (in)
     1    0.03                           clk (net)
                  0.13    0.00    0.09 ^ clkbuf_0_clk/A (sky130_fd_sc_hd__clkbuf_16)
                  0.07    0.19    0.28 ^ clkbuf_0_clk/X (sky130_fd_sc_hd__clkbuf_16)
     4    0.05                           clknet_0_clk (net)
                  0.07    0.00    0.28 ^ clkbuf_2_0__f_clk/A (sky130_fd_sc_hd__clkbuf_16)
                  0.07    0.16    0.45 ^ clkbuf_2_0__f_clk/X (sky130_fd_sc_hd__clkbuf_16)
    15    0.05                           clknet_2_0__leaf_clk (net)
                  0.07    0.00    0.45 ^ _725_/CLK (sky130_fd_sc_hd__dfrtp_4)
                  0.09    0.54    0.99 v _725_/Q (sky130_fd_sc_hd__dfrtp_4)
     6    0.02                           u_core.M[0] (net)
                  0.09    0.00    0.99 v _354_/B (sky130_fd_sc_hd__nor2_2)
                  0.26    0.24    1.24 ^ _354_/Y (sky130_fd_sc_hd__nor2_2)
     3    0.02                           _115_ (net)
                  0.26    0.00    1.24 ^ _366_/A (sky130_fd_sc_hd__clkbuf_4)
                  0.12    0.28    1.52 ^ _366_/X (sky130_fd_sc_hd__clkbuf_4)
    10    0.04                           _127_ (net)
                  0.12    0.00    1.52 ^ _381_/A (sky130_fd_sc_hd__nand2_2)
                  0.11    0.12    1.64 v _381_/Y (sky130_fd_sc_hd__nand2_2)
     6    0.02                           _142_ (net)
                  0.11    0.00    1.64 v _383_/A2 (sky130_fd_sc_hd__o21ai_1)
                  0.19    0.21    1.85 ^ _383_/Y (sky130_fd_sc_hd__o21ai_1)
     2    0.01                           _144_ (net)
                  0.19    0.00    1.85 ^ _384_/B1 (sky130_fd_sc_hd__o21ai_1)
                  0.09    0.13    1.99 v _384_/Y (sky130_fd_sc_hd__o21ai_1)
     2    0.01                           _145_ (net)
                  0.09    0.00    1.99 v _436_/A (sky130_fd_sc_hd__nand2_1)
                  0.10    0.12    2.11 ^ _436_/Y (sky130_fd_sc_hd__nand2_1)
     3    0.01                           _197_ (net)
                  0.10    0.00    2.11 ^ _437_/D1 (sky130_fd_sc_hd__o2111a_1)
                  0.11    0.23    2.34 ^ _437_/X (sky130_fd_sc_hd__o2111a_1)
     2    0.01                           _198_ (net)
                  0.11    0.00    2.34 ^ _438_/D (sky130_fd_sc_hd__nand4_2)
                  0.16    0.18    2.52 v _438_/Y (sky130_fd_sc_hd__nand4_2)
     3    0.02                           _199_ (net)
                  0.16    0.00    2.52 v _444_/A2 (sky130_fd_sc_hd__a21oi_1)
                  0.26    0.31    2.83 ^ _444_/Y (sky130_fd_sc_hd__a21oi_1)
     2    0.01                           _205_ (net)
                  0.26    0.00    2.83 ^ _450_/A2 (sky130_fd_sc_hd__o21bai_2)
                  0.08    0.12    2.96 v _450_/Y (sky130_fd_sc_hd__o21bai_2)
     3    0.01                           _211_ (net)
                  0.08    0.00    2.96 v _465_/A1 (sky130_fd_sc_hd__a31oi_1)
                  0.14    0.15    3.11 ^ _465_/Y (sky130_fd_sc_hd__a31oi_1)
     1    0.00                           _225_ (net)
                  0.14    0.00    3.11 ^ _466_/B (sky130_fd_sc_hd__nand2_1)
                  0.05    0.08    3.19 v _466_/Y (sky130_fd_sc_hd__nand2_1)
     1    0.00                           _226_ (net)
                  0.05    0.00    3.19 v _469_/A2_N (sky130_fd_sc_hd__o2bb2ai_1)
                  0.04    0.12    3.31 v _469_/Y (sky130_fd_sc_hd__o2bb2ai_1)
     1    0.00                           _106_ (net)
                  0.04    0.00    3.31 v _746_/D (sky130_fd_sc_hd__dfrtp_1)
                                  3.31   data arrival time

                         10.00   10.00   clock clk (rise edge)
                          0.00   10.00   clock source latency
                  0.13    0.09   10.09 ^ clk (in)
     1    0.03                           clk (net)
                  0.13    0.00   10.09 ^ clkbuf_0_clk/A (sky130_fd_sc_hd__clkbuf_16)
                  0.07    0.17   10.25 ^ clkbuf_0_clk/X (sky130_fd_sc_hd__clkbuf_16)
     4    0.05                           clknet_0_clk (net)
                  0.07    0.00   10.26 ^ clkbuf_2_3__f_clk/A (sky130_fd_sc_hd__clkbuf_16)
                  0.06    0.15   10.40 ^ clkbuf_2_3__f_clk/X (sky130_fd_sc_hd__clkbuf_16)
    12    0.05                           clknet_2_3__leaf_clk (net)
                  0.06    0.00   10.40 ^ _746_/CLK (sky130_fd_sc_hd__dfrtp_1)
                         -0.25   10.15   clock uncertainty
                          0.03   10.18   clock reconvergence pessimism
                         -0.11   10.07   library setup time
                                 10.07   data required time
-----------------------------------------------------------------------------
                                 10.07   data required time
                                 -3.31   data arrival time
-----------------------------------------------------------------------------
                                  6.76   slack (MET)


Startpoint: _725_ (rising edge-triggered flip-flop clocked by clk)
Endpoint: _742_ (rising edge-triggered flip-flop clocked by clk)
Path Group: clk
Path Type: max

Fanout     Cap    Slew   Delay    Time   Description
-----------------------------------------------------------------------------
                          0.00    0.00   clock clk (rise edge)
                          0.00    0.00   clock source latency
                  0.13    0.09    0.09 ^ clk (in)
     1    0.03                           clk (net)
                  0.13    0.00    0.09 ^ clkbuf_0_clk/A (sky130_fd_sc_hd__clkbuf_16)
                  0.07    0.19    0.28 ^ clkbuf_0_clk/X (sky130_fd_sc_hd__clkbuf_16)
     4    0.05                           clknet_0_clk (net)
                  0.07    0.00    0.28 ^ clkbuf_2_0__f_clk/A (sky130_fd_sc_hd__clkbuf_16)
                  0.07    0.16    0.45 ^ clkbuf_2_0__f_clk/X (sky130_fd_sc_hd__clkbuf_16)
    15    0.05                           clknet_2_0__leaf_clk (net)
                  0.07    0.00    0.45 ^ _725_/CLK (sky130_fd_sc_hd__dfrtp_4)
                  0.09    0.54    0.99 v _725_/Q (sky130_fd_sc_hd__dfrtp_4)
     6    0.02                           u_core.M[0] (net)
                  0.09    0.00    0.99 v _354_/B (sky130_fd_sc_hd__nor2_2)
                  0.26    0.24    1.24 ^ _354_/Y (sky130_fd_sc_hd__nor2_2)
     3    0.02                           _115_ (net)
                  0.26    0.00    1.24 ^ _366_/A (sky130_fd_sc_hd__clkbuf_4)
                  0.12    0.28    1.52 ^ _366_/X (sky130_fd_sc_hd__clkbuf_4)
    10    0.04                           _127_ (net)
                  0.12    0.00    1.52 ^ _381_/A (sky130_fd_sc_hd__nand2_2)
                  0.11    0.12    1.64 v _381_/Y (sky130_fd_sc_hd__nand2_2)
     6    0.02                           _142_ (net)
                  0.11    0.00    1.64 v _383_/A2 (sky130_fd_sc_hd__o21ai_1)
                  0.19    0.21    1.85 ^ _383_/Y (sky130_fd_sc_hd__o21ai_1)
     2    0.01                           _144_ (net)
                  0.19    0.00    1.85 ^ _384_/B1 (sky130_fd_sc_hd__o21ai_1)
                  0.09    0.13    1.99 v _384_/Y (sky130_fd_sc_hd__o21ai_1)
     2    0.01                           _145_ (net)
                  0.09    0.00    1.99 v _393_/A2 (sky130_fd_sc_hd__o21ai_2)
                  0.23    0.24    2.23 ^ _393_/Y (sky130_fd_sc_hd__o21ai_2)
     4    0.02                           _154_ (net)
                  0.23    0.00    2.23 ^ _405_/B1 (sky130_fd_sc_hd__o22a_1)
                  0.15    0.27    2.50 ^ _405_/X (sky130_fd_sc_hd__o22a_1)
     3    0.01                           _166_ (net)
                  0.15    0.00    2.50 ^ _482_/A (sky130_fd_sc_hd__nand2_2)
                  0.10    0.12    2.62 v _482_/Y (sky130_fd_sc_hd__nand2_2)
     5    0.02                           _240_ (net)
                  0.10    0.00    2.62 v _500_/A1 (sky130_fd_sc_hd__a211o_1)
                  0.05    0.28    2.91 v _500_/X (sky130_fd_sc_hd__a211o_1)
     1    0.00                           _256_ (net)
                  0.05    0.00    2.91 v _501_/B2 (sky130_fd_sc_hd__a22o_1)
                  0.04    0.21    3.11 v _501_/X (sky130_fd_sc_hd__a22o_1)
     1    0.00                           _257_ (net)
                  0.04    0.00    3.11 v _503_/B1 (sky130_fd_sc_hd__a22o_1)
                  0.05    0.19    3.30 v _503_/X (sky130_fd_sc_hd__a22o_1)
     1    0.00                           _102_ (net)
                  0.05    0.00    3.30 v _742_/D (sky130_fd_sc_hd__dfrtp_4)
                                  3.30   data arrival time

                         10.00   10.00   clock clk (rise edge)
                          0.00   10.00   clock source latency
                  0.13    0.09   10.09 ^ clk (in)
     1    0.03                           clk (net)
                  0.13    0.00   10.09 ^ clkbuf_0_clk/A (sky130_fd_sc_hd__clkbuf_16)
                  0.07    0.17   10.25 ^ clkbuf_0_clk/X (sky130_fd_sc_hd__clkbuf_16)
     4    0.05                           clknet_0_clk (net)
                  0.07    0.00   10.26 ^ clkbuf_2_2__f_clk/A (sky130_fd_sc_hd__clkbuf_16)
                  0.07    0.15   10.40 ^ clkbuf_2_2__f_clk/X (sky130_fd_sc_hd__clkbuf_16)
    13    0.05                           clknet_2_2__leaf_clk (net)
                  0.07    0.00   10.41 ^ _742_/CLK (sky130_fd_sc_hd__dfrtp_4)
                         -0.25   10.16   clock uncertainty
                          0.03   10.18   clock reconvergence pessimism
                         -0.11   10.07   library setup time
                                 10.07   data required time
-----------------------------------------------------------------------------
                                 10.07   data required time
                                 -3.30   data arrival time
-----------------------------------------------------------------------------
                                  6.77   slack (MET)


Startpoint: _725_ (rising edge-triggered flip-flop clocked by clk)
Endpoint: _715_ (rising edge-triggered flip-flop clocked by clk)
Path Group: clk
Path Type: max

Fanout     Cap    Slew   Delay    Time   Description
-----------------------------------------------------------------------------
                          0.00    0.00   clock clk (rise edge)
                          0.00    0.00   clock source latency
                  0.13    0.09    0.09 ^ clk (in)
     1    0.03                           clk (net)
                  0.13    0.00    0.09 ^ clkbuf_0_clk/A (sky130_fd_sc_hd__clkbuf_16)
                  0.07    0.19    0.28 ^ clkbuf_0_clk/X (sky130_fd_sc_hd__clkbuf_16)
     4    0.05                           clknet_0_clk (net)
                  0.07    0.00    0.28 ^ clkbuf_2_0__f_clk/A (sky130_fd_sc_hd__clkbuf_16)
                  0.07    0.16    0.45 ^ clkbuf_2_0__f_clk/X (sky130_fd_sc_hd__clkbuf_16)
    15    0.05                           clknet_2_0__leaf_clk (net)
                  0.07    0.00    0.45 ^ _725_/CLK (sky130_fd_sc_hd__dfrtp_4)
                  0.09    0.54    0.99 v _725_/Q (sky130_fd_sc_hd__dfrtp_4)
     6    0.02                           u_core.M[0] (net)
                  0.09    0.00    0.99 v _354_/B (sky130_fd_sc_hd__nor2_2)
                  0.26    0.24    1.24 ^ _354_/Y (sky130_fd_sc_hd__nor2_2)
     3    0.02                           _115_ (net)
                  0.26    0.00    1.24 ^ _366_/A (sky130_fd_sc_hd__clkbuf_4)
                  0.12    0.28    1.52 ^ _366_/X (sky130_fd_sc_hd__clkbuf_4)
    10    0.04                           _127_ (net)
                  0.12    0.00    1.52 ^ _381_/A (sky130_fd_sc_hd__nand2_2)
                  0.11    0.12    1.64 v _381_/Y (sky130_fd_sc_hd__nand2_2)
     6    0.02                           _142_ (net)
                  0.11    0.00    1.64 v _383_/A2 (sky130_fd_sc_hd__o21ai_1)
                  0.19    0.21    1.85 ^ _383_/Y (sky130_fd_sc_hd__o21ai_1)
     2    0.01                           _144_ (net)
                  0.19    0.00    1.85 ^ _384_/B1 (sky130_fd_sc_hd__o21ai_1)
                  0.09    0.13    1.99 v _384_/Y (sky130_fd_sc_hd__o21ai_1)
     2    0.01                           _145_ (net)
                  0.09    0.00    1.99 v _436_/A (sky130_fd_sc_hd__nand2_1)
                  0.10    0.12    2.11 ^ _436_/Y (sky130_fd_sc_hd__nand2_1)
     3    0.01                           _197_ (net)
                  0.10    0.00    2.11 ^ _437_/D1 (sky130_fd_sc_hd__o2111a_1)
                  0.11    0.23    2.34 ^ _437_/X (sky130_fd_sc_hd__o2111a_1)
     2    0.01                           _198_ (net)
                  0.11    0.00    2.34 ^ _515_/C (sky130_fd_sc_hd__nand3_1)
                  0.13    0.14    2.48 v _515_/Y (sky130_fd_sc_hd__nand3_1)
     3    0.01                           _268_ (net)
                  0.13    0.00    2.48 v _517_/A1 (sky130_fd_sc_hd__a21o_1)
                  0.05    0.21    2.69 v _517_/X (sky130_fd_sc_hd__a21o_1)
     2    0.01                           _270_ (net)
                  0.05    0.00    2.69 v _518_/A4 (sky130_fd_sc_hd__a41oi_1)
                  0.16    0.21    2.90 ^ _518_/Y (sky130_fd_sc_hd__a41oi_1)
     1    0.00                           _271_ (net)
                  0.16    0.00    2.90 ^ _520_/A (sky130_fd_sc_hd__nand2_1)
                  0.07    0.10    3.00 v _520_/Y (sky130_fd_sc_hd__nand2_1)
     2    0.01                           _273_ (net)
                  0.07    0.00    3.00 v _595_/A1 (sky130_fd_sc_hd__a32o_1)
                  0.04    0.23    3.24 v _595_/X (sky130_fd_sc_hd__a32o_1)
     1    0.00                           _075_ (net)
                  0.04    0.00    3.24 v _715_/D (sky130_fd_sc_hd__dfrtp_2)
                                  3.24   data arrival time

                         10.00   10.00   clock clk (rise edge)
                          0.00   10.00   clock source latency
                  0.13    0.09   10.09 ^ clk (in)
     1    0.03                           clk (net)
                  0.13    0.00   10.09 ^ clkbuf_0_clk/A (sky130_fd_sc_hd__clkbuf_16)
                  0.07    0.17   10.25 ^ clkbuf_0_clk/X (sky130_fd_sc_hd__clkbuf_16)
     4    0.05                           clknet_0_clk (net)
                  0.07    0.00   10.26 ^ clkbuf_2_3__f_clk/A (sky130_fd_sc_hd__clkbuf_16)
                  0.06    0.15   10.40 ^ clkbuf_2_3__f_clk/X (sky130_fd_sc_hd__clkbuf_16)
    12    0.05                           clknet_2_3__leaf_clk (net)
                  0.06    0.00   10.40 ^ _715_/CLK (sky130_fd_sc_hd__dfrtp_2)
                         -0.25   10.15   clock uncertainty
                          0.03   10.18   clock reconvergence pessimism
                         -0.11   10.07   library setup time
                                 10.07   data required time
-----------------------------------------------------------------------------
                                 10.07   data required time
                                 -3.24   data arrival time
-----------------------------------------------------------------------------
                                  6.83   slack (MET)


Startpoint: _725_ (rising edge-triggered flip-flop clocked by clk)
Endpoint: _743_ (rising edge-triggered flip-flop clocked by clk)
Path Group: clk
Path Type: max

Fanout     Cap    Slew   Delay    Time   Description
-----------------------------------------------------------------------------
                          0.00    0.00   clock clk (rise edge)
                          0.00    0.00   clock source latency
                  0.13    0.09    0.09 ^ clk (in)
     1    0.03                           clk (net)
                  0.13    0.00    0.09 ^ clkbuf_0_clk/A (sky130_fd_sc_hd__clkbuf_16)
                  0.07    0.19    0.28 ^ clkbuf_0_clk/X (sky130_fd_sc_hd__clkbuf_16)
     4    0.05                           clknet_0_clk (net)
                  0.07    0.00    0.28 ^ clkbuf_2_0__f_clk/A (sky130_fd_sc_hd__clkbuf_16)
                  0.07    0.16    0.45 ^ clkbuf_2_0__f_clk/X (sky130_fd_sc_hd__clkbuf_16)
    15    0.05                           clknet_2_0__leaf_clk (net)
                  0.07    0.00    0.45 ^ _725_/CLK (sky130_fd_sc_hd__dfrtp_4)
                  0.09    0.54    0.99 v _725_/Q (sky130_fd_sc_hd__dfrtp_4)
     6    0.02                           u_core.M[0] (net)
                  0.09    0.00    0.99 v _354_/B (sky130_fd_sc_hd__nor2_2)
                  0.26    0.24    1.24 ^ _354_/Y (sky130_fd_sc_hd__nor2_2)
     3    0.02                           _115_ (net)
                  0.26    0.00    1.24 ^ _366_/A (sky130_fd_sc_hd__clkbuf_4)
                  0.12    0.28    1.52 ^ _366_/X (sky130_fd_sc_hd__clkbuf_4)
    10    0.04                           _127_ (net)
                  0.12    0.00    1.52 ^ _381_/A (sky130_fd_sc_hd__nand2_2)
                  0.11    0.12    1.64 v _381_/Y (sky130_fd_sc_hd__nand2_2)
     6    0.02                           _142_ (net)
                  0.11    0.00    1.64 v _383_/A2 (sky130_fd_sc_hd__o21ai_1)
                  0.19    0.21    1.85 ^ _383_/Y (sky130_fd_sc_hd__o21ai_1)
     2    0.01                           _144_ (net)
                  0.19    0.00    1.85 ^ _384_/B1 (sky130_fd_sc_hd__o21ai_1)
                  0.09    0.13    1.99 v _384_/Y (sky130_fd_sc_hd__o21ai_1)
     2    0.01                           _145_ (net)
                  0.09    0.00    1.99 v _436_/A (sky130_fd_sc_hd__nand2_1)
                  0.10    0.12    2.11 ^ _436_/Y (sky130_fd_sc_hd__nand2_1)
     3    0.01                           _197_ (net)
                  0.10    0.00    2.11 ^ _437_/D1 (sky130_fd_sc_hd__o2111a_1)
                  0.11    0.23    2.34 ^ _437_/X (sky130_fd_sc_hd__o2111a_1)
     2    0.01                           _198_ (net)
                  0.11    0.00    2.34 ^ _438_/D (sky130_fd_sc_hd__nand4_2)
                  0.16    0.18    2.52 v _438_/Y (sky130_fd_sc_hd__nand4_2)
     3    0.02                           _199_ (net)
                  0.16    0.00    2.52 v _491_/A2 (sky130_fd_sc_hd__a21boi_1)
                  0.19    0.25    2.77 ^ _491_/Y (sky130_fd_sc_hd__a21boi_1)
     1    0.01                           _248_ (net)
                  0.19    0.00    2.77 ^ _492_/A2 (sky130_fd_sc_hd__o21ai_2)
                  0.08    0.10    2.88 v _492_/Y (sky130_fd_sc_hd__o21ai_2)
     3    0.01                           _249_ (net)
                  0.08    0.00    2.88 v _494_/A (sky130_fd_sc_hd__nand3_1)
                  0.06    0.08    2.96 ^ _494_/Y (sky130_fd_sc_hd__nand3_1)
     1    0.00                           _251_ (net)
                  0.06    0.00    2.96 ^ _495_/B1 (sky130_fd_sc_hd__o21ai_1)
                  0.05    0.07    3.03 v _495_/Y (sky130_fd_sc_hd__o21ai_1)
     1    0.00                           _252_ (net)
                  0.05    0.00    3.03 v _497_/A2 (sky130_fd_sc_hd__o21ai_1)
                  0.10    0.12    3.15 ^ _497_/Y (sky130_fd_sc_hd__o21ai_1)
     1    0.00                           _254_ (net)
                  0.10    0.00    3.15 ^ _499_/A (sky130_fd_sc_hd__nand2_1)
                  0.05    0.07    3.22 v _499_/Y (sky130_fd_sc_hd__nand2_1)
     1    0.00                           _103_ (net)
                  0.05    0.00    3.22 v _743_/D (sky130_fd_sc_hd__dfrtp_2)
                                  3.22   data arrival time

                         10.00   10.00   clock clk (rise edge)
                          0.00   10.00   clock source latency
                  0.13    0.09   10.09 ^ clk (in)
     1    0.03                           clk (net)
                  0.13    0.00   10.09 ^ clkbuf_0_clk/A (sky130_fd_sc_hd__clkbuf_16)
                  0.07    0.17   10.25 ^ clkbuf_0_clk/X (sky130_fd_sc_hd__clkbuf_16)
     4    0.05                           clknet_0_clk (net)
                  0.07    0.00   10.26 ^ clkbuf_2_2__f_clk/A (sky130_fd_sc_hd__clkbuf_16)
                  0.07    0.15   10.40 ^ clkbuf_2_2__f_clk/X (sky130_fd_sc_hd__clkbuf_16)
    13    0.05                           clknet_2_2__leaf_clk (net)
                  0.07    0.00   10.41 ^ _743_/CLK (sky130_fd_sc_hd__dfrtp_2)
                         -0.25   10.16   clock uncertainty
                          0.03   10.18   clock reconvergence pessimism
                         -0.11   10.07   library setup time
                                 10.07   data required time
-----------------------------------------------------------------------------
                                 10.07   data required time
                                 -3.22   data arrival time
-----------------------------------------------------------------------------
                                  6.85   slack (MET)


Startpoint: _725_ (rising edge-triggered flip-flop clocked by clk)
Endpoint: _741_ (rising edge-triggered flip-flop clocked by clk)
Path Group: clk
Path Type: max

Fanout     Cap    Slew   Delay    Time   Description
-----------------------------------------------------------------------------
                          0.00    0.00   clock clk (rise edge)
                          0.00    0.00   clock source latency
                  0.13    0.09    0.09 ^ clk (in)
     1    0.03                           clk (net)
                  0.13    0.00    0.09 ^ clkbuf_0_clk/A (sky130_fd_sc_hd__clkbuf_16)
                  0.07    0.19    0.28 ^ clkbuf_0_clk/X (sky130_fd_sc_hd__clkbuf_16)
     4    0.05                           clknet_0_clk (net)
                  0.07    0.00    0.28 ^ clkbuf_2_0__f_clk/A (sky130_fd_sc_hd__clkbuf_16)
                  0.07    0.16    0.45 ^ clkbuf_2_0__f_clk/X (sky130_fd_sc_hd__clkbuf_16)
    15    0.05                           clknet_2_0__leaf_clk (net)
                  0.07    0.00    0.45 ^ _725_/CLK (sky130_fd_sc_hd__dfrtp_4)
                  0.09    0.54    0.99 v _725_/Q (sky130_fd_sc_hd__dfrtp_4)
     6    0.02                           u_core.M[0] (net)
                  0.09    0.00    0.99 v _354_/B (sky130_fd_sc_hd__nor2_2)
                  0.26    0.24    1.24 ^ _354_/Y (sky130_fd_sc_hd__nor2_2)
     3    0.02                           _115_ (net)
                  0.26    0.00    1.24 ^ _366_/A (sky130_fd_sc_hd__clkbuf_4)
                  0.12    0.28    1.52 ^ _366_/X (sky130_fd_sc_hd__clkbuf_4)
    10    0.04                           _127_ (net)
                  0.12    0.00    1.52 ^ _381_/A (sky130_fd_sc_hd__nand2_2)
                  0.11    0.12    1.64 v _381_/Y (sky130_fd_sc_hd__nand2_2)
     6    0.02                           _142_ (net)
                  0.11    0.00    1.64 v _383_/A2 (sky130_fd_sc_hd__o21ai_1)
                  0.19    0.21    1.85 ^ _383_/Y (sky130_fd_sc_hd__o21ai_1)
     2    0.01                           _144_ (net)
                  0.19    0.00    1.85 ^ _384_/B1 (sky130_fd_sc_hd__o21ai_1)
                  0.09    0.13    1.99 v _384_/Y (sky130_fd_sc_hd__o21ai_1)
     2    0.01                           _145_ (net)
                  0.09    0.00    1.99 v _436_/A (sky130_fd_sc_hd__nand2_1)
                  0.10    0.12    2.11 ^ _436_/Y (sky130_fd_sc_hd__nand2_1)
     3    0.01                           _197_ (net)
                  0.10    0.00    2.11 ^ _437_/D1 (sky130_fd_sc_hd__o2111a_1)
                  0.11    0.23    2.34 ^ _437_/X (sky130_fd_sc_hd__o2111a_1)
     2    0.01                           _198_ (net)
                  0.11    0.00    2.34 ^ _438_/D (sky130_fd_sc_hd__nand4_2)
                  0.16    0.18    2.52 v _438_/Y (sky130_fd_sc_hd__nand4_2)
     3    0.02                           _199_ (net)
                  0.16    0.00    2.52 v _482_/B (sky130_fd_sc_hd__nand2_2)
                  0.12    0.18    2.70 ^ _482_/Y (sky130_fd_sc_hd__nand2_2)
     5    0.02                           _240_ (net)
                  0.12    0.00    2.70 ^ _505_/A (sky130_fd_sc_hd__nand2_1)
                  0.07    0.09    2.79 v _505_/Y (sky130_fd_sc_hd__nand2_1)
     2    0.01                           _260_ (net)
                  0.07    0.00    2.79 v _507_/A2 (sky130_fd_sc_hd__a31o_1)
                  0.04    0.22    3.01 v _507_/X (sky130_fd_sc_hd__a31o_1)
     1    0.00                           _262_ (net)
                  0.04    0.00    3.01 v _508_/B2 (sky130_fd_sc_hd__o22ai_1)
                  0.13    0.11    3.12 ^ _508_/Y (sky130_fd_sc_hd__o22ai_1)
     1    0.00                           _263_ (net)
                  0.13    0.00    3.12 ^ _510_/B1 (sky130_fd_sc_hd__o2bb2ai_1)
                  0.05    0.09    3.21 v _510_/Y (sky130_fd_sc_hd__o2bb2ai_1)
     1    0.00                           _101_ (net)
                  0.05    0.00    3.21 v _741_/D (sky130_fd_sc_hd__dfrtp_4)
                                  3.21   data arrival time

                         10.00   10.00   clock clk (rise edge)
                          0.00   10.00   clock source latency
                  0.13    0.09   10.09 ^ clk (in)
     1    0.03                           clk (net)
                  0.13    0.00   10.09 ^ clkbuf_0_clk/A (sky130_fd_sc_hd__clkbuf_16)
                  0.07    0.17   10.25 ^ clkbuf_0_clk/X (sky130_fd_sc_hd__clkbuf_16)
     4    0.05                           clknet_0_clk (net)
                  0.07    0.00   10.26 ^ clkbuf_2_2__f_clk/A (sky130_fd_sc_hd__clkbuf_16)
                  0.07    0.15   10.40 ^ clkbuf_2_2__f_clk/X (sky130_fd_sc_hd__clkbuf_16)
    13    0.05                           clknet_2_2__leaf_clk (net)
                  0.07    0.00   10.41 ^ _741_/CLK (sky130_fd_sc_hd__dfrtp_4)
                         -0.25   10.16   clock uncertainty
                          0.03   10.18   clock reconvergence pessimism
                         -0.11   10.07   library setup time
                                 10.07   data required time
-----------------------------------------------------------------------------
                                 10.07   data required time
                                 -3.21   data arrival time
-----------------------------------------------------------------------------
                                  6.86   slack (MET)


Startpoint: _725_ (rising edge-triggered flip-flop clocked by clk)
Endpoint: _739_ (rising edge-triggered flip-flop clocked by clk)
Path Group: clk
Path Type: max

Fanout     Cap    Slew   Delay    Time   Description
-----------------------------------------------------------------------------
                          0.00    0.00   clock clk (rise edge)
                          0.00    0.00   clock source latency
                  0.13    0.09    0.09 ^ clk (in)
     1    0.03                           clk (net)
                  0.13    0.00    0.09 ^ clkbuf_0_clk/A (sky130_fd_sc_hd__clkbuf_16)
                  0.07    0.19    0.28 ^ clkbuf_0_clk/X (sky130_fd_sc_hd__clkbuf_16)
     4    0.05                           clknet_0_clk (net)
                  0.07    0.00    0.28 ^ clkbuf_2_0__f_clk/A (sky130_fd_sc_hd__clkbuf_16)
                  0.07    0.16    0.45 ^ clkbuf_2_0__f_clk/X (sky130_fd_sc_hd__clkbuf_16)
    15    0.05                           clknet_2_0__leaf_clk (net)
                  0.07    0.00    0.45 ^ _725_/CLK (sky130_fd_sc_hd__dfrtp_4)
                  0.09    0.54    0.99 v _725_/Q (sky130_fd_sc_hd__dfrtp_4)
     6    0.02                           u_core.M[0] (net)
                  0.09    0.00    0.99 v _354_/B (sky130_fd_sc_hd__nor2_2)
                  0.26    0.24    1.24 ^ _354_/Y (sky130_fd_sc_hd__nor2_2)
     3    0.02                           _115_ (net)
                  0.26    0.00    1.24 ^ _366_/A (sky130_fd_sc_hd__clkbuf_4)
                  0.12    0.28    1.52 ^ _366_/X (sky130_fd_sc_hd__clkbuf_4)
    10    0.04                           _127_ (net)
                  0.12    0.00    1.52 ^ _381_/A (sky130_fd_sc_hd__nand2_2)
                  0.11    0.12    1.64 v _381_/Y (sky130_fd_sc_hd__nand2_2)
     6    0.02                           _142_ (net)
                  0.11    0.00    1.64 v _383_/A2 (sky130_fd_sc_hd__o21ai_1)
                  0.19    0.21    1.85 ^ _383_/Y (sky130_fd_sc_hd__o21ai_1)
     2    0.01                           _144_ (net)
                  0.19    0.00    1.85 ^ _384_/B1 (sky130_fd_sc_hd__o21ai_1)
                  0.09    0.13    1.99 v _384_/Y (sky130_fd_sc_hd__o21ai_1)
     2    0.01                           _145_ (net)
                  0.09    0.00    1.99 v _436_/A (sky130_fd_sc_hd__nand2_1)
                  0.10    0.12    2.11 ^ _436_/Y (sky130_fd_sc_hd__nand2_1)
     3    0.01                           _197_ (net)
                  0.10    0.00    2.11 ^ _437_/D1 (sky130_fd_sc_hd__o2111a_1)
                  0.11    0.23    2.34 ^ _437_/X (sky130_fd_sc_hd__o2111a_1)
     2    0.01                           _198_ (net)
                  0.11    0.00    2.34 ^ _515_/C (sky130_fd_sc_hd__nand3_1)
                  0.13    0.14    2.48 v _515_/Y (sky130_fd_sc_hd__nand3_1)
     3    0.01                           _268_ (net)
                  0.13    0.00    2.48 v _517_/A1 (sky130_fd_sc_hd__a21o_1)
                  0.05    0.21    2.69 v _517_/X (sky130_fd_sc_hd__a21o_1)
     2    0.01                           _270_ (net)
                  0.05    0.00    2.69 v _518_/A4 (sky130_fd_sc_hd__a41oi_1)
                  0.16    0.21    2.90 ^ _518_/Y (sky130_fd_sc_hd__a41oi_1)
     1    0.00                           _271_ (net)
                  0.16    0.00    2.90 ^ _520_/A (sky130_fd_sc_hd__nand2_1)
                  0.07    0.10    3.00 v _520_/Y (sky130_fd_sc_hd__nand2_1)
     2    0.01                           _273_ (net)
                  0.07    0.00    3.00 v _522_/B1 (sky130_fd_sc_hd__a22o_1)
                  0.04    0.19    3.19 v _522_/X (sky130_fd_sc_hd__a22o_1)
     1    0.00                           _099_ (net)
                  0.04    0.00    3.19 v _739_/D (sky130_fd_sc_hd__dfrtp_2)
                                  3.19   data arrival time

                         10.00   10.00   clock clk (rise edge)
                          0.00   10.00   clock source latency
                  0.13    0.09   10.09 ^ clk (in)
     1    0.03                           clk (net)
                  0.13    0.00   10.09 ^ clkbuf_0_clk/A (sky130_fd_sc_hd__clkbuf_16)
                  0.07    0.17   10.25 ^ clkbuf_0_clk/X (sky130_fd_sc_hd__clkbuf_16)
     4    0.05                           clknet_0_clk (net)
                  0.07    0.00   10.26 ^ clkbuf_2_3__f_clk/A (sky130_fd_sc_hd__clkbuf_16)
                  0.06    0.15   10.40 ^ clkbuf_2_3__f_clk/X (sky130_fd_sc_hd__clkbuf_16)
    12    0.05                           clknet_2_3__leaf_clk (net)
                  0.06    0.00   10.40 ^ _739_/CLK (sky130_fd_sc_hd__dfrtp_2)
                         -0.25   10.15   clock uncertainty
                          0.03   10.18   clock reconvergence pessimism
                         -0.11   10.07   library setup time
                                 10.07   data required time
-----------------------------------------------------------------------------
                                 10.07   data required time
                                 -3.19   data arrival time
-----------------------------------------------------------------------------
                                  6.88   slack (MET)


Startpoint: _725_ (rising edge-triggered flip-flop clocked by clk)
Endpoint: _738_ (rising edge-triggered flip-flop clocked by clk)
Path Group: clk
Path Type: max

Fanout     Cap    Slew   Delay    Time   Description
-----------------------------------------------------------------------------
                          0.00    0.00   clock clk (rise edge)
                          0.00    0.00   clock source latency
                  0.13    0.09    0.09 ^ clk (in)
     1    0.03                           clk (net)
                  0.13    0.00    0.09 ^ clkbuf_0_clk/A (sky130_fd_sc_hd__clkbuf_16)
                  0.07    0.19    0.28 ^ clkbuf_0_clk/X (sky130_fd_sc_hd__clkbuf_16)
     4    0.05                           clknet_0_clk (net)
                  0.07    0.00    0.28 ^ clkbuf_2_0__f_clk/A (sky130_fd_sc_hd__clkbuf_16)
                  0.07    0.16    0.45 ^ clkbuf_2_0__f_clk/X (sky130_fd_sc_hd__clkbuf_16)
    15    0.05                           clknet_2_0__leaf_clk (net)
                  0.07    0.00    0.45 ^ _725_/CLK (sky130_fd_sc_hd__dfrtp_4)
                  0.09    0.54    0.99 v _725_/Q (sky130_fd_sc_hd__dfrtp_4)
     6    0.02                           u_core.M[0] (net)
                  0.09    0.00    0.99 v _354_/B (sky130_fd_sc_hd__nor2_2)
                  0.26    0.24    1.24 ^ _354_/Y (sky130_fd_sc_hd__nor2_2)
     3    0.02                           _115_ (net)
                  0.26    0.00    1.24 ^ _366_/A (sky130_fd_sc_hd__clkbuf_4)
                  0.12    0.28    1.52 ^ _366_/X (sky130_fd_sc_hd__clkbuf_4)
    10    0.04                           _127_ (net)
                  0.12    0.00    1.52 ^ _381_/A (sky130_fd_sc_hd__nand2_2)
                  0.11    0.12    1.64 v _381_/Y (sky130_fd_sc_hd__nand2_2)
     6    0.02                           _142_ (net)
                  0.11    0.00    1.64 v _383_/A2 (sky130_fd_sc_hd__o21ai_1)
                  0.19    0.21    1.85 ^ _383_/Y (sky130_fd_sc_hd__o21ai_1)
     2    0.01                           _144_ (net)
                  0.19    0.00    1.85 ^ _384_/B1 (sky130_fd_sc_hd__o21ai_1)
                  0.09    0.13    1.99 v _384_/Y (sky130_fd_sc_hd__o21ai_1)
     2    0.01                           _145_ (net)
                  0.09    0.00    1.99 v _436_/A (sky130_fd_sc_hd__nand2_1)
                  0.10    0.12    2.11 ^ _436_/Y (sky130_fd_sc_hd__nand2_1)
     3    0.01                           _197_ (net)
                  0.10    0.00    2.11 ^ _437_/D1 (sky130_fd_sc_hd__o2111a_1)
                  0.11    0.23    2.34 ^ _437_/X (sky130_fd_sc_hd__o2111a_1)
     2    0.01                           _198_ (net)
                  0.11    0.00    2.34 ^ _515_/C (sky130_fd_sc_hd__nand3_1)
                  0.13    0.14    2.48 v _515_/Y (sky130_fd_sc_hd__nand3_1)
     3    0.01                           _268_ (net)
                  0.13    0.00    2.48 v _524_/A1 (sky130_fd_sc_hd__a21oi_1)
                  0.09    0.14    2.62 ^ _524_/Y (sky130_fd_sc_hd__a21oi_1)
     1    0.00                           _276_ (net)
                  0.09    0.00    2.62 ^ _526_/A1_N (sky130_fd_sc_hd__a2bb2o_1)
                  0.08    0.34    2.96 v _526_/X (sky130_fd_sc_hd__a2bb2o_1)
     2    0.01                           _278_ (net)
                  0.08    0.00    2.96 v _527_/B1 (sky130_fd_sc_hd__a22o_1)
                  0.04    0.20    3.16 v _527_/X (sky130_fd_sc_hd__a22o_1)
     1    0.00                           _098_ (net)
                  0.04    0.00    3.16 v _738_/D (sky130_fd_sc_hd__dfrtp_2)
                                  3.16   data arrival time

                         10.00   10.00   clock clk (rise edge)
                          0.00   10.00   clock source latency
                  0.13    0.09   10.09 ^ clk (in)
     1    0.03                           clk (net)
                  0.13    0.00   10.09 ^ clkbuf_0_clk/A (sky130_fd_sc_hd__clkbuf_16)
                  0.07    0.17   10.25 ^ clkbuf_0_clk/X (sky130_fd_sc_hd__clkbuf_16)
     4    0.05                           clknet_0_clk (net)
                  0.07    0.00   10.26 ^ clkbuf_2_1__f_clk/A (sky130_fd_sc_hd__clkbuf_16)
                  0.07    0.15   10.40 ^ clkbuf_2_1__f_clk/X (sky130_fd_sc_hd__clkbuf_16)
    14    0.05                           clknet_2_1__leaf_clk (net)
                  0.07    0.00   10.40 ^ _738_/CLK (sky130_fd_sc_hd__dfrtp_2)
                         -0.25   10.15   clock uncertainty
                          0.03   10.18   clock reconvergence pessimism
                         -0.11   10.07   library setup time
                                 10.07   data required time
-----------------------------------------------------------------------------
                                 10.07   data required time
                                 -3.16   data arrival time
-----------------------------------------------------------------------------
                                  6.91   slack (MET)


Startpoint: _725_ (rising edge-triggered flip-flop clocked by clk)
Endpoint: _712_ (rising edge-triggered flip-flop clocked by clk)
Path Group: clk
Path Type: max

Fanout     Cap    Slew   Delay    Time   Description
-----------------------------------------------------------------------------
                          0.00    0.00   clock clk (rise edge)
                          0.00    0.00   clock source latency
                  0.13    0.09    0.09 ^ clk (in)
     1    0.03                           clk (net)
                  0.13    0.00    0.09 ^ clkbuf_0_clk/A (sky130_fd_sc_hd__clkbuf_16)
                  0.07    0.19    0.28 ^ clkbuf_0_clk/X (sky130_fd_sc_hd__clkbuf_16)
     4    0.05                           clknet_0_clk (net)
                  0.07    0.00    0.28 ^ clkbuf_2_0__f_clk/A (sky130_fd_sc_hd__clkbuf_16)
                  0.07    0.16    0.45 ^ clkbuf_2_0__f_clk/X (sky130_fd_sc_hd__clkbuf_16)
    15    0.05                           clknet_2_0__leaf_clk (net)
                  0.07    0.00    0.45 ^ _725_/CLK (sky130_fd_sc_hd__dfrtp_4)
                  0.09    0.54    0.99 v _725_/Q (sky130_fd_sc_hd__dfrtp_4)
     6    0.02                           u_core.M[0] (net)
                  0.09    0.00    0.99 v _354_/B (sky130_fd_sc_hd__nor2_2)
                  0.26    0.24    1.24 ^ _354_/Y (sky130_fd_sc_hd__nor2_2)
     3    0.02                           _115_ (net)
                  0.26    0.00    1.24 ^ _366_/A (sky130_fd_sc_hd__clkbuf_4)
                  0.12    0.28    1.52 ^ _366_/X (sky130_fd_sc_hd__clkbuf_4)
    10    0.04                           _127_ (net)
                  0.12    0.00    1.52 ^ _407_/A2 (sky130_fd_sc_hd__o21ai_1)
                  0.08    0.11    1.62 v _407_/Y (sky130_fd_sc_hd__o21ai_1)
     2    0.01                           _168_ (net)
                  0.08    0.00    1.62 v _409_/A (sky130_fd_sc_hd__nand3_1)
                  0.14    0.15    1.77 ^ _409_/Y (sky130_fd_sc_hd__nand3_1)
     3    0.01                           _170_ (net)
                  0.14    0.00    1.77 ^ _414_/A (sky130_fd_sc_hd__nand2_2)
                  0.08    0.11    1.88 v _414_/Y (sky130_fd_sc_hd__nand2_2)
     3    0.02                           _175_ (net)
                  0.08    0.00    1.88 v _428_/A1 (sky130_fd_sc_hd__o21bai_4)
                  0.23    0.26    2.14 ^ _428_/Y (sky130_fd_sc_hd__o21bai_4)
     5    0.03                           _189_ (net)
                  0.23    0.00    2.14 ^ _528_/C1 (sky130_fd_sc_hd__o2111ai_2)
                  0.13    0.19    2.33 v _528_/Y (sky130_fd_sc_hd__o2111ai_2)
     3    0.01                           _279_ (net)
                  0.13    0.00    2.33 v _535_/B (sky130_fd_sc_hd__and3_1)
                  0.04    0.21    2.54 v _535_/X (sky130_fd_sc_hd__and3_1)
     1    0.00                           _285_ (net)
                  0.04    0.00    2.54 v _536_/B1 (sky130_fd_sc_hd__a31o_1)
                  0.06    0.22    2.75 v _536_/X (sky130_fd_sc_hd__a31o_1)
     2    0.01                           _286_ (net)
                  0.06    0.00    2.76 v _599_/A0 (sky130_fd_sc_hd__mux2_1)
                  0.05    0.29    3.05 v _599_/X (sky130_fd_sc_hd__mux2_1)
     1    0.00                           _325_ (net)
                  0.05    0.00    3.05 v _600_/A (sky130_fd_sc_hd__clkbuf_1)
                  0.03    0.10    3.14 v _600_/X (sky130_fd_sc_hd__clkbuf_1)
     1    0.00                           _072_ (net)
                  0.03    0.00    3.14 v _712_/D (sky130_fd_sc_hd__dfrtp_1)
                                  3.14   data arrival time

                         10.00   10.00   clock clk (rise edge)
                          0.00   10.00   clock source latency
                  0.13    0.09   10.09 ^ clk (in)
     1    0.03                           clk (net)
                  0.13    0.00   10.09 ^ clkbuf_0_clk/A (sky130_fd_sc_hd__clkbuf_16)
                  0.07    0.17   10.25 ^ clkbuf_0_clk/X (sky130_fd_sc_hd__clkbuf_16)
     4    0.05                           clknet_0_clk (net)
                  0.07    0.00   10.26 ^ clkbuf_2_1__f_clk/A (sky130_fd_sc_hd__clkbuf_16)
                  0.07    0.15   10.40 ^ clkbuf_2_1__f_clk/X (sky130_fd_sc_hd__clkbuf_16)
    14    0.05                           clknet_2_1__leaf_clk (net)
                  0.07    0.00   10.40 ^ _712_/CLK (sky130_fd_sc_hd__dfrtp_1)
                         -0.25   10.15   clock uncertainty
                          0.03   10.18   clock reconvergence pessimism
                         -0.10   10.08   library setup time
                                 10.08   data required time
-----------------------------------------------------------------------------
                                 10.08   data required time
                                 -3.14   data arrival time
-----------------------------------------------------------------------------
                                  6.94   slack (MET)


Startpoint: _725_ (rising edge-triggered flip-flop clocked by clk)
Endpoint: _716_ (rising edge-triggered flip-flop clocked by clk)
Path Group: clk
Path Type: max

Fanout     Cap    Slew   Delay    Time   Description
-----------------------------------------------------------------------------
                          0.00    0.00   clock clk (rise edge)
                          0.00    0.00   clock source latency
                  0.13    0.09    0.09 ^ clk (in)
     1    0.03                           clk (net)
                  0.13    0.00    0.09 ^ clkbuf_0_clk/A (sky130_fd_sc_hd__clkbuf_16)
                  0.07    0.19    0.28 ^ clkbuf_0_clk/X (sky130_fd_sc_hd__clkbuf_16)
     4    0.05                           clknet_0_clk (net)
                  0.07    0.00    0.28 ^ clkbuf_2_0__f_clk/A (sky130_fd_sc_hd__clkbuf_16)
                  0.07    0.16    0.45 ^ clkbuf_2_0__f_clk/X (sky130_fd_sc_hd__clkbuf_16)
    15    0.05                           clknet_2_0__leaf_clk (net)
                  0.07    0.00    0.45 ^ _725_/CLK (sky130_fd_sc_hd__dfrtp_4)
                  0.09    0.54    0.99 v _725_/Q (sky130_fd_sc_hd__dfrtp_4)
     6    0.02                           u_core.M[0] (net)
                  0.09    0.00    0.99 v _354_/B (sky130_fd_sc_hd__nor2_2)
                  0.26    0.24    1.24 ^ _354_/Y (sky130_fd_sc_hd__nor2_2)
     3    0.02                           _115_ (net)
                  0.26    0.00    1.24 ^ _366_/A (sky130_fd_sc_hd__clkbuf_4)
                  0.12    0.28    1.52 ^ _366_/X (sky130_fd_sc_hd__clkbuf_4)
    10    0.04                           _127_ (net)
                  0.12    0.00    1.52 ^ _381_/A (sky130_fd_sc_hd__nand2_2)
                  0.11    0.12    1.64 v _381_/Y (sky130_fd_sc_hd__nand2_2)
     6    0.02                           _142_ (net)
                  0.11    0.00    1.64 v _383_/A2 (sky130_fd_sc_hd__o21ai_1)
                  0.19    0.21    1.85 ^ _383_/Y (sky130_fd_sc_hd__o21ai_1)
     2    0.01                           _144_ (net)
                  0.19    0.00    1.85 ^ _384_/B1 (sky130_fd_sc_hd__o21ai_1)
                  0.09    0.13    1.99 v _384_/Y (sky130_fd_sc_hd__o21ai_1)
     2    0.01                           _145_ (net)
                  0.09    0.00    1.99 v _393_/A2 (sky130_fd_sc_hd__o21ai_2)
                  0.23    0.24    2.23 ^ _393_/Y (sky130_fd_sc_hd__o21ai_2)
     4    0.02                           _154_ (net)
                  0.23    0.00    2.23 ^ _405_/B1 (sky130_fd_sc_hd__o22a_1)
                  0.15    0.27    2.50 ^ _405_/X (sky130_fd_sc_hd__o22a_1)
     3    0.01                           _166_ (net)
                  0.15    0.00    2.50 ^ _482_/A (sky130_fd_sc_hd__nand2_2)
                  0.10    0.12    2.62 v _482_/Y (sky130_fd_sc_hd__nand2_2)
     5    0.02                           _240_ (net)
                  0.10    0.00    2.62 v _511_/B (sky130_fd_sc_hd__or2_1)
                  0.06    0.25    2.87 v _511_/X (sky130_fd_sc_hd__or2_1)
     1    0.00                           _265_ (net)
                  0.06    0.00    2.87 v _513_/B1 (sky130_fd_sc_hd__a22oi_2)
                  0.17    0.16    3.03 ^ _513_/Y (sky130_fd_sc_hd__a22oi_2)
     2    0.01                           _267_ (net)
                  0.17    0.00    3.03 ^ _594_/A2 (sky130_fd_sc_hd__o21ai_1)
                  0.06    0.08    3.11 v _594_/Y (sky130_fd_sc_hd__o21ai_1)
     1    0.00                           _076_ (net)
                  0.06    0.00    3.11 v _716_/D (sky130_fd_sc_hd__dfrtp_1)
                                  3.11   data arrival time

                         10.00   10.00   clock clk (rise edge)
                          0.00   10.00   clock source latency
                  0.13    0.09   10.09 ^ clk (in)
     1    0.03                           clk (net)
                  0.13    0.00   10.09 ^ clkbuf_0_clk/A (sky130_fd_sc_hd__clkbuf_16)
                  0.07    0.17   10.25 ^ clkbuf_0_clk/X (sky130_fd_sc_hd__clkbuf_16)
     4    0.05                           clknet_0_clk (net)
                  0.07    0.00   10.26 ^ clkbuf_2_0__f_clk/A (sky130_fd_sc_hd__clkbuf_16)
                  0.07    0.15   10.40 ^ clkbuf_2_0__f_clk/X (sky130_fd_sc_hd__clkbuf_16)
    15    0.05                           clknet_2_0__leaf_clk (net)
                  0.07    0.00   10.41 ^ _716_/CLK (sky130_fd_sc_hd__dfrtp_1)
                         -0.25   10.16   clock uncertainty
                          0.04   10.20   clock reconvergence pessimism
                         -0.11   10.09   library setup time
                                 10.09   data required time
-----------------------------------------------------------------------------
                                 10.09   data required time
                                 -3.11   data arrival time
-----------------------------------------------------------------------------
                                  6.98   slack (MET)


Startpoint: _725_ (rising edge-triggered flip-flop clocked by clk)
Endpoint: _713_ (rising edge-triggered flip-flop clocked by clk)
Path Group: clk
Path Type: max

Fanout     Cap    Slew   Delay    Time   Description
-----------------------------------------------------------------------------
                          0.00    0.00   clock clk (rise edge)
                          0.00    0.00   clock source latency
                  0.13    0.09    0.09 ^ clk (in)
     1    0.03                           clk (net)
                  0.13    0.00    0.09 ^ clkbuf_0_clk/A (sky130_fd_sc_hd__clkbuf_16)
                  0.07    0.19    0.28 ^ clkbuf_0_clk/X (sky130_fd_sc_hd__clkbuf_16)
     4    0.05                           clknet_0_clk (net)
                  0.07    0.00    0.28 ^ clkbuf_2_0__f_clk/A (sky130_fd_sc_hd__clkbuf_16)
                  0.07    0.16    0.45 ^ clkbuf_2_0__f_clk/X (sky130_fd_sc_hd__clkbuf_16)
    15    0.05                           clknet_2_0__leaf_clk (net)
                  0.07    0.00    0.45 ^ _725_/CLK (sky130_fd_sc_hd__dfrtp_4)
                  0.09    0.54    0.99 v _725_/Q (sky130_fd_sc_hd__dfrtp_4)
     6    0.02                           u_core.M[0] (net)
                  0.09    0.00    0.99 v _354_/B (sky130_fd_sc_hd__nor2_2)
                  0.26    0.24    1.24 ^ _354_/Y (sky130_fd_sc_hd__nor2_2)
     3    0.02                           _115_ (net)
                  0.26    0.00    1.24 ^ _366_/A (sky130_fd_sc_hd__clkbuf_4)
                  0.12    0.28    1.52 ^ _366_/X (sky130_fd_sc_hd__clkbuf_4)
    10    0.04                           _127_ (net)
                  0.12    0.00    1.52 ^ _407_/A2 (sky130_fd_sc_hd__o21ai_1)
                  0.08    0.11    1.62 v _407_/Y (sky130_fd_sc_hd__o21ai_1)
     2    0.01                           _168_ (net)
                  0.08    0.00    1.62 v _409_/A (sky130_fd_sc_hd__nand3_1)
                  0.14    0.15    1.77 ^ _409_/Y (sky130_fd_sc_hd__nand3_1)
     3    0.01                           _170_ (net)
                  0.14    0.00    1.77 ^ _414_/A (sky130_fd_sc_hd__nand2_2)
                  0.08    0.11    1.88 v _414_/Y (sky130_fd_sc_hd__nand2_2)
     3    0.02                           _175_ (net)
                  0.08    0.00    1.88 v _428_/A1 (sky130_fd_sc_hd__o21bai_4)
                  0.23    0.26    2.14 ^ _428_/Y (sky130_fd_sc_hd__o21bai_4)
     5    0.03                           _189_ (net)
                  0.23    0.00    2.14 ^ _528_/C1 (sky130_fd_sc_hd__o2111ai_2)
                  0.13    0.19    2.33 v _528_/Y (sky130_fd_sc_hd__o2111ai_2)
     3    0.01                           _279_ (net)
                  0.13    0.00    2.33 v _530_/A4 (sky130_fd_sc_hd__a41o_1)
                  0.04    0.28    2.61 v _530_/X (sky130_fd_sc_hd__a41o_1)
     1    0.00                           _281_ (net)
                  0.04    0.00    2.61 v _531_/B2 (sky130_fd_sc_hd__o221a_1)
                  0.10    0.27    2.88 v _531_/X (sky130_fd_sc_hd__o221a_1)
     2    0.01                           _282_ (net)
                  0.10    0.00    2.88 v _598_/B1 (sky130_fd_sc_hd__a22o_1)
                  0.04    0.20    3.08 v _598_/X (sky130_fd_sc_hd__a22o_1)
     1    0.00                           _073_ (net)
                  0.04    0.00    3.08 v _713_/D (sky130_fd_sc_hd__dfrtp_1)
                                  3.08   data arrival time

                         10.00   10.00   clock clk (rise edge)
                          0.00   10.00   clock source latency
                  0.13    0.09   10.09 ^ clk (in)
     1    0.03                           clk (net)
                  0.13    0.00   10.09 ^ clkbuf_0_clk/A (sky130_fd_sc_hd__clkbuf_16)
                  0.07    0.17   10.25 ^ clkbuf_0_clk/X (sky130_fd_sc_hd__clkbuf_16)
     4    0.05                           clknet_0_clk (net)
                  0.07    0.00   10.26 ^ clkbuf_2_3__f_clk/A (sky130_fd_sc_hd__clkbuf_16)
                  0.06    0.15   10.40 ^ clkbuf_2_3__f_clk/X (sky130_fd_sc_hd__clkbuf_16)
    12    0.05                           clknet_2_3__leaf_clk (net)
                  0.06    0.00   10.40 ^ _713_/CLK (sky130_fd_sc_hd__dfrtp_1)
                         -0.25   10.15   clock uncertainty
                          0.03   10.18   clock reconvergence pessimism
                         -0.11   10.07   library setup time
                                 10.07   data required time
-----------------------------------------------------------------------------
                                 10.07   data required time
                                 -3.08   data arrival time
-----------------------------------------------------------------------------
                                  6.99   slack (MET)


Startpoint: _725_ (rising edge-triggered flip-flop clocked by clk)
Endpoint: _737_ (rising edge-triggered flip-flop clocked by clk)
Path Group: clk
Path Type: max

Fanout     Cap    Slew   Delay    Time   Description
-----------------------------------------------------------------------------
                          0.00    0.00   clock clk (rise edge)
                          0.00    0.00   clock source latency
                  0.13    0.09    0.09 ^ clk (in)
     1    0.03                           clk (net)
                  0.13    0.00    0.09 ^ clkbuf_0_clk/A (sky130_fd_sc_hd__clkbuf_16)
                  0.07    0.19    0.28 ^ clkbuf_0_clk/X (sky130_fd_sc_hd__clkbuf_16)
     4    0.05                           clknet_0_clk (net)
                  0.07    0.00    0.28 ^ clkbuf_2_0__f_clk/A (sky130_fd_sc_hd__clkbuf_16)
                  0.07    0.16    0.45 ^ clkbuf_2_0__f_clk/X (sky130_fd_sc_hd__clkbuf_16)
    15    0.05                           clknet_2_0__leaf_clk (net)
                  0.07    0.00    0.45 ^ _725_/CLK (sky130_fd_sc_hd__dfrtp_4)
                  0.09    0.54    0.99 v _725_/Q (sky130_fd_sc_hd__dfrtp_4)
     6    0.02                           u_core.M[0] (net)
                  0.09    0.00    0.99 v _354_/B (sky130_fd_sc_hd__nor2_2)
                  0.26    0.24    1.24 ^ _354_/Y (sky130_fd_sc_hd__nor2_2)
     3    0.02                           _115_ (net)
                  0.26    0.00    1.24 ^ _366_/A (sky130_fd_sc_hd__clkbuf_4)
                  0.12    0.28    1.52 ^ _366_/X (sky130_fd_sc_hd__clkbuf_4)
    10    0.04                           _127_ (net)
                  0.12    0.00    1.52 ^ _407_/A2 (sky130_fd_sc_hd__o21ai_1)
                  0.08    0.11    1.62 v _407_/Y (sky130_fd_sc_hd__o21ai_1)
     2    0.01                           _168_ (net)
                  0.08    0.00    1.62 v _409_/A (sky130_fd_sc_hd__nand3_1)
                  0.14    0.15    1.77 ^ _409_/Y (sky130_fd_sc_hd__nand3_1)
     3    0.01                           _170_ (net)
                  0.14    0.00    1.77 ^ _414_/A (sky130_fd_sc_hd__nand2_2)
                  0.08    0.11    1.88 v _414_/Y (sky130_fd_sc_hd__nand2_2)
     3    0.02                           _175_ (net)
                  0.08    0.00    1.88 v _428_/A1 (sky130_fd_sc_hd__o21bai_4)
                  0.23    0.26    2.14 ^ _428_/Y (sky130_fd_sc_hd__o21bai_4)
     5    0.03                           _189_ (net)
                  0.23    0.00    2.14 ^ _528_/C1 (sky130_fd_sc_hd__o2111ai_2)
                  0.13    0.19    2.33 v _528_/Y (sky130_fd_sc_hd__o2111ai_2)
     3    0.01                           _279_ (net)
                  0.13    0.00    2.33 v _530_/A4 (sky130_fd_sc_hd__a41o_1)
                  0.04    0.28    2.61 v _530_/X (sky130_fd_sc_hd__a41o_1)
     1    0.00                           _281_ (net)
                  0.04    0.00    2.61 v _531_/B2 (sky130_fd_sc_hd__o221a_1)
                  0.10    0.27    2.88 v _531_/X (sky130_fd_sc_hd__o221a_1)
     2    0.01                           _282_ (net)
                  0.10    0.00    2.88 v _532_/B1 (sky130_fd_sc_hd__a21o_1)
                  0.03    0.17    3.06 v _532_/X (sky130_fd_sc_hd__a21o_1)
     1    0.00                           _097_ (net)
                  0.03    0.00    3.06 v _737_/D (sky130_fd_sc_hd__dfrtp_2)
                                  3.06   data arrival time

                         10.00   10.00   clock clk (rise edge)
                          0.00   10.00   clock source latency
                  0.13    0.09   10.09 ^ clk (in)
     1    0.03                           clk (net)
                  0.13    0.00   10.09 ^ clkbuf_0_clk/A (sky130_fd_sc_hd__clkbuf_16)
                  0.07    0.17   10.25 ^ clkbuf_0_clk/X (sky130_fd_sc_hd__clkbuf_16)
     4    0.05                           clknet_0_clk (net)
                  0.07    0.00   10.26 ^ clkbuf_2_1__f_clk/A (sky130_fd_sc_hd__clkbuf_16)
                  0.07    0.15   10.40 ^ clkbuf_2_1__f_clk/X (sky130_fd_sc_hd__clkbuf_16)
    14    0.05                           clknet_2_1__leaf_clk (net)
                  0.07    0.00   10.40 ^ _737_/CLK (sky130_fd_sc_hd__dfrtp_2)
                         -0.25   10.15   clock uncertainty
                          0.03   10.18   clock reconvergence pessimism
                         -0.10   10.08   library setup time
                                 10.08   data required time
-----------------------------------------------------------------------------
                                 10.08   data required time
                                 -3.06   data arrival time
-----------------------------------------------------------------------------
                                  7.02   slack (MET)


Startpoint: _725_ (rising edge-triggered flip-flop clocked by clk)
Endpoint: _736_ (rising edge-triggered flip-flop clocked by clk)
Path Group: clk
Path Type: max

Fanout     Cap    Slew   Delay    Time   Description
-----------------------------------------------------------------------------
                          0.00    0.00   clock clk (rise edge)
                          0.00    0.00   clock source latency
                  0.13    0.09    0.09 ^ clk (in)
     1    0.03                           clk (net)
                  0.13    0.00    0.09 ^ clkbuf_0_clk/A (sky130_fd_sc_hd__clkbuf_16)
                  0.07    0.19    0.28 ^ clkbuf_0_clk/X (sky130_fd_sc_hd__clkbuf_16)
     4    0.05                           clknet_0_clk (net)
                  0.07    0.00    0.28 ^ clkbuf_2_0__f_clk/A (sky130_fd_sc_hd__clkbuf_16)
                  0.07    0.16    0.45 ^ clkbuf_2_0__f_clk/X (sky130_fd_sc_hd__clkbuf_16)
    15    0.05                           clknet_2_0__leaf_clk (net)
                  0.07    0.00    0.45 ^ _725_/CLK (sky130_fd_sc_hd__dfrtp_4)
                  0.09    0.54    0.99 v _725_/Q (sky130_fd_sc_hd__dfrtp_4)
     6    0.02                           u_core.M[0] (net)
                  0.09    0.00    0.99 v _354_/B (sky130_fd_sc_hd__nor2_2)
                  0.26    0.24    1.24 ^ _354_/Y (sky130_fd_sc_hd__nor2_2)
     3    0.02                           _115_ (net)
                  0.26    0.00    1.24 ^ _366_/A (sky130_fd_sc_hd__clkbuf_4)
                  0.12    0.28    1.52 ^ _366_/X (sky130_fd_sc_hd__clkbuf_4)
    10    0.04                           _127_ (net)
                  0.12    0.00    1.52 ^ _407_/A2 (sky130_fd_sc_hd__o21ai_1)
                  0.08    0.11    1.62 v _407_/Y (sky130_fd_sc_hd__o21ai_1)
     2    0.01                           _168_ (net)
                  0.08    0.00    1.62 v _409_/A (sky130_fd_sc_hd__nand3_1)
                  0.14    0.15    1.77 ^ _409_/Y (sky130_fd_sc_hd__nand3_1)
     3    0.01                           _170_ (net)
                  0.14    0.00    1.77 ^ _414_/A (sky130_fd_sc_hd__nand2_2)
                  0.08    0.11    1.88 v _414_/Y (sky130_fd_sc_hd__nand2_2)
     3    0.02                           _175_ (net)
                  0.08    0.00    1.88 v _428_/A1 (sky130_fd_sc_hd__o21bai_4)
                  0.23    0.26    2.14 ^ _428_/Y (sky130_fd_sc_hd__o21bai_4)
     5    0.03                           _189_ (net)
                  0.23    0.00    2.14 ^ _528_/C1 (sky130_fd_sc_hd__o2111ai_2)
                  0.13    0.19    2.33 v _528_/Y (sky130_fd_sc_hd__o2111ai_2)
     3    0.01                           _279_ (net)
                  0.13    0.00    2.33 v _535_/B (sky130_fd_sc_hd__and3_1)
                  0.04    0.21    2.54 v _535_/X (sky130_fd_sc_hd__and3_1)
     1    0.00                           _285_ (net)
                  0.04    0.00    2.54 v _536_/B1 (sky130_fd_sc_hd__a31o_1)
                  0.06    0.22    2.75 v _536_/X (sky130_fd_sc_hd__a31o_1)
     2    0.01                           _286_ (net)
                  0.06    0.00    2.75 v _537_/B1 (sky130_fd_sc_hd__a22o_1)
                  0.05    0.20    2.95 v _537_/X (sky130_fd_sc_hd__a22o_1)
     1    0.00                           _096_ (net)
                  0.05    0.00    2.95 v _736_/D (sky130_fd_sc_hd__dfrtp_2)
                                  2.95   data arrival time

                         10.00   10.00   clock clk (rise edge)
                          0.00   10.00   clock source latency
                  0.13    0.09   10.09 ^ clk (in)
     1    0.03                           clk (net)
                  0.13    0.00   10.09 ^ clkbuf_0_clk/A (sky130_fd_sc_hd__clkbuf_16)
                  0.07    0.17   10.25 ^ clkbuf_0_clk/X (sky130_fd_sc_hd__clkbuf_16)
     4    0.05                           clknet_0_clk (net)
                  0.07    0.00   10.26 ^ clkbuf_2_1__f_clk/A (sky130_fd_sc_hd__clkbuf_16)
                  0.07    0.15   10.40 ^ clkbuf_2_1__f_clk/X (sky130_fd_sc_hd__clkbuf_16)
    14    0.05                           clknet_2_1__leaf_clk (net)
                  0.07    0.00   10.40 ^ _736_/CLK (sky130_fd_sc_hd__dfrtp_2)
                         -0.25   10.15   clock uncertainty
                          0.03   10.18   clock reconvergence pessimism
                         -0.11   10.07   library setup time
                                 10.07   data required time
-----------------------------------------------------------------------------
                                 10.07   data required time
                                 -2.95   data arrival time
-----------------------------------------------------------------------------
                                  7.12   slack (MET)


Startpoint: start (input port clocked by clk)
Endpoint: _719_ (rising edge-triggered flip-flop clocked by clk)
Path Group: clk
Path Type: max

Fanout     Cap    Slew   Delay    Time   Description
-----------------------------------------------------------------------------
                          0.00    0.00   clock clk (rise edge)
                          0.00    0.00   clock network delay (propagated)
                          2.00    2.00 ^ input external delay
                  0.02    0.01    2.01 ^ start (in)
     1    0.00                           start (net)
                  0.02    0.00    2.01 ^ input18/A (sky130_fd_sc_hd__clkbuf_4)
                  0.12    0.19    2.20 ^ input18/X (sky130_fd_sc_hd__clkbuf_4)
     5    0.04                           net18 (net)
                  0.12    0.00    2.21 ^ _480_/B (sky130_fd_sc_hd__nor2_1)
                  0.07    0.10    2.30 v _480_/Y (sky130_fd_sc_hd__nor2_1)
     4    0.01                           _238_ (net)
                  0.07    0.00    2.30 v _523_/A (sky130_fd_sc_hd__clkbuf_4)
                  0.10    0.22    2.52 v _523_/X (sky130_fd_sc_hd__clkbuf_4)
    10    0.05                           _275_ (net)
                  0.10    0.00    2.53 v _583_/B1 (sky130_fd_sc_hd__a22o_1)
                  0.04    0.21    2.74 v _583_/X (sky130_fd_sc_hd__a22o_1)
     1    0.00                           _316_ (net)
                  0.04    0.00    2.74 v _584_/B1 (sky130_fd_sc_hd__a31o_1)
                  0.04    0.19    2.92 v _584_/X (sky130_fd_sc_hd__a31o_1)
     1    0.00                           _079_ (net)
                  0.04    0.00    2.92 v _719_/D (sky130_fd_sc_hd__dfrtp_1)
                                  2.92   data arrival time

                         10.00   10.00   clock clk (rise edge)
                          0.00   10.00   clock source latency
                  0.13    0.09   10.09 ^ clk (in)
     1    0.03                           clk (net)
                  0.13    0.00   10.09 ^ clkbuf_0_clk/A (sky130_fd_sc_hd__clkbuf_16)
                  0.07    0.17   10.25 ^ clkbuf_0_clk/X (sky130_fd_sc_hd__clkbuf_16)
     4    0.05                           clknet_0_clk (net)
                  0.07    0.00   10.26 ^ clkbuf_2_1__f_clk/A (sky130_fd_sc_hd__clkbuf_16)
                  0.07    0.15   10.40 ^ clkbuf_2_1__f_clk/X (sky130_fd_sc_hd__clkbuf_16)
    14    0.05                           clknet_2_1__leaf_clk (net)
                  0.07    0.00   10.40 ^ _719_/CLK (sky130_fd_sc_hd__dfrtp_1)
                         -0.25   10.15   clock uncertainty
                          0.00   10.15   clock reconvergence pessimism
                         -0.11   10.05   library setup time
                                 10.05   data required time
-----------------------------------------------------------------------------
                                 10.05   data required time
                                 -2.92   data arrival time
-----------------------------------------------------------------------------
                                  7.12   slack (MET)


Startpoint: start (input port clocked by clk)
Endpoint: _722_ (rising edge-triggered flip-flop clocked by clk)
Path Group: clk
Path Type: max

Fanout     Cap    Slew   Delay    Time   Description
-----------------------------------------------------------------------------
                          0.00    0.00   clock clk (rise edge)
                          0.00    0.00   clock network delay (propagated)
                          2.00    2.00 ^ input external delay
                  0.02    0.01    2.01 ^ start (in)
     1    0.00                           start (net)
                  0.02    0.00    2.01 ^ input18/A (sky130_fd_sc_hd__clkbuf_4)
                  0.12    0.19    2.20 ^ input18/X (sky130_fd_sc_hd__clkbuf_4)
     5    0.04                           net18 (net)
                  0.12    0.00    2.21 ^ _480_/B (sky130_fd_sc_hd__nor2_1)
                  0.07    0.10    2.30 v _480_/Y (sky130_fd_sc_hd__nor2_1)
     4    0.01                           _238_ (net)
                  0.07    0.00    2.30 v _523_/A (sky130_fd_sc_hd__clkbuf_4)
                  0.10    0.22    2.52 v _523_/X (sky130_fd_sc_hd__clkbuf_4)
    10    0.05                           _275_ (net)
                  0.10    0.00    2.53 v _577_/B1 (sky130_fd_sc_hd__a22o_1)
                  0.05    0.21    2.74 v _577_/X (sky130_fd_sc_hd__a22o_1)
     1    0.00                           _313_ (net)
                  0.05    0.00    2.74 v _578_/B1 (sky130_fd_sc_hd__a31o_1)
                  0.04    0.19    2.93 v _578_/X (sky130_fd_sc_hd__a31o_1)
     1    0.00                           _082_ (net)
                  0.04    0.00    2.93 v _722_/D (sky130_fd_sc_hd__dfrtp_1)
                                  2.93   data arrival time

                         10.00   10.00   clock clk (rise edge)
                          0.00   10.00   clock source latency
                  0.13    0.09   10.09 ^ clk (in)
     1    0.03                           clk (net)
                  0.13    0.00   10.09 ^ clkbuf_0_clk/A (sky130_fd_sc_hd__clkbuf_16)
                  0.07    0.17   10.25 ^ clkbuf_0_clk/X (sky130_fd_sc_hd__clkbuf_16)
     4    0.05                           clknet_0_clk (net)
                  0.07    0.00   10.26 ^ clkbuf_2_0__f_clk/A (sky130_fd_sc_hd__clkbuf_16)
                  0.07    0.15   10.40 ^ clkbuf_2_0__f_clk/X (sky130_fd_sc_hd__clkbuf_16)
    15    0.05                           clknet_2_0__leaf_clk (net)
                  0.07    0.00   10.41 ^ _722_/CLK (sky130_fd_sc_hd__dfrtp_1)
                         -0.25   10.16   clock uncertainty
                          0.00   10.16   clock reconvergence pessimism
                         -0.11   10.05   library setup time
                                 10.05   data required time
-----------------------------------------------------------------------------
                                 10.05   data required time
                                 -2.93   data arrival time
-----------------------------------------------------------------------------
                                  7.13   slack (MET)


Startpoint: start (input port clocked by clk)
Endpoint: _723_ (rising edge-triggered flip-flop clocked by clk)
Path Group: clk
Path Type: max

Fanout     Cap    Slew   Delay    Time   Description
-----------------------------------------------------------------------------
                          0.00    0.00   clock clk (rise edge)
                          0.00    0.00   clock network delay (propagated)
                          2.00    2.00 ^ input external delay
                  0.02    0.01    2.01 ^ start (in)
     1    0.00                           start (net)
                  0.02    0.00    2.01 ^ input18/A (sky130_fd_sc_hd__clkbuf_4)
                  0.12    0.19    2.20 ^ input18/X (sky130_fd_sc_hd__clkbuf_4)
     5    0.04                           net18 (net)
                  0.12    0.00    2.21 ^ _480_/B (sky130_fd_sc_hd__nor2_1)
                  0.07    0.10    2.30 v _480_/Y (sky130_fd_sc_hd__nor2_1)
     4    0.01                           _238_ (net)
                  0.07    0.00    2.30 v _523_/A (sky130_fd_sc_hd__clkbuf_4)
                  0.10    0.22    2.52 v _523_/X (sky130_fd_sc_hd__clkbuf_4)
    10    0.05                           _275_ (net)
                  0.10    0.00    2.53 v _575_/B1 (sky130_fd_sc_hd__a22o_1)
                  0.05    0.21    2.74 v _575_/X (sky130_fd_sc_hd__a22o_1)
     1    0.00                           _312_ (net)
                  0.05    0.00    2.74 v _576_/B1 (sky130_fd_sc_hd__a31o_1)
                  0.03    0.18    2.92 v _576_/X (sky130_fd_sc_hd__a31o_1)
     1    0.00                           _083_ (net)
                  0.03    0.00    2.92 v _723_/D (sky130_fd_sc_hd__dfrtp_1)
                                  2.92   data arrival time

                         10.00   10.00   clock clk (rise edge)
                          0.00   10.00   clock source latency
                  0.13    0.09   10.09 ^ clk (in)
     1    0.03                           clk (net)
                  0.13    0.00   10.09 ^ clkbuf_0_clk/A (sky130_fd_sc_hd__clkbuf_16)
                  0.07    0.17   10.25 ^ clkbuf_0_clk/X (sky130_fd_sc_hd__clkbuf_16)
     4    0.05                           clknet_0_clk (net)
                  0.07    0.00   10.26 ^ clkbuf_2_1__f_clk/A (sky130_fd_sc_hd__clkbuf_16)
                  0.07    0.15   10.40 ^ clkbuf_2_1__f_clk/X (sky130_fd_sc_hd__clkbuf_16)
    14    0.05                           clknet_2_1__leaf_clk (net)
                  0.07    0.00   10.40 ^ _723_/CLK (sky130_fd_sc_hd__dfrtp_1)
                         -0.25   10.15   clock uncertainty
                          0.00   10.15   clock reconvergence pessimism
                         -0.10   10.05   library setup time
                                 10.05   data required time
-----------------------------------------------------------------------------
                                 10.05   data required time
                                 -2.92   data arrival time
-----------------------------------------------------------------------------
                                  7.13   slack (MET)


Startpoint: start (input port clocked by clk)
Endpoint: _720_ (rising edge-triggered flip-flop clocked by clk)
Path Group: clk
Path Type: max

Fanout     Cap    Slew   Delay    Time   Description
-----------------------------------------------------------------------------
                          0.00    0.00   clock clk (rise edge)
                          0.00    0.00   clock network delay (propagated)
                          2.00    2.00 ^ input external delay
                  0.02    0.01    2.01 ^ start (in)
     1    0.00                           start (net)
                  0.02    0.00    2.01 ^ input18/A (sky130_fd_sc_hd__clkbuf_4)
                  0.12    0.19    2.20 ^ input18/X (sky130_fd_sc_hd__clkbuf_4)
     5    0.04                           net18 (net)
                  0.12    0.00    2.21 ^ _480_/B (sky130_fd_sc_hd__nor2_1)
                  0.07    0.10    2.30 v _480_/Y (sky130_fd_sc_hd__nor2_1)
     4    0.01                           _238_ (net)
                  0.07    0.00    2.30 v _523_/A (sky130_fd_sc_hd__clkbuf_4)
                  0.10    0.22    2.52 v _523_/X (sky130_fd_sc_hd__clkbuf_4)
    10    0.05                           _275_ (net)
                  0.10    0.00    2.53 v _581_/B1 (sky130_fd_sc_hd__a22o_1)
                  0.04    0.21    2.73 v _581_/X (sky130_fd_sc_hd__a22o_1)
     1    0.00                           _315_ (net)
                  0.04    0.00    2.73 v _582_/B1 (sky130_fd_sc_hd__a31o_1)
                  0.03    0.18    2.92 v _582_/X (sky130_fd_sc_hd__a31o_1)
     1    0.00                           _080_ (net)
                  0.03    0.00    2.92 v _720_/D (sky130_fd_sc_hd__dfrtp_1)
                                  2.92   data arrival time

                         10.00   10.00   clock clk (rise edge)
                          0.00   10.00   clock source latency
                  0.13    0.09   10.09 ^ clk (in)
     1    0.03                           clk (net)
                  0.13    0.00   10.09 ^ clkbuf_0_clk/A (sky130_fd_sc_hd__clkbuf_16)
                  0.07    0.17   10.25 ^ clkbuf_0_clk/X (sky130_fd_sc_hd__clkbuf_16)
     4    0.05                           clknet_0_clk (net)
                  0.07    0.00   10.26 ^ clkbuf_2_0__f_clk/A (sky130_fd_sc_hd__clkbuf_16)
                  0.07    0.15   10.40 ^ clkbuf_2_0__f_clk/X (sky130_fd_sc_hd__clkbuf_16)
    15    0.05                           clknet_2_0__leaf_clk (net)
                  0.07    0.00   10.41 ^ _720_/CLK (sky130_fd_sc_hd__dfrtp_1)
                         -0.25   10.16   clock uncertainty
                          0.00   10.16   clock reconvergence pessimism
                         -0.10   10.05   library setup time
                                 10.05   data required time
-----------------------------------------------------------------------------
                                 10.05   data required time
                                 -2.92   data arrival time
-----------------------------------------------------------------------------
                                  7.13   slack (MET)


Startpoint: start (input port clocked by clk)
Endpoint: _721_ (rising edge-triggered flip-flop clocked by clk)
Path Group: clk
Path Type: max

Fanout     Cap    Slew   Delay    Time   Description
-----------------------------------------------------------------------------
                          0.00    0.00   clock clk (rise edge)
                          0.00    0.00   clock network delay (propagated)
                          2.00    2.00 ^ input external delay
                  0.02    0.01    2.01 ^ start (in)
     1    0.00                           start (net)
                  0.02    0.00    2.01 ^ input18/A (sky130_fd_sc_hd__clkbuf_4)
                  0.12    0.19    2.20 ^ input18/X (sky130_fd_sc_hd__clkbuf_4)
     5    0.04                           net18 (net)
                  0.12    0.00    2.21 ^ _480_/B (sky130_fd_sc_hd__nor2_1)
                  0.07    0.10    2.30 v _480_/Y (sky130_fd_sc_hd__nor2_1)
     4    0.01                           _238_ (net)
                  0.07    0.00    2.30 v _523_/A (sky130_fd_sc_hd__clkbuf_4)
                  0.10    0.22    2.52 v _523_/X (sky130_fd_sc_hd__clkbuf_4)
    10    0.05                           _275_ (net)
                  0.10    0.00    2.53 v _579_/B1 (sky130_fd_sc_hd__a22o_1)
                  0.04    0.21    2.73 v _579_/X (sky130_fd_sc_hd__a22o_1)
     1    0.00                           _314_ (net)
                  0.04    0.00    2.73 v _580_/B1 (sky130_fd_sc_hd__a31o_1)
                  0.03    0.18    2.91 v _580_/X (sky130_fd_sc_hd__a31o_1)
     1    0.00                           _081_ (net)
                  0.03    0.00    2.91 v _721_/D (sky130_fd_sc_hd__dfrtp_1)
                                  2.91   data arrival time

                         10.00   10.00   clock clk (rise edge)
                          0.00   10.00   clock source latency
                  0.13    0.09   10.09 ^ clk (in)
     1    0.03                           clk (net)
                  0.13    0.00   10.09 ^ clkbuf_0_clk/A (sky130_fd_sc_hd__clkbuf_16)
                  0.07    0.17   10.25 ^ clkbuf_0_clk/X (sky130_fd_sc_hd__clkbuf_16)
     4    0.05                           clknet_0_clk (net)
                  0.07    0.00   10.26 ^ clkbuf_2_0__f_clk/A (sky130_fd_sc_hd__clkbuf_16)
                  0.07    0.15   10.40 ^ clkbuf_2_0__f_clk/X (sky130_fd_sc_hd__clkbuf_16)
    15    0.05                           clknet_2_0__leaf_clk (net)
                  0.07    0.00   10.41 ^ _721_/CLK (sky130_fd_sc_hd__dfrtp_1)
                         -0.25   10.16   clock uncertainty
                          0.00   10.16   clock reconvergence pessimism
                         -0.10   10.05   library setup time
                                 10.05   data required time
-----------------------------------------------------------------------------
                                 10.05   data required time
                                 -2.91   data arrival time
-----------------------------------------------------------------------------
                                  7.14   slack (MET)


Startpoint: start (input port clocked by clk)
Endpoint: _724_ (rising edge-triggered flip-flop clocked by clk)
Path Group: clk
Path Type: max

Fanout     Cap    Slew   Delay    Time   Description
-----------------------------------------------------------------------------
                          0.00    0.00   clock clk (rise edge)
                          0.00    0.00   clock network delay (propagated)
                          2.00    2.00 ^ input external delay
                  0.02    0.01    2.01 ^ start (in)
     1    0.00                           start (net)
                  0.02    0.00    2.01 ^ input18/A (sky130_fd_sc_hd__clkbuf_4)
                  0.12    0.19    2.20 ^ input18/X (sky130_fd_sc_hd__clkbuf_4)
     5    0.04                           net18 (net)
                  0.12    0.00    2.21 ^ _480_/B (sky130_fd_sc_hd__nor2_1)
                  0.07    0.10    2.30 v _480_/Y (sky130_fd_sc_hd__nor2_1)
     4    0.01                           _238_ (net)
                  0.07    0.00    2.30 v _523_/A (sky130_fd_sc_hd__clkbuf_4)
                  0.10    0.22    2.52 v _523_/X (sky130_fd_sc_hd__clkbuf_4)
    10    0.05                           _275_ (net)
                  0.10    0.00    2.52 v _574_/A2 (sky130_fd_sc_hd__a221o_1)
                  0.05    0.37    2.90 v _574_/X (sky130_fd_sc_hd__a221o_1)
     1    0.00                           _084_ (net)
                  0.05    0.00    2.90 v _724_/D (sky130_fd_sc_hd__dfrtp_2)
                                  2.90   data arrival time

                         10.00   10.00   clock clk (rise edge)
                          0.00   10.00   clock source latency
                  0.13    0.09   10.09 ^ clk (in)
     1    0.03                           clk (net)
                  0.13    0.00   10.09 ^ clkbuf_0_clk/A (sky130_fd_sc_hd__clkbuf_16)
                  0.07    0.17   10.25 ^ clkbuf_0_clk/X (sky130_fd_sc_hd__clkbuf_16)
     4    0.05                           clknet_0_clk (net)
                  0.07    0.00   10.26 ^ clkbuf_2_2__f_clk/A (sky130_fd_sc_hd__clkbuf_16)
                  0.07    0.15   10.40 ^ clkbuf_2_2__f_clk/X (sky130_fd_sc_hd__clkbuf_16)
    13    0.05                           clknet_2_2__leaf_clk (net)
                  0.07    0.00   10.41 ^ _724_/CLK (sky130_fd_sc_hd__dfrtp_2)
                         -0.25   10.16   clock uncertainty
                          0.00   10.16   clock reconvergence pessimism
                         -0.11   10.04   library setup time
                                 10.04   data required time
-----------------------------------------------------------------------------
                                 10.04   data required time
                                 -2.90   data arrival time
-----------------------------------------------------------------------------
                                  7.15   slack (MET)


Startpoint: _725_ (rising edge-triggered flip-flop clocked by clk)
Endpoint: _711_ (rising edge-triggered flip-flop clocked by clk)
Path Group: clk
Path Type: max

Fanout     Cap    Slew   Delay    Time   Description
-----------------------------------------------------------------------------
                          0.00    0.00   clock clk (rise edge)
                          0.00    0.00   clock source latency
                  0.13    0.09    0.09 ^ clk (in)
     1    0.03                           clk (net)
                  0.13    0.00    0.09 ^ clkbuf_0_clk/A (sky130_fd_sc_hd__clkbuf_16)
                  0.07    0.19    0.28 ^ clkbuf_0_clk/X (sky130_fd_sc_hd__clkbuf_16)
     4    0.05                           clknet_0_clk (net)
                  0.07    0.00    0.28 ^ clkbuf_2_0__f_clk/A (sky130_fd_sc_hd__clkbuf_16)
                  0.07    0.16    0.45 ^ clkbuf_2_0__f_clk/X (sky130_fd_sc_hd__clkbuf_16)
    15    0.05                           clknet_2_0__leaf_clk (net)
                  0.07    0.00    0.45 ^ _725_/CLK (sky130_fd_sc_hd__dfrtp_4)
                  0.09    0.54    0.99 v _725_/Q (sky130_fd_sc_hd__dfrtp_4)
     6    0.02                           u_core.M[0] (net)
                  0.09    0.00    0.99 v _354_/B (sky130_fd_sc_hd__nor2_2)
                  0.26    0.24    1.24 ^ _354_/Y (sky130_fd_sc_hd__nor2_2)
     3    0.02                           _115_ (net)
                  0.26    0.00    1.24 ^ _366_/A (sky130_fd_sc_hd__clkbuf_4)
                  0.12    0.28    1.52 ^ _366_/X (sky130_fd_sc_hd__clkbuf_4)
    10    0.04                           _127_ (net)
                  0.12    0.00    1.52 ^ _408_/C1 (sky130_fd_sc_hd__a211o_1)
                  0.08    0.15    1.66 ^ _408_/X (sky130_fd_sc_hd__a211o_1)
     2    0.01                           _169_ (net)
                  0.08    0.00    1.66 ^ _409_/B (sky130_fd_sc_hd__nand3_1)
                  0.14    0.14    1.80 v _409_/Y (sky130_fd_sc_hd__nand3_1)
     3    0.01                           _170_ (net)
                  0.14    0.00    1.80 v _414_/A (sky130_fd_sc_hd__nand2_2)
                  0.10    0.14    1.95 ^ _414_/Y (sky130_fd_sc_hd__nand2_2)
     3    0.02                           _175_ (net)
                  0.10    0.00    1.95 ^ _540_/A (sky130_fd_sc_hd__nor2_1)
                  0.05    0.06    2.01 v _540_/Y (sky130_fd_sc_hd__nor2_1)
     1    0.00                           _289_ (net)
                  0.05    0.00    2.01 v _541_/A2_N (sky130_fd_sc_hd__a2bb2o_1)
                  0.04    0.25    2.25 ^ _541_/X (sky130_fd_sc_hd__a2bb2o_1)
     1    0.00                           _290_ (net)
                  0.04    0.00    2.25 ^ _542_/C1 (sky130_fd_sc_hd__o221ai_1)
                  0.10    0.10    2.36 v _542_/Y (sky130_fd_sc_hd__o221ai_1)
     1    0.00                           _291_ (net)
                  0.10    0.00    2.36 v _543_/C1 (sky130_fd_sc_hd__o211ai_1)
                  0.27    0.16    2.52 ^ _543_/Y (sky130_fd_sc_hd__o211ai_1)
     2    0.01                           _292_ (net)
                  0.27    0.00    2.52 ^ _601_/A1_N (sky130_fd_sc_hd__a2bb2o_1)
                  0.05    0.33    2.85 v _601_/X (sky130_fd_sc_hd__a2bb2o_1)
     1    0.00                           _071_ (net)
                  0.05    0.00    2.85 v _711_/D (sky130_fd_sc_hd__dfrtp_1)
                                  2.85   data arrival time

                         10.00   10.00   clock clk (rise edge)
                          0.00   10.00   clock source latency
                  0.13    0.09   10.09 ^ clk (in)
     1    0.03                           clk (net)
                  0.13    0.00   10.09 ^ clkbuf_0_clk/A (sky130_fd_sc_hd__clkbuf_16)
                  0.07    0.17   10.25 ^ clkbuf_0_clk/X (sky130_fd_sc_hd__clkbuf_16)
     4    0.05                           clknet_0_clk (net)
                  0.07    0.00   10.26 ^ clkbuf_2_2__f_clk/A (sky130_fd_sc_hd__clkbuf_16)
                  0.07    0.15   10.40 ^ clkbuf_2_2__f_clk/X (sky130_fd_sc_hd__clkbuf_16)
    13    0.05                           clknet_2_2__leaf_clk (net)
                  0.07    0.00   10.41 ^ _711_/CLK (sky130_fd_sc_hd__dfrtp_1)
                         -0.25   10.16   clock uncertainty
                          0.03   10.18   clock reconvergence pessimism
                         -0.11   10.07   library setup time
                                 10.07   data required time
-----------------------------------------------------------------------------
                                 10.07   data required time
                                 -2.85   data arrival time
-----------------------------------------------------------------------------
                                  7.22   slack (MET)


Startpoint: start (input port clocked by clk)
Endpoint: _734_ (rising edge-triggered flip-flop clocked by clk)
Path Group: clk
Path Type: max

Fanout     Cap    Slew   Delay    Time   Description
-----------------------------------------------------------------------------
                          0.00    0.00   clock clk (rise edge)
                          0.00    0.00   clock network delay (propagated)
                          2.00    2.00 v input external delay
                  0.01    0.00    2.00 v start (in)
     1    0.00                           start (net)
                  0.01    0.00    2.00 v input18/A (sky130_fd_sc_hd__clkbuf_4)
                  0.08    0.18    2.18 v input18/X (sky130_fd_sc_hd__clkbuf_4)
     5    0.04                           net18 (net)
                  0.08    0.00    2.18 v _480_/B (sky130_fd_sc_hd__nor2_1)
                  0.23    0.22    2.40 ^ _480_/Y (sky130_fd_sc_hd__nor2_1)
     4    0.01                           _238_ (net)
                  0.23    0.00    2.40 ^ _523_/A (sky130_fd_sc_hd__clkbuf_4)
                  0.15    0.29    2.69 ^ _523_/X (sky130_fd_sc_hd__clkbuf_4)
    10    0.05                           _275_ (net)
                  0.15    0.00    2.70 ^ _548_/A2 (sky130_fd_sc_hd__a22o_1)
                  0.06    0.18    2.87 ^ _548_/X (sky130_fd_sc_hd__a22o_1)
     1    0.00                           _094_ (net)
                  0.06    0.00    2.87 ^ _734_/D (sky130_fd_sc_hd__dfrtp_1)
                                  2.87   data arrival time

                         10.00   10.00   clock clk (rise edge)
                          0.00   10.00   clock source latency
                  0.13    0.09   10.09 ^ clk (in)
     1    0.03                           clk (net)
                  0.13    0.00   10.09 ^ clkbuf_0_clk/A (sky130_fd_sc_hd__clkbuf_16)
                  0.07    0.17   10.25 ^ clkbuf_0_clk/X (sky130_fd_sc_hd__clkbuf_16)
     4    0.05                           clknet_0_clk (net)
                  0.07    0.00   10.26 ^ clkbuf_2_0__f_clk/A (sky130_fd_sc_hd__clkbuf_16)
                  0.07    0.15   10.40 ^ clkbuf_2_0__f_clk/X (sky130_fd_sc_hd__clkbuf_16)
    15    0.05                           clknet_2_0__leaf_clk (net)
                  0.07    0.00   10.41 ^ _734_/CLK (sky130_fd_sc_hd__dfrtp_1)
                         -0.25   10.16   clock uncertainty
                          0.00   10.16   clock reconvergence pessimism
                         -0.06   10.10   library setup time
                                 10.10   data required time
-----------------------------------------------------------------------------
                                 10.10   data required time
                                 -2.87   data arrival time
-----------------------------------------------------------------------------
                                  7.22   slack (MET)


Startpoint: start (input port clocked by clk)
Endpoint: _699_ (rising edge-triggered flip-flop clocked by clk)
Path Group: clk
Path Type: max

Fanout     Cap    Slew   Delay    Time   Description
-----------------------------------------------------------------------------
                          0.00    0.00   clock clk (rise edge)
                          0.00    0.00   clock network delay (propagated)
                          2.00    2.00 v input external delay
                  0.01    0.00    2.00 v start (in)
     1    0.00                           start (net)
                  0.01    0.00    2.00 v input18/A (sky130_fd_sc_hd__clkbuf_4)
                  0.08    0.18    2.18 v input18/X (sky130_fd_sc_hd__clkbuf_4)
     5    0.04                           net18 (net)
                  0.08    0.00    2.18 v _480_/B (sky130_fd_sc_hd__nor2_1)
                  0.23    0.22    2.40 ^ _480_/Y (sky130_fd_sc_hd__nor2_1)
     4    0.01                           _238_ (net)
                  0.23    0.00    2.40 ^ _481_/A (sky130_fd_sc_hd__clkbuf_4)
                  0.17    0.31    2.71 ^ _481_/X (sky130_fd_sc_hd__clkbuf_4)
    10    0.06                           _239_ (net)
                  0.17    0.00    2.71 ^ _623_/B1 (sky130_fd_sc_hd__a22o_1)
                  0.04    0.15    2.87 ^ _623_/X (sky130_fd_sc_hd__a22o_1)
     1    0.00                           _059_ (net)
                  0.04    0.00    2.87 ^ _699_/D (sky130_fd_sc_hd__dfrtp_4)
                                  2.87   data arrival time

                         10.00   10.00   clock clk (rise edge)
                          0.00   10.00   clock source latency
                  0.13    0.09   10.09 ^ clk (in)
     1    0.03                           clk (net)
                  0.13    0.00   10.09 ^ clkbuf_0_clk/A (sky130_fd_sc_hd__clkbuf_16)
                  0.07    0.17   10.25 ^ clkbuf_0_clk/X (sky130_fd_sc_hd__clkbuf_16)
     4    0.05                           clknet_0_clk (net)
                  0.07    0.00   10.26 ^ clkbuf_2_1__f_clk/A (sky130_fd_sc_hd__clkbuf_16)
                  0.07    0.15   10.40 ^ clkbuf_2_1__f_clk/X (sky130_fd_sc_hd__clkbuf_16)
    14    0.05                           clknet_2_1__leaf_clk (net)
                  0.07    0.00   10.40 ^ _699_/CLK (sky130_fd_sc_hd__dfrtp_4)
                         -0.25   10.15   clock uncertainty
                          0.00   10.15   clock reconvergence pessimism
                         -0.06   10.09   library setup time
                                 10.09   data required time
-----------------------------------------------------------------------------
                                 10.09   data required time
                                 -2.87   data arrival time
-----------------------------------------------------------------------------
                                  7.23   slack (MET)


Startpoint: start (input port clocked by clk)
Endpoint: _733_ (rising edge-triggered flip-flop clocked by clk)
Path Group: clk
Path Type: max

Fanout     Cap    Slew   Delay    Time   Description
-----------------------------------------------------------------------------
                          0.00    0.00   clock clk (rise edge)
                          0.00    0.00   clock network delay (propagated)
                          2.00    2.00 v input external delay
                  0.01    0.00    2.00 v start (in)
     1    0.00                           start (net)
                  0.01    0.00    2.00 v input18/A (sky130_fd_sc_hd__clkbuf_4)
                  0.08    0.18    2.18 v input18/X (sky130_fd_sc_hd__clkbuf_4)
     5    0.04                           net18 (net)
                  0.08    0.00    2.18 v _480_/B (sky130_fd_sc_hd__nor2_1)
                  0.23    0.22    2.40 ^ _480_/Y (sky130_fd_sc_hd__nor2_1)
     4    0.01                           _238_ (net)
                  0.23    0.00    2.40 ^ _523_/A (sky130_fd_sc_hd__clkbuf_4)
                  0.15    0.29    2.69 ^ _523_/X (sky130_fd_sc_hd__clkbuf_4)
    10    0.05                           _275_ (net)
                  0.15    0.00    2.70 ^ _553_/A2 (sky130_fd_sc_hd__a22o_1)
                  0.05    0.17    2.87 ^ _553_/X (sky130_fd_sc_hd__a22o_1)
     1    0.00                           _093_ (net)
                  0.05    0.00    2.87 ^ _733_/D (sky130_fd_sc_hd__dfrtp_1)
                                  2.87   data arrival time

                         10.00   10.00   clock clk (rise edge)
                          0.00   10.00   clock source latency
                  0.13    0.09   10.09 ^ clk (in)
     1    0.03                           clk (net)
                  0.13    0.00   10.09 ^ clkbuf_0_clk/A (sky130_fd_sc_hd__clkbuf_16)
                  0.07    0.17   10.25 ^ clkbuf_0_clk/X (sky130_fd_sc_hd__clkbuf_16)
     4    0.05                           clknet_0_clk (net)
                  0.07    0.00   10.26 ^ clkbuf_2_0__f_clk/A (sky130_fd_sc_hd__clkbuf_16)
                  0.07    0.15   10.40 ^ clkbuf_2_0__f_clk/X (sky130_fd_sc_hd__clkbuf_16)
    15    0.05                           clknet_2_0__leaf_clk (net)
                  0.07    0.00   10.41 ^ _733_/CLK (sky130_fd_sc_hd__dfrtp_1)
                         -0.25   10.16   clock uncertainty
                          0.00   10.16   clock reconvergence pessimism
                         -0.06   10.10   library setup time
                                 10.10   data required time
-----------------------------------------------------------------------------
                                 10.10   data required time
                                 -2.87   data arrival time
-----------------------------------------------------------------------------
                                  7.23   slack (MET)


Startpoint: start (input port clocked by clk)
Endpoint: _694_ (rising edge-triggered flip-flop clocked by clk)
Path Group: clk
Path Type: max

Fanout     Cap    Slew   Delay    Time   Description
-----------------------------------------------------------------------------
                          0.00    0.00   clock clk (rise edge)
                          0.00    0.00   clock network delay (propagated)
                          2.00    2.00 v input external delay
                  0.01    0.00    2.00 v start (in)
     1    0.00                           start (net)
                  0.01    0.00    2.00 v input18/A (sky130_fd_sc_hd__clkbuf_4)
                  0.08    0.18    2.18 v input18/X (sky130_fd_sc_hd__clkbuf_4)
     5    0.04                           net18 (net)
                  0.08    0.00    2.18 v _480_/B (sky130_fd_sc_hd__nor2_1)
                  0.23    0.22    2.40 ^ _480_/Y (sky130_fd_sc_hd__nor2_1)
     4    0.01                           _238_ (net)
                  0.23    0.00    2.40 ^ _481_/A (sky130_fd_sc_hd__clkbuf_4)
                  0.17    0.31    2.71 ^ _481_/X (sky130_fd_sc_hd__clkbuf_4)
    10    0.06                           _239_ (net)
                  0.17    0.00    2.71 ^ _632_/A2 (sky130_fd_sc_hd__a21bo_1)
                  0.04    0.14    2.86 ^ _632_/X (sky130_fd_sc_hd__a21bo_1)
     1    0.00                           _055_ (net)
                  0.04    0.00    2.86 ^ _694_/D (sky130_fd_sc_hd__dfrtp_1)
                                  2.86   data arrival time

                         10.00   10.00   clock clk (rise edge)
                          0.00   10.00   clock source latency
                  0.13    0.09   10.09 ^ clk (in)
     1    0.03                           clk (net)
                  0.13    0.00   10.09 ^ clkbuf_0_clk/A (sky130_fd_sc_hd__clkbuf_16)
                  0.07    0.17   10.25 ^ clkbuf_0_clk/X (sky130_fd_sc_hd__clkbuf_16)
     4    0.05                           clknet_0_clk (net)
                  0.07    0.00   10.26 ^ clkbuf_2_1__f_clk/A (sky130_fd_sc_hd__clkbuf_16)
                  0.07    0.15   10.40 ^ clkbuf_2_1__f_clk/X (sky130_fd_sc_hd__clkbuf_16)
    14    0.05                           clknet_2_1__leaf_clk (net)
                  0.07    0.00   10.40 ^ _694_/CLK (sky130_fd_sc_hd__dfrtp_1)
                         -0.25   10.15   clock uncertainty
                          0.00   10.15   clock reconvergence pessimism
                         -0.06   10.10   library setup time
                                 10.10   data required time
-----------------------------------------------------------------------------
                                 10.10   data required time
                                 -2.86   data arrival time
-----------------------------------------------------------------------------
                                  7.24   slack (MET)


Startpoint: start (input port clocked by clk)
Endpoint: _735_ (rising edge-triggered flip-flop clocked by clk)
Path Group: clk
Path Type: max

Fanout     Cap    Slew   Delay    Time   Description
-----------------------------------------------------------------------------
                          0.00    0.00   clock clk (rise edge)
                          0.00    0.00   clock network delay (propagated)
                          2.00    2.00 v input external delay
                  0.01    0.00    2.00 v start (in)
     1    0.00                           start (net)
                  0.01    0.00    2.00 v input18/A (sky130_fd_sc_hd__clkbuf_4)
                  0.08    0.18    2.18 v input18/X (sky130_fd_sc_hd__clkbuf_4)
     5    0.04                           net18 (net)
                  0.08    0.00    2.18 v _480_/B (sky130_fd_sc_hd__nor2_1)
                  0.23    0.22    2.40 ^ _480_/Y (sky130_fd_sc_hd__nor2_1)
     4    0.01                           _238_ (net)
                  0.23    0.00    2.40 ^ _481_/A (sky130_fd_sc_hd__clkbuf_4)
                  0.17    0.31    2.71 ^ _481_/X (sky130_fd_sc_hd__clkbuf_4)
    10    0.06                           _239_ (net)
                  0.17    0.00    2.71 ^ _544_/A2 (sky130_fd_sc_hd__a21bo_1)
                  0.04    0.14    2.86 ^ _544_/X (sky130_fd_sc_hd__a21bo_1)
     1    0.00                           _095_ (net)
                  0.04    0.00    2.86 ^ _735_/D (sky130_fd_sc_hd__dfrtp_1)
                                  2.86   data arrival time

                         10.00   10.00   clock clk (rise edge)
                          0.00   10.00   clock source latency
                  0.13    0.09   10.09 ^ clk (in)
     1    0.03                           clk (net)
                  0.13    0.00   10.09 ^ clkbuf_0_clk/A (sky130_fd_sc_hd__clkbuf_16)
                  0.07    0.17   10.25 ^ clkbuf_0_clk/X (sky130_fd_sc_hd__clkbuf_16)
     4    0.05                           clknet_0_clk (net)
                  0.07    0.00   10.26 ^ clkbuf_2_0__f_clk/A (sky130_fd_sc_hd__clkbuf_16)
                  0.07    0.15   10.40 ^ clkbuf_2_0__f_clk/X (sky130_fd_sc_hd__clkbuf_16)
    15    0.05                           clknet_2_0__leaf_clk (net)
                  0.07    0.00   10.41 ^ _735_/CLK (sky130_fd_sc_hd__dfrtp_1)
                         -0.25   10.16   clock uncertainty
                          0.00   10.16   clock reconvergence pessimism
                         -0.06   10.10   library setup time
                                 10.10   data required time
-----------------------------------------------------------------------------
                                 10.10   data required time
                                 -2.86   data arrival time
-----------------------------------------------------------------------------
                                  7.25   slack (MET)


Startpoint: _699_ (rising edge-triggered flip-flop clocked by clk)
Endpoint: _709_ (rising edge-triggered flip-flop clocked by clk)
Path Group: clk
Path Type: max

Fanout     Cap    Slew   Delay    Time   Description
-----------------------------------------------------------------------------
                          0.00    0.00   clock clk (rise edge)
                          0.00    0.00   clock source latency
                  0.13    0.09    0.09 ^ clk (in)
     1    0.03                           clk (net)
                  0.13    0.00    0.09 ^ clkbuf_0_clk/A (sky130_fd_sc_hd__clkbuf_16)
                  0.07    0.19    0.28 ^ clkbuf_0_clk/X (sky130_fd_sc_hd__clkbuf_16)
     4    0.05                           clknet_0_clk (net)
                  0.07    0.00    0.28 ^ clkbuf_2_1__f_clk/A (sky130_fd_sc_hd__clkbuf_16)
                  0.07    0.16    0.44 ^ clkbuf_2_1__f_clk/X (sky130_fd_sc_hd__clkbuf_16)
    14    0.05                           clknet_2_1__leaf_clk (net)
                  0.07    0.00    0.45 ^ _699_/CLK (sky130_fd_sc_hd__dfrtp_4)
                  0.11    0.57    1.02 v _699_/Q (sky130_fd_sc_hd__dfrtp_4)
     9    0.04                           u_core.Q_1 (net)
                  0.11    0.00    1.02 v _347_/A_N (sky130_fd_sc_hd__and2b_1)
                  0.06    0.24    1.26 ^ _347_/X (sky130_fd_sc_hd__and2b_1)
     2    0.01                           _108_ (net)
                  0.06    0.00    1.26 ^ _418_/A2 (sky130_fd_sc_hd__o21bai_1)
                  0.07    0.08    1.34 v _418_/Y (sky130_fd_sc_hd__o21bai_1)
     2    0.01                           _179_ (net)
                  0.07    0.00    1.34 v _421_/A2 (sky130_fd_sc_hd__a21oi_1)
                  0.28    0.29    1.63 ^ _421_/Y (sky130_fd_sc_hd__a21oi_1)
     3    0.01                           _182_ (net)
                  0.28    0.00    1.64 ^ _549_/A_N (sky130_fd_sc_hd__and2b_1)
                  0.05    0.25    1.88 v _549_/X (sky130_fd_sc_hd__and2b_1)
     2    0.01                           _296_ (net)
                  0.05    0.00    1.88 v _550_/A3 (sky130_fd_sc_hd__o32a_1)
                  0.05    0.29    2.18 v _550_/X (sky130_fd_sc_hd__o32a_1)
     1    0.00                           _297_ (net)
                  0.05    0.00    2.18 v _552_/B1 (sky130_fd_sc_hd__a32o_1)
                  0.08    0.26    2.44 v _552_/X (sky130_fd_sc_hd__a32o_1)
     2    0.01                           _299_ (net)
                  0.08    0.00    2.44 v _604_/A0 (sky130_fd_sc_hd__mux2_1)
                  0.06    0.31    2.75 v _604_/X (sky130_fd_sc_hd__mux2_1)
     1    0.00                           _327_ (net)
                  0.06    0.00    2.75 v _605_/A (sky130_fd_sc_hd__clkbuf_1)
                  0.02    0.10    2.85 v _605_/X (sky130_fd_sc_hd__clkbuf_1)
     1    0.00                           _069_ (net)
                  0.02    0.00    2.85 v _709_/D (sky130_fd_sc_hd__dfrtp_1)
                                  2.85   data arrival time

                         10.00   10.00   clock clk (rise edge)
                          0.00   10.00   clock source latency
                  0.13    0.09   10.09 ^ clk (in)
     1    0.03                           clk (net)
                  0.13    0.00   10.09 ^ clkbuf_0_clk/A (sky130_fd_sc_hd__clkbuf_16)
                  0.07    0.17   10.25 ^ clkbuf_0_clk/X (sky130_fd_sc_hd__clkbuf_16)
     4    0.05                           clknet_0_clk (net)
                  0.07    0.00   10.26 ^ clkbuf_2_1__f_clk/A (sky130_fd_sc_hd__clkbuf_16)
                  0.07    0.15   10.40 ^ clkbuf_2_1__f_clk/X (sky130_fd_sc_hd__clkbuf_16)
    14    0.05                           clknet_2_1__leaf_clk (net)
                  0.07    0.00   10.40 ^ _709_/CLK (sky130_fd_sc_hd__dfrtp_1)
                         -0.25   10.15   clock uncertainty
                          0.04   10.20   clock reconvergence pessimism
                         -0.10   10.09   library setup time
                                 10.09   data required time
-----------------------------------------------------------------------------
                                 10.09   data required time
                                 -2.85   data arrival time
-----------------------------------------------------------------------------
                                  7.25   slack (MET)


Startpoint: start (input port clocked by clk)
Endpoint: _698_ (rising edge-triggered flip-flop clocked by clk)
Path Group: clk
Path Type: max

Fanout     Cap    Slew   Delay    Time   Description
-----------------------------------------------------------------------------
                          0.00    0.00   clock clk (rise edge)
                          0.00    0.00   clock network delay (propagated)
                          2.00    2.00 v input external delay
                  0.01    0.00    2.00 v start (in)
     1    0.00                           start (net)
                  0.01    0.00    2.00 v input18/A (sky130_fd_sc_hd__clkbuf_4)
                  0.08    0.18    2.18 v input18/X (sky130_fd_sc_hd__clkbuf_4)
     5    0.04                           net18 (net)
                  0.08    0.00    2.18 v _480_/B (sky130_fd_sc_hd__nor2_1)
                  0.23    0.22    2.40 ^ _480_/Y (sky130_fd_sc_hd__nor2_1)
     4    0.01                           _238_ (net)
                  0.23    0.00    2.40 ^ _481_/A (sky130_fd_sc_hd__clkbuf_4)
                  0.17    0.31    2.71 ^ _481_/X (sky130_fd_sc_hd__clkbuf_4)
    10    0.06                           _239_ (net)
                  0.17    0.00    2.71 ^ _633_/B1 (sky130_fd_sc_hd__a21oi_1)
                  0.06    0.06    2.77 v _633_/Y (sky130_fd_sc_hd__a21oi_1)
     1    0.00                           _000_ (net)
                  0.06    0.00    2.77 v _698_/D (sky130_fd_sc_hd__dfrtp_2)
                                  2.77   data arrival time

                         10.00   10.00   clock clk (rise edge)
                          0.00   10.00   clock source latency
                  0.13    0.09   10.09 ^ clk (in)
     1    0.03                           clk (net)
                  0.13    0.00   10.09 ^ clkbuf_0_clk/A (sky130_fd_sc_hd__clkbuf_16)
                  0.07    0.17   10.25 ^ clkbuf_0_clk/X (sky130_fd_sc_hd__clkbuf_16)
     4    0.05                           clknet_0_clk (net)
                  0.07    0.00   10.26 ^ clkbuf_2_3__f_clk/A (sky130_fd_sc_hd__clkbuf_16)
                  0.06    0.15   10.40 ^ clkbuf_2_3__f_clk/X (sky130_fd_sc_hd__clkbuf_16)
    12    0.05                           clknet_2_3__leaf_clk (net)
                  0.06    0.00   10.40 ^ _698_/CLK (sky130_fd_sc_hd__dfrtp_2)
                         -0.25   10.15   clock uncertainty
                          0.00   10.15   clock reconvergence pessimism
                         -0.12   10.03   library setup time
                                 10.03   data required time
-----------------------------------------------------------------------------
                                 10.03   data required time
                                 -2.77   data arrival time
-----------------------------------------------------------------------------
                                  7.26   slack (MET)


Startpoint: start (input port clocked by clk)
Endpoint: _726_ (rising edge-triggered flip-flop clocked by clk)
Path Group: clk
Path Type: max

Fanout     Cap    Slew   Delay    Time   Description
-----------------------------------------------------------------------------
                          0.00    0.00   clock clk (rise edge)
                          0.00    0.00   clock network delay (propagated)
                          2.00    2.00 v input external delay
                  0.01    0.00    2.00 v start (in)
     1    0.00                           start (net)
                  0.01    0.00    2.00 v input18/A (sky130_fd_sc_hd__clkbuf_4)
                  0.08    0.18    2.18 v input18/X (sky130_fd_sc_hd__clkbuf_4)
     5    0.04                           net18 (net)
                  0.08    0.00    2.18 v _554_/B (sky130_fd_sc_hd__nand2_8)
                  0.13    0.15    2.33 ^ _554_/Y (sky130_fd_sc_hd__nand2_8)
    10    0.07                           _300_ (net)
                  0.13    0.00    2.34 ^ _567_/S (sky130_fd_sc_hd__mux2_1)
                  0.06    0.36    2.69 v _567_/X (sky130_fd_sc_hd__mux2_1)
     1    0.00                           _307_ (net)
                  0.06    0.00    2.69 v _568_/A (sky130_fd_sc_hd__clkbuf_1)
                  0.03    0.10    2.79 v _568_/X (sky130_fd_sc_hd__clkbuf_1)
     1    0.00                           _086_ (net)
                  0.03    0.00    2.79 v _726_/D (sky130_fd_sc_hd__dfrtp_2)
                                  2.79   data arrival time

                         10.00   10.00   clock clk (rise edge)
                          0.00   10.00   clock source latency
                  0.13    0.09   10.09 ^ clk (in)
     1    0.03                           clk (net)
                  0.13    0.00   10.09 ^ clkbuf_0_clk/A (sky130_fd_sc_hd__clkbuf_16)
                  0.07    0.17   10.25 ^ clkbuf_0_clk/X (sky130_fd_sc_hd__clkbuf_16)
     4    0.05                           clknet_0_clk (net)
                  0.07    0.00   10.26 ^ clkbuf_2_0__f_clk/A (sky130_fd_sc_hd__clkbuf_16)
                  0.07    0.15   10.40 ^ clkbuf_2_0__f_clk/X (sky130_fd_sc_hd__clkbuf_16)
    15    0.05                           clknet_2_0__leaf_clk (net)
                  0.07    0.00   10.40 ^ _726_/CLK (sky130_fd_sc_hd__dfrtp_2)
                         -0.25   10.15   clock uncertainty
                          0.00   10.15   clock reconvergence pessimism
                         -0.10   10.05   library setup time
                                 10.05   data required time
-----------------------------------------------------------------------------
                                 10.05   data required time
                                 -2.79   data arrival time
-----------------------------------------------------------------------------
                                  7.26   slack (MET)


Startpoint: start (input port clocked by clk)
Endpoint: _727_ (rising edge-triggered flip-flop clocked by clk)
Path Group: clk
Path Type: max

Fanout     Cap    Slew   Delay    Time   Description
-----------------------------------------------------------------------------
                          0.00    0.00   clock clk (rise edge)
                          0.00    0.00   clock network delay (propagated)
                          2.00    2.00 v input external delay
                  0.01    0.00    2.00 v start (in)
     1    0.00                           start (net)
                  0.01    0.00    2.00 v input18/A (sky130_fd_sc_hd__clkbuf_4)
                  0.08    0.18    2.18 v input18/X (sky130_fd_sc_hd__clkbuf_4)
     5    0.04                           net18 (net)
                  0.08    0.00    2.18 v _554_/B (sky130_fd_sc_hd__nand2_8)
                  0.13    0.15    2.33 ^ _554_/Y (sky130_fd_sc_hd__nand2_8)
    10    0.07                           _300_ (net)
                  0.13    0.00    2.34 ^ _565_/S (sky130_fd_sc_hd__mux2_1)
                  0.06    0.35    2.69 v _565_/X (sky130_fd_sc_hd__mux2_1)
     1    0.00                           _306_ (net)
                  0.06    0.00    2.69 v _566_/A (sky130_fd_sc_hd__clkbuf_1)
                  0.03    0.10    2.78 v _566_/X (sky130_fd_sc_hd__clkbuf_1)
     1    0.00                           _087_ (net)
                  0.03    0.00    2.78 v _727_/D (sky130_fd_sc_hd__dfrtp_4)
                                  2.78   data arrival time

                         10.00   10.00   clock clk (rise edge)
                          0.00   10.00   clock source latency
                  0.13    0.09   10.09 ^ clk (in)
     1    0.03                           clk (net)
                  0.13    0.00   10.09 ^ clkbuf_0_clk/A (sky130_fd_sc_hd__clkbuf_16)
                  0.07    0.17   10.25 ^ clkbuf_0_clk/X (sky130_fd_sc_hd__clkbuf_16)
     4    0.05                           clknet_0_clk (net)
                  0.07    0.00   10.26 ^ clkbuf_2_0__f_clk/A (sky130_fd_sc_hd__clkbuf_16)
                  0.07    0.15   10.40 ^ clkbuf_2_0__f_clk/X (sky130_fd_sc_hd__clkbuf_16)
    15    0.05                           clknet_2_0__leaf_clk (net)
                  0.07    0.00   10.40 ^ _727_/CLK (sky130_fd_sc_hd__dfrtp_4)
                         -0.25   10.15   clock uncertainty
                          0.00   10.15   clock reconvergence pessimism
                         -0.10   10.05   library setup time
                                 10.05   data required time
-----------------------------------------------------------------------------
                                 10.05   data required time
                                 -2.78   data arrival time
-----------------------------------------------------------------------------
                                  7.27   slack (MET)


Startpoint: start (input port clocked by clk)
Endpoint: _728_ (rising edge-triggered flip-flop clocked by clk)
Path Group: clk
Path Type: max

Fanout     Cap    Slew   Delay    Time   Description
-----------------------------------------------------------------------------
                          0.00    0.00   clock clk (rise edge)
                          0.00    0.00   clock network delay (propagated)
                          2.00    2.00 v input external delay
                  0.01    0.00    2.00 v start (in)
     1    0.00                           start (net)
                  0.01    0.00    2.00 v input18/A (sky130_fd_sc_hd__clkbuf_4)
                  0.08    0.18    2.18 v input18/X (sky130_fd_sc_hd__clkbuf_4)
     5    0.04                           net18 (net)
                  0.08    0.00    2.18 v _554_/B (sky130_fd_sc_hd__nand2_8)
                  0.13    0.15    2.33 ^ _554_/Y (sky130_fd_sc_hd__nand2_8)
    10    0.07                           _300_ (net)
                  0.13    0.00    2.33 ^ _563_/S (sky130_fd_sc_hd__mux2_1)
                  0.05    0.34    2.68 v _563_/X (sky130_fd_sc_hd__mux2_1)
     1    0.00                           _305_ (net)
                  0.05    0.00    2.68 v _564_/A (sky130_fd_sc_hd__clkbuf_1)
                  0.02    0.09    2.77 v _564_/X (sky130_fd_sc_hd__clkbuf_1)
     1    0.00                           _088_ (net)
                  0.02    0.00    2.77 v _728_/D (sky130_fd_sc_hd__dfrtp_4)
                                  2.77   data arrival time

                         10.00   10.00   clock clk (rise edge)
                          0.00   10.00   clock source latency
                  0.13    0.09   10.09 ^ clk (in)
     1    0.03                           clk (net)
                  0.13    0.00   10.09 ^ clkbuf_0_clk/A (sky130_fd_sc_hd__clkbuf_16)
                  0.07    0.17   10.25 ^ clkbuf_0_clk/X (sky130_fd_sc_hd__clkbuf_16)
     4    0.05                           clknet_0_clk (net)
                  0.07    0.00   10.26 ^ clkbuf_2_3__f_clk/A (sky130_fd_sc_hd__clkbuf_16)
                  0.06    0.15   10.40 ^ clkbuf_2_3__f_clk/X (sky130_fd_sc_hd__clkbuf_16)
    12    0.05                           clknet_2_3__leaf_clk (net)
                  0.06    0.00   10.40 ^ _728_/CLK (sky130_fd_sc_hd__dfrtp_4)
                         -0.25   10.15   clock uncertainty
                          0.00   10.15   clock reconvergence pessimism
                         -0.10   10.05   library setup time
                                 10.05   data required time
-----------------------------------------------------------------------------
                                 10.05   data required time
                                 -2.77   data arrival time
-----------------------------------------------------------------------------
                                  7.28   slack (MET)


Startpoint: start (input port clocked by clk)
Endpoint: _732_ (rising edge-triggered flip-flop clocked by clk)
Path Group: clk
Path Type: max

Fanout     Cap    Slew   Delay    Time   Description
-----------------------------------------------------------------------------
                          0.00    0.00   clock clk (rise edge)
                          0.00    0.00   clock network delay (propagated)
                          2.00    2.00 v input external delay
                  0.01    0.00    2.00 v start (in)
     1    0.00                           start (net)
                  0.01    0.00    2.00 v input18/A (sky130_fd_sc_hd__clkbuf_4)
                  0.08    0.18    2.18 v input18/X (sky130_fd_sc_hd__clkbuf_4)
     5    0.04                           net18 (net)
                  0.08    0.00    2.18 v _554_/B (sky130_fd_sc_hd__nand2_8)
                  0.13    0.15    2.33 ^ _554_/Y (sky130_fd_sc_hd__nand2_8)
    10    0.07                           _300_ (net)
                  0.13    0.00    2.33 ^ _555_/S (sky130_fd_sc_hd__mux2_1)
                  0.05    0.34    2.67 v _555_/X (sky130_fd_sc_hd__mux2_1)
     1    0.00                           _301_ (net)
                  0.05    0.00    2.67 v _556_/A (sky130_fd_sc_hd__clkbuf_1)
                  0.03    0.09    2.77 v _556_/X (sky130_fd_sc_hd__clkbuf_1)
     1    0.00                           _092_ (net)
                  0.03    0.00    2.77 v _732_/D (sky130_fd_sc_hd__dfrtp_4)
                                  2.77   data arrival time

                         10.00   10.00   clock clk (rise edge)
                          0.00   10.00   clock source latency
                  0.13    0.09   10.09 ^ clk (in)
     1    0.03                           clk (net)
                  0.13    0.00   10.09 ^ clkbuf_0_clk/A (sky130_fd_sc_hd__clkbuf_16)
                  0.07    0.17   10.25 ^ clkbuf_0_clk/X (sky130_fd_sc_hd__clkbuf_16)
     4    0.05                           clknet_0_clk (net)
                  0.07    0.00   10.26 ^ clkbuf_2_3__f_clk/A (sky130_fd_sc_hd__clkbuf_16)
                  0.06    0.15   10.40 ^ clkbuf_2_3__f_clk/X (sky130_fd_sc_hd__clkbuf_16)
    12    0.05                           clknet_2_3__leaf_clk (net)
                  0.06    0.00   10.40 ^ _732_/CLK (sky130_fd_sc_hd__dfrtp_4)
                         -0.25   10.15   clock uncertainty
                          0.00   10.15   clock reconvergence pessimism
                         -0.10   10.05   library setup time
                                 10.05   data required time
-----------------------------------------------------------------------------
                                 10.05   data required time
                                 -2.77   data arrival time
-----------------------------------------------------------------------------
                                  7.28   slack (MET)


Startpoint: start (input port clocked by clk)
Endpoint: _731_ (rising edge-triggered flip-flop clocked by clk)
Path Group: clk
Path Type: max

Fanout     Cap    Slew   Delay    Time   Description
-----------------------------------------------------------------------------
                          0.00    0.00   clock clk (rise edge)
                          0.00    0.00   clock network delay (propagated)
                          2.00    2.00 v input external delay
                  0.01    0.00    2.00 v start (in)
     1    0.00                           start (net)
                  0.01    0.00    2.00 v input18/A (sky130_fd_sc_hd__clkbuf_4)
                  0.08    0.18    2.18 v input18/X (sky130_fd_sc_hd__clkbuf_4)
     5    0.04                           net18 (net)
                  0.08    0.00    2.18 v _554_/B (sky130_fd_sc_hd__nand2_8)
                  0.13    0.15    2.33 ^ _554_/Y (sky130_fd_sc_hd__nand2_8)
    10    0.07                           _300_ (net)
                  0.13    0.00    2.33 ^ _557_/S (sky130_fd_sc_hd__mux2_1)
                  0.05    0.34    2.68 v _557_/X (sky130_fd_sc_hd__mux2_1)
     1    0.00                           _302_ (net)
                  0.05    0.00    2.68 v _558_/A (sky130_fd_sc_hd__clkbuf_1)
                  0.02    0.09    2.77 v _558_/X (sky130_fd_sc_hd__clkbuf_1)
     1    0.00                           _091_ (net)
                  0.02    0.00    2.77 v _731_/D (sky130_fd_sc_hd__dfrtp_4)
                                  2.77   data arrival time

                         10.00   10.00   clock clk (rise edge)
                          0.00   10.00   clock source latency
                  0.13    0.09   10.09 ^ clk (in)
     1    0.03                           clk (net)
                  0.13    0.00   10.09 ^ clkbuf_0_clk/A (sky130_fd_sc_hd__clkbuf_16)
                  0.07    0.17   10.25 ^ clkbuf_0_clk/X (sky130_fd_sc_hd__clkbuf_16)
     4    0.05                           clknet_0_clk (net)
                  0.07    0.00   10.26 ^ clkbuf_2_1__f_clk/A (sky130_fd_sc_hd__clkbuf_16)
                  0.07    0.15   10.40 ^ clkbuf_2_1__f_clk/X (sky130_fd_sc_hd__clkbuf_16)
    14    0.05                           clknet_2_1__leaf_clk (net)
                  0.07    0.00   10.40 ^ _731_/CLK (sky130_fd_sc_hd__dfrtp_4)
                         -0.25   10.15   clock uncertainty
                          0.00   10.15   clock reconvergence pessimism
                         -0.10   10.05   library setup time
                                 10.05   data required time
-----------------------------------------------------------------------------
                                 10.05   data required time
                                 -2.77   data arrival time
-----------------------------------------------------------------------------
                                  7.28   slack (MET)


Startpoint: start (input port clocked by clk)
Endpoint: _730_ (rising edge-triggered flip-flop clocked by clk)
Path Group: clk
Path Type: max

Fanout     Cap    Slew   Delay    Time   Description
-----------------------------------------------------------------------------
                          0.00    0.00   clock clk (rise edge)
                          0.00    0.00   clock network delay (propagated)
                          2.00    2.00 v input external delay
                  0.01    0.00    2.00 v start (in)
     1    0.00                           start (net)
                  0.01    0.00    2.00 v input18/A (sky130_fd_sc_hd__clkbuf_4)
                  0.08    0.18    2.18 v input18/X (sky130_fd_sc_hd__clkbuf_4)
     5    0.04                           net18 (net)
                  0.08    0.00    2.18 v _554_/B (sky130_fd_sc_hd__nand2_8)
                  0.13    0.15    2.33 ^ _554_/Y (sky130_fd_sc_hd__nand2_8)
    10    0.07                           _300_ (net)
                  0.13    0.01    2.34 ^ _559_/S (sky130_fd_sc_hd__mux2_1)
                  0.05    0.34    2.68 v _559_/X (sky130_fd_sc_hd__mux2_1)
     1    0.00                           _303_ (net)
                  0.05    0.00    2.68 v _560_/A (sky130_fd_sc_hd__clkbuf_1)
                  0.02    0.09    2.78 v _560_/X (sky130_fd_sc_hd__clkbuf_1)
     1    0.00                           _090_ (net)
                  0.02    0.00    2.78 v _730_/D (sky130_fd_sc_hd__dfrtp_4)
                                  2.78   data arrival time

                         10.00   10.00   clock clk (rise edge)
                          0.00   10.00   clock source latency
                  0.13    0.09   10.09 ^ clk (in)
     1    0.03                           clk (net)
                  0.13    0.00   10.09 ^ clkbuf_0_clk/A (sky130_fd_sc_hd__clkbuf_16)
                  0.07    0.17   10.25 ^ clkbuf_0_clk/X (sky130_fd_sc_hd__clkbuf_16)
     4    0.05                           clknet_0_clk (net)
                  0.07    0.00   10.26 ^ clkbuf_2_0__f_clk/A (sky130_fd_sc_hd__clkbuf_16)
                  0.07    0.15   10.40 ^ clkbuf_2_0__f_clk/X (sky130_fd_sc_hd__clkbuf_16)
    15    0.05                           clknet_2_0__leaf_clk (net)
                  0.07    0.00   10.41 ^ _730_/CLK (sky130_fd_sc_hd__dfrtp_4)
                         -0.25   10.16   clock uncertainty
                          0.00   10.16   clock reconvergence pessimism
                         -0.10   10.06   library setup time
                                 10.06   data required time
-----------------------------------------------------------------------------
                                 10.06   data required time
                                 -2.78   data arrival time
-----------------------------------------------------------------------------
                                  7.28   slack (MET)


Startpoint: start (input port clocked by clk)
Endpoint: _725_ (rising edge-triggered flip-flop clocked by clk)
Path Group: clk
Path Type: max

Fanout     Cap    Slew   Delay    Time   Description
-----------------------------------------------------------------------------
                          0.00    0.00   clock clk (rise edge)
                          0.00    0.00   clock network delay (propagated)
                          2.00    2.00 v input external delay
                  0.01    0.00    2.00 v start (in)
     1    0.00                           start (net)
                  0.01    0.00    2.00 v input18/A (sky130_fd_sc_hd__clkbuf_4)
                  0.08    0.18    2.18 v input18/X (sky130_fd_sc_hd__clkbuf_4)
     5    0.04                           net18 (net)
                  0.08    0.00    2.18 v _554_/B (sky130_fd_sc_hd__nand2_8)
                  0.13    0.15    2.33 ^ _554_/Y (sky130_fd_sc_hd__nand2_8)
    10    0.07                           _300_ (net)
                  0.13    0.01    2.34 ^ _569_/S (sky130_fd_sc_hd__mux2_1)
                  0.05    0.34    2.68 v _569_/X (sky130_fd_sc_hd__mux2_1)
     1    0.00                           _308_ (net)
                  0.05    0.00    2.68 v _570_/A (sky130_fd_sc_hd__clkbuf_1)
                  0.02    0.09    2.77 v _570_/X (sky130_fd_sc_hd__clkbuf_1)
     1    0.00                           _085_ (net)
                  0.02    0.00    2.77 v _725_/D (sky130_fd_sc_hd__dfrtp_4)
                                  2.77   data arrival time

                         10.00   10.00   clock clk (rise edge)
                          0.00   10.00   clock source latency
                  0.13    0.09   10.09 ^ clk (in)
     1    0.03                           clk (net)
                  0.13    0.00   10.09 ^ clkbuf_0_clk/A (sky130_fd_sc_hd__clkbuf_16)
                  0.07    0.17   10.25 ^ clkbuf_0_clk/X (sky130_fd_sc_hd__clkbuf_16)
     4    0.05                           clknet_0_clk (net)
                  0.07    0.00   10.26 ^ clkbuf_2_0__f_clk/A (sky130_fd_sc_hd__clkbuf_16)
                  0.07    0.15   10.40 ^ clkbuf_2_0__f_clk/X (sky130_fd_sc_hd__clkbuf_16)
    15    0.05                           clknet_2_0__leaf_clk (net)
                  0.07    0.00   10.41 ^ _725_/CLK (sky130_fd_sc_hd__dfrtp_4)
                         -0.25   10.16   clock uncertainty
                          0.00   10.16   clock reconvergence pessimism
                         -0.10   10.06   library setup time
                                 10.06   data required time
-----------------------------------------------------------------------------
                                 10.06   data required time
                                 -2.77   data arrival time
-----------------------------------------------------------------------------
                                  7.29   slack (MET)


Startpoint: start (input port clocked by clk)
Endpoint: _729_ (rising edge-triggered flip-flop clocked by clk)
Path Group: clk
Path Type: max

Fanout     Cap    Slew   Delay    Time   Description
-----------------------------------------------------------------------------
                          0.00    0.00   clock clk (rise edge)
                          0.00    0.00   clock network delay (propagated)
                          2.00    2.00 v input external delay
                  0.01    0.00    2.00 v start (in)
     1    0.00                           start (net)
                  0.01    0.00    2.00 v input18/A (sky130_fd_sc_hd__clkbuf_4)
                  0.08    0.18    2.18 v input18/X (sky130_fd_sc_hd__clkbuf_4)
     5    0.04                           net18 (net)
                  0.08    0.00    2.18 v _554_/B (sky130_fd_sc_hd__nand2_8)
                  0.13    0.15    2.33 ^ _554_/Y (sky130_fd_sc_hd__nand2_8)
    10    0.07                           _300_ (net)
                  0.13    0.01    2.34 ^ _561_/S (sky130_fd_sc_hd__mux2_1)
                  0.05    0.34    2.68 v _561_/X (sky130_fd_sc_hd__mux2_1)
     1    0.00                           _304_ (net)
                  0.05    0.00    2.68 v _562_/A (sky130_fd_sc_hd__clkbuf_1)
                  0.02    0.09    2.77 v _562_/X (sky130_fd_sc_hd__clkbuf_1)
     1    0.00                           _089_ (net)
                  0.02    0.00    2.77 v _729_/D (sky130_fd_sc_hd__dfrtp_4)
                                  2.77   data arrival time

                         10.00   10.00   clock clk (rise edge)
                          0.00   10.00   clock source latency
                  0.13    0.09   10.09 ^ clk (in)
     1    0.03                           clk (net)
                  0.13    0.00   10.09 ^ clkbuf_0_clk/A (sky130_fd_sc_hd__clkbuf_16)
                  0.07    0.17   10.25 ^ clkbuf_0_clk/X (sky130_fd_sc_hd__clkbuf_16)
     4    0.05                           clknet_0_clk (net)
                  0.07    0.00   10.26 ^ clkbuf_2_0__f_clk/A (sky130_fd_sc_hd__clkbuf_16)
                  0.07    0.15   10.40 ^ clkbuf_2_0__f_clk/X (sky130_fd_sc_hd__clkbuf_16)
    15    0.05                           clknet_2_0__leaf_clk (net)
                  0.07    0.00   10.41 ^ _729_/CLK (sky130_fd_sc_hd__dfrtp_4)
                         -0.25   10.16   clock uncertainty
                          0.00   10.16   clock reconvergence pessimism
                         -0.10   10.06   library setup time
                                 10.06   data required time
-----------------------------------------------------------------------------
                                 10.06   data required time
                                 -2.77   data arrival time
-----------------------------------------------------------------------------
                                  7.29   slack (MET)


Startpoint: _699_ (rising edge-triggered flip-flop clocked by clk)
Endpoint: _710_ (rising edge-triggered flip-flop clocked by clk)
Path Group: clk
Path Type: max

Fanout     Cap    Slew   Delay    Time   Description
-----------------------------------------------------------------------------
                          0.00    0.00   clock clk (rise edge)
                          0.00    0.00   clock source latency
                  0.13    0.09    0.09 ^ clk (in)
     1    0.03                           clk (net)
                  0.13    0.00    0.09 ^ clkbuf_0_clk/A (sky130_fd_sc_hd__clkbuf_16)
                  0.07    0.19    0.28 ^ clkbuf_0_clk/X (sky130_fd_sc_hd__clkbuf_16)
     4    0.05                           clknet_0_clk (net)
                  0.07    0.00    0.28 ^ clkbuf_2_1__f_clk/A (sky130_fd_sc_hd__clkbuf_16)
                  0.07    0.16    0.44 ^ clkbuf_2_1__f_clk/X (sky130_fd_sc_hd__clkbuf_16)
    14    0.05                           clknet_2_1__leaf_clk (net)
                  0.07    0.00    0.45 ^ _699_/CLK (sky130_fd_sc_hd__dfrtp_4)
                  0.15    0.52    0.97 ^ _699_/Q (sky130_fd_sc_hd__dfrtp_4)
     9    0.04                           u_core.Q_1 (net)
                  0.15    0.00    0.97 ^ _347_/A_N (sky130_fd_sc_hd__and2b_1)
                  0.04    0.22    1.19 v _347_/X (sky130_fd_sc_hd__and2b_1)
     2    0.01                           _108_ (net)
                  0.04    0.00    1.19 v _348_/A (sky130_fd_sc_hd__clkbuf_4)
                  0.10    0.20    1.39 v _348_/X (sky130_fd_sc_hd__clkbuf_4)
    10    0.04                           _109_ (net)
                  0.10    0.00    1.39 v _407_/A1 (sky130_fd_sc_hd__o21ai_1)
                  0.19    0.22    1.62 ^ _407_/Y (sky130_fd_sc_hd__o21ai_1)
     2    0.01                           _168_ (net)
                  0.19    0.00    1.62 ^ _409_/A (sky130_fd_sc_hd__nand3_1)
                  0.14    0.17    1.79 v _409_/Y (sky130_fd_sc_hd__nand3_1)
     3    0.01                           _170_ (net)
                  0.14    0.00    1.79 v _546_/A1 (sky130_fd_sc_hd__a221o_1)
                  0.05    0.36    2.14 v _546_/X (sky130_fd_sc_hd__a221o_1)
     1    0.00                           _294_ (net)
                  0.05    0.00    2.14 v _547_/B2 (sky130_fd_sc_hd__a32o_1)
                  0.07    0.26    2.40 v _547_/X (sky130_fd_sc_hd__a32o_1)
     2    0.01                           _295_ (net)
                  0.07    0.00    2.40 v _602_/A0 (sky130_fd_sc_hd__mux2_1)
                  0.05    0.29    2.70 v _602_/X (sky130_fd_sc_hd__mux2_1)
     1    0.00                           _326_ (net)
                  0.05    0.00    2.70 v _603_/A (sky130_fd_sc_hd__clkbuf_1)
                  0.02    0.09    2.79 v _603_/X (sky130_fd_sc_hd__clkbuf_1)
     1    0.00                           _070_ (net)
                  0.02    0.00    2.79 v _710_/D (sky130_fd_sc_hd__dfrtp_1)
                                  2.79   data arrival time

                         10.00   10.00   clock clk (rise edge)
                          0.00   10.00   clock source latency
                  0.13    0.09   10.09 ^ clk (in)
     1    0.03                           clk (net)
                  0.13    0.00   10.09 ^ clkbuf_0_clk/A (sky130_fd_sc_hd__clkbuf_16)
                  0.07    0.17   10.25 ^ clkbuf_0_clk/X (sky130_fd_sc_hd__clkbuf_16)
     4    0.05                           clknet_0_clk (net)
                  0.07    0.00   10.26 ^ clkbuf_2_0__f_clk/A (sky130_fd_sc_hd__clkbuf_16)
                  0.07    0.15   10.40 ^ clkbuf_2_0__f_clk/X (sky130_fd_sc_hd__clkbuf_16)
    15    0.05                           clknet_2_0__leaf_clk (net)
                  0.07    0.00   10.41 ^ _710_/CLK (sky130_fd_sc_hd__dfrtp_1)
                         -0.25   10.16   clock uncertainty
                          0.03   10.18   clock reconvergence pessimism
                         -0.10   10.08   library setup time
                                 10.08   data required time
-----------------------------------------------------------------------------
                                 10.08   data required time
                                 -2.79   data arrival time
-----------------------------------------------------------------------------
                                  7.30   slack (MET)


Startpoint: start (input port clocked by clk)
Endpoint: _718_ (rising edge-triggered flip-flop clocked by clk)
Path Group: clk
Path Type: max

Fanout     Cap    Slew   Delay    Time   Description
-----------------------------------------------------------------------------
                          0.00    0.00   clock clk (rise edge)
                          0.00    0.00   clock network delay (propagated)
                          2.00    2.00 ^ input external delay
                  0.02    0.01    2.01 ^ start (in)
     1    0.00                           start (net)
                  0.02    0.00    2.01 ^ input18/A (sky130_fd_sc_hd__clkbuf_4)
                  0.12    0.19    2.20 ^ input18/X (sky130_fd_sc_hd__clkbuf_4)
     5    0.04                           net18 (net)
                  0.12    0.00    2.21 ^ _480_/B (sky130_fd_sc_hd__nor2_1)
                  0.07    0.10    2.30 v _480_/Y (sky130_fd_sc_hd__nor2_1)
     4    0.01                           _238_ (net)
                  0.07    0.00    2.30 v _585_/B1 (sky130_fd_sc_hd__a22o_1)
                  0.06    0.22    2.52 v _585_/X (sky130_fd_sc_hd__a22o_1)
     1    0.01                           _317_ (net)
                  0.06    0.00    2.52 v _586_/B1 (sky130_fd_sc_hd__a31o_1)
                  0.04    0.19    2.71 v _586_/X (sky130_fd_sc_hd__a31o_1)
     1    0.00                           _078_ (net)
                  0.04    0.00    2.71 v _718_/D (sky130_fd_sc_hd__dfrtp_1)
                                  2.71   data arrival time

                         10.00   10.00   clock clk (rise edge)
                          0.00   10.00   clock source latency
                  0.13    0.09   10.09 ^ clk (in)
     1    0.03                           clk (net)
                  0.13    0.00   10.09 ^ clkbuf_0_clk/A (sky130_fd_sc_hd__clkbuf_16)
                  0.07    0.17   10.25 ^ clkbuf_0_clk/X (sky130_fd_sc_hd__clkbuf_16)
     4    0.05                           clknet_0_clk (net)
                  0.07    0.00   10.26 ^ clkbuf_2_2__f_clk/A (sky130_fd_sc_hd__clkbuf_16)
                  0.07    0.15   10.40 ^ clkbuf_2_2__f_clk/X (sky130_fd_sc_hd__clkbuf_16)
    13    0.05                           clknet_2_2__leaf_clk (net)
                  0.07    0.00   10.41 ^ _718_/CLK (sky130_fd_sc_hd__dfrtp_1)
                         -0.25   10.16   clock uncertainty
                          0.00   10.16   clock reconvergence pessimism
                         -0.11   10.05   library setup time
                                 10.05   data required time
-----------------------------------------------------------------------------
                                 10.05   data required time
                                 -2.71   data arrival time
-----------------------------------------------------------------------------
                                  7.34   slack (MET)


Startpoint: start (input port clocked by clk)
Endpoint: _717_ (rising edge-triggered flip-flop clocked by clk)
Path Group: clk
Path Type: max

Fanout     Cap    Slew   Delay    Time   Description
-----------------------------------------------------------------------------
                          0.00    0.00   clock clk (rise edge)
                          0.00    0.00   clock network delay (propagated)
                          2.00    2.00 ^ input external delay
                  0.02    0.01    2.01 ^ start (in)
     1    0.00                           start (net)
                  0.02    0.00    2.01 ^ input18/A (sky130_fd_sc_hd__clkbuf_4)
                  0.12    0.19    2.20 ^ input18/X (sky130_fd_sc_hd__clkbuf_4)
     5    0.04                           net18 (net)
                  0.12    0.00    2.21 ^ _480_/B (sky130_fd_sc_hd__nor2_1)
                  0.07    0.10    2.30 v _480_/Y (sky130_fd_sc_hd__nor2_1)
     4    0.01                           _238_ (net)
                  0.07    0.00    2.30 v _587_/B1 (sky130_fd_sc_hd__a22o_1)
                  0.05    0.20    2.50 v _587_/X (sky130_fd_sc_hd__a22o_1)
     1    0.00                           _318_ (net)
                  0.05    0.00    2.50 v _588_/B1 (sky130_fd_sc_hd__a31o_1)
                  0.04    0.19    2.69 v _588_/X (sky130_fd_sc_hd__a31o_1)
     1    0.00                           _077_ (net)
                  0.04    0.00    2.69 v _717_/D (sky130_fd_sc_hd__dfrtp_1)
                                  2.69   data arrival time

                         10.00   10.00   clock clk (rise edge)
                          0.00   10.00   clock source latency
                  0.13    0.09   10.09 ^ clk (in)
     1    0.03                           clk (net)
                  0.13    0.00   10.09 ^ clkbuf_0_clk/A (sky130_fd_sc_hd__clkbuf_16)
                  0.07    0.17   10.25 ^ clkbuf_0_clk/X (sky130_fd_sc_hd__clkbuf_16)
     4    0.05                           clknet_0_clk (net)
                  0.07    0.00   10.26 ^ clkbuf_2_2__f_clk/A (sky130_fd_sc_hd__clkbuf_16)
                  0.07    0.15   10.40 ^ clkbuf_2_2__f_clk/X (sky130_fd_sc_hd__clkbuf_16)
    13    0.05                           clknet_2_2__leaf_clk (net)
                  0.07    0.00   10.41 ^ _717_/CLK (sky130_fd_sc_hd__dfrtp_1)
                         -0.25   10.16   clock uncertainty
                          0.00   10.16   clock reconvergence pessimism
                         -0.11   10.05   library setup time
                                 10.05   data required time
-----------------------------------------------------------------------------
                                 10.05   data required time
                                 -2.69   data arrival time
-----------------------------------------------------------------------------
                                  7.35   slack (MET)


Startpoint: _699_ (rising edge-triggered flip-flop clocked by clk)
Endpoint: _708_ (rising edge-triggered flip-flop clocked by clk)
Path Group: clk
Path Type: max

Fanout     Cap    Slew   Delay    Time   Description
-----------------------------------------------------------------------------
                          0.00    0.00   clock clk (rise edge)
                          0.00    0.00   clock source latency
                  0.13    0.09    0.09 ^ clk (in)
     1    0.03                           clk (net)
                  0.13    0.00    0.09 ^ clkbuf_0_clk/A (sky130_fd_sc_hd__clkbuf_16)
                  0.07    0.19    0.28 ^ clkbuf_0_clk/X (sky130_fd_sc_hd__clkbuf_16)
     4    0.05                           clknet_0_clk (net)
                  0.07    0.00    0.28 ^ clkbuf_2_1__f_clk/A (sky130_fd_sc_hd__clkbuf_16)
                  0.07    0.16    0.44 ^ clkbuf_2_1__f_clk/X (sky130_fd_sc_hd__clkbuf_16)
    14    0.05                           clknet_2_1__leaf_clk (net)
                  0.07    0.00    0.45 ^ _699_/CLK (sky130_fd_sc_hd__dfrtp_4)
                  0.11    0.57    1.02 v _699_/Q (sky130_fd_sc_hd__dfrtp_4)
     9    0.04                           u_core.Q_1 (net)
                  0.11    0.00    1.02 v _347_/A_N (sky130_fd_sc_hd__and2b_1)
                  0.06    0.24    1.26 ^ _347_/X (sky130_fd_sc_hd__and2b_1)
     2    0.01                           _108_ (net)
                  0.06    0.00    1.26 ^ _348_/A (sky130_fd_sc_hd__clkbuf_4)
                  0.15    0.23    1.49 ^ _348_/X (sky130_fd_sc_hd__clkbuf_4)
    10    0.05                           _109_ (net)
                  0.15    0.00    1.49 ^ _349_/A (sky130_fd_sc_hd__clkbuf_4)
                  0.16    0.27    1.76 ^ _349_/X (sky130_fd_sc_hd__clkbuf_4)
    10    0.05                           _110_ (net)
                  0.16    0.00    1.76 ^ _571_/A1 (sky130_fd_sc_hd__o21ai_1)
                  0.05    0.09    1.85 v _571_/Y (sky130_fd_sc_hd__o21ai_1)
     1    0.00                           _309_ (net)
                  0.05    0.00    1.85 v _572_/B1 (sky130_fd_sc_hd__a2bb2o_1)
                  0.11    0.36    2.22 v _572_/X (sky130_fd_sc_hd__a2bb2o_1)
     2    0.02                           _310_ (net)
                  0.11    0.00    2.22 v _606_/A0 (sky130_fd_sc_hd__mux2_1)
                  0.05    0.31    2.53 v _606_/X (sky130_fd_sc_hd__mux2_1)
     1    0.00                           _328_ (net)
                  0.05    0.00    2.53 v _607_/A (sky130_fd_sc_hd__clkbuf_1)
                  0.02    0.09    2.62 v _607_/X (sky130_fd_sc_hd__clkbuf_1)
     1    0.00                           _068_ (net)
                  0.02    0.00    2.62 v _708_/D (sky130_fd_sc_hd__dfrtp_1)
                                  2.62   data arrival time

                         10.00   10.00   clock clk (rise edge)
                          0.00   10.00   clock source latency
                  0.13    0.09   10.09 ^ clk (in)
     1    0.03                           clk (net)
                  0.13    0.00   10.09 ^ clkbuf_0_clk/A (sky130_fd_sc_hd__clkbuf_16)
                  0.07    0.17   10.25 ^ clkbuf_0_clk/X (sky130_fd_sc_hd__clkbuf_16)
     4    0.05                           clknet_0_clk (net)
                  0.07    0.00   10.26 ^ clkbuf_2_2__f_clk/A (sky130_fd_sc_hd__clkbuf_16)
                  0.07    0.15   10.40 ^ clkbuf_2_2__f_clk/X (sky130_fd_sc_hd__clkbuf_16)
    13    0.05                           clknet_2_2__leaf_clk (net)
                  0.07    0.00   10.40 ^ _708_/CLK (sky130_fd_sc_hd__dfrtp_1)
                         -0.25   10.15   clock uncertainty
                          0.03   10.18   clock reconvergence pessimism
                         -0.10   10.08   library setup time
                                 10.08   data required time
-----------------------------------------------------------------------------
                                 10.08   data required time
                                 -2.62   data arrival time
-----------------------------------------------------------------------------
                                  7.46   slack (MET)


Startpoint: start (input port clocked by clk)
Endpoint: _697_ (rising edge-triggered flip-flop clocked by clk)
Path Group: clk
Path Type: max

Fanout     Cap    Slew   Delay    Time   Description
-----------------------------------------------------------------------------
                          0.00    0.00   clock clk (rise edge)
                          0.00    0.00   clock network delay (propagated)
                          2.00    2.00 v input external delay
                  0.01    0.00    2.00 v start (in)
     1    0.00                           start (net)
                  0.01    0.00    2.00 v input18/A (sky130_fd_sc_hd__clkbuf_4)
                  0.08    0.18    2.18 v input18/X (sky130_fd_sc_hd__clkbuf_4)
     5    0.04                           net18 (net)
                  0.08    0.00    2.18 v _457_/B (sky130_fd_sc_hd__and2_1)
                  0.05    0.19    2.38 v _457_/X (sky130_fd_sc_hd__and2_1)
     2    0.01                           _218_ (net)
                  0.05    0.00    2.38 v _625_/A2 (sky130_fd_sc_hd__o21ai_1)
                  0.09    0.11    2.49 ^ _625_/Y (sky130_fd_sc_hd__o21ai_1)
     1    0.00                           _337_ (net)
                  0.09    0.00    2.49 ^ _626_/B1 (sky130_fd_sc_hd__o21ai_1)
                  0.05    0.07    2.57 v _626_/Y (sky130_fd_sc_hd__o21ai_1)
     1    0.00                           _058_ (net)
                  0.05    0.00    2.57 v _697_/D (sky130_fd_sc_hd__dfrtp_1)
                                  2.57   data arrival time

                         10.00   10.00   clock clk (rise edge)
                          0.00   10.00   clock source latency
                  0.13    0.09   10.09 ^ clk (in)
     1    0.03                           clk (net)
                  0.13    0.00   10.09 ^ clkbuf_0_clk/A (sky130_fd_sc_hd__clkbuf_16)
                  0.07    0.17   10.25 ^ clkbuf_0_clk/X (sky130_fd_sc_hd__clkbuf_16)
     4    0.05                           clknet_0_clk (net)
                  0.07    0.00   10.26 ^ clkbuf_2_3__f_clk/A (sky130_fd_sc_hd__clkbuf_16)
                  0.06    0.15   10.40 ^ clkbuf_2_3__f_clk/X (sky130_fd_sc_hd__clkbuf_16)
    12    0.05                           clknet_2_3__leaf_clk (net)
                  0.06    0.00   10.40 ^ _697_/CLK (sky130_fd_sc_hd__dfrtp_1)
                         -0.25   10.15   clock uncertainty
                          0.00   10.15   clock reconvergence pessimism
                         -0.11   10.04   library setup time
                                 10.04   data required time
-----------------------------------------------------------------------------
                                 10.04   data required time
                                 -2.57   data arrival time
-----------------------------------------------------------------------------
                                  7.48   slack (MET)


Startpoint: start (input port clocked by clk)
Endpoint: _696_ (rising edge-triggered flip-flop clocked by clk)
Path Group: clk
Path Type: max

Fanout     Cap    Slew   Delay    Time   Description
-----------------------------------------------------------------------------
                          0.00    0.00   clock clk (rise edge)
                          0.00    0.00   clock network delay (propagated)
                          2.00    2.00 ^ input external delay
                  0.02    0.01    2.01 ^ start (in)
     1    0.00                           start (net)
                  0.02    0.00    2.01 ^ input18/A (sky130_fd_sc_hd__clkbuf_4)
                  0.12    0.19    2.20 ^ input18/X (sky130_fd_sc_hd__clkbuf_4)
     5    0.04                           net18 (net)
                  0.12    0.00    2.21 ^ _554_/B (sky130_fd_sc_hd__nand2_8)
                  0.11    0.12    2.32 v _554_/Y (sky130_fd_sc_hd__nand2_8)
    10    0.06                           _300_ (net)
                  0.11    0.00    2.32 v _628_/B1 (sky130_fd_sc_hd__o211ai_1)
                  0.17    0.13    2.46 ^ _628_/Y (sky130_fd_sc_hd__o211ai_1)
     1    0.00                           _339_ (net)
                  0.17    0.00    2.46 ^ _629_/B (sky130_fd_sc_hd__nand2_1)
                  0.04    0.08    2.53 v _629_/Y (sky130_fd_sc_hd__nand2_1)
     1    0.00                           _057_ (net)
                  0.04    0.00    2.53 v _696_/D (sky130_fd_sc_hd__dfrtp_1)
                                  2.53   data arrival time

                         10.00   10.00   clock clk (rise edge)
                          0.00   10.00   clock source latency
                  0.13    0.09   10.09 ^ clk (in)
     1    0.03                           clk (net)
                  0.13    0.00   10.09 ^ clkbuf_0_clk/A (sky130_fd_sc_hd__clkbuf_16)
                  0.07    0.17   10.25 ^ clkbuf_0_clk/X (sky130_fd_sc_hd__clkbuf_16)
     4    0.05                           clknet_0_clk (net)
                  0.07    0.00   10.26 ^ clkbuf_2_3__f_clk/A (sky130_fd_sc_hd__clkbuf_16)
                  0.06    0.15   10.40 ^ clkbuf_2_3__f_clk/X (sky130_fd_sc_hd__clkbuf_16)
    12    0.05                           clknet_2_3__leaf_clk (net)
                  0.06    0.00   10.40 ^ _696_/CLK (sky130_fd_sc_hd__dfrtp_1)
                         -0.25   10.15   clock uncertainty
                          0.00   10.15   clock reconvergence pessimism
                         -0.11   10.04   library setup time
                                 10.04   data required time
-----------------------------------------------------------------------------
                                 10.04   data required time
                                 -2.53   data arrival time
-----------------------------------------------------------------------------
                                  7.51   slack (MET)


Startpoint: start (input port clocked by clk)
Endpoint: _695_ (rising edge-triggered flip-flop clocked by clk)
Path Group: clk
Path Type: max

Fanout     Cap    Slew   Delay    Time   Description
-----------------------------------------------------------------------------
                          0.00    0.00   clock clk (rise edge)
                          0.00    0.00   clock network delay (propagated)
                          2.00    2.00 ^ input external delay
                  0.02    0.01    2.01 ^ start (in)
     1    0.00                           start (net)
                  0.02    0.00    2.01 ^ input18/A (sky130_fd_sc_hd__clkbuf_4)
                  0.12    0.19    2.20 ^ input18/X (sky130_fd_sc_hd__clkbuf_4)
     5    0.04                           net18 (net)
                  0.12    0.00    2.21 ^ _554_/B (sky130_fd_sc_hd__nand2_8)
                  0.11    0.12    2.32 v _554_/Y (sky130_fd_sc_hd__nand2_8)
    10    0.06                           _300_ (net)
                  0.11    0.00    2.32 v _630_/C1 (sky130_fd_sc_hd__o211ai_1)
                  0.15    0.11    2.44 ^ _630_/Y (sky130_fd_sc_hd__o211ai_1)
     1    0.00                           _340_ (net)
                  0.15    0.00    2.44 ^ _631_/B1 (sky130_fd_sc_hd__o21ai_1)
                  0.06    0.09    2.52 v _631_/Y (sky130_fd_sc_hd__o21ai_1)
     1    0.00                           _056_ (net)
                  0.06    0.00    2.53 v _695_/D (sky130_fd_sc_hd__dfrtp_1)
                                  2.53   data arrival time

                         10.00   10.00   clock clk (rise edge)
                          0.00   10.00   clock source latency
                  0.13    0.09   10.09 ^ clk (in)
     1    0.03                           clk (net)
                  0.13    0.00   10.09 ^ clkbuf_0_clk/A (sky130_fd_sc_hd__clkbuf_16)
                  0.07    0.17   10.25 ^ clkbuf_0_clk/X (sky130_fd_sc_hd__clkbuf_16)
     4    0.05                           clknet_0_clk (net)
                  0.07    0.00   10.26 ^ clkbuf_2_1__f_clk/A (sky130_fd_sc_hd__clkbuf_16)
                  0.07    0.15   10.40 ^ clkbuf_2_1__f_clk/X (sky130_fd_sc_hd__clkbuf_16)
    14    0.05                           clknet_2_1__leaf_clk (net)
                  0.07    0.00   10.40 ^ _695_/CLK (sky130_fd_sc_hd__dfrtp_1)
                         -0.25   10.15   clock uncertainty
                          0.00   10.15   clock reconvergence pessimism
                         -0.11   10.04   library setup time
                                 10.04   data required time
-----------------------------------------------------------------------------
                                 10.04   data required time
                                 -2.53   data arrival time
-----------------------------------------------------------------------------
                                  7.52   slack (MET)


Startpoint: _696_ (rising edge-triggered flip-flop clocked by clk)
Endpoint: _707_ (rising edge-triggered flip-flop clocked by clk)
Path Group: clk
Path Type: max

Fanout     Cap    Slew   Delay    Time   Description
-----------------------------------------------------------------------------
                          0.00    0.00   clock clk (rise edge)
                          0.00    0.00   clock source latency
                  0.13    0.09    0.09 ^ clk (in)
     1    0.03                           clk (net)
                  0.13    0.00    0.09 ^ clkbuf_0_clk/A (sky130_fd_sc_hd__clkbuf_16)
                  0.07    0.19    0.28 ^ clkbuf_0_clk/X (sky130_fd_sc_hd__clkbuf_16)
     4    0.05                           clknet_0_clk (net)
                  0.07    0.00    0.28 ^ clkbuf_2_3__f_clk/A (sky130_fd_sc_hd__clkbuf_16)
                  0.06    0.16    0.44 ^ clkbuf_2_3__f_clk/X (sky130_fd_sc_hd__clkbuf_16)
    12    0.05                           clknet_2_3__leaf_clk (net)
                  0.06    0.00    0.45 ^ _696_/CLK (sky130_fd_sc_hd__dfrtp_1)
                  0.08    0.43    0.88 v _696_/Q (sky130_fd_sc_hd__dfrtp_1)
     4    0.01                           u_core.count[2] (net)
                  0.08    0.00    0.88 v _589_/B (sky130_fd_sc_hd__nor4b_1)
                  0.39    0.42    1.30 ^ _589_/Y (sky130_fd_sc_hd__nor4b_1)
     2    0.01                           _319_ (net)
                  0.39    0.00    1.30 ^ wire36/A (sky130_fd_sc_hd__clkbuf_2)
                  0.13    0.26    1.56 ^ wire36/X (sky130_fd_sc_hd__clkbuf_2)
     4    0.02                           net36 (net)
                  0.13    0.00    1.56 ^ _590_/B (sky130_fd_sc_hd__nand2_4)
                  0.13    0.15    1.71 v _590_/Y (sky130_fd_sc_hd__nand2_4)
     7    0.06                           _320_ (net)
                  0.13    0.00    1.72 v _591_/A (sky130_fd_sc_hd__buf_4)
                  0.10    0.26    1.98 v _591_/X (sky130_fd_sc_hd__buf_4)
    10    0.07                           _321_ (net)
                  0.10    0.00    1.98 v _608_/S (sky130_fd_sc_hd__mux2_1)
                  0.05    0.34    2.32 v _608_/X (sky130_fd_sc_hd__mux2_1)
     1    0.00                           _329_ (net)
                  0.05    0.00    2.32 v _609_/A (sky130_fd_sc_hd__clkbuf_1)
                  0.02    0.09    2.41 v _609_/X (sky130_fd_sc_hd__clkbuf_1)
     1    0.00                           _067_ (net)
                  0.02    0.00    2.41 v _707_/D (sky130_fd_sc_hd__dfrtp_1)
                                  2.41   data arrival time

                         10.00   10.00   clock clk (rise edge)
                          0.00   10.00   clock source latency
                  0.13    0.09   10.09 ^ clk (in)
     1    0.03                           clk (net)
                  0.13    0.00   10.09 ^ clkbuf_0_clk/A (sky130_fd_sc_hd__clkbuf_16)
                  0.07    0.17   10.25 ^ clkbuf_0_clk/X (sky130_fd_sc_hd__clkbuf_16)
     4    0.05                           clknet_0_clk (net)
                  0.07    0.00   10.26 ^ clkbuf_2_2__f_clk/A (sky130_fd_sc_hd__clkbuf_16)
                  0.07    0.15   10.40 ^ clkbuf_2_2__f_clk/X (sky130_fd_sc_hd__clkbuf_16)
    13    0.05                           clknet_2_2__leaf_clk (net)
                  0.07    0.00   10.41 ^ _707_/CLK (sky130_fd_sc_hd__dfrtp_1)
                         -0.25   10.16   clock uncertainty
                          0.03   10.18   clock reconvergence pessimism
                         -0.10   10.08   library setup time
                                 10.08   data required time
-----------------------------------------------------------------------------
                                 10.08   data required time
                                 -2.41   data arrival time
-----------------------------------------------------------------------------
                                  7.67   slack (MET)


Startpoint: rst (input port clocked by clk)
Endpoint: _699_ (recovery check against rising-edge clock clk)
Path Group: asynchronous
Path Type: max

Fanout     Cap    Slew   Delay    Time   Description
-----------------------------------------------------------------------------
                          0.00    0.00   clock clk (rise edge)
                          0.00    0.00   clock network delay (propagated)
                          2.00    2.00 v input external delay
                  0.01    0.01    2.01 v rst (in)
     1    0.00                           rst (net)
                  0.01    0.00    2.01 v input17/A (sky130_fd_sc_hd__clkbuf_1)
                  0.03    0.08    2.09 v input17/X (sky130_fd_sc_hd__clkbuf_1)
     1    0.00                           net17 (net)
                  0.03    0.00    2.09 v _634_/A (sky130_fd_sc_hd__buf_4)
                  0.08    0.19    2.27 v _634_/X (sky130_fd_sc_hd__buf_4)
     9    0.05                           _341_ (net)
                  0.08    0.00    2.28 v _635_/A (sky130_fd_sc_hd__clkbuf_8)
                  0.09    0.22    2.50 v _635_/X (sky130_fd_sc_hd__clkbuf_8)
    10    0.08                           _342_ (net)
                  0.09    0.01    2.50 v _641_/A (sky130_fd_sc_hd__inv_2)
                  0.04    0.07    2.57 ^ _641_/Y (sky130_fd_sc_hd__inv_2)
     1    0.00                           _006_ (net)
                  0.04    0.00    2.57 ^ _699_/RESET_B (sky130_fd_sc_hd__dfrtp_4)
                                  2.57   data arrival time

                         10.00   10.00   clock clk (rise edge)
                          0.00   10.00   clock source latency
                  0.13    0.09   10.09 ^ clk (in)
     1    0.03                           clk (net)
                  0.13    0.00   10.09 ^ clkbuf_0_clk/A (sky130_fd_sc_hd__clkbuf_16)
                  0.07    0.17   10.25 ^ clkbuf_0_clk/X (sky130_fd_sc_hd__clkbuf_16)
     4    0.05                           clknet_0_clk (net)
                  0.07    0.00   10.26 ^ clkbuf_2_1__f_clk/A (sky130_fd_sc_hd__clkbuf_16)
                  0.07    0.15   10.40 ^ clkbuf_2_1__f_clk/X (sky130_fd_sc_hd__clkbuf_16)
    14    0.05                           clknet_2_1__leaf_clk (net)
                  0.07    0.00   10.40 ^ _699_/CLK (sky130_fd_sc_hd__dfrtp_4)
                         -0.25   10.15   clock uncertainty
                          0.00   10.15   clock reconvergence pessimism
                          0.23   10.38   library recovery time
                                 10.38   data required time
-----------------------------------------------------------------------------
                                 10.38   data required time
                                 -2.57   data arrival time
-----------------------------------------------------------------------------
                                  7.81   slack (MET)


Startpoint: rst (input port clocked by clk)
Endpoint: _698_ (recovery check against rising-edge clock clk)
Path Group: asynchronous
Path Type: max

Fanout     Cap    Slew   Delay    Time   Description
-----------------------------------------------------------------------------
                          0.00    0.00   clock clk (rise edge)
                          0.00    0.00   clock network delay (propagated)
                          2.00    2.00 v input external delay
                  0.01    0.01    2.01 v rst (in)
     1    0.00                           rst (net)
                  0.01    0.00    2.01 v input17/A (sky130_fd_sc_hd__clkbuf_1)
                  0.03    0.08    2.09 v input17/X (sky130_fd_sc_hd__clkbuf_1)
     1    0.00                           net17 (net)
                  0.03    0.00    2.09 v _634_/A (sky130_fd_sc_hd__buf_4)
                  0.08    0.19    2.27 v _634_/X (sky130_fd_sc_hd__buf_4)
     9    0.05                           _341_ (net)
                  0.08    0.00    2.28 v _635_/A (sky130_fd_sc_hd__clkbuf_8)
                  0.09    0.22    2.50 v _635_/X (sky130_fd_sc_hd__clkbuf_8)
    10    0.08                           _342_ (net)
                  0.09    0.01    2.50 v _640_/A (sky130_fd_sc_hd__inv_2)
                  0.04    0.07    2.57 ^ _640_/Y (sky130_fd_sc_hd__inv_2)
     1    0.00                           _005_ (net)
                  0.04    0.00    2.57 ^ _698_/RESET_B (sky130_fd_sc_hd__dfrtp_2)
                                  2.57   data arrival time

                         10.00   10.00   clock clk (rise edge)
                          0.00   10.00   clock source latency
                  0.13    0.09   10.09 ^ clk (in)
     1    0.03                           clk (net)
                  0.13    0.00   10.09 ^ clkbuf_0_clk/A (sky130_fd_sc_hd__clkbuf_16)
                  0.07    0.17   10.25 ^ clkbuf_0_clk/X (sky130_fd_sc_hd__clkbuf_16)
     4    0.05                           clknet_0_clk (net)
                  0.07    0.00   10.26 ^ clkbuf_2_3__f_clk/A (sky130_fd_sc_hd__clkbuf_16)
                  0.06    0.15   10.40 ^ clkbuf_2_3__f_clk/X (sky130_fd_sc_hd__clkbuf_16)
    12    0.05                           clknet_2_3__leaf_clk (net)
                  0.06    0.00   10.40 ^ _698_/CLK (sky130_fd_sc_hd__dfrtp_2)
                         -0.25   10.15   clock uncertainty
                          0.00   10.15   clock reconvergence pessimism
                          0.23   10.38   library recovery time
                                 10.38   data required time
-----------------------------------------------------------------------------
                                 10.38   data required time
                                 -2.57   data arrival time
-----------------------------------------------------------------------------
                                  7.81   slack (MET)


Startpoint: rst (input port clocked by clk)
Endpoint: _709_ (recovery check against rising-edge clock clk)
Path Group: asynchronous
Path Type: max

Fanout     Cap    Slew   Delay    Time   Description
-----------------------------------------------------------------------------
                          0.00    0.00   clock clk (rise edge)
                          0.00    0.00   clock network delay (propagated)
                          2.00    2.00 v input external delay
                  0.01    0.01    2.01 v rst (in)
     1    0.00                           rst (net)
                  0.01    0.00    2.01 v input17/A (sky130_fd_sc_hd__clkbuf_1)
                  0.03    0.08    2.09 v input17/X (sky130_fd_sc_hd__clkbuf_1)
     1    0.00                           net17 (net)
                  0.03    0.00    2.09 v _634_/A (sky130_fd_sc_hd__buf_4)
                  0.08    0.19    2.27 v _634_/X (sky130_fd_sc_hd__buf_4)
     9    0.05                           _341_ (net)
                  0.08    0.00    2.27 v _646_/A (sky130_fd_sc_hd__clkbuf_8)
                  0.10    0.23    2.50 v _646_/X (sky130_fd_sc_hd__clkbuf_8)
    10    0.09                           _343_ (net)
                  0.10    0.01    2.51 v _652_/A (sky130_fd_sc_hd__inv_2)
                  0.04    0.07    2.58 ^ _652_/Y (sky130_fd_sc_hd__inv_2)
     1    0.00                           _016_ (net)
                  0.04    0.00    2.58 ^ _709_/RESET_B (sky130_fd_sc_hd__dfrtp_1)
                                  2.58   data arrival time

                         10.00   10.00   clock clk (rise edge)
                          0.00   10.00   clock source latency
                  0.13    0.09   10.09 ^ clk (in)
     1    0.03                           clk (net)
                  0.13    0.00   10.09 ^ clkbuf_0_clk/A (sky130_fd_sc_hd__clkbuf_16)
                  0.07    0.17   10.25 ^ clkbuf_0_clk/X (sky130_fd_sc_hd__clkbuf_16)
     4    0.05                           clknet_0_clk (net)
                  0.07    0.00   10.26 ^ clkbuf_2_1__f_clk/A (sky130_fd_sc_hd__clkbuf_16)
                  0.07    0.15   10.40 ^ clkbuf_2_1__f_clk/X (sky130_fd_sc_hd__clkbuf_16)
    14    0.05                           clknet_2_1__leaf_clk (net)
                  0.07    0.00   10.40 ^ _709_/CLK (sky130_fd_sc_hd__dfrtp_1)
                         -0.25   10.15   clock uncertainty
                          0.00   10.15   clock reconvergence pessimism
                          0.24   10.39   library recovery time
                                 10.39   data required time
-----------------------------------------------------------------------------
                                 10.39   data required time
                                 -2.58   data arrival time
-----------------------------------------------------------------------------
                                  7.81   slack (MET)


Startpoint: rst (input port clocked by clk)
Endpoint: _732_ (recovery check against rising-edge clock clk)
Path Group: asynchronous
Path Type: max

Fanout     Cap    Slew   Delay    Time   Description
-----------------------------------------------------------------------------
                          0.00    0.00   clock clk (rise edge)
                          0.00    0.00   clock network delay (propagated)
                          2.00    2.00 v input external delay
                  0.01    0.01    2.01 v rst (in)
     1    0.00                           rst (net)
                  0.01    0.00    2.01 v input17/A (sky130_fd_sc_hd__clkbuf_1)
                  0.03    0.08    2.09 v input17/X (sky130_fd_sc_hd__clkbuf_1)
     1    0.00                           net17 (net)
                  0.03    0.00    2.09 v _634_/A (sky130_fd_sc_hd__buf_4)
                  0.08    0.19    2.27 v _634_/X (sky130_fd_sc_hd__buf_4)
     9    0.05                           _341_ (net)
                  0.08    0.00    2.28 v _668_/A (sky130_fd_sc_hd__clkbuf_8)
                  0.09    0.22    2.50 v _668_/X (sky130_fd_sc_hd__clkbuf_8)
    10    0.08                           _345_ (net)
                  0.09    0.00    2.50 v _677_/A (sky130_fd_sc_hd__inv_2)
                  0.04    0.07    2.57 ^ _677_/Y (sky130_fd_sc_hd__inv_2)
     1    0.00                           _039_ (net)
                  0.04    0.00    2.57 ^ _732_/RESET_B (sky130_fd_sc_hd__dfrtp_4)
                                  2.57   data arrival time

                         10.00   10.00   clock clk (rise edge)
                          0.00   10.00   clock source latency
                  0.13    0.09   10.09 ^ clk (in)
     1    0.03                           clk (net)
                  0.13    0.00   10.09 ^ clkbuf_0_clk/A (sky130_fd_sc_hd__clkbuf_16)
                  0.07    0.17   10.25 ^ clkbuf_0_clk/X (sky130_fd_sc_hd__clkbuf_16)
     4    0.05                           clknet_0_clk (net)
                  0.07    0.00   10.26 ^ clkbuf_2_3__f_clk/A (sky130_fd_sc_hd__clkbuf_16)
                  0.06    0.15   10.40 ^ clkbuf_2_3__f_clk/X (sky130_fd_sc_hd__clkbuf_16)
    12    0.05                           clknet_2_3__leaf_clk (net)
                  0.06    0.00   10.40 ^ _732_/CLK (sky130_fd_sc_hd__dfrtp_4)
                         -0.25   10.15   clock uncertainty
                          0.00   10.15   clock reconvergence pessimism
                          0.23   10.38   library recovery time
                                 10.38   data required time
-----------------------------------------------------------------------------
                                 10.38   data required time
                                 -2.57   data arrival time
-----------------------------------------------------------------------------
                                  7.81   slack (MET)


Startpoint: rst (input port clocked by clk)
Endpoint: _728_ (recovery check against rising-edge clock clk)
Path Group: asynchronous
Path Type: max

Fanout     Cap    Slew   Delay    Time   Description
-----------------------------------------------------------------------------
                          0.00    0.00   clock clk (rise edge)
                          0.00    0.00   clock network delay (propagated)
                          2.00    2.00 v input external delay
                  0.01    0.01    2.01 v rst (in)
     1    0.00                           rst (net)
                  0.01    0.00    2.01 v input17/A (sky130_fd_sc_hd__clkbuf_1)
                  0.03    0.08    2.09 v input17/X (sky130_fd_sc_hd__clkbuf_1)
     1    0.00                           net17 (net)
                  0.03    0.00    2.09 v _634_/A (sky130_fd_sc_hd__buf_4)
                  0.08    0.19    2.27 v _634_/X (sky130_fd_sc_hd__buf_4)
     9    0.05                           _341_ (net)
                  0.08    0.00    2.28 v _668_/A (sky130_fd_sc_hd__clkbuf_8)
                  0.09    0.22    2.50 v _668_/X (sky130_fd_sc_hd__clkbuf_8)
    10    0.08                           _345_ (net)
                  0.09    0.00    2.50 v _673_/A (sky130_fd_sc_hd__inv_2)
                  0.04    0.06    2.57 ^ _673_/Y (sky130_fd_sc_hd__inv_2)
     1    0.00                           _035_ (net)
                  0.04    0.00    2.57 ^ _728_/RESET_B (sky130_fd_sc_hd__dfrtp_4)
                                  2.57   data arrival time

                         10.00   10.00   clock clk (rise edge)
                          0.00   10.00   clock source latency
                  0.13    0.09   10.09 ^ clk (in)
     1    0.03                           clk (net)
                  0.13    0.00   10.09 ^ clkbuf_0_clk/A (sky130_fd_sc_hd__clkbuf_16)
                  0.07    0.17   10.25 ^ clkbuf_0_clk/X (sky130_fd_sc_hd__clkbuf_16)
     4    0.05                           clknet_0_clk (net)
                  0.07    0.00   10.26 ^ clkbuf_2_3__f_clk/A (sky130_fd_sc_hd__clkbuf_16)
                  0.06    0.15   10.40 ^ clkbuf_2_3__f_clk/X (sky130_fd_sc_hd__clkbuf_16)
    12    0.05                           clknet_2_3__leaf_clk (net)
                  0.06    0.00   10.40 ^ _728_/CLK (sky130_fd_sc_hd__dfrtp_4)
                         -0.25   10.15   clock uncertainty
                          0.00   10.15   clock reconvergence pessimism
                          0.23   10.38   library recovery time
                                 10.38   data required time
-----------------------------------------------------------------------------
                                 10.38   data required time
                                 -2.57   data arrival time
-----------------------------------------------------------------------------
                                  7.81   slack (MET)


Startpoint: rst (input port clocked by clk)
Endpoint: _727_ (recovery check against rising-edge clock clk)
Path Group: asynchronous
Path Type: max

Fanout     Cap    Slew   Delay    Time   Description
-----------------------------------------------------------------------------
                          0.00    0.00   clock clk (rise edge)
                          0.00    0.00   clock network delay (propagated)
                          2.00    2.00 v input external delay
                  0.01    0.01    2.01 v rst (in)
     1    0.00                           rst (net)
                  0.01    0.00    2.01 v input17/A (sky130_fd_sc_hd__clkbuf_1)
                  0.03    0.08    2.09 v input17/X (sky130_fd_sc_hd__clkbuf_1)
     1    0.00                           net17 (net)
                  0.03    0.00    2.09 v _634_/A (sky130_fd_sc_hd__buf_4)
                  0.08    0.19    2.27 v _634_/X (sky130_fd_sc_hd__buf_4)
     9    0.05                           _341_ (net)
                  0.08    0.00    2.28 v _668_/A (sky130_fd_sc_hd__clkbuf_8)
                  0.09    0.22    2.50 v _668_/X (sky130_fd_sc_hd__clkbuf_8)
    10    0.08                           _345_ (net)
                  0.09    0.00    2.50 v _672_/A (sky130_fd_sc_hd__inv_2)
                  0.04    0.07    2.57 ^ _672_/Y (sky130_fd_sc_hd__inv_2)
     1    0.00                           _034_ (net)
                  0.04    0.00    2.57 ^ _727_/RESET_B (sky130_fd_sc_hd__dfrtp_4)
                                  2.57   data arrival time

                         10.00   10.00   clock clk (rise edge)
                          0.00   10.00   clock source latency
                  0.13    0.09   10.09 ^ clk (in)
     1    0.03                           clk (net)
                  0.13    0.00   10.09 ^ clkbuf_0_clk/A (sky130_fd_sc_hd__clkbuf_16)
                  0.07    0.17   10.25 ^ clkbuf_0_clk/X (sky130_fd_sc_hd__clkbuf_16)
     4    0.05                           clknet_0_clk (net)
                  0.07    0.00   10.26 ^ clkbuf_2_0__f_clk/A (sky130_fd_sc_hd__clkbuf_16)
                  0.07    0.15   10.40 ^ clkbuf_2_0__f_clk/X (sky130_fd_sc_hd__clkbuf_16)
    15    0.05                           clknet_2_0__leaf_clk (net)
                  0.07    0.00   10.40 ^ _727_/CLK (sky130_fd_sc_hd__dfrtp_4)
                         -0.25   10.15   clock uncertainty
                          0.00   10.15   clock reconvergence pessimism
                          0.23   10.38   library recovery time
                                 10.38   data required time
-----------------------------------------------------------------------------
                                 10.38   data required time
                                 -2.57   data arrival time
-----------------------------------------------------------------------------
                                  7.81   slack (MET)


Startpoint: rst (input port clocked by clk)
Endpoint: _731_ (recovery check against rising-edge clock clk)
Path Group: asynchronous
Path Type: max

Fanout     Cap    Slew   Delay    Time   Description
-----------------------------------------------------------------------------
                          0.00    0.00   clock clk (rise edge)
                          0.00    0.00   clock network delay (propagated)
                          2.00    2.00 v input external delay
                  0.01    0.01    2.01 v rst (in)
     1    0.00                           rst (net)
                  0.01    0.00    2.01 v input17/A (sky130_fd_sc_hd__clkbuf_1)
                  0.03    0.08    2.09 v input17/X (sky130_fd_sc_hd__clkbuf_1)
     1    0.00                           net17 (net)
                  0.03    0.00    2.09 v _634_/A (sky130_fd_sc_hd__buf_4)
                  0.08    0.19    2.27 v _634_/X (sky130_fd_sc_hd__buf_4)
     9    0.05                           _341_ (net)
                  0.08    0.00    2.28 v _668_/A (sky130_fd_sc_hd__clkbuf_8)
                  0.09    0.22    2.50 v _668_/X (sky130_fd_sc_hd__clkbuf_8)
    10    0.08                           _345_ (net)
                  0.09    0.00    2.50 v _676_/A (sky130_fd_sc_hd__inv_2)
                  0.04    0.07    2.57 ^ _676_/Y (sky130_fd_sc_hd__inv_2)
     1    0.00                           _038_ (net)
                  0.04    0.00    2.57 ^ _731_/RESET_B (sky130_fd_sc_hd__dfrtp_4)
                                  2.57   data arrival time

                         10.00   10.00   clock clk (rise edge)
                          0.00   10.00   clock source latency
                  0.13    0.09   10.09 ^ clk (in)
     1    0.03                           clk (net)
                  0.13    0.00   10.09 ^ clkbuf_0_clk/A (sky130_fd_sc_hd__clkbuf_16)
                  0.07    0.17   10.25 ^ clkbuf_0_clk/X (sky130_fd_sc_hd__clkbuf_16)
     4    0.05                           clknet_0_clk (net)
                  0.07    0.00   10.26 ^ clkbuf_2_1__f_clk/A (sky130_fd_sc_hd__clkbuf_16)
                  0.07    0.15   10.40 ^ clkbuf_2_1__f_clk/X (sky130_fd_sc_hd__clkbuf_16)
    14    0.05                           clknet_2_1__leaf_clk (net)
                  0.07    0.00   10.40 ^ _731_/CLK (sky130_fd_sc_hd__dfrtp_4)
                         -0.25   10.15   clock uncertainty
                          0.00   10.15   clock reconvergence pessimism
                          0.23   10.38   library recovery time
                                 10.38   data required time
-----------------------------------------------------------------------------
                                 10.38   data required time
                                 -2.57   data arrival time
-----------------------------------------------------------------------------
                                  7.81   slack (MET)


Startpoint: rst (input port clocked by clk)
Endpoint: _726_ (recovery check against rising-edge clock clk)
Path Group: asynchronous
Path Type: max

Fanout     Cap    Slew   Delay    Time   Description
-----------------------------------------------------------------------------
                          0.00    0.00   clock clk (rise edge)
                          0.00    0.00   clock network delay (propagated)
                          2.00    2.00 v input external delay
                  0.01    0.01    2.01 v rst (in)
     1    0.00                           rst (net)
                  0.01    0.00    2.01 v input17/A (sky130_fd_sc_hd__clkbuf_1)
                  0.03    0.08    2.09 v input17/X (sky130_fd_sc_hd__clkbuf_1)
     1    0.00                           net17 (net)
                  0.03    0.00    2.09 v _634_/A (sky130_fd_sc_hd__buf_4)
                  0.08    0.19    2.27 v _634_/X (sky130_fd_sc_hd__buf_4)
     9    0.05                           _341_ (net)
                  0.08    0.00    2.28 v _668_/A (sky130_fd_sc_hd__clkbuf_8)
                  0.09    0.22    2.50 v _668_/X (sky130_fd_sc_hd__clkbuf_8)
    10    0.08                           _345_ (net)
                  0.09    0.00    2.50 v _671_/A (sky130_fd_sc_hd__inv_2)
                  0.04    0.07    2.57 ^ _671_/Y (sky130_fd_sc_hd__inv_2)
     1    0.00                           _033_ (net)
                  0.04    0.00    2.57 ^ _726_/RESET_B (sky130_fd_sc_hd__dfrtp_2)
                                  2.57   data arrival time

                         10.00   10.00   clock clk (rise edge)
                          0.00   10.00   clock source latency
                  0.13    0.09   10.09 ^ clk (in)
     1    0.03                           clk (net)
                  0.13    0.00   10.09 ^ clkbuf_0_clk/A (sky130_fd_sc_hd__clkbuf_16)
                  0.07    0.17   10.25 ^ clkbuf_0_clk/X (sky130_fd_sc_hd__clkbuf_16)
     4    0.05                           clknet_0_clk (net)
                  0.07    0.00   10.26 ^ clkbuf_2_0__f_clk/A (sky130_fd_sc_hd__clkbuf_16)
                  0.07    0.15   10.40 ^ clkbuf_2_0__f_clk/X (sky130_fd_sc_hd__clkbuf_16)
    15    0.05                           clknet_2_0__leaf_clk (net)
                  0.07    0.00   10.40 ^ _726_/CLK (sky130_fd_sc_hd__dfrtp_2)
                         -0.25   10.15   clock uncertainty
                          0.00   10.15   clock reconvergence pessimism
                          0.23   10.38   library recovery time
                                 10.38   data required time
-----------------------------------------------------------------------------
                                 10.38   data required time
                                 -2.57   data arrival time
-----------------------------------------------------------------------------
                                  7.81   slack (MET)


Startpoint: rst (input port clocked by clk)
Endpoint: _712_ (recovery check against rising-edge clock clk)
Path Group: asynchronous
Path Type: max

Fanout     Cap    Slew   Delay    Time   Description
-----------------------------------------------------------------------------
                          0.00    0.00   clock clk (rise edge)
                          0.00    0.00   clock network delay (propagated)
                          2.00    2.00 v input external delay
                  0.01    0.01    2.01 v rst (in)
     1    0.00                           rst (net)
                  0.01    0.00    2.01 v input17/A (sky130_fd_sc_hd__clkbuf_1)
                  0.03    0.08    2.09 v input17/X (sky130_fd_sc_hd__clkbuf_1)
     1    0.00                           net17 (net)
                  0.03    0.00    2.09 v _634_/A (sky130_fd_sc_hd__buf_4)
                  0.08    0.19    2.27 v _634_/X (sky130_fd_sc_hd__buf_4)
     9    0.05                           _341_ (net)
                  0.08    0.00    2.27 v _646_/A (sky130_fd_sc_hd__clkbuf_8)
                  0.10    0.23    2.50 v _646_/X (sky130_fd_sc_hd__clkbuf_8)
    10    0.09                           _343_ (net)
                  0.10    0.01    2.51 v _655_/A (sky130_fd_sc_hd__inv_2)
                  0.04    0.07    2.58 ^ _655_/Y (sky130_fd_sc_hd__inv_2)
     1    0.00                           _019_ (net)
                  0.04    0.00    2.58 ^ _712_/RESET_B (sky130_fd_sc_hd__dfrtp_1)
                                  2.58   data arrival time

                         10.00   10.00   clock clk (rise edge)
                          0.00   10.00   clock source latency
                  0.13    0.09   10.09 ^ clk (in)
     1    0.03                           clk (net)
                  0.13    0.00   10.09 ^ clkbuf_0_clk/A (sky130_fd_sc_hd__clkbuf_16)
                  0.07    0.17   10.25 ^ clkbuf_0_clk/X (sky130_fd_sc_hd__clkbuf_16)
     4    0.05                           clknet_0_clk (net)
                  0.07    0.00   10.26 ^ clkbuf_2_1__f_clk/A (sky130_fd_sc_hd__clkbuf_16)
                  0.07    0.15   10.40 ^ clkbuf_2_1__f_clk/X (sky130_fd_sc_hd__clkbuf_16)
    14    0.05                           clknet_2_1__leaf_clk (net)
                  0.07    0.00   10.40 ^ _712_/CLK (sky130_fd_sc_hd__dfrtp_1)
                         -0.25   10.15   clock uncertainty
                          0.00   10.15   clock reconvergence pessimism
                          0.24   10.39   library recovery time
                                 10.39   data required time
-----------------------------------------------------------------------------
                                 10.39   data required time
                                 -2.58   data arrival time
-----------------------------------------------------------------------------
                                  7.81   slack (MET)


Startpoint: rst (input port clocked by clk)
Endpoint: _706_ (recovery check against rising-edge clock clk)
Path Group: asynchronous
Path Type: max

Fanout     Cap    Slew   Delay    Time   Description
-----------------------------------------------------------------------------
                          0.00    0.00   clock clk (rise edge)
                          0.00    0.00   clock network delay (propagated)
                          2.00    2.00 v input external delay
                  0.01    0.01    2.01 v rst (in)
     1    0.00                           rst (net)
                  0.01    0.00    2.01 v input17/A (sky130_fd_sc_hd__clkbuf_1)
                  0.03    0.08    2.09 v input17/X (sky130_fd_sc_hd__clkbuf_1)
     1    0.00                           net17 (net)
                  0.03    0.00    2.09 v _634_/A (sky130_fd_sc_hd__buf_4)
                  0.08    0.19    2.27 v _634_/X (sky130_fd_sc_hd__buf_4)
     9    0.05                           _341_ (net)
                  0.08    0.00    2.27 v _646_/A (sky130_fd_sc_hd__clkbuf_8)
                  0.10    0.23    2.50 v _646_/X (sky130_fd_sc_hd__clkbuf_8)
    10    0.09                           _343_ (net)
                  0.10    0.01    2.51 v _649_/A (sky130_fd_sc_hd__inv_2)
                  0.04    0.07    2.58 ^ _649_/Y (sky130_fd_sc_hd__inv_2)
     1    0.00                           _013_ (net)
                  0.04    0.00    2.58 ^ _706_/RESET_B (sky130_fd_sc_hd__dfrtp_1)
                                  2.58   data arrival time

                         10.00   10.00   clock clk (rise edge)
                          0.00   10.00   clock source latency
                  0.13    0.09   10.09 ^ clk (in)
     1    0.03                           clk (net)
                  0.13    0.00   10.09 ^ clkbuf_0_clk/A (sky130_fd_sc_hd__clkbuf_16)
                  0.07    0.17   10.25 ^ clkbuf_0_clk/X (sky130_fd_sc_hd__clkbuf_16)
     4    0.05                           clknet_0_clk (net)
                  0.07    0.00   10.26 ^ clkbuf_2_1__f_clk/A (sky130_fd_sc_hd__clkbuf_16)
                  0.07    0.15   10.40 ^ clkbuf_2_1__f_clk/X (sky130_fd_sc_hd__clkbuf_16)
    14    0.05                           clknet_2_1__leaf_clk (net)
                  0.07    0.00   10.40 ^ _706_/CLK (sky130_fd_sc_hd__dfrtp_1)
                         -0.25   10.15   clock uncertainty
                          0.00   10.15   clock reconvergence pessimism
                          0.24   10.39   library recovery time
                                 10.39   data required time
-----------------------------------------------------------------------------
                                 10.39   data required time
                                 -2.58   data arrival time
-----------------------------------------------------------------------------
                                  7.82   slack (MET)


Startpoint: rst (input port clocked by clk)
Endpoint: _738_ (recovery check against rising-edge clock clk)
Path Group: asynchronous
Path Type: max

Fanout     Cap    Slew   Delay    Time   Description
-----------------------------------------------------------------------------
                          0.00    0.00   clock clk (rise edge)
                          0.00    0.00   clock network delay (propagated)
                          2.00    2.00 v input external delay
                  0.01    0.01    2.01 v rst (in)
     1    0.00                           rst (net)
                  0.01    0.00    2.01 v input17/A (sky130_fd_sc_hd__clkbuf_1)
                  0.03    0.08    2.09 v input17/X (sky130_fd_sc_hd__clkbuf_1)
     1    0.00                           net17 (net)
                  0.03    0.00    2.09 v _634_/A (sky130_fd_sc_hd__buf_4)
                  0.08    0.19    2.27 v _634_/X (sky130_fd_sc_hd__buf_4)
     9    0.05                           _341_ (net)
                  0.08    0.00    2.28 v _679_/A (sky130_fd_sc_hd__clkbuf_8)
                  0.09    0.22    2.49 v _679_/X (sky130_fd_sc_hd__clkbuf_8)
    10    0.07                           _346_ (net)
                  0.09    0.01    2.50 v _684_/A (sky130_fd_sc_hd__inv_2)
                  0.04    0.07    2.56 ^ _684_/Y (sky130_fd_sc_hd__inv_2)
     1    0.00                           _045_ (net)
                  0.04    0.00    2.57 ^ _738_/RESET_B (sky130_fd_sc_hd__dfrtp_2)
                                  2.57   data arrival time

                         10.00   10.00   clock clk (rise edge)
                          0.00   10.00   clock source latency
                  0.13    0.09   10.09 ^ clk (in)
     1    0.03                           clk (net)
                  0.13    0.00   10.09 ^ clkbuf_0_clk/A (sky130_fd_sc_hd__clkbuf_16)
                  0.07    0.17   10.25 ^ clkbuf_0_clk/X (sky130_fd_sc_hd__clkbuf_16)
     4    0.05                           clknet_0_clk (net)
                  0.07    0.00   10.26 ^ clkbuf_2_1__f_clk/A (sky130_fd_sc_hd__clkbuf_16)
                  0.07    0.15   10.40 ^ clkbuf_2_1__f_clk/X (sky130_fd_sc_hd__clkbuf_16)
    14    0.05                           clknet_2_1__leaf_clk (net)
                  0.07    0.00   10.40 ^ _738_/CLK (sky130_fd_sc_hd__dfrtp_2)
                         -0.25   10.15   clock uncertainty
                          0.00   10.15   clock reconvergence pessimism
                          0.23   10.38   library recovery time
                                 10.38   data required time
-----------------------------------------------------------------------------
                                 10.38   data required time
                                 -2.57   data arrival time
-----------------------------------------------------------------------------
                                  7.82   slack (MET)


Startpoint: rst (input port clocked by clk)
Endpoint: _739_ (recovery check against rising-edge clock clk)
Path Group: asynchronous
Path Type: max

Fanout     Cap    Slew   Delay    Time   Description
-----------------------------------------------------------------------------
                          0.00    0.00   clock clk (rise edge)
                          0.00    0.00   clock network delay (propagated)
                          2.00    2.00 v input external delay
                  0.01    0.01    2.01 v rst (in)
     1    0.00                           rst (net)
                  0.01    0.00    2.01 v input17/A (sky130_fd_sc_hd__clkbuf_1)
                  0.03    0.08    2.09 v input17/X (sky130_fd_sc_hd__clkbuf_1)
     1    0.00                           net17 (net)
                  0.03    0.00    2.09 v _634_/A (sky130_fd_sc_hd__buf_4)
                  0.08    0.19    2.27 v _634_/X (sky130_fd_sc_hd__buf_4)
     9    0.05                           _341_ (net)
                  0.08    0.00    2.28 v _679_/A (sky130_fd_sc_hd__clkbuf_8)
                  0.09    0.22    2.49 v _679_/X (sky130_fd_sc_hd__clkbuf_8)
    10    0.07                           _346_ (net)
                  0.09    0.01    2.50 v _685_/A (sky130_fd_sc_hd__inv_2)
                  0.04    0.07    2.56 ^ _685_/Y (sky130_fd_sc_hd__inv_2)
     1    0.00                           _046_ (net)
                  0.04    0.00    2.56 ^ _739_/RESET_B (sky130_fd_sc_hd__dfrtp_2)
                                  2.56   data arrival time

                         10.00   10.00   clock clk (rise edge)
                          0.00   10.00   clock source latency
                  0.13    0.09   10.09 ^ clk (in)
     1    0.03                           clk (net)
                  0.13    0.00   10.09 ^ clkbuf_0_clk/A (sky130_fd_sc_hd__clkbuf_16)
                  0.07    0.17   10.25 ^ clkbuf_0_clk/X (sky130_fd_sc_hd__clkbuf_16)
     4    0.05                           clknet_0_clk (net)
                  0.07    0.00   10.26 ^ clkbuf_2_3__f_clk/A (sky130_fd_sc_hd__clkbuf_16)
                  0.06    0.15   10.40 ^ clkbuf_2_3__f_clk/X (sky130_fd_sc_hd__clkbuf_16)
    12    0.05                           clknet_2_3__leaf_clk (net)
                  0.06    0.00   10.40 ^ _739_/CLK (sky130_fd_sc_hd__dfrtp_2)
                         -0.25   10.15   clock uncertainty
                          0.00   10.15   clock reconvergence pessimism
                          0.23   10.38   library recovery time
                                 10.38   data required time
-----------------------------------------------------------------------------
                                 10.38   data required time
                                 -2.56   data arrival time
-----------------------------------------------------------------------------
                                  7.82   slack (MET)


Startpoint: rst (input port clocked by clk)
Endpoint: _725_ (recovery check against rising-edge clock clk)
Path Group: asynchronous
Path Type: max

Fanout     Cap    Slew   Delay    Time   Description
-----------------------------------------------------------------------------
                          0.00    0.00   clock clk (rise edge)
                          0.00    0.00   clock network delay (propagated)
                          2.00    2.00 v input external delay
                  0.01    0.01    2.01 v rst (in)
     1    0.00                           rst (net)
                  0.01    0.00    2.01 v input17/A (sky130_fd_sc_hd__clkbuf_1)
                  0.03    0.08    2.09 v input17/X (sky130_fd_sc_hd__clkbuf_1)
     1    0.00                           net17 (net)
                  0.03    0.00    2.09 v _634_/A (sky130_fd_sc_hd__buf_4)
                  0.08    0.19    2.27 v _634_/X (sky130_fd_sc_hd__buf_4)
     9    0.05                           _341_ (net)
                  0.08    0.00    2.28 v _668_/A (sky130_fd_sc_hd__clkbuf_8)
                  0.09    0.22    2.50 v _668_/X (sky130_fd_sc_hd__clkbuf_8)
    10    0.08                           _345_ (net)
                  0.09    0.00    2.50 v _670_/A (sky130_fd_sc_hd__inv_2)
                  0.04    0.07    2.57 ^ _670_/Y (sky130_fd_sc_hd__inv_2)
     1    0.00                           _032_ (net)
                  0.04    0.00    2.57 ^ _725_/RESET_B (sky130_fd_sc_hd__dfrtp_4)
                                  2.57   data arrival time

                         10.00   10.00   clock clk (rise edge)
                          0.00   10.00   clock source latency
                  0.13    0.09   10.09 ^ clk (in)
     1    0.03                           clk (net)
                  0.13    0.00   10.09 ^ clkbuf_0_clk/A (sky130_fd_sc_hd__clkbuf_16)
                  0.07    0.17   10.25 ^ clkbuf_0_clk/X (sky130_fd_sc_hd__clkbuf_16)
     4    0.05                           clknet_0_clk (net)
                  0.07    0.00   10.26 ^ clkbuf_2_0__f_clk/A (sky130_fd_sc_hd__clkbuf_16)
                  0.07    0.15   10.40 ^ clkbuf_2_0__f_clk/X (sky130_fd_sc_hd__clkbuf_16)
    15    0.05                           clknet_2_0__leaf_clk (net)
                  0.07    0.00   10.41 ^ _725_/CLK (sky130_fd_sc_hd__dfrtp_4)
                         -0.25   10.16   clock uncertainty
                          0.00   10.16   clock reconvergence pessimism
                          0.23   10.39   library recovery time
                                 10.39   data required time
-----------------------------------------------------------------------------
                                 10.39   data required time
                                 -2.57   data arrival time
-----------------------------------------------------------------------------
                                  7.82   slack (MET)


Startpoint: rst (input port clocked by clk)
Endpoint: _724_ (recovery check against rising-edge clock clk)
Path Group: asynchronous
Path Type: max

Fanout     Cap    Slew   Delay    Time   Description
-----------------------------------------------------------------------------
                          0.00    0.00   clock clk (rise edge)
                          0.00    0.00   clock network delay (propagated)
                          2.00    2.00 v input external delay
                  0.01    0.01    2.01 v rst (in)
     1    0.00                           rst (net)
                  0.01    0.00    2.01 v input17/A (sky130_fd_sc_hd__clkbuf_1)
                  0.03    0.08    2.09 v input17/X (sky130_fd_sc_hd__clkbuf_1)
     1    0.00                           net17 (net)
                  0.03    0.00    2.09 v _634_/A (sky130_fd_sc_hd__buf_4)
                  0.08    0.19    2.27 v _634_/X (sky130_fd_sc_hd__buf_4)
     9    0.05                           _341_ (net)
                  0.08    0.00    2.28 v _668_/A (sky130_fd_sc_hd__clkbuf_8)
                  0.09    0.22    2.50 v _668_/X (sky130_fd_sc_hd__clkbuf_8)
    10    0.08                           _345_ (net)
                  0.09    0.00    2.50 v _669_/A (sky130_fd_sc_hd__inv_2)
                  0.04    0.07    2.57 ^ _669_/Y (sky130_fd_sc_hd__inv_2)
     1    0.00                           _031_ (net)
                  0.04    0.00    2.57 ^ _724_/RESET_B (sky130_fd_sc_hd__dfrtp_2)
                                  2.57   data arrival time

                         10.00   10.00   clock clk (rise edge)
                          0.00   10.00   clock source latency
                  0.13    0.09   10.09 ^ clk (in)
     1    0.03                           clk (net)
                  0.13    0.00   10.09 ^ clkbuf_0_clk/A (sky130_fd_sc_hd__clkbuf_16)
                  0.07    0.17   10.25 ^ clkbuf_0_clk/X (sky130_fd_sc_hd__clkbuf_16)
     4    0.05                           clknet_0_clk (net)
                  0.07    0.00   10.26 ^ clkbuf_2_2__f_clk/A (sky130_fd_sc_hd__clkbuf_16)
                  0.07    0.15   10.40 ^ clkbuf_2_2__f_clk/X (sky130_fd_sc_hd__clkbuf_16)
    13    0.05                           clknet_2_2__leaf_clk (net)
                  0.07    0.00   10.41 ^ _724_/CLK (sky130_fd_sc_hd__dfrtp_2)
                         -0.25   10.16   clock uncertainty
                          0.00   10.16   clock reconvergence pessimism
                          0.23   10.38   library recovery time
                                 10.38   data required time
-----------------------------------------------------------------------------
                                 10.38   data required time
                                 -2.57   data arrival time
-----------------------------------------------------------------------------
                                  7.82   slack (MET)


Startpoint: rst (input port clocked by clk)
Endpoint: _704_ (recovery check against rising-edge clock clk)
Path Group: asynchronous
Path Type: max

Fanout     Cap    Slew   Delay    Time   Description
-----------------------------------------------------------------------------
                          0.00    0.00   clock clk (rise edge)
                          0.00    0.00   clock network delay (propagated)
                          2.00    2.00 v input external delay
                  0.01    0.01    2.01 v rst (in)
     1    0.00                           rst (net)
                  0.01    0.00    2.01 v input17/A (sky130_fd_sc_hd__clkbuf_1)
                  0.03    0.08    2.09 v input17/X (sky130_fd_sc_hd__clkbuf_1)
     1    0.00                           net17 (net)
                  0.03    0.00    2.09 v _634_/A (sky130_fd_sc_hd__buf_4)
                  0.08    0.19    2.27 v _634_/X (sky130_fd_sc_hd__buf_4)
     9    0.05                           _341_ (net)
                  0.08    0.00    2.27 v _646_/A (sky130_fd_sc_hd__clkbuf_8)
                  0.10    0.23    2.50 v _646_/X (sky130_fd_sc_hd__clkbuf_8)
    10    0.09                           _343_ (net)
                  0.10    0.01    2.51 v _647_/A (sky130_fd_sc_hd__inv_2)
                  0.04    0.07    2.58 ^ _647_/Y (sky130_fd_sc_hd__inv_2)
     1    0.00                           _011_ (net)
                  0.04    0.00    2.58 ^ _704_/RESET_B (sky130_fd_sc_hd__dfrtp_1)
                                  2.58   data arrival time

                         10.00   10.00   clock clk (rise edge)
                          0.00   10.00   clock source latency
                  0.13    0.09   10.09 ^ clk (in)
     1    0.03                           clk (net)
                  0.13    0.00   10.09 ^ clkbuf_0_clk/A (sky130_fd_sc_hd__clkbuf_16)
                  0.07    0.17   10.25 ^ clkbuf_0_clk/X (sky130_fd_sc_hd__clkbuf_16)
     4    0.05                           clknet_0_clk (net)
                  0.07    0.00   10.26 ^ clkbuf_2_0__f_clk/A (sky130_fd_sc_hd__clkbuf_16)
                  0.07    0.15   10.40 ^ clkbuf_2_0__f_clk/X (sky130_fd_sc_hd__clkbuf_16)
    15    0.05                           clknet_2_0__leaf_clk (net)
                  0.07    0.00   10.41 ^ _704_/CLK (sky130_fd_sc_hd__dfrtp_1)
                         -0.25   10.16   clock uncertainty
                          0.00   10.16   clock reconvergence pessimism
                          0.24   10.40   library recovery time
                                 10.40   data required time
-----------------------------------------------------------------------------
                                 10.40   data required time
                                 -2.58   data arrival time
-----------------------------------------------------------------------------
                                  7.82   slack (MET)


Startpoint: rst (input port clocked by clk)
Endpoint: _736_ (recovery check against rising-edge clock clk)
Path Group: asynchronous
Path Type: max

Fanout     Cap    Slew   Delay    Time   Description
-----------------------------------------------------------------------------
                          0.00    0.00   clock clk (rise edge)
                          0.00    0.00   clock network delay (propagated)
                          2.00    2.00 v input external delay
                  0.01    0.01    2.01 v rst (in)
     1    0.00                           rst (net)
                  0.01    0.00    2.01 v input17/A (sky130_fd_sc_hd__clkbuf_1)
                  0.03    0.08    2.09 v input17/X (sky130_fd_sc_hd__clkbuf_1)
     1    0.00                           net17 (net)
                  0.03    0.00    2.09 v _634_/A (sky130_fd_sc_hd__buf_4)
                  0.08    0.19    2.27 v _634_/X (sky130_fd_sc_hd__buf_4)
     9    0.05                           _341_ (net)
                  0.08    0.00    2.28 v _679_/A (sky130_fd_sc_hd__clkbuf_8)
                  0.09    0.22    2.49 v _679_/X (sky130_fd_sc_hd__clkbuf_8)
    10    0.07                           _346_ (net)
                  0.09    0.01    2.50 v _682_/A (sky130_fd_sc_hd__inv_2)
                  0.04    0.06    2.56 ^ _682_/Y (sky130_fd_sc_hd__inv_2)
     1    0.00                           _043_ (net)
                  0.04    0.00    2.56 ^ _736_/RESET_B (sky130_fd_sc_hd__dfrtp_2)
                                  2.56   data arrival time

                         10.00   10.00   clock clk (rise edge)
                          0.00   10.00   clock source latency
                  0.13    0.09   10.09 ^ clk (in)
     1    0.03                           clk (net)
                  0.13    0.00   10.09 ^ clkbuf_0_clk/A (sky130_fd_sc_hd__clkbuf_16)
                  0.07    0.17   10.25 ^ clkbuf_0_clk/X (sky130_fd_sc_hd__clkbuf_16)
     4    0.05                           clknet_0_clk (net)
                  0.07    0.00   10.26 ^ clkbuf_2_1__f_clk/A (sky130_fd_sc_hd__clkbuf_16)
                  0.07    0.15   10.40 ^ clkbuf_2_1__f_clk/X (sky130_fd_sc_hd__clkbuf_16)
    14    0.05                           clknet_2_1__leaf_clk (net)
                  0.07    0.00   10.40 ^ _736_/CLK (sky130_fd_sc_hd__dfrtp_2)
                         -0.25   10.15   clock uncertainty
                          0.00   10.15   clock reconvergence pessimism
                          0.23   10.38   library recovery time
                                 10.38   data required time
-----------------------------------------------------------------------------
                                 10.38   data required time
                                 -2.56   data arrival time
-----------------------------------------------------------------------------
                                  7.82   slack (MET)


Startpoint: rst (input port clocked by clk)
Endpoint: _697_ (recovery check against rising-edge clock clk)
Path Group: asynchronous
Path Type: max

Fanout     Cap    Slew   Delay    Time   Description
-----------------------------------------------------------------------------
                          0.00    0.00   clock clk (rise edge)
                          0.00    0.00   clock network delay (propagated)
                          2.00    2.00 v input external delay
                  0.01    0.01    2.01 v rst (in)
     1    0.00                           rst (net)
                  0.01    0.00    2.01 v input17/A (sky130_fd_sc_hd__clkbuf_1)
                  0.03    0.08    2.09 v input17/X (sky130_fd_sc_hd__clkbuf_1)
     1    0.00                           net17 (net)
                  0.03    0.00    2.09 v _634_/A (sky130_fd_sc_hd__buf_4)
                  0.08    0.19    2.27 v _634_/X (sky130_fd_sc_hd__buf_4)
     9    0.05                           _341_ (net)
                  0.08    0.00    2.28 v _635_/A (sky130_fd_sc_hd__clkbuf_8)
                  0.09    0.22    2.50 v _635_/X (sky130_fd_sc_hd__clkbuf_8)
    10    0.08                           _342_ (net)
                  0.09    0.01    2.50 v _639_/A (sky130_fd_sc_hd__inv_2)
                  0.04    0.07    2.57 ^ _639_/Y (sky130_fd_sc_hd__inv_2)
     1    0.00                           _004_ (net)
                  0.04    0.00    2.57 ^ _697_/RESET_B (sky130_fd_sc_hd__dfrtp_1)
                                  2.57   data arrival time

                         10.00   10.00   clock clk (rise edge)
                          0.00   10.00   clock source latency
                  0.13    0.09   10.09 ^ clk (in)
     1    0.03                           clk (net)
                  0.13    0.00   10.09 ^ clkbuf_0_clk/A (sky130_fd_sc_hd__clkbuf_16)
                  0.07    0.17   10.25 ^ clkbuf_0_clk/X (sky130_fd_sc_hd__clkbuf_16)
     4    0.05                           clknet_0_clk (net)
                  0.07    0.00   10.26 ^ clkbuf_2_3__f_clk/A (sky130_fd_sc_hd__clkbuf_16)
                  0.06    0.15   10.40 ^ clkbuf_2_3__f_clk/X (sky130_fd_sc_hd__clkbuf_16)
    12    0.05                           clknet_2_3__leaf_clk (net)
                  0.06    0.00   10.40 ^ _697_/CLK (sky130_fd_sc_hd__dfrtp_1)
                         -0.25   10.15   clock uncertainty
                          0.00   10.15   clock reconvergence pessimism
                          0.24   10.39   library recovery time
                                 10.39   data required time
-----------------------------------------------------------------------------
                                 10.39   data required time
                                 -2.57   data arrival time
-----------------------------------------------------------------------------
                                  7.82   slack (MET)


Startpoint: rst (input port clocked by clk)
Endpoint: _730_ (recovery check against rising-edge clock clk)
Path Group: asynchronous
Path Type: max

Fanout     Cap    Slew   Delay    Time   Description
-----------------------------------------------------------------------------
                          0.00    0.00   clock clk (rise edge)
                          0.00    0.00   clock network delay (propagated)
                          2.00    2.00 v input external delay
                  0.01    0.01    2.01 v rst (in)
     1    0.00                           rst (net)
                  0.01    0.00    2.01 v input17/A (sky130_fd_sc_hd__clkbuf_1)
                  0.03    0.08    2.09 v input17/X (sky130_fd_sc_hd__clkbuf_1)
     1    0.00                           net17 (net)
                  0.03    0.00    2.09 v _634_/A (sky130_fd_sc_hd__buf_4)
                  0.08    0.19    2.27 v _634_/X (sky130_fd_sc_hd__buf_4)
     9    0.05                           _341_ (net)
                  0.08    0.00    2.28 v _668_/A (sky130_fd_sc_hd__clkbuf_8)
                  0.09    0.22    2.50 v _668_/X (sky130_fd_sc_hd__clkbuf_8)
    10    0.08                           _345_ (net)
                  0.09    0.00    2.50 v _675_/A (sky130_fd_sc_hd__inv_2)
                  0.04    0.07    2.57 ^ _675_/Y (sky130_fd_sc_hd__inv_2)
     1    0.00                           _037_ (net)
                  0.04    0.00    2.57 ^ _730_/RESET_B (sky130_fd_sc_hd__dfrtp_4)
                                  2.57   data arrival time

                         10.00   10.00   clock clk (rise edge)
                          0.00   10.00   clock source latency
                  0.13    0.09   10.09 ^ clk (in)
     1    0.03                           clk (net)
                  0.13    0.00   10.09 ^ clkbuf_0_clk/A (sky130_fd_sc_hd__clkbuf_16)
                  0.07    0.17   10.25 ^ clkbuf_0_clk/X (sky130_fd_sc_hd__clkbuf_16)
     4    0.05                           clknet_0_clk (net)
                  0.07    0.00   10.26 ^ clkbuf_2_0__f_clk/A (sky130_fd_sc_hd__clkbuf_16)
                  0.07    0.15   10.40 ^ clkbuf_2_0__f_clk/X (sky130_fd_sc_hd__clkbuf_16)
    15    0.05                           clknet_2_0__leaf_clk (net)
                  0.07    0.00   10.41 ^ _730_/CLK (sky130_fd_sc_hd__dfrtp_4)
                         -0.25   10.16   clock uncertainty
                          0.00   10.16   clock reconvergence pessimism
                          0.23   10.39   library recovery time
                                 10.39   data required time
-----------------------------------------------------------------------------
                                 10.39   data required time
                                 -2.57   data arrival time
-----------------------------------------------------------------------------
                                  7.82   slack (MET)


Startpoint: rst (input port clocked by clk)
Endpoint: _729_ (recovery check against rising-edge clock clk)
Path Group: asynchronous
Path Type: max

Fanout     Cap    Slew   Delay    Time   Description
-----------------------------------------------------------------------------
                          0.00    0.00   clock clk (rise edge)
                          0.00    0.00   clock network delay (propagated)
                          2.00    2.00 v input external delay
                  0.01    0.01    2.01 v rst (in)
     1    0.00                           rst (net)
                  0.01    0.00    2.01 v input17/A (sky130_fd_sc_hd__clkbuf_1)
                  0.03    0.08    2.09 v input17/X (sky130_fd_sc_hd__clkbuf_1)
     1    0.00                           net17 (net)
                  0.03    0.00    2.09 v _634_/A (sky130_fd_sc_hd__buf_4)
                  0.08    0.19    2.27 v _634_/X (sky130_fd_sc_hd__buf_4)
     9    0.05                           _341_ (net)
                  0.08    0.00    2.28 v _668_/A (sky130_fd_sc_hd__clkbuf_8)
                  0.09    0.22    2.50 v _668_/X (sky130_fd_sc_hd__clkbuf_8)
    10    0.08                           _345_ (net)
                  0.09    0.00    2.50 v _674_/A (sky130_fd_sc_hd__inv_2)
                  0.04    0.06    2.57 ^ _674_/Y (sky130_fd_sc_hd__inv_2)
     1    0.00                           _036_ (net)
                  0.04    0.00    2.57 ^ _729_/RESET_B (sky130_fd_sc_hd__dfrtp_4)
                                  2.57   data arrival time

                         10.00   10.00   clock clk (rise edge)
                          0.00   10.00   clock source latency
                  0.13    0.09   10.09 ^ clk (in)
     1    0.03                           clk (net)
                  0.13    0.00   10.09 ^ clkbuf_0_clk/A (sky130_fd_sc_hd__clkbuf_16)
                  0.07    0.17   10.25 ^ clkbuf_0_clk/X (sky130_fd_sc_hd__clkbuf_16)
     4    0.05                           clknet_0_clk (net)
                  0.07    0.00   10.26 ^ clkbuf_2_0__f_clk/A (sky130_fd_sc_hd__clkbuf_16)
                  0.07    0.15   10.40 ^ clkbuf_2_0__f_clk/X (sky130_fd_sc_hd__clkbuf_16)
    15    0.05                           clknet_2_0__leaf_clk (net)
                  0.07    0.00   10.41 ^ _729_/CLK (sky130_fd_sc_hd__dfrtp_4)
                         -0.25   10.16   clock uncertainty
                          0.00   10.16   clock reconvergence pessimism
                          0.23   10.39   library recovery time
                                 10.39   data required time
-----------------------------------------------------------------------------
                                 10.39   data required time
                                 -2.57   data arrival time
-----------------------------------------------------------------------------
                                  7.82   slack (MET)


Startpoint: rst (input port clocked by clk)
Endpoint: _737_ (recovery check against rising-edge clock clk)
Path Group: asynchronous
Path Type: max

Fanout     Cap    Slew   Delay    Time   Description
-----------------------------------------------------------------------------
                          0.00    0.00   clock clk (rise edge)
                          0.00    0.00   clock network delay (propagated)
                          2.00    2.00 v input external delay
                  0.01    0.01    2.01 v rst (in)
     1    0.00                           rst (net)
                  0.01    0.00    2.01 v input17/A (sky130_fd_sc_hd__clkbuf_1)
                  0.03    0.08    2.09 v input17/X (sky130_fd_sc_hd__clkbuf_1)
     1    0.00                           net17 (net)
                  0.03    0.00    2.09 v _634_/A (sky130_fd_sc_hd__buf_4)
                  0.08    0.19    2.27 v _634_/X (sky130_fd_sc_hd__buf_4)
     9    0.05                           _341_ (net)
                  0.08    0.00    2.28 v _679_/A (sky130_fd_sc_hd__clkbuf_8)
                  0.09    0.22    2.49 v _679_/X (sky130_fd_sc_hd__clkbuf_8)
    10    0.07                           _346_ (net)
                  0.09    0.01    2.50 v _683_/A (sky130_fd_sc_hd__inv_2)
                  0.04    0.06    2.56 ^ _683_/Y (sky130_fd_sc_hd__inv_2)
     1    0.00                           _044_ (net)
                  0.04    0.00    2.56 ^ _737_/RESET_B (sky130_fd_sc_hd__dfrtp_2)
                                  2.56   data arrival time

                         10.00   10.00   clock clk (rise edge)
                          0.00   10.00   clock source latency
                  0.13    0.09   10.09 ^ clk (in)
     1    0.03                           clk (net)
                  0.13    0.00   10.09 ^ clkbuf_0_clk/A (sky130_fd_sc_hd__clkbuf_16)
                  0.07    0.17   10.25 ^ clkbuf_0_clk/X (sky130_fd_sc_hd__clkbuf_16)
     4    0.05                           clknet_0_clk (net)
                  0.07    0.00   10.26 ^ clkbuf_2_1__f_clk/A (sky130_fd_sc_hd__clkbuf_16)
                  0.07    0.15   10.40 ^ clkbuf_2_1__f_clk/X (sky130_fd_sc_hd__clkbuf_16)
    14    0.05                           clknet_2_1__leaf_clk (net)
                  0.07    0.00   10.40 ^ _737_/CLK (sky130_fd_sc_hd__dfrtp_2)
                         -0.25   10.15   clock uncertainty
                          0.00   10.15   clock reconvergence pessimism
                          0.23   10.38   library recovery time
                                 10.38   data required time
-----------------------------------------------------------------------------
                                 10.38   data required time
                                 -2.56   data arrival time
-----------------------------------------------------------------------------
                                  7.82   slack (MET)


Startpoint: rst (input port clocked by clk)
Endpoint: _694_ (recovery check against rising-edge clock clk)
Path Group: asynchronous
Path Type: max

Fanout     Cap    Slew   Delay    Time   Description
-----------------------------------------------------------------------------
                          0.00    0.00   clock clk (rise edge)
                          0.00    0.00   clock network delay (propagated)
                          2.00    2.00 v input external delay
                  0.01    0.01    2.01 v rst (in)
     1    0.00                           rst (net)
                  0.01    0.00    2.01 v input17/A (sky130_fd_sc_hd__clkbuf_1)
                  0.03    0.08    2.09 v input17/X (sky130_fd_sc_hd__clkbuf_1)
     1    0.00                           net17 (net)
                  0.03    0.00    2.09 v _634_/A (sky130_fd_sc_hd__buf_4)
                  0.08    0.19    2.27 v _634_/X (sky130_fd_sc_hd__buf_4)
     9    0.05                           _341_ (net)
                  0.08    0.00    2.28 v _635_/A (sky130_fd_sc_hd__clkbuf_8)
                  0.09    0.22    2.50 v _635_/X (sky130_fd_sc_hd__clkbuf_8)
    10    0.08                           _342_ (net)
                  0.09    0.01    2.50 v _636_/A (sky130_fd_sc_hd__inv_2)
                  0.04    0.07    2.57 ^ _636_/Y (sky130_fd_sc_hd__inv_2)
     1    0.00                           _001_ (net)
                  0.04    0.00    2.57 ^ _694_/RESET_B (sky130_fd_sc_hd__dfrtp_1)
                                  2.57   data arrival time

                         10.00   10.00   clock clk (rise edge)
                          0.00   10.00   clock source latency
                  0.13    0.09   10.09 ^ clk (in)
     1    0.03                           clk (net)
                  0.13    0.00   10.09 ^ clkbuf_0_clk/A (sky130_fd_sc_hd__clkbuf_16)
                  0.07    0.17   10.25 ^ clkbuf_0_clk/X (sky130_fd_sc_hd__clkbuf_16)
     4    0.05                           clknet_0_clk (net)
                  0.07    0.00   10.26 ^ clkbuf_2_1__f_clk/A (sky130_fd_sc_hd__clkbuf_16)
                  0.07    0.15   10.40 ^ clkbuf_2_1__f_clk/X (sky130_fd_sc_hd__clkbuf_16)
    14    0.05                           clknet_2_1__leaf_clk (net)
                  0.07    0.00   10.40 ^ _694_/CLK (sky130_fd_sc_hd__dfrtp_1)
                         -0.25   10.15   clock uncertainty
                          0.00   10.15   clock reconvergence pessimism
                          0.24   10.39   library recovery time
                                 10.39   data required time
-----------------------------------------------------------------------------
                                 10.39   data required time
                                 -2.57   data arrival time
-----------------------------------------------------------------------------
                                  7.82   slack (MET)


Startpoint: rst (input port clocked by clk)
Endpoint: _715_ (recovery check against rising-edge clock clk)
Path Group: asynchronous
Path Type: max

Fanout     Cap    Slew   Delay    Time   Description
-----------------------------------------------------------------------------
                          0.00    0.00   clock clk (rise edge)
                          0.00    0.00   clock network delay (propagated)
                          2.00    2.00 v input external delay
                  0.01    0.01    2.01 v rst (in)
     1    0.00                           rst (net)
                  0.01    0.00    2.01 v input17/A (sky130_fd_sc_hd__clkbuf_1)
                  0.03    0.08    2.09 v input17/X (sky130_fd_sc_hd__clkbuf_1)
     1    0.00                           net17 (net)
                  0.03    0.00    2.09 v _634_/A (sky130_fd_sc_hd__buf_4)
                  0.08    0.19    2.27 v _634_/X (sky130_fd_sc_hd__buf_4)
     9    0.05                           _341_ (net)
                  0.08    0.00    2.28 v _657_/A (sky130_fd_sc_hd__clkbuf_8)
                  0.09    0.22    2.49 v _657_/X (sky130_fd_sc_hd__clkbuf_8)
    10    0.07                           _344_ (net)
                  0.09    0.00    2.50 v _659_/A (sky130_fd_sc_hd__inv_2)
                  0.04    0.06    2.56 ^ _659_/Y (sky130_fd_sc_hd__inv_2)
     1    0.00                           _022_ (net)
                  0.04    0.00    2.56 ^ _715_/RESET_B (sky130_fd_sc_hd__dfrtp_2)
                                  2.56   data arrival time

                         10.00   10.00   clock clk (rise edge)
                          0.00   10.00   clock source latency
                  0.13    0.09   10.09 ^ clk (in)
     1    0.03                           clk (net)
                  0.13    0.00   10.09 ^ clkbuf_0_clk/A (sky130_fd_sc_hd__clkbuf_16)
                  0.07    0.17   10.25 ^ clkbuf_0_clk/X (sky130_fd_sc_hd__clkbuf_16)
     4    0.05                           clknet_0_clk (net)
                  0.07    0.00   10.26 ^ clkbuf_2_3__f_clk/A (sky130_fd_sc_hd__clkbuf_16)
                  0.06    0.15   10.40 ^ clkbuf_2_3__f_clk/X (sky130_fd_sc_hd__clkbuf_16)
    12    0.05                           clknet_2_3__leaf_clk (net)
                  0.06    0.00   10.40 ^ _715_/CLK (sky130_fd_sc_hd__dfrtp_2)
                         -0.25   10.15   clock uncertainty
                          0.00   10.15   clock reconvergence pessimism
                          0.23   10.38   library recovery time
                                 10.38   data required time
-----------------------------------------------------------------------------
                                 10.38   data required time
                                 -2.56   data arrival time
-----------------------------------------------------------------------------
                                  7.82   slack (MET)


Startpoint: rst (input port clocked by clk)
Endpoint: _703_ (recovery check against rising-edge clock clk)
Path Group: asynchronous
Path Type: max

Fanout     Cap    Slew   Delay    Time   Description
-----------------------------------------------------------------------------
                          0.00    0.00   clock clk (rise edge)
                          0.00    0.00   clock network delay (propagated)
                          2.00    2.00 v input external delay
                  0.01    0.01    2.01 v rst (in)
     1    0.00                           rst (net)
                  0.01    0.00    2.01 v input17/A (sky130_fd_sc_hd__clkbuf_1)
                  0.03    0.08    2.09 v input17/X (sky130_fd_sc_hd__clkbuf_1)
     1    0.00                           net17 (net)
                  0.03    0.00    2.09 v _634_/A (sky130_fd_sc_hd__buf_4)
                  0.08    0.19    2.27 v _634_/X (sky130_fd_sc_hd__buf_4)
     9    0.05                           _341_ (net)
                  0.08    0.00    2.28 v _635_/A (sky130_fd_sc_hd__clkbuf_8)
                  0.09    0.22    2.50 v _635_/X (sky130_fd_sc_hd__clkbuf_8)
    10    0.08                           _342_ (net)
                  0.09    0.01    2.50 v _645_/A (sky130_fd_sc_hd__inv_2)
                  0.04    0.07    2.57 ^ _645_/Y (sky130_fd_sc_hd__inv_2)
     1    0.00                           _010_ (net)
                  0.04    0.00    2.57 ^ _703_/RESET_B (sky130_fd_sc_hd__dfrtp_1)
                                  2.57   data arrival time

                         10.00   10.00   clock clk (rise edge)
                          0.00   10.00   clock source latency
                  0.13    0.09   10.09 ^ clk (in)
     1    0.03                           clk (net)
                  0.13    0.00   10.09 ^ clkbuf_0_clk/A (sky130_fd_sc_hd__clkbuf_16)
                  0.07    0.17   10.25 ^ clkbuf_0_clk/X (sky130_fd_sc_hd__clkbuf_16)
     4    0.05                           clknet_0_clk (net)
                  0.07    0.00   10.26 ^ clkbuf_2_1__f_clk/A (sky130_fd_sc_hd__clkbuf_16)
                  0.07    0.15   10.40 ^ clkbuf_2_1__f_clk/X (sky130_fd_sc_hd__clkbuf_16)
    14    0.05                           clknet_2_1__leaf_clk (net)
                  0.07    0.00   10.40 ^ _703_/CLK (sky130_fd_sc_hd__dfrtp_1)
                         -0.25   10.15   clock uncertainty
                          0.00   10.15   clock reconvergence pessimism
                          0.24   10.39   library recovery time
                                 10.39   data required time
-----------------------------------------------------------------------------
                                 10.39   data required time
                                 -2.57   data arrival time
-----------------------------------------------------------------------------
                                  7.82   slack (MET)


Startpoint: rst (input port clocked by clk)
Endpoint: _740_ (recovery check against rising-edge clock clk)
Path Group: asynchronous
Path Type: max

Fanout     Cap    Slew   Delay    Time   Description
-----------------------------------------------------------------------------
                          0.00    0.00   clock clk (rise edge)
                          0.00    0.00   clock network delay (propagated)
                          2.00    2.00 v input external delay
                  0.01    0.01    2.01 v rst (in)
     1    0.00                           rst (net)
                  0.01    0.00    2.01 v input17/A (sky130_fd_sc_hd__clkbuf_1)
                  0.03    0.08    2.09 v input17/X (sky130_fd_sc_hd__clkbuf_1)
     1    0.00                           net17 (net)
                  0.03    0.00    2.09 v _634_/A (sky130_fd_sc_hd__buf_4)
                  0.08    0.19    2.27 v _634_/X (sky130_fd_sc_hd__buf_4)
     9    0.05                           _341_ (net)
                  0.08    0.00    2.28 v _679_/A (sky130_fd_sc_hd__clkbuf_8)
                  0.09    0.22    2.49 v _679_/X (sky130_fd_sc_hd__clkbuf_8)
    10    0.07                           _346_ (net)
                  0.09    0.00    2.50 v _686_/A (sky130_fd_sc_hd__inv_2)
                  0.04    0.07    2.56 ^ _686_/Y (sky130_fd_sc_hd__inv_2)
     1    0.00                           _047_ (net)
                  0.04    0.00    2.56 ^ _740_/RESET_B (sky130_fd_sc_hd__dfrtp_4)
                                  2.56   data arrival time

                         10.00   10.00   clock clk (rise edge)
                          0.00   10.00   clock source latency
                  0.13    0.09   10.09 ^ clk (in)
     1    0.03                           clk (net)
                  0.13    0.00   10.09 ^ clkbuf_0_clk/A (sky130_fd_sc_hd__clkbuf_16)
                  0.07    0.17   10.25 ^ clkbuf_0_clk/X (sky130_fd_sc_hd__clkbuf_16)
     4    0.05                           clknet_0_clk (net)
                  0.07    0.00   10.26 ^ clkbuf_2_2__f_clk/A (sky130_fd_sc_hd__clkbuf_16)
                  0.07    0.15   10.40 ^ clkbuf_2_2__f_clk/X (sky130_fd_sc_hd__clkbuf_16)
    13    0.05                           clknet_2_2__leaf_clk (net)
                  0.07    0.00   10.41 ^ _740_/CLK (sky130_fd_sc_hd__dfrtp_4)
                         -0.25   10.16   clock uncertainty
                          0.00   10.16   clock reconvergence pessimism
                          0.23   10.38   library recovery time
                                 10.38   data required time
-----------------------------------------------------------------------------
                                 10.38   data required time
                                 -2.56   data arrival time
-----------------------------------------------------------------------------
                                  7.82   slack (MET)


Startpoint: rst (input port clocked by clk)
Endpoint: _708_ (recovery check against rising-edge clock clk)
Path Group: asynchronous
Path Type: max

Fanout     Cap    Slew   Delay    Time   Description
-----------------------------------------------------------------------------
                          0.00    0.00   clock clk (rise edge)
                          0.00    0.00   clock network delay (propagated)
                          2.00    2.00 v input external delay
                  0.01    0.01    2.01 v rst (in)
     1    0.00                           rst (net)
                  0.01    0.00    2.01 v input17/A (sky130_fd_sc_hd__clkbuf_1)
                  0.03    0.08    2.09 v input17/X (sky130_fd_sc_hd__clkbuf_1)
     1    0.00                           net17 (net)
                  0.03    0.00    2.09 v _634_/A (sky130_fd_sc_hd__buf_4)
                  0.08    0.19    2.27 v _634_/X (sky130_fd_sc_hd__buf_4)
     9    0.05                           _341_ (net)
                  0.08    0.00    2.27 v _646_/A (sky130_fd_sc_hd__clkbuf_8)
                  0.10    0.23    2.50 v _646_/X (sky130_fd_sc_hd__clkbuf_8)
    10    0.09                           _343_ (net)
                  0.10    0.00    2.50 v _651_/A (sky130_fd_sc_hd__inv_2)
                  0.04    0.07    2.57 ^ _651_/Y (sky130_fd_sc_hd__inv_2)
     1    0.00                           _015_ (net)
                  0.04    0.00    2.57 ^ _708_/RESET_B (sky130_fd_sc_hd__dfrtp_1)
                                  2.57   data arrival time

                         10.00   10.00   clock clk (rise edge)
                          0.00   10.00   clock source latency
                  0.13    0.09   10.09 ^ clk (in)
     1    0.03                           clk (net)
                  0.13    0.00   10.09 ^ clkbuf_0_clk/A (sky130_fd_sc_hd__clkbuf_16)
                  0.07    0.17   10.25 ^ clkbuf_0_clk/X (sky130_fd_sc_hd__clkbuf_16)
     4    0.05                           clknet_0_clk (net)
                  0.07    0.00   10.26 ^ clkbuf_2_2__f_clk/A (sky130_fd_sc_hd__clkbuf_16)
                  0.07    0.15   10.40 ^ clkbuf_2_2__f_clk/X (sky130_fd_sc_hd__clkbuf_16)
    13    0.05                           clknet_2_2__leaf_clk (net)
                  0.07    0.00   10.40 ^ _708_/CLK (sky130_fd_sc_hd__dfrtp_1)
                         -0.25   10.15   clock uncertainty
                          0.00   10.15   clock reconvergence pessimism
                          0.24   10.39   library recovery time
                                 10.39   data required time
-----------------------------------------------------------------------------
                                 10.39   data required time
                                 -2.57   data arrival time
-----------------------------------------------------------------------------
                                  7.82   slack (MET)


Startpoint: rst (input port clocked by clk)
Endpoint: _711_ (recovery check against rising-edge clock clk)
Path Group: asynchronous
Path Type: max

Fanout     Cap    Slew   Delay    Time   Description
-----------------------------------------------------------------------------
                          0.00    0.00   clock clk (rise edge)
                          0.00    0.00   clock network delay (propagated)
                          2.00    2.00 v input external delay
                  0.01    0.01    2.01 v rst (in)
     1    0.00                           rst (net)
                  0.01    0.00    2.01 v input17/A (sky130_fd_sc_hd__clkbuf_1)
                  0.03    0.08    2.09 v input17/X (sky130_fd_sc_hd__clkbuf_1)
     1    0.00                           net17 (net)
                  0.03    0.00    2.09 v _634_/A (sky130_fd_sc_hd__buf_4)
                  0.08    0.19    2.27 v _634_/X (sky130_fd_sc_hd__buf_4)
     9    0.05                           _341_ (net)
                  0.08    0.00    2.27 v _646_/A (sky130_fd_sc_hd__clkbuf_8)
                  0.10    0.23    2.50 v _646_/X (sky130_fd_sc_hd__clkbuf_8)
    10    0.09                           _343_ (net)
                  0.10    0.00    2.50 v _654_/A (sky130_fd_sc_hd__inv_2)
                  0.04    0.07    2.57 ^ _654_/Y (sky130_fd_sc_hd__inv_2)
     1    0.00                           _018_ (net)
                  0.04    0.00    2.57 ^ _711_/RESET_B (sky130_fd_sc_hd__dfrtp_1)
                                  2.57   data arrival time

                         10.00   10.00   clock clk (rise edge)
                          0.00   10.00   clock source latency
                  0.13    0.09   10.09 ^ clk (in)
     1    0.03                           clk (net)
                  0.13    0.00   10.09 ^ clkbuf_0_clk/A (sky130_fd_sc_hd__clkbuf_16)
                  0.07    0.17   10.25 ^ clkbuf_0_clk/X (sky130_fd_sc_hd__clkbuf_16)
     4    0.05                           clknet_0_clk (net)
                  0.07    0.00   10.26 ^ clkbuf_2_2__f_clk/A (sky130_fd_sc_hd__clkbuf_16)
                  0.07    0.15   10.40 ^ clkbuf_2_2__f_clk/X (sky130_fd_sc_hd__clkbuf_16)
    13    0.05                           clknet_2_2__leaf_clk (net)
                  0.07    0.00   10.41 ^ _711_/CLK (sky130_fd_sc_hd__dfrtp_1)
                         -0.25   10.16   clock uncertainty
                          0.00   10.16   clock reconvergence pessimism
                          0.24   10.40   library recovery time
                                 10.40   data required time
-----------------------------------------------------------------------------
                                 10.40   data required time
                                 -2.57   data arrival time
-----------------------------------------------------------------------------
                                  7.82   slack (MET)


Startpoint: rst (input port clocked by clk)
Endpoint: _695_ (recovery check against rising-edge clock clk)
Path Group: asynchronous
Path Type: max

Fanout     Cap    Slew   Delay    Time   Description
-----------------------------------------------------------------------------
                          0.00    0.00   clock clk (rise edge)
                          0.00    0.00   clock network delay (propagated)
                          2.00    2.00 v input external delay
                  0.01    0.01    2.01 v rst (in)
     1    0.00                           rst (net)
                  0.01    0.00    2.01 v input17/A (sky130_fd_sc_hd__clkbuf_1)
                  0.03    0.08    2.09 v input17/X (sky130_fd_sc_hd__clkbuf_1)
     1    0.00                           net17 (net)
                  0.03    0.00    2.09 v _634_/A (sky130_fd_sc_hd__buf_4)
                  0.08    0.19    2.27 v _634_/X (sky130_fd_sc_hd__buf_4)
     9    0.05                           _341_ (net)
                  0.08    0.00    2.28 v _635_/A (sky130_fd_sc_hd__clkbuf_8)
                  0.09    0.22    2.50 v _635_/X (sky130_fd_sc_hd__clkbuf_8)
    10    0.08                           _342_ (net)
                  0.09    0.01    2.50 v _637_/A (sky130_fd_sc_hd__inv_2)
                  0.04    0.07    2.57 ^ _637_/Y (sky130_fd_sc_hd__inv_2)
     1    0.00                           _002_ (net)
                  0.04    0.00    2.57 ^ _695_/RESET_B (sky130_fd_sc_hd__dfrtp_1)
                                  2.57   data arrival time

                         10.00   10.00   clock clk (rise edge)
                          0.00   10.00   clock source latency
                  0.13    0.09   10.09 ^ clk (in)
     1    0.03                           clk (net)
                  0.13    0.00   10.09 ^ clkbuf_0_clk/A (sky130_fd_sc_hd__clkbuf_16)
                  0.07    0.17   10.25 ^ clkbuf_0_clk/X (sky130_fd_sc_hd__clkbuf_16)
     4    0.05                           clknet_0_clk (net)
                  0.07    0.00   10.26 ^ clkbuf_2_1__f_clk/A (sky130_fd_sc_hd__clkbuf_16)
                  0.07    0.15   10.40 ^ clkbuf_2_1__f_clk/X (sky130_fd_sc_hd__clkbuf_16)
    14    0.05                           clknet_2_1__leaf_clk (net)
                  0.07    0.00   10.40 ^ _695_/CLK (sky130_fd_sc_hd__dfrtp_1)
                         -0.25   10.15   clock uncertainty
                          0.00   10.15   clock reconvergence pessimism
                          0.24   10.39   library recovery time
                                 10.39   data required time
-----------------------------------------------------------------------------
                                 10.39   data required time
                                 -2.57   data arrival time
-----------------------------------------------------------------------------
                                  7.82   slack (MET)


Startpoint: rst (input port clocked by clk)
Endpoint: _713_ (recovery check against rising-edge clock clk)
Path Group: asynchronous
Path Type: max

Fanout     Cap    Slew   Delay    Time   Description
-----------------------------------------------------------------------------
                          0.00    0.00   clock clk (rise edge)
                          0.00    0.00   clock network delay (propagated)
                          2.00    2.00 v input external delay
                  0.01    0.01    2.01 v rst (in)
     1    0.00                           rst (net)
                  0.01    0.00    2.01 v input17/A (sky130_fd_sc_hd__clkbuf_1)
                  0.03    0.08    2.09 v input17/X (sky130_fd_sc_hd__clkbuf_1)
     1    0.00                           net17 (net)
                  0.03    0.00    2.09 v _634_/A (sky130_fd_sc_hd__buf_4)
                  0.08    0.19    2.27 v _634_/X (sky130_fd_sc_hd__buf_4)
     9    0.05                           _341_ (net)
                  0.08    0.00    2.27 v _646_/A (sky130_fd_sc_hd__clkbuf_8)
                  0.10    0.23    2.50 v _646_/X (sky130_fd_sc_hd__clkbuf_8)
    10    0.09                           _343_ (net)
                  0.10    0.00    2.50 v _656_/A (sky130_fd_sc_hd__inv_2)
                  0.04    0.07    2.57 ^ _656_/Y (sky130_fd_sc_hd__inv_2)
     1    0.00                           _020_ (net)
                  0.04    0.00    2.57 ^ _713_/RESET_B (sky130_fd_sc_hd__dfrtp_1)
                                  2.57   data arrival time

                         10.00   10.00   clock clk (rise edge)
                          0.00   10.00   clock source latency
                  0.13    0.09   10.09 ^ clk (in)
     1    0.03                           clk (net)
                  0.13    0.00   10.09 ^ clkbuf_0_clk/A (sky130_fd_sc_hd__clkbuf_16)
                  0.07    0.17   10.25 ^ clkbuf_0_clk/X (sky130_fd_sc_hd__clkbuf_16)
     4    0.05                           clknet_0_clk (net)
                  0.07    0.00   10.26 ^ clkbuf_2_3__f_clk/A (sky130_fd_sc_hd__clkbuf_16)
                  0.06    0.15   10.40 ^ clkbuf_2_3__f_clk/X (sky130_fd_sc_hd__clkbuf_16)
    12    0.05                           clknet_2_3__leaf_clk (net)
                  0.06    0.00   10.40 ^ _713_/CLK (sky130_fd_sc_hd__dfrtp_1)
                         -0.25   10.15   clock uncertainty
                          0.00   10.15   clock reconvergence pessimism
                          0.24   10.39   library recovery time
                                 10.39   data required time
-----------------------------------------------------------------------------
                                 10.39   data required time
                                 -2.57   data arrival time
-----------------------------------------------------------------------------
                                  7.82   slack (MET)


Startpoint: rst (input port clocked by clk)
Endpoint: _700_ (recovery check against rising-edge clock clk)
Path Group: asynchronous
Path Type: max

Fanout     Cap    Slew   Delay    Time   Description
-----------------------------------------------------------------------------
                          0.00    0.00   clock clk (rise edge)
                          0.00    0.00   clock network delay (propagated)
                          2.00    2.00 v input external delay
                  0.01    0.01    2.01 v rst (in)
     1    0.00                           rst (net)
                  0.01    0.00    2.01 v input17/A (sky130_fd_sc_hd__clkbuf_1)
                  0.03    0.08    2.09 v input17/X (sky130_fd_sc_hd__clkbuf_1)
     1    0.00                           net17 (net)
                  0.03    0.00    2.09 v _634_/A (sky130_fd_sc_hd__buf_4)
                  0.08    0.19    2.27 v _634_/X (sky130_fd_sc_hd__buf_4)
     9    0.05                           _341_ (net)
                  0.08    0.00    2.28 v _635_/A (sky130_fd_sc_hd__clkbuf_8)
                  0.09    0.22    2.50 v _635_/X (sky130_fd_sc_hd__clkbuf_8)
    10    0.08                           _342_ (net)
                  0.09    0.01    2.50 v _642_/A (sky130_fd_sc_hd__inv_2)
                  0.04    0.07    2.57 ^ _642_/Y (sky130_fd_sc_hd__inv_2)
     1    0.00                           _007_ (net)
                  0.04    0.00    2.57 ^ _700_/RESET_B (sky130_fd_sc_hd__dfrtp_1)
                                  2.57   data arrival time

                         10.00   10.00   clock clk (rise edge)
                          0.00   10.00   clock source latency
                  0.13    0.09   10.09 ^ clk (in)
     1    0.03                           clk (net)
                  0.13    0.00   10.09 ^ clkbuf_0_clk/A (sky130_fd_sc_hd__clkbuf_16)
                  0.07    0.17   10.25 ^ clkbuf_0_clk/X (sky130_fd_sc_hd__clkbuf_16)
     4    0.05                           clknet_0_clk (net)
                  0.07    0.00   10.26 ^ clkbuf_2_3__f_clk/A (sky130_fd_sc_hd__clkbuf_16)
                  0.06    0.15   10.40 ^ clkbuf_2_3__f_clk/X (sky130_fd_sc_hd__clkbuf_16)
    12    0.05                           clknet_2_3__leaf_clk (net)
                  0.06    0.00   10.40 ^ _700_/CLK (sky130_fd_sc_hd__dfrtp_1)
                         -0.25   10.15   clock uncertainty
                          0.00   10.15   clock reconvergence pessimism
                          0.24   10.39   library recovery time
                                 10.39   data required time
-----------------------------------------------------------------------------
                                 10.39   data required time
                                 -2.57   data arrival time
-----------------------------------------------------------------------------
                                  7.82   slack (MET)


Startpoint: rst (input port clocked by clk)
Endpoint: _696_ (recovery check against rising-edge clock clk)
Path Group: asynchronous
Path Type: max

Fanout     Cap    Slew   Delay    Time   Description
-----------------------------------------------------------------------------
                          0.00    0.00   clock clk (rise edge)
                          0.00    0.00   clock network delay (propagated)
                          2.00    2.00 v input external delay
                  0.01    0.01    2.01 v rst (in)
     1    0.00                           rst (net)
                  0.01    0.00    2.01 v input17/A (sky130_fd_sc_hd__clkbuf_1)
                  0.03    0.08    2.09 v input17/X (sky130_fd_sc_hd__clkbuf_1)
     1    0.00                           net17 (net)
                  0.03    0.00    2.09 v _634_/A (sky130_fd_sc_hd__buf_4)
                  0.08    0.19    2.27 v _634_/X (sky130_fd_sc_hd__buf_4)
     9    0.05                           _341_ (net)
                  0.08    0.00    2.28 v _635_/A (sky130_fd_sc_hd__clkbuf_8)
                  0.09    0.22    2.50 v _635_/X (sky130_fd_sc_hd__clkbuf_8)
    10    0.08                           _342_ (net)
                  0.09    0.01    2.50 v _638_/A (sky130_fd_sc_hd__inv_2)
                  0.04    0.07    2.57 ^ _638_/Y (sky130_fd_sc_hd__inv_2)
     1    0.00                           _003_ (net)
                  0.04    0.00    2.57 ^ _696_/RESET_B (sky130_fd_sc_hd__dfrtp_1)
                                  2.57   data arrival time

                         10.00   10.00   clock clk (rise edge)
                          0.00   10.00   clock source latency
                  0.13    0.09   10.09 ^ clk (in)
     1    0.03                           clk (net)
                  0.13    0.00   10.09 ^ clkbuf_0_clk/A (sky130_fd_sc_hd__clkbuf_16)
                  0.07    0.17   10.25 ^ clkbuf_0_clk/X (sky130_fd_sc_hd__clkbuf_16)
     4    0.05                           clknet_0_clk (net)
                  0.07    0.00   10.26 ^ clkbuf_2_3__f_clk/A (sky130_fd_sc_hd__clkbuf_16)
                  0.06    0.15   10.40 ^ clkbuf_2_3__f_clk/X (sky130_fd_sc_hd__clkbuf_16)
    12    0.05                           clknet_2_3__leaf_clk (net)
                  0.06    0.00   10.40 ^ _696_/CLK (sky130_fd_sc_hd__dfrtp_1)
                         -0.25   10.15   clock uncertainty
                          0.00   10.15   clock reconvergence pessimism
                          0.24   10.39   library recovery time
                                 10.39   data required time
-----------------------------------------------------------------------------
                                 10.39   data required time
                                 -2.57   data arrival time
-----------------------------------------------------------------------------
                                  7.82   slack (MET)


Startpoint: rst (input port clocked by clk)
Endpoint: _710_ (recovery check against rising-edge clock clk)
Path Group: asynchronous
Path Type: max

Fanout     Cap    Slew   Delay    Time   Description
-----------------------------------------------------------------------------
                          0.00    0.00   clock clk (rise edge)
                          0.00    0.00   clock network delay (propagated)
                          2.00    2.00 v input external delay
                  0.01    0.01    2.01 v rst (in)
     1    0.00                           rst (net)
                  0.01    0.00    2.01 v input17/A (sky130_fd_sc_hd__clkbuf_1)
                  0.03    0.08    2.09 v input17/X (sky130_fd_sc_hd__clkbuf_1)
     1    0.00                           net17 (net)
                  0.03    0.00    2.09 v _634_/A (sky130_fd_sc_hd__buf_4)
                  0.08    0.19    2.27 v _634_/X (sky130_fd_sc_hd__buf_4)
     9    0.05                           _341_ (net)
                  0.08    0.00    2.27 v _646_/A (sky130_fd_sc_hd__clkbuf_8)
                  0.10    0.23    2.50 v _646_/X (sky130_fd_sc_hd__clkbuf_8)
    10    0.09                           _343_ (net)
                  0.10    0.01    2.51 v _653_/A (sky130_fd_sc_hd__inv_2)
                  0.04    0.07    2.57 ^ _653_/Y (sky130_fd_sc_hd__inv_2)
     1    0.00                           _017_ (net)
                  0.04    0.00    2.57 ^ _710_/RESET_B (sky130_fd_sc_hd__dfrtp_1)
                                  2.57   data arrival time

                         10.00   10.00   clock clk (rise edge)
                          0.00   10.00   clock source latency
                  0.13    0.09   10.09 ^ clk (in)
     1    0.03                           clk (net)
                  0.13    0.00   10.09 ^ clkbuf_0_clk/A (sky130_fd_sc_hd__clkbuf_16)
                  0.07    0.17   10.25 ^ clkbuf_0_clk/X (sky130_fd_sc_hd__clkbuf_16)
     4    0.05                           clknet_0_clk (net)
                  0.07    0.00   10.26 ^ clkbuf_2_0__f_clk/A (sky130_fd_sc_hd__clkbuf_16)
                  0.07    0.15   10.40 ^ clkbuf_2_0__f_clk/X (sky130_fd_sc_hd__clkbuf_16)
    15    0.05                           clknet_2_0__leaf_clk (net)
                  0.07    0.00   10.41 ^ _710_/CLK (sky130_fd_sc_hd__dfrtp_1)
                         -0.25   10.16   clock uncertainty
                          0.00   10.16   clock reconvergence pessimism
                          0.24   10.40   library recovery time
                                 10.40   data required time
-----------------------------------------------------------------------------
                                 10.40   data required time
                                 -2.57   data arrival time
-----------------------------------------------------------------------------
                                  7.82   slack (MET)


Startpoint: rst (input port clocked by clk)
Endpoint: _705_ (recovery check against rising-edge clock clk)
Path Group: asynchronous
Path Type: max

Fanout     Cap    Slew   Delay    Time   Description
-----------------------------------------------------------------------------
                          0.00    0.00   clock clk (rise edge)
                          0.00    0.00   clock network delay (propagated)
                          2.00    2.00 v input external delay
                  0.01    0.01    2.01 v rst (in)
     1    0.00                           rst (net)
                  0.01    0.00    2.01 v input17/A (sky130_fd_sc_hd__clkbuf_1)
                  0.03    0.08    2.09 v input17/X (sky130_fd_sc_hd__clkbuf_1)
     1    0.00                           net17 (net)
                  0.03    0.00    2.09 v _634_/A (sky130_fd_sc_hd__buf_4)
                  0.08    0.19    2.27 v _634_/X (sky130_fd_sc_hd__buf_4)
     9    0.05                           _341_ (net)
                  0.08    0.00    2.27 v _646_/A (sky130_fd_sc_hd__clkbuf_8)
                  0.10    0.23    2.50 v _646_/X (sky130_fd_sc_hd__clkbuf_8)
    10    0.09                           _343_ (net)
                  0.10    0.00    2.50 v _648_/A (sky130_fd_sc_hd__inv_2)
                  0.04    0.07    2.57 ^ _648_/Y (sky130_fd_sc_hd__inv_2)
     1    0.00                           _012_ (net)
                  0.04    0.00    2.57 ^ _705_/RESET_B (sky130_fd_sc_hd__dfrtp_1)
                                  2.57   data arrival time

                         10.00   10.00   clock clk (rise edge)
                          0.00   10.00   clock source latency
                  0.13    0.09   10.09 ^ clk (in)
     1    0.03                           clk (net)
                  0.13    0.00   10.09 ^ clkbuf_0_clk/A (sky130_fd_sc_hd__clkbuf_16)
                  0.07    0.17   10.25 ^ clkbuf_0_clk/X (sky130_fd_sc_hd__clkbuf_16)
     4    0.05                           clknet_0_clk (net)
                  0.07    0.00   10.26 ^ clkbuf_2_2__f_clk/A (sky130_fd_sc_hd__clkbuf_16)
                  0.07    0.15   10.40 ^ clkbuf_2_2__f_clk/X (sky130_fd_sc_hd__clkbuf_16)
    13    0.05                           clknet_2_2__leaf_clk (net)
                  0.07    0.00   10.41 ^ _705_/CLK (sky130_fd_sc_hd__dfrtp_1)
                         -0.25   10.16   clock uncertainty
                          0.00   10.16   clock reconvergence pessimism
                          0.24   10.40   library recovery time
                                 10.40   data required time
-----------------------------------------------------------------------------
                                 10.40   data required time
                                 -2.57   data arrival time
-----------------------------------------------------------------------------
                                  7.83   slack (MET)


Startpoint: rst (input port clocked by clk)
Endpoint: _741_ (recovery check against rising-edge clock clk)
Path Group: asynchronous
Path Type: max

Fanout     Cap    Slew   Delay    Time   Description
-----------------------------------------------------------------------------
                          0.00    0.00   clock clk (rise edge)
                          0.00    0.00   clock network delay (propagated)
                          2.00    2.00 v input external delay
                  0.01    0.01    2.01 v rst (in)
     1    0.00                           rst (net)
                  0.01    0.00    2.01 v input17/A (sky130_fd_sc_hd__clkbuf_1)
                  0.03    0.08    2.09 v input17/X (sky130_fd_sc_hd__clkbuf_1)
     1    0.00                           net17 (net)
                  0.03    0.00    2.09 v _634_/A (sky130_fd_sc_hd__buf_4)
                  0.08    0.19    2.27 v _634_/X (sky130_fd_sc_hd__buf_4)
     9    0.05                           _341_ (net)
                  0.08    0.00    2.28 v _679_/A (sky130_fd_sc_hd__clkbuf_8)
                  0.09    0.22    2.49 v _679_/X (sky130_fd_sc_hd__clkbuf_8)
    10    0.07                           _346_ (net)
                  0.09    0.00    2.49 v _687_/A (sky130_fd_sc_hd__inv_2)
                  0.04    0.06    2.56 ^ _687_/Y (sky130_fd_sc_hd__inv_2)
     1    0.00                           _048_ (net)
                  0.04    0.00    2.56 ^ _741_/RESET_B (sky130_fd_sc_hd__dfrtp_4)
                                  2.56   data arrival time

                         10.00   10.00   clock clk (rise edge)
                          0.00   10.00   clock source latency
                  0.13    0.09   10.09 ^ clk (in)
     1    0.03                           clk (net)
                  0.13    0.00   10.09 ^ clkbuf_0_clk/A (sky130_fd_sc_hd__clkbuf_16)
                  0.07    0.17   10.25 ^ clkbuf_0_clk/X (sky130_fd_sc_hd__clkbuf_16)
     4    0.05                           clknet_0_clk (net)
                  0.07    0.00   10.26 ^ clkbuf_2_2__f_clk/A (sky130_fd_sc_hd__clkbuf_16)
                  0.07    0.15   10.40 ^ clkbuf_2_2__f_clk/X (sky130_fd_sc_hd__clkbuf_16)
    13    0.05                           clknet_2_2__leaf_clk (net)
                  0.07    0.00   10.41 ^ _741_/CLK (sky130_fd_sc_hd__dfrtp_4)
                         -0.25   10.16   clock uncertainty
                          0.00   10.16   clock reconvergence pessimism
                          0.23   10.38   library recovery time
                                 10.38   data required time
-----------------------------------------------------------------------------
                                 10.38   data required time
                                 -2.56   data arrival time
-----------------------------------------------------------------------------
                                  7.83   slack (MET)


Startpoint: rst (input port clocked by clk)
Endpoint: _742_ (recovery check against rising-edge clock clk)
Path Group: asynchronous
Path Type: max

Fanout     Cap    Slew   Delay    Time   Description
-----------------------------------------------------------------------------
                          0.00    0.00   clock clk (rise edge)
                          0.00    0.00   clock network delay (propagated)
                          2.00    2.00 v input external delay
                  0.01    0.01    2.01 v rst (in)
     1    0.00                           rst (net)
                  0.01    0.00    2.01 v input17/A (sky130_fd_sc_hd__clkbuf_1)
                  0.03    0.08    2.09 v input17/X (sky130_fd_sc_hd__clkbuf_1)
     1    0.00                           net17 (net)
                  0.03    0.00    2.09 v _634_/A (sky130_fd_sc_hd__buf_4)
                  0.08    0.19    2.27 v _634_/X (sky130_fd_sc_hd__buf_4)
     9    0.05                           _341_ (net)
                  0.08    0.00    2.28 v _679_/A (sky130_fd_sc_hd__clkbuf_8)
                  0.09    0.22    2.49 v _679_/X (sky130_fd_sc_hd__clkbuf_8)
    10    0.07                           _346_ (net)
                  0.09    0.00    2.49 v _688_/A (sky130_fd_sc_hd__inv_2)
                  0.04    0.06    2.56 ^ _688_/Y (sky130_fd_sc_hd__inv_2)
     1    0.00                           _049_ (net)
                  0.04    0.00    2.56 ^ _742_/RESET_B (sky130_fd_sc_hd__dfrtp_4)
                                  2.56   data arrival time

                         10.00   10.00   clock clk (rise edge)
                          0.00   10.00   clock source latency
                  0.13    0.09   10.09 ^ clk (in)
     1    0.03                           clk (net)
                  0.13    0.00   10.09 ^ clkbuf_0_clk/A (sky130_fd_sc_hd__clkbuf_16)
                  0.07    0.17   10.25 ^ clkbuf_0_clk/X (sky130_fd_sc_hd__clkbuf_16)
     4    0.05                           clknet_0_clk (net)
                  0.07    0.00   10.26 ^ clkbuf_2_2__f_clk/A (sky130_fd_sc_hd__clkbuf_16)
                  0.07    0.15   10.40 ^ clkbuf_2_2__f_clk/X (sky130_fd_sc_hd__clkbuf_16)
    13    0.05                           clknet_2_2__leaf_clk (net)
                  0.07    0.00   10.41 ^ _742_/CLK (sky130_fd_sc_hd__dfrtp_4)
                         -0.25   10.16   clock uncertainty
                          0.00   10.16   clock reconvergence pessimism
                          0.23   10.38   library recovery time
                                 10.38   data required time
-----------------------------------------------------------------------------
                                 10.38   data required time
                                 -2.56   data arrival time
-----------------------------------------------------------------------------
                                  7.83   slack (MET)


Startpoint: rst (input port clocked by clk)
Endpoint: _723_ (recovery check against rising-edge clock clk)
Path Group: asynchronous
Path Type: max

Fanout     Cap    Slew   Delay    Time   Description
-----------------------------------------------------------------------------
                          0.00    0.00   clock clk (rise edge)
                          0.00    0.00   clock network delay (propagated)
                          2.00    2.00 v input external delay
                  0.01    0.01    2.01 v rst (in)
     1    0.00                           rst (net)
                  0.01    0.00    2.01 v input17/A (sky130_fd_sc_hd__clkbuf_1)
                  0.03    0.08    2.09 v input17/X (sky130_fd_sc_hd__clkbuf_1)
     1    0.00                           net17 (net)
                  0.03    0.00    2.09 v _634_/A (sky130_fd_sc_hd__buf_4)
                  0.08    0.19    2.27 v _634_/X (sky130_fd_sc_hd__buf_4)
     9    0.05                           _341_ (net)
                  0.08    0.00    2.28 v _657_/A (sky130_fd_sc_hd__clkbuf_8)
                  0.09    0.22    2.49 v _657_/X (sky130_fd_sc_hd__clkbuf_8)
    10    0.07                           _344_ (net)
                  0.09    0.01    2.50 v _667_/A (sky130_fd_sc_hd__inv_2)
                  0.04    0.07    2.56 ^ _667_/Y (sky130_fd_sc_hd__inv_2)
     1    0.00                           _030_ (net)
                  0.04    0.00    2.56 ^ _723_/RESET_B (sky130_fd_sc_hd__dfrtp_1)
                                  2.56   data arrival time

                         10.00   10.00   clock clk (rise edge)
                          0.00   10.00   clock source latency
                  0.13    0.09   10.09 ^ clk (in)
     1    0.03                           clk (net)
                  0.13    0.00   10.09 ^ clkbuf_0_clk/A (sky130_fd_sc_hd__clkbuf_16)
                  0.07    0.17   10.25 ^ clkbuf_0_clk/X (sky130_fd_sc_hd__clkbuf_16)
     4    0.05                           clknet_0_clk (net)
                  0.07    0.00   10.26 ^ clkbuf_2_1__f_clk/A (sky130_fd_sc_hd__clkbuf_16)
                  0.07    0.15   10.40 ^ clkbuf_2_1__f_clk/X (sky130_fd_sc_hd__clkbuf_16)
    14    0.05                           clknet_2_1__leaf_clk (net)
                  0.07    0.00   10.40 ^ _723_/CLK (sky130_fd_sc_hd__dfrtp_1)
                         -0.25   10.15   clock uncertainty
                          0.00   10.15   clock reconvergence pessimism
                          0.24   10.39   library recovery time
                                 10.39   data required time
-----------------------------------------------------------------------------
                                 10.39   data required time
                                 -2.56   data arrival time
-----------------------------------------------------------------------------
                                  7.83   slack (MET)


Startpoint: rst (input port clocked by clk)
Endpoint: _707_ (recovery check against rising-edge clock clk)
Path Group: asynchronous
Path Type: max

Fanout     Cap    Slew   Delay    Time   Description
-----------------------------------------------------------------------------
                          0.00    0.00   clock clk (rise edge)
                          0.00    0.00   clock network delay (propagated)
                          2.00    2.00 v input external delay
                  0.01    0.01    2.01 v rst (in)
     1    0.00                           rst (net)
                  0.01    0.00    2.01 v input17/A (sky130_fd_sc_hd__clkbuf_1)
                  0.03    0.08    2.09 v input17/X (sky130_fd_sc_hd__clkbuf_1)
     1    0.00                           net17 (net)
                  0.03    0.00    2.09 v _634_/A (sky130_fd_sc_hd__buf_4)
                  0.08    0.19    2.27 v _634_/X (sky130_fd_sc_hd__buf_4)
     9    0.05                           _341_ (net)
                  0.08    0.00    2.27 v _646_/A (sky130_fd_sc_hd__clkbuf_8)
                  0.10    0.23    2.50 v _646_/X (sky130_fd_sc_hd__clkbuf_8)
    10    0.09                           _343_ (net)
                  0.10    0.00    2.50 v _650_/A (sky130_fd_sc_hd__inv_2)
                  0.04    0.07    2.57 ^ _650_/Y (sky130_fd_sc_hd__inv_2)
     1    0.00                           _014_ (net)
                  0.04    0.00    2.57 ^ _707_/RESET_B (sky130_fd_sc_hd__dfrtp_1)
                                  2.57   data arrival time

                         10.00   10.00   clock clk (rise edge)
                          0.00   10.00   clock source latency
                  0.13    0.09   10.09 ^ clk (in)
     1    0.03                           clk (net)
                  0.13    0.00   10.09 ^ clkbuf_0_clk/A (sky130_fd_sc_hd__clkbuf_16)
                  0.07    0.17   10.25 ^ clkbuf_0_clk/X (sky130_fd_sc_hd__clkbuf_16)
     4    0.05                           clknet_0_clk (net)
                  0.07    0.00   10.26 ^ clkbuf_2_2__f_clk/A (sky130_fd_sc_hd__clkbuf_16)
                  0.07    0.15   10.40 ^ clkbuf_2_2__f_clk/X (sky130_fd_sc_hd__clkbuf_16)
    13    0.05                           clknet_2_2__leaf_clk (net)
                  0.07    0.00   10.41 ^ _707_/CLK (sky130_fd_sc_hd__dfrtp_1)
                         -0.25   10.16   clock uncertainty
                          0.00   10.16   clock reconvergence pessimism
                          0.24   10.40   library recovery time
                                 10.40   data required time
-----------------------------------------------------------------------------
                                 10.40   data required time
                                 -2.57   data arrival time
-----------------------------------------------------------------------------
                                  7.83   slack (MET)


Startpoint: rst (input port clocked by clk)
Endpoint: _719_ (recovery check against rising-edge clock clk)
Path Group: asynchronous
Path Type: max

Fanout     Cap    Slew   Delay    Time   Description
-----------------------------------------------------------------------------
                          0.00    0.00   clock clk (rise edge)
                          0.00    0.00   clock network delay (propagated)
                          2.00    2.00 v input external delay
                  0.01    0.01    2.01 v rst (in)
     1    0.00                           rst (net)
                  0.01    0.00    2.01 v input17/A (sky130_fd_sc_hd__clkbuf_1)
                  0.03    0.08    2.09 v input17/X (sky130_fd_sc_hd__clkbuf_1)
     1    0.00                           net17 (net)
                  0.03    0.00    2.09 v _634_/A (sky130_fd_sc_hd__buf_4)
                  0.08    0.19    2.27 v _634_/X (sky130_fd_sc_hd__buf_4)
     9    0.05                           _341_ (net)
                  0.08    0.00    2.28 v _657_/A (sky130_fd_sc_hd__clkbuf_8)
                  0.09    0.22    2.49 v _657_/X (sky130_fd_sc_hd__clkbuf_8)
    10    0.07                           _344_ (net)
                  0.09    0.01    2.50 v _663_/A (sky130_fd_sc_hd__inv_2)
                  0.04    0.06    2.56 ^ _663_/Y (sky130_fd_sc_hd__inv_2)
     1    0.00                           _026_ (net)
                  0.04    0.00    2.56 ^ _719_/RESET_B (sky130_fd_sc_hd__dfrtp_1)
                                  2.56   data arrival time

                         10.00   10.00   clock clk (rise edge)
                          0.00   10.00   clock source latency
                  0.13    0.09   10.09 ^ clk (in)
     1    0.03                           clk (net)
                  0.13    0.00   10.09 ^ clkbuf_0_clk/A (sky130_fd_sc_hd__clkbuf_16)
                  0.07    0.17   10.25 ^ clkbuf_0_clk/X (sky130_fd_sc_hd__clkbuf_16)
     4    0.05                           clknet_0_clk (net)
                  0.07    0.00   10.26 ^ clkbuf_2_1__f_clk/A (sky130_fd_sc_hd__clkbuf_16)
                  0.07    0.15   10.40 ^ clkbuf_2_1__f_clk/X (sky130_fd_sc_hd__clkbuf_16)
    14    0.05                           clknet_2_1__leaf_clk (net)
                  0.07    0.00   10.40 ^ _719_/CLK (sky130_fd_sc_hd__dfrtp_1)
                         -0.25   10.15   clock uncertainty
                          0.00   10.15   clock reconvergence pessimism
                          0.24   10.39   library recovery time
                                 10.39   data required time
-----------------------------------------------------------------------------
                                 10.39   data required time
                                 -2.56   data arrival time
-----------------------------------------------------------------------------
                                  7.83   slack (MET)


Startpoint: rst (input port clocked by clk)
Endpoint: _714_ (recovery check against rising-edge clock clk)
Path Group: asynchronous
Path Type: max

Fanout     Cap    Slew   Delay    Time   Description
-----------------------------------------------------------------------------
                          0.00    0.00   clock clk (rise edge)
                          0.00    0.00   clock network delay (propagated)
                          2.00    2.00 v input external delay
                  0.01    0.01    2.01 v rst (in)
     1    0.00                           rst (net)
                  0.01    0.00    2.01 v input17/A (sky130_fd_sc_hd__clkbuf_1)
                  0.03    0.08    2.09 v input17/X (sky130_fd_sc_hd__clkbuf_1)
     1    0.00                           net17 (net)
                  0.03    0.00    2.09 v _634_/A (sky130_fd_sc_hd__buf_4)
                  0.08    0.19    2.27 v _634_/X (sky130_fd_sc_hd__buf_4)
     9    0.05                           _341_ (net)
                  0.08    0.00    2.28 v _657_/A (sky130_fd_sc_hd__clkbuf_8)
                  0.09    0.22    2.49 v _657_/X (sky130_fd_sc_hd__clkbuf_8)
    10    0.07                           _344_ (net)
                  0.09    0.01    2.50 v _658_/A (sky130_fd_sc_hd__inv_2)
                  0.04    0.06    2.56 ^ _658_/Y (sky130_fd_sc_hd__inv_2)
     1    0.00                           _021_ (net)
                  0.04    0.00    2.56 ^ _714_/RESET_B (sky130_fd_sc_hd__dfrtp_1)
                                  2.56   data arrival time

                         10.00   10.00   clock clk (rise edge)
                          0.00   10.00   clock source latency
                  0.13    0.09   10.09 ^ clk (in)
     1    0.03                           clk (net)
                  0.13    0.00   10.09 ^ clkbuf_0_clk/A (sky130_fd_sc_hd__clkbuf_16)
                  0.07    0.17   10.25 ^ clkbuf_0_clk/X (sky130_fd_sc_hd__clkbuf_16)
     4    0.05                           clknet_0_clk (net)
                  0.07    0.00   10.26 ^ clkbuf_2_1__f_clk/A (sky130_fd_sc_hd__clkbuf_16)
                  0.07    0.15   10.40 ^ clkbuf_2_1__f_clk/X (sky130_fd_sc_hd__clkbuf_16)
    14    0.05                           clknet_2_1__leaf_clk (net)
                  0.07    0.00   10.40 ^ _714_/CLK (sky130_fd_sc_hd__dfrtp_1)
                         -0.25   10.15   clock uncertainty
                          0.00   10.15   clock reconvergence pessimism
                          0.24   10.39   library recovery time
                                 10.39   data required time
-----------------------------------------------------------------------------
                                 10.39   data required time
                                 -2.56   data arrival time
-----------------------------------------------------------------------------
                                  7.83   slack (MET)


Startpoint: rst (input port clocked by clk)
Endpoint: _743_ (recovery check against rising-edge clock clk)
Path Group: asynchronous
Path Type: max

Fanout     Cap    Slew   Delay    Time   Description
-----------------------------------------------------------------------------
                          0.00    0.00   clock clk (rise edge)
                          0.00    0.00   clock network delay (propagated)
                          2.00    2.00 v input external delay
                  0.01    0.01    2.01 v rst (in)
     1    0.00                           rst (net)
                  0.01    0.00    2.01 v input17/A (sky130_fd_sc_hd__clkbuf_1)
                  0.03    0.08    2.09 v input17/X (sky130_fd_sc_hd__clkbuf_1)
     1    0.00                           net17 (net)
                  0.03    0.00    2.09 v _634_/A (sky130_fd_sc_hd__buf_4)
                  0.08    0.19    2.27 v _634_/X (sky130_fd_sc_hd__buf_4)
     9    0.05                           _341_ (net)
                  0.08    0.00    2.28 v _679_/A (sky130_fd_sc_hd__clkbuf_8)
                  0.09    0.22    2.49 v _679_/X (sky130_fd_sc_hd__clkbuf_8)
    10    0.07                           _346_ (net)
                  0.09    0.00    2.49 v _689_/A (sky130_fd_sc_hd__inv_2)
                  0.04    0.06    2.56 ^ _689_/Y (sky130_fd_sc_hd__inv_2)
     1    0.00                           _050_ (net)
                  0.04    0.00    2.56 ^ _743_/RESET_B (sky130_fd_sc_hd__dfrtp_2)
                                  2.56   data arrival time

                         10.00   10.00   clock clk (rise edge)
                          0.00   10.00   clock source latency
                  0.13    0.09   10.09 ^ clk (in)
     1    0.03                           clk (net)
                  0.13    0.00   10.09 ^ clkbuf_0_clk/A (sky130_fd_sc_hd__clkbuf_16)
                  0.07    0.17   10.25 ^ clkbuf_0_clk/X (sky130_fd_sc_hd__clkbuf_16)
     4    0.05                           clknet_0_clk (net)
                  0.07    0.00   10.26 ^ clkbuf_2_2__f_clk/A (sky130_fd_sc_hd__clkbuf_16)
                  0.07    0.15   10.40 ^ clkbuf_2_2__f_clk/X (sky130_fd_sc_hd__clkbuf_16)
    13    0.05                           clknet_2_2__leaf_clk (net)
                  0.07    0.00   10.41 ^ _743_/CLK (sky130_fd_sc_hd__dfrtp_2)
                         -0.25   10.16   clock uncertainty
                          0.00   10.16   clock reconvergence pessimism
                          0.23   10.39   library recovery time
                                 10.39   data required time
-----------------------------------------------------------------------------
                                 10.39   data required time
                                 -2.56   data arrival time
-----------------------------------------------------------------------------
                                  7.83   slack (MET)


Startpoint: rst (input port clocked by clk)
Endpoint: _733_ (recovery check against rising-edge clock clk)
Path Group: asynchronous
Path Type: max

Fanout     Cap    Slew   Delay    Time   Description
-----------------------------------------------------------------------------
                          0.00    0.00   clock clk (rise edge)
                          0.00    0.00   clock network delay (propagated)
                          2.00    2.00 v input external delay
                  0.01    0.01    2.01 v rst (in)
     1    0.00                           rst (net)
                  0.01    0.00    2.01 v input17/A (sky130_fd_sc_hd__clkbuf_1)
                  0.03    0.08    2.09 v input17/X (sky130_fd_sc_hd__clkbuf_1)
     1    0.00                           net17 (net)
                  0.03    0.00    2.09 v _634_/A (sky130_fd_sc_hd__buf_4)
                  0.08    0.19    2.27 v _634_/X (sky130_fd_sc_hd__buf_4)
     9    0.05                           _341_ (net)
                  0.08    0.00    2.28 v _668_/A (sky130_fd_sc_hd__clkbuf_8)
                  0.09    0.22    2.50 v _668_/X (sky130_fd_sc_hd__clkbuf_8)
    10    0.08                           _345_ (net)
                  0.09    0.00    2.50 v _678_/A (sky130_fd_sc_hd__inv_2)
                  0.04    0.06    2.57 ^ _678_/Y (sky130_fd_sc_hd__inv_2)
     1    0.00                           _040_ (net)
                  0.04    0.00    2.57 ^ _733_/RESET_B (sky130_fd_sc_hd__dfrtp_1)
                                  2.57   data arrival time

                         10.00   10.00   clock clk (rise edge)
                          0.00   10.00   clock source latency
                  0.13    0.09   10.09 ^ clk (in)
     1    0.03                           clk (net)
                  0.13    0.00   10.09 ^ clkbuf_0_clk/A (sky130_fd_sc_hd__clkbuf_16)
                  0.07    0.17   10.25 ^ clkbuf_0_clk/X (sky130_fd_sc_hd__clkbuf_16)
     4    0.05                           clknet_0_clk (net)
                  0.07    0.00   10.26 ^ clkbuf_2_0__f_clk/A (sky130_fd_sc_hd__clkbuf_16)
                  0.07    0.15   10.40 ^ clkbuf_2_0__f_clk/X (sky130_fd_sc_hd__clkbuf_16)
    15    0.05                           clknet_2_0__leaf_clk (net)
                  0.07    0.00   10.41 ^ _733_/CLK (sky130_fd_sc_hd__dfrtp_1)
                         -0.25   10.16   clock uncertainty
                          0.00   10.16   clock reconvergence pessimism
                          0.24   10.40   library recovery time
                                 10.40   data required time
-----------------------------------------------------------------------------
                                 10.40   data required time
                                 -2.57   data arrival time
-----------------------------------------------------------------------------
                                  7.83   slack (MET)


Startpoint: rst (input port clocked by clk)
Endpoint: _702_ (recovery check against rising-edge clock clk)
Path Group: asynchronous
Path Type: max

Fanout     Cap    Slew   Delay    Time   Description
-----------------------------------------------------------------------------
                          0.00    0.00   clock clk (rise edge)
                          0.00    0.00   clock network delay (propagated)
                          2.00    2.00 v input external delay
                  0.01    0.01    2.01 v rst (in)
     1    0.00                           rst (net)
                  0.01    0.00    2.01 v input17/A (sky130_fd_sc_hd__clkbuf_1)
                  0.03    0.08    2.09 v input17/X (sky130_fd_sc_hd__clkbuf_1)
     1    0.00                           net17 (net)
                  0.03    0.00    2.09 v _634_/A (sky130_fd_sc_hd__buf_4)
                  0.08    0.19    2.27 v _634_/X (sky130_fd_sc_hd__buf_4)
     9    0.05                           _341_ (net)
                  0.08    0.00    2.28 v _635_/A (sky130_fd_sc_hd__clkbuf_8)
                  0.09    0.22    2.50 v _635_/X (sky130_fd_sc_hd__clkbuf_8)
    10    0.08                           _342_ (net)
                  0.09    0.00    2.50 v _644_/A (sky130_fd_sc_hd__inv_2)
                  0.04    0.07    2.57 ^ _644_/Y (sky130_fd_sc_hd__inv_2)
     1    0.00                           _009_ (net)
                  0.04    0.00    2.57 ^ _702_/RESET_B (sky130_fd_sc_hd__dfrtp_1)
                                  2.57   data arrival time

                         10.00   10.00   clock clk (rise edge)
                          0.00   10.00   clock source latency
                  0.13    0.09   10.09 ^ clk (in)
     1    0.03                           clk (net)
                  0.13    0.00   10.09 ^ clkbuf_0_clk/A (sky130_fd_sc_hd__clkbuf_16)
                  0.07    0.17   10.25 ^ clkbuf_0_clk/X (sky130_fd_sc_hd__clkbuf_16)
     4    0.05                           clknet_0_clk (net)
                  0.07    0.00   10.26 ^ clkbuf_2_0__f_clk/A (sky130_fd_sc_hd__clkbuf_16)
                  0.07    0.15   10.40 ^ clkbuf_2_0__f_clk/X (sky130_fd_sc_hd__clkbuf_16)
    15    0.05                           clknet_2_0__leaf_clk (net)
                  0.07    0.00   10.41 ^ _702_/CLK (sky130_fd_sc_hd__dfrtp_1)
                         -0.25   10.16   clock uncertainty
                          0.00   10.16   clock reconvergence pessimism
                          0.24   10.40   library recovery time
                                 10.40   data required time
-----------------------------------------------------------------------------
                                 10.40   data required time
                                 -2.57   data arrival time
-----------------------------------------------------------------------------
                                  7.83   slack (MET)


Startpoint: rst (input port clocked by clk)
Endpoint: _701_ (recovery check against rising-edge clock clk)
Path Group: asynchronous
Path Type: max

Fanout     Cap    Slew   Delay    Time   Description
-----------------------------------------------------------------------------
                          0.00    0.00   clock clk (rise edge)
                          0.00    0.00   clock network delay (propagated)
                          2.00    2.00 v input external delay
                  0.01    0.01    2.01 v rst (in)
     1    0.00                           rst (net)
                  0.01    0.00    2.01 v input17/A (sky130_fd_sc_hd__clkbuf_1)
                  0.03    0.08    2.09 v input17/X (sky130_fd_sc_hd__clkbuf_1)
     1    0.00                           net17 (net)
                  0.03    0.00    2.09 v _634_/A (sky130_fd_sc_hd__buf_4)
                  0.08    0.19    2.27 v _634_/X (sky130_fd_sc_hd__buf_4)
     9    0.05                           _341_ (net)
                  0.08    0.00    2.28 v _635_/A (sky130_fd_sc_hd__clkbuf_8)
                  0.09    0.22    2.50 v _635_/X (sky130_fd_sc_hd__clkbuf_8)
    10    0.08                           _342_ (net)
                  0.09    0.00    2.50 v _643_/A (sky130_fd_sc_hd__inv_2)
                  0.04    0.07    2.56 ^ _643_/Y (sky130_fd_sc_hd__inv_2)
     1    0.00                           _008_ (net)
                  0.04    0.00    2.56 ^ _701_/RESET_B (sky130_fd_sc_hd__dfrtp_1)
                                  2.56   data arrival time

                         10.00   10.00   clock clk (rise edge)
                          0.00   10.00   clock source latency
                  0.13    0.09   10.09 ^ clk (in)
     1    0.03                           clk (net)
                  0.13    0.00   10.09 ^ clkbuf_0_clk/A (sky130_fd_sc_hd__clkbuf_16)
                  0.07    0.17   10.25 ^ clkbuf_0_clk/X (sky130_fd_sc_hd__clkbuf_16)
     4    0.05                           clknet_0_clk (net)
                  0.07    0.00   10.26 ^ clkbuf_2_2__f_clk/A (sky130_fd_sc_hd__clkbuf_16)
                  0.07    0.15   10.40 ^ clkbuf_2_2__f_clk/X (sky130_fd_sc_hd__clkbuf_16)
    13    0.05                           clknet_2_2__leaf_clk (net)
                  0.07    0.00   10.41 ^ _701_/CLK (sky130_fd_sc_hd__dfrtp_1)
                         -0.25   10.16   clock uncertainty
                          0.00   10.16   clock reconvergence pessimism
                          0.24   10.40   library recovery time
                                 10.40   data required time
-----------------------------------------------------------------------------
                                 10.40   data required time
                                 -2.56   data arrival time
-----------------------------------------------------------------------------
                                  7.83   slack (MET)


Startpoint: rst (input port clocked by clk)
Endpoint: _721_ (recovery check against rising-edge clock clk)
Path Group: asynchronous
Path Type: max

Fanout     Cap    Slew   Delay    Time   Description
-----------------------------------------------------------------------------
                          0.00    0.00   clock clk (rise edge)
                          0.00    0.00   clock network delay (propagated)
                          2.00    2.00 v input external delay
                  0.01    0.01    2.01 v rst (in)
     1    0.00                           rst (net)
                  0.01    0.00    2.01 v input17/A (sky130_fd_sc_hd__clkbuf_1)
                  0.03    0.08    2.09 v input17/X (sky130_fd_sc_hd__clkbuf_1)
     1    0.00                           net17 (net)
                  0.03    0.00    2.09 v _634_/A (sky130_fd_sc_hd__buf_4)
                  0.08    0.19    2.27 v _634_/X (sky130_fd_sc_hd__buf_4)
     9    0.05                           _341_ (net)
                  0.08    0.00    2.28 v _657_/A (sky130_fd_sc_hd__clkbuf_8)
                  0.09    0.22    2.49 v _657_/X (sky130_fd_sc_hd__clkbuf_8)
    10    0.07                           _344_ (net)
                  0.09    0.01    2.50 v _665_/A (sky130_fd_sc_hd__inv_2)
                  0.04    0.07    2.56 ^ _665_/Y (sky130_fd_sc_hd__inv_2)
     1    0.00                           _028_ (net)
                  0.04    0.00    2.56 ^ _721_/RESET_B (sky130_fd_sc_hd__dfrtp_1)
                                  2.56   data arrival time

                         10.00   10.00   clock clk (rise edge)
                          0.00   10.00   clock source latency
                  0.13    0.09   10.09 ^ clk (in)
     1    0.03                           clk (net)
                  0.13    0.00   10.09 ^ clkbuf_0_clk/A (sky130_fd_sc_hd__clkbuf_16)
                  0.07    0.17   10.25 ^ clkbuf_0_clk/X (sky130_fd_sc_hd__clkbuf_16)
     4    0.05                           clknet_0_clk (net)
                  0.07    0.00   10.26 ^ clkbuf_2_0__f_clk/A (sky130_fd_sc_hd__clkbuf_16)
                  0.07    0.15   10.40 ^ clkbuf_2_0__f_clk/X (sky130_fd_sc_hd__clkbuf_16)
    15    0.05                           clknet_2_0__leaf_clk (net)
                  0.07    0.00   10.41 ^ _721_/CLK (sky130_fd_sc_hd__dfrtp_1)
                         -0.25   10.16   clock uncertainty
                          0.00   10.16   clock reconvergence pessimism
                          0.24   10.40   library recovery time
                                 10.40   data required time
-----------------------------------------------------------------------------
                                 10.40   data required time
                                 -2.56   data arrival time
-----------------------------------------------------------------------------
                                  7.83   slack (MET)


Startpoint: rst (input port clocked by clk)
Endpoint: _720_ (recovery check against rising-edge clock clk)
Path Group: asynchronous
Path Type: max

Fanout     Cap    Slew   Delay    Time   Description
-----------------------------------------------------------------------------
                          0.00    0.00   clock clk (rise edge)
                          0.00    0.00   clock network delay (propagated)
                          2.00    2.00 v input external delay
                  0.01    0.01    2.01 v rst (in)
     1    0.00                           rst (net)
                  0.01    0.00    2.01 v input17/A (sky130_fd_sc_hd__clkbuf_1)
                  0.03    0.08    2.09 v input17/X (sky130_fd_sc_hd__clkbuf_1)
     1    0.00                           net17 (net)
                  0.03    0.00    2.09 v _634_/A (sky130_fd_sc_hd__buf_4)
                  0.08    0.19    2.27 v _634_/X (sky130_fd_sc_hd__buf_4)
     9    0.05                           _341_ (net)
                  0.08    0.00    2.28 v _657_/A (sky130_fd_sc_hd__clkbuf_8)
                  0.09    0.22    2.49 v _657_/X (sky130_fd_sc_hd__clkbuf_8)
    10    0.07                           _344_ (net)
                  0.09    0.01    2.50 v _664_/A (sky130_fd_sc_hd__inv_2)
                  0.04    0.07    2.56 ^ _664_/Y (sky130_fd_sc_hd__inv_2)
     1    0.00                           _027_ (net)
                  0.04    0.00    2.56 ^ _720_/RESET_B (sky130_fd_sc_hd__dfrtp_1)
                                  2.56   data arrival time

                         10.00   10.00   clock clk (rise edge)
                          0.00   10.00   clock source latency
                  0.13    0.09   10.09 ^ clk (in)
     1    0.03                           clk (net)
                  0.13    0.00   10.09 ^ clkbuf_0_clk/A (sky130_fd_sc_hd__clkbuf_16)
                  0.07    0.17   10.25 ^ clkbuf_0_clk/X (sky130_fd_sc_hd__clkbuf_16)
     4    0.05                           clknet_0_clk (net)
                  0.07    0.00   10.26 ^ clkbuf_2_0__f_clk/A (sky130_fd_sc_hd__clkbuf_16)
                  0.07    0.15   10.40 ^ clkbuf_2_0__f_clk/X (sky130_fd_sc_hd__clkbuf_16)
    15    0.05                           clknet_2_0__leaf_clk (net)
                  0.07    0.00   10.41 ^ _720_/CLK (sky130_fd_sc_hd__dfrtp_1)
                         -0.25   10.16   clock uncertainty
                          0.00   10.16   clock reconvergence pessimism
                          0.24   10.40   library recovery time
                                 10.40   data required time
-----------------------------------------------------------------------------
                                 10.40   data required time
                                 -2.56   data arrival time
-----------------------------------------------------------------------------
                                  7.83   slack (MET)


Startpoint: rst (input port clocked by clk)
Endpoint: _722_ (recovery check against rising-edge clock clk)
Path Group: asynchronous
Path Type: max

Fanout     Cap    Slew   Delay    Time   Description
-----------------------------------------------------------------------------
                          0.00    0.00   clock clk (rise edge)
                          0.00    0.00   clock network delay (propagated)
                          2.00    2.00 v input external delay
                  0.01    0.01    2.01 v rst (in)
     1    0.00                           rst (net)
                  0.01    0.00    2.01 v input17/A (sky130_fd_sc_hd__clkbuf_1)
                  0.03    0.08    2.09 v input17/X (sky130_fd_sc_hd__clkbuf_1)
     1    0.00                           net17 (net)
                  0.03    0.00    2.09 v _634_/A (sky130_fd_sc_hd__buf_4)
                  0.08    0.19    2.27 v _634_/X (sky130_fd_sc_hd__buf_4)
     9    0.05                           _341_ (net)
                  0.08    0.00    2.28 v _657_/A (sky130_fd_sc_hd__clkbuf_8)
                  0.09    0.22    2.49 v _657_/X (sky130_fd_sc_hd__clkbuf_8)
    10    0.07                           _344_ (net)
                  0.09    0.01    2.50 v _666_/A (sky130_fd_sc_hd__inv_2)
                  0.04    0.07    2.56 ^ _666_/Y (sky130_fd_sc_hd__inv_2)
     1    0.00                           _029_ (net)
                  0.04    0.00    2.56 ^ _722_/RESET_B (sky130_fd_sc_hd__dfrtp_1)
                                  2.56   data arrival time

                         10.00   10.00   clock clk (rise edge)
                          0.00   10.00   clock source latency
                  0.13    0.09   10.09 ^ clk (in)
     1    0.03                           clk (net)
                  0.13    0.00   10.09 ^ clkbuf_0_clk/A (sky130_fd_sc_hd__clkbuf_16)
                  0.07    0.17   10.25 ^ clkbuf_0_clk/X (sky130_fd_sc_hd__clkbuf_16)
     4    0.05                           clknet_0_clk (net)
                  0.07    0.00   10.26 ^ clkbuf_2_0__f_clk/A (sky130_fd_sc_hd__clkbuf_16)
                  0.07    0.15   10.40 ^ clkbuf_2_0__f_clk/X (sky130_fd_sc_hd__clkbuf_16)
    15    0.05                           clknet_2_0__leaf_clk (net)
                  0.07    0.00   10.41 ^ _722_/CLK (sky130_fd_sc_hd__dfrtp_1)
                         -0.25   10.16   clock uncertainty
                          0.00   10.16   clock reconvergence pessimism
                          0.24   10.40   library recovery time
                                 10.40   data required time
-----------------------------------------------------------------------------
                                 10.40   data required time
                                 -2.56   data arrival time
-----------------------------------------------------------------------------
                                  7.83   slack (MET)


Startpoint: rst (input port clocked by clk)
Endpoint: _734_ (recovery check against rising-edge clock clk)
Path Group: asynchronous
Path Type: max

Fanout     Cap    Slew   Delay    Time   Description
-----------------------------------------------------------------------------
                          0.00    0.00   clock clk (rise edge)
                          0.00    0.00   clock network delay (propagated)
                          2.00    2.00 v input external delay
                  0.01    0.01    2.01 v rst (in)
     1    0.00                           rst (net)
                  0.01    0.00    2.01 v input17/A (sky130_fd_sc_hd__clkbuf_1)
                  0.03    0.08    2.09 v input17/X (sky130_fd_sc_hd__clkbuf_1)
     1    0.00                           net17 (net)
                  0.03    0.00    2.09 v _634_/A (sky130_fd_sc_hd__buf_4)
                  0.08    0.19    2.27 v _634_/X (sky130_fd_sc_hd__buf_4)
     9    0.05                           _341_ (net)
                  0.08    0.00    2.28 v _679_/A (sky130_fd_sc_hd__clkbuf_8)
                  0.09    0.22    2.49 v _679_/X (sky130_fd_sc_hd__clkbuf_8)
    10    0.07                           _346_ (net)
                  0.09    0.00    2.50 v _680_/A (sky130_fd_sc_hd__inv_2)
                  0.04    0.07    2.56 ^ _680_/Y (sky130_fd_sc_hd__inv_2)
     1    0.00                           _041_ (net)
                  0.04    0.00    2.56 ^ _734_/RESET_B (sky130_fd_sc_hd__dfrtp_1)
                                  2.56   data arrival time

                         10.00   10.00   clock clk (rise edge)
                          0.00   10.00   clock source latency
                  0.13    0.09   10.09 ^ clk (in)
     1    0.03                           clk (net)
                  0.13    0.00   10.09 ^ clkbuf_0_clk/A (sky130_fd_sc_hd__clkbuf_16)
                  0.07    0.17   10.25 ^ clkbuf_0_clk/X (sky130_fd_sc_hd__clkbuf_16)
     4    0.05                           clknet_0_clk (net)
                  0.07    0.00   10.26 ^ clkbuf_2_0__f_clk/A (sky130_fd_sc_hd__clkbuf_16)
                  0.07    0.15   10.40 ^ clkbuf_2_0__f_clk/X (sky130_fd_sc_hd__clkbuf_16)
    15    0.05                           clknet_2_0__leaf_clk (net)
                  0.07    0.00   10.41 ^ _734_/CLK (sky130_fd_sc_hd__dfrtp_1)
                         -0.25   10.16   clock uncertainty
                          0.00   10.16   clock reconvergence pessimism
                          0.24   10.40   library recovery time
                                 10.40   data required time
-----------------------------------------------------------------------------
                                 10.40   data required time
                                 -2.56   data arrival time
-----------------------------------------------------------------------------
                                  7.83   slack (MET)


Startpoint: rst (input port clocked by clk)
Endpoint: _735_ (recovery check against rising-edge clock clk)
Path Group: asynchronous
Path Type: max

Fanout     Cap    Slew   Delay    Time   Description
-----------------------------------------------------------------------------
                          0.00    0.00   clock clk (rise edge)
                          0.00    0.00   clock network delay (propagated)
                          2.00    2.00 v input external delay
                  0.01    0.01    2.01 v rst (in)
     1    0.00                           rst (net)
                  0.01    0.00    2.01 v input17/A (sky130_fd_sc_hd__clkbuf_1)
                  0.03    0.08    2.09 v input17/X (sky130_fd_sc_hd__clkbuf_1)
     1    0.00                           net17 (net)
                  0.03    0.00    2.09 v _634_/A (sky130_fd_sc_hd__buf_4)
                  0.08    0.19    2.27 v _634_/X (sky130_fd_sc_hd__buf_4)
     9    0.05                           _341_ (net)
                  0.08    0.00    2.28 v _679_/A (sky130_fd_sc_hd__clkbuf_8)
                  0.09    0.22    2.49 v _679_/X (sky130_fd_sc_hd__clkbuf_8)
    10    0.07                           _346_ (net)
                  0.09    0.00    2.50 v _681_/A (sky130_fd_sc_hd__inv_2)
                  0.04    0.07    2.56 ^ _681_/Y (sky130_fd_sc_hd__inv_2)
     1    0.00                           _042_ (net)
                  0.04    0.00    2.56 ^ _735_/RESET_B (sky130_fd_sc_hd__dfrtp_1)
                                  2.56   data arrival time

                         10.00   10.00   clock clk (rise edge)
                          0.00   10.00   clock source latency
                  0.13    0.09   10.09 ^ clk (in)
     1    0.03                           clk (net)
                  0.13    0.00   10.09 ^ clkbuf_0_clk/A (sky130_fd_sc_hd__clkbuf_16)
                  0.07    0.17   10.25 ^ clkbuf_0_clk/X (sky130_fd_sc_hd__clkbuf_16)
     4    0.05                           clknet_0_clk (net)
                  0.07    0.00   10.26 ^ clkbuf_2_0__f_clk/A (sky130_fd_sc_hd__clkbuf_16)
                  0.07    0.15   10.40 ^ clkbuf_2_0__f_clk/X (sky130_fd_sc_hd__clkbuf_16)
    15    0.05                           clknet_2_0__leaf_clk (net)
                  0.07    0.00   10.41 ^ _735_/CLK (sky130_fd_sc_hd__dfrtp_1)
                         -0.25   10.16   clock uncertainty
                          0.00   10.16   clock reconvergence pessimism
                          0.24   10.40   library recovery time
                                 10.40   data required time
-----------------------------------------------------------------------------
                                 10.40   data required time
                                 -2.56   data arrival time
-----------------------------------------------------------------------------
                                  7.84   slack (MET)


Startpoint: rst (input port clocked by clk)
Endpoint: _717_ (recovery check against rising-edge clock clk)
Path Group: asynchronous
Path Type: max

Fanout     Cap    Slew   Delay    Time   Description
-----------------------------------------------------------------------------
                          0.00    0.00   clock clk (rise edge)
                          0.00    0.00   clock network delay (propagated)
                          2.00    2.00 v input external delay
                  0.01    0.01    2.01 v rst (in)
     1    0.00                           rst (net)
                  0.01    0.00    2.01 v input17/A (sky130_fd_sc_hd__clkbuf_1)
                  0.03    0.08    2.09 v input17/X (sky130_fd_sc_hd__clkbuf_1)
     1    0.00                           net17 (net)
                  0.03    0.00    2.09 v _634_/A (sky130_fd_sc_hd__buf_4)
                  0.08    0.19    2.27 v _634_/X (sky130_fd_sc_hd__buf_4)
     9    0.05                           _341_ (net)
                  0.08    0.00    2.28 v _657_/A (sky130_fd_sc_hd__clkbuf_8)
                  0.09    0.22    2.49 v _657_/X (sky130_fd_sc_hd__clkbuf_8)
    10    0.07                           _344_ (net)
                  0.09    0.00    2.50 v _661_/A (sky130_fd_sc_hd__inv_2)
                  0.04    0.06    2.56 ^ _661_/Y (sky130_fd_sc_hd__inv_2)
     1    0.00                           _024_ (net)
                  0.04    0.00    2.56 ^ _717_/RESET_B (sky130_fd_sc_hd__dfrtp_1)
                                  2.56   data arrival time

                         10.00   10.00   clock clk (rise edge)
                          0.00   10.00   clock source latency
                  0.13    0.09   10.09 ^ clk (in)
     1    0.03                           clk (net)
                  0.13    0.00   10.09 ^ clkbuf_0_clk/A (sky130_fd_sc_hd__clkbuf_16)
                  0.07    0.17   10.25 ^ clkbuf_0_clk/X (sky130_fd_sc_hd__clkbuf_16)
     4    0.05                           clknet_0_clk (net)
                  0.07    0.00   10.26 ^ clkbuf_2_2__f_clk/A (sky130_fd_sc_hd__clkbuf_16)
                  0.07    0.15   10.40 ^ clkbuf_2_2__f_clk/X (sky130_fd_sc_hd__clkbuf_16)
    13    0.05                           clknet_2_2__leaf_clk (net)
                  0.07    0.00   10.41 ^ _717_/CLK (sky130_fd_sc_hd__dfrtp_1)
                         -0.25   10.16   clock uncertainty
                          0.00   10.16   clock reconvergence pessimism
                          0.24   10.40   library recovery time
                                 10.40   data required time
-----------------------------------------------------------------------------
                                 10.40   data required time
                                 -2.56   data arrival time
-----------------------------------------------------------------------------
                                  7.84   slack (MET)


Startpoint: rst (input port clocked by clk)
Endpoint: _718_ (recovery check against rising-edge clock clk)
Path Group: asynchronous
Path Type: max

Fanout     Cap    Slew   Delay    Time   Description
-----------------------------------------------------------------------------
                          0.00    0.00   clock clk (rise edge)
                          0.00    0.00   clock network delay (propagated)
                          2.00    2.00 v input external delay
                  0.01    0.01    2.01 v rst (in)
     1    0.00                           rst (net)
                  0.01    0.00    2.01 v input17/A (sky130_fd_sc_hd__clkbuf_1)
                  0.03    0.08    2.09 v input17/X (sky130_fd_sc_hd__clkbuf_1)
     1    0.00                           net17 (net)
                  0.03    0.00    2.09 v _634_/A (sky130_fd_sc_hd__buf_4)
                  0.08    0.19    2.27 v _634_/X (sky130_fd_sc_hd__buf_4)
     9    0.05                           _341_ (net)
                  0.08    0.00    2.28 v _657_/A (sky130_fd_sc_hd__clkbuf_8)
                  0.09    0.22    2.49 v _657_/X (sky130_fd_sc_hd__clkbuf_8)
    10    0.07                           _344_ (net)
                  0.09    0.00    2.49 v _662_/A (sky130_fd_sc_hd__inv_2)
                  0.04    0.06    2.56 ^ _662_/Y (sky130_fd_sc_hd__inv_2)
     1    0.00                           _025_ (net)
                  0.04    0.00    2.56 ^ _718_/RESET_B (sky130_fd_sc_hd__dfrtp_1)
                                  2.56   data arrival time

                         10.00   10.00   clock clk (rise edge)
                          0.00   10.00   clock source latency
                  0.13    0.09   10.09 ^ clk (in)
     1    0.03                           clk (net)
                  0.13    0.00   10.09 ^ clkbuf_0_clk/A (sky130_fd_sc_hd__clkbuf_16)
                  0.07    0.17   10.25 ^ clkbuf_0_clk/X (sky130_fd_sc_hd__clkbuf_16)
     4    0.05                           clknet_0_clk (net)
                  0.07    0.00   10.26 ^ clkbuf_2_2__f_clk/A (sky130_fd_sc_hd__clkbuf_16)
                  0.07    0.15   10.40 ^ clkbuf_2_2__f_clk/X (sky130_fd_sc_hd__clkbuf_16)
    13    0.05                           clknet_2_2__leaf_clk (net)
                  0.07    0.00   10.41 ^ _718_/CLK (sky130_fd_sc_hd__dfrtp_1)
                         -0.25   10.16   clock uncertainty
                          0.00   10.16   clock reconvergence pessimism
                          0.24   10.40   library recovery time
                                 10.40   data required time
-----------------------------------------------------------------------------
                                 10.40   data required time
                                 -2.56   data arrival time
-----------------------------------------------------------------------------
                                  7.84   slack (MET)


Startpoint: rst (input port clocked by clk)
Endpoint: _716_ (recovery check against rising-edge clock clk)
Path Group: asynchronous
Path Type: max

Fanout     Cap    Slew   Delay    Time   Description
-----------------------------------------------------------------------------
                          0.00    0.00   clock clk (rise edge)
                          0.00    0.00   clock network delay (propagated)
                          2.00    2.00 v input external delay
                  0.01    0.01    2.01 v rst (in)
     1    0.00                           rst (net)
                  0.01    0.00    2.01 v input17/A (sky130_fd_sc_hd__clkbuf_1)
                  0.03    0.08    2.09 v input17/X (sky130_fd_sc_hd__clkbuf_1)
     1    0.00                           net17 (net)
                  0.03    0.00    2.09 v _634_/A (sky130_fd_sc_hd__buf_4)
                  0.08    0.19    2.27 v _634_/X (sky130_fd_sc_hd__buf_4)
     9    0.05                           _341_ (net)
                  0.08    0.00    2.28 v _657_/A (sky130_fd_sc_hd__clkbuf_8)
                  0.09    0.22    2.49 v _657_/X (sky130_fd_sc_hd__clkbuf_8)
    10    0.07                           _344_ (net)
                  0.09    0.00    2.50 v _660_/A (sky130_fd_sc_hd__inv_2)
                  0.04    0.06    2.56 ^ _660_/Y (sky130_fd_sc_hd__inv_2)
     1    0.00                           _023_ (net)
                  0.04    0.00    2.56 ^ _716_/RESET_B (sky130_fd_sc_hd__dfrtp_1)
                                  2.56   data arrival time

                         10.00   10.00   clock clk (rise edge)
                          0.00   10.00   clock source latency
                  0.13    0.09   10.09 ^ clk (in)
     1    0.03                           clk (net)
                  0.13    0.00   10.09 ^ clkbuf_0_clk/A (sky130_fd_sc_hd__clkbuf_16)
                  0.07    0.17   10.25 ^ clkbuf_0_clk/X (sky130_fd_sc_hd__clkbuf_16)
     4    0.05                           clknet_0_clk (net)
                  0.07    0.00   10.26 ^ clkbuf_2_0__f_clk/A (sky130_fd_sc_hd__clkbuf_16)
                  0.07    0.15   10.40 ^ clkbuf_2_0__f_clk/X (sky130_fd_sc_hd__clkbuf_16)
    15    0.05                           clknet_2_0__leaf_clk (net)
                  0.07    0.00   10.41 ^ _716_/CLK (sky130_fd_sc_hd__dfrtp_1)
                         -0.25   10.16   clock uncertainty
                          0.00   10.16   clock reconvergence pessimism
                          0.24   10.40   library recovery time
                                 10.40   data required time
-----------------------------------------------------------------------------
                                 10.40   data required time
                                 -2.56   data arrival time
-----------------------------------------------------------------------------
                                  7.84   slack (MET)


Startpoint: _696_ (rising edge-triggered flip-flop clocked by clk)
Endpoint: _703_ (rising edge-triggered flip-flop clocked by clk)
Path Group: clk
Path Type: max

Fanout     Cap    Slew   Delay    Time   Description
-----------------------------------------------------------------------------
                          0.00    0.00   clock clk (rise edge)
                          0.00    0.00   clock source latency
                  0.13    0.09    0.09 ^ clk (in)
     1    0.03                           clk (net)
                  0.13    0.00    0.09 ^ clkbuf_0_clk/A (sky130_fd_sc_hd__clkbuf_16)
                  0.07    0.19    0.28 ^ clkbuf_0_clk/X (sky130_fd_sc_hd__clkbuf_16)
     4    0.05                           clknet_0_clk (net)
                  0.07    0.00    0.28 ^ clkbuf_2_3__f_clk/A (sky130_fd_sc_hd__clkbuf_16)
                  0.06    0.16    0.44 ^ clkbuf_2_3__f_clk/X (sky130_fd_sc_hd__clkbuf_16)
    12    0.05                           clknet_2_3__leaf_clk (net)
                  0.06    0.00    0.45 ^ _696_/CLK (sky130_fd_sc_hd__dfrtp_1)
                  0.08    0.43    0.88 v _696_/Q (sky130_fd_sc_hd__dfrtp_1)
     4    0.01                           u_core.count[2] (net)
                  0.08    0.00    0.88 v _589_/B (sky130_fd_sc_hd__nor4b_1)
                  0.39    0.42    1.30 ^ _589_/Y (sky130_fd_sc_hd__nor4b_1)
     2    0.01                           _319_ (net)
                  0.39    0.00    1.30 ^ wire36/A (sky130_fd_sc_hd__clkbuf_2)
                  0.13    0.26    1.56 ^ wire36/X (sky130_fd_sc_hd__clkbuf_2)
     4    0.02                           net36 (net)
                  0.13    0.00    1.56 ^ _590_/B (sky130_fd_sc_hd__nand2_4)
                  0.13    0.15    1.71 v _590_/Y (sky130_fd_sc_hd__nand2_4)
     7    0.06                           _320_ (net)
                  0.13    0.00    1.72 v _616_/S (sky130_fd_sc_hd__mux2_1)
                  0.06    0.36    2.07 v _616_/X (sky130_fd_sc_hd__mux2_1)
     1    0.00                           _333_ (net)
                  0.06    0.00    2.07 v _617_/A (sky130_fd_sc_hd__clkbuf_1)
                  0.03    0.10    2.17 v _617_/X (sky130_fd_sc_hd__clkbuf_1)
     1    0.00                           _063_ (net)
                  0.03    0.00    2.17 v _703_/D (sky130_fd_sc_hd__dfrtp_1)
                                  2.17   data arrival time

                         10.00   10.00   clock clk (rise edge)
                          0.00   10.00   clock source latency
                  0.13    0.09   10.09 ^ clk (in)
     1    0.03                           clk (net)
                  0.13    0.00   10.09 ^ clkbuf_0_clk/A (sky130_fd_sc_hd__clkbuf_16)
                  0.07    0.17   10.25 ^ clkbuf_0_clk/X (sky130_fd_sc_hd__clkbuf_16)
     4    0.05                           clknet_0_clk (net)
                  0.07    0.00   10.26 ^ clkbuf_2_1__f_clk/A (sky130_fd_sc_hd__clkbuf_16)
                  0.07    0.15   10.40 ^ clkbuf_2_1__f_clk/X (sky130_fd_sc_hd__clkbuf_16)
    14    0.05                           clknet_2_1__leaf_clk (net)
                  0.07    0.00   10.40 ^ _703_/CLK (sky130_fd_sc_hd__dfrtp_1)
                         -0.25   10.15   clock uncertainty
                          0.03   10.18   clock reconvergence pessimism
                         -0.10   10.08   library setup time
                                 10.08   data required time
-----------------------------------------------------------------------------
                                 10.08   data required time
                                 -2.17   data arrival time
-----------------------------------------------------------------------------
                                  7.91   slack (MET)


Startpoint: _696_ (rising edge-triggered flip-flop clocked by clk)
Endpoint: _706_ (rising edge-triggered flip-flop clocked by clk)
Path Group: clk
Path Type: max

Fanout     Cap    Slew   Delay    Time   Description
-----------------------------------------------------------------------------
                          0.00    0.00   clock clk (rise edge)
                          0.00    0.00   clock source latency
                  0.13    0.09    0.09 ^ clk (in)
     1    0.03                           clk (net)
                  0.13    0.00    0.09 ^ clkbuf_0_clk/A (sky130_fd_sc_hd__clkbuf_16)
                  0.07    0.19    0.28 ^ clkbuf_0_clk/X (sky130_fd_sc_hd__clkbuf_16)
     4    0.05                           clknet_0_clk (net)
                  0.07    0.00    0.28 ^ clkbuf_2_3__f_clk/A (sky130_fd_sc_hd__clkbuf_16)
                  0.06    0.16    0.44 ^ clkbuf_2_3__f_clk/X (sky130_fd_sc_hd__clkbuf_16)
    12    0.05                           clknet_2_3__leaf_clk (net)
                  0.06    0.00    0.45 ^ _696_/CLK (sky130_fd_sc_hd__dfrtp_1)
                  0.08    0.43    0.88 v _696_/Q (sky130_fd_sc_hd__dfrtp_1)
     4    0.01                           u_core.count[2] (net)
                  0.08    0.00    0.88 v _589_/B (sky130_fd_sc_hd__nor4b_1)
                  0.39    0.42    1.30 ^ _589_/Y (sky130_fd_sc_hd__nor4b_1)
     2    0.01                           _319_ (net)
                  0.39    0.00    1.30 ^ wire36/A (sky130_fd_sc_hd__clkbuf_2)
                  0.13    0.26    1.56 ^ wire36/X (sky130_fd_sc_hd__clkbuf_2)
     4    0.02                           net36 (net)
                  0.13    0.00    1.56 ^ _590_/B (sky130_fd_sc_hd__nand2_4)
                  0.13    0.15    1.71 v _590_/Y (sky130_fd_sc_hd__nand2_4)
     7    0.06                           _320_ (net)
                  0.13    0.00    1.72 v _610_/S (sky130_fd_sc_hd__mux2_1)
                  0.05    0.35    2.07 v _610_/X (sky130_fd_sc_hd__mux2_1)
     1    0.00                           _330_ (net)
                  0.05    0.00    2.07 v _611_/A (sky130_fd_sc_hd__clkbuf_1)
                  0.02    0.09    2.16 v _611_/X (sky130_fd_sc_hd__clkbuf_1)
     1    0.00                           _066_ (net)
                  0.02    0.00    2.16 v _706_/D (sky130_fd_sc_hd__dfrtp_1)
                                  2.16   data arrival time

                         10.00   10.00   clock clk (rise edge)
                          0.00   10.00   clock source latency
                  0.13    0.09   10.09 ^ clk (in)
     1    0.03                           clk (net)
                  0.13    0.00   10.09 ^ clkbuf_0_clk/A (sky130_fd_sc_hd__clkbuf_16)
                  0.07    0.17   10.25 ^ clkbuf_0_clk/X (sky130_fd_sc_hd__clkbuf_16)
     4    0.05                           clknet_0_clk (net)
                  0.07    0.00   10.26 ^ clkbuf_2_1__f_clk/A (sky130_fd_sc_hd__clkbuf_16)
                  0.07    0.15   10.40 ^ clkbuf_2_1__f_clk/X (sky130_fd_sc_hd__clkbuf_16)
    14    0.05                           clknet_2_1__leaf_clk (net)
                  0.07    0.00   10.40 ^ _706_/CLK (sky130_fd_sc_hd__dfrtp_1)
                         -0.25   10.15   clock uncertainty
                          0.03   10.18   clock reconvergence pessimism
                         -0.10   10.08   library setup time
                                 10.08   data required time
-----------------------------------------------------------------------------
                                 10.08   data required time
                                 -2.16   data arrival time
-----------------------------------------------------------------------------
                                  7.92   slack (MET)


Startpoint: _696_ (rising edge-triggered flip-flop clocked by clk)
Endpoint: _701_ (rising edge-triggered flip-flop clocked by clk)
Path Group: clk
Path Type: max

Fanout     Cap    Slew   Delay    Time   Description
-----------------------------------------------------------------------------
                          0.00    0.00   clock clk (rise edge)
                          0.00    0.00   clock source latency
                  0.13    0.09    0.09 ^ clk (in)
     1    0.03                           clk (net)
                  0.13    0.00    0.09 ^ clkbuf_0_clk/A (sky130_fd_sc_hd__clkbuf_16)
                  0.07    0.19    0.28 ^ clkbuf_0_clk/X (sky130_fd_sc_hd__clkbuf_16)
     4    0.05                           clknet_0_clk (net)
                  0.07    0.00    0.28 ^ clkbuf_2_3__f_clk/A (sky130_fd_sc_hd__clkbuf_16)
                  0.06    0.16    0.44 ^ clkbuf_2_3__f_clk/X (sky130_fd_sc_hd__clkbuf_16)
    12    0.05                           clknet_2_3__leaf_clk (net)
                  0.06    0.00    0.45 ^ _696_/CLK (sky130_fd_sc_hd__dfrtp_1)
                  0.08    0.43    0.88 v _696_/Q (sky130_fd_sc_hd__dfrtp_1)
     4    0.01                           u_core.count[2] (net)
                  0.08    0.00    0.88 v _589_/B (sky130_fd_sc_hd__nor4b_1)
                  0.39    0.42    1.30 ^ _589_/Y (sky130_fd_sc_hd__nor4b_1)
     2    0.01                           _319_ (net)
                  0.39    0.00    1.30 ^ wire36/A (sky130_fd_sc_hd__clkbuf_2)
                  0.13    0.26    1.56 ^ wire36/X (sky130_fd_sc_hd__clkbuf_2)
     4    0.02                           net36 (net)
                  0.13    0.00    1.56 ^ _590_/B (sky130_fd_sc_hd__nand2_4)
                  0.13    0.15    1.71 v _590_/Y (sky130_fd_sc_hd__nand2_4)
     7    0.06                           _320_ (net)
                  0.13    0.00    1.72 v _620_/S (sky130_fd_sc_hd__mux2_1)
                  0.06    0.36    2.07 v _620_/X (sky130_fd_sc_hd__mux2_1)
     1    0.00                           _335_ (net)
                  0.06    0.00    2.07 v _621_/A (sky130_fd_sc_hd__clkbuf_1)
                  0.02    0.09    2.17 v _621_/X (sky130_fd_sc_hd__clkbuf_1)
     1    0.00                           _061_ (net)
                  0.02    0.00    2.17 v _701_/D (sky130_fd_sc_hd__dfrtp_1)
                                  2.17   data arrival time

                         10.00   10.00   clock clk (rise edge)
                          0.00   10.00   clock source latency
                  0.13    0.09   10.09 ^ clk (in)
     1    0.03                           clk (net)
                  0.13    0.00   10.09 ^ clkbuf_0_clk/A (sky130_fd_sc_hd__clkbuf_16)
                  0.07    0.17   10.25 ^ clkbuf_0_clk/X (sky130_fd_sc_hd__clkbuf_16)
     4    0.05                           clknet_0_clk (net)
                  0.07    0.00   10.26 ^ clkbuf_2_2__f_clk/A (sky130_fd_sc_hd__clkbuf_16)
                  0.07    0.15   10.40 ^ clkbuf_2_2__f_clk/X (sky130_fd_sc_hd__clkbuf_16)
    13    0.05                           clknet_2_2__leaf_clk (net)
                  0.07    0.00   10.41 ^ _701_/CLK (sky130_fd_sc_hd__dfrtp_1)
                         -0.25   10.16   clock uncertainty
                          0.03   10.18   clock reconvergence pessimism
                         -0.10   10.08   library setup time
                                 10.08   data required time
-----------------------------------------------------------------------------
                                 10.08   data required time
                                 -2.17   data arrival time
-----------------------------------------------------------------------------
                                  7.92   slack (MET)


Startpoint: _696_ (rising edge-triggered flip-flop clocked by clk)
Endpoint: _704_ (rising edge-triggered flip-flop clocked by clk)
Path Group: clk
Path Type: max

Fanout     Cap    Slew   Delay    Time   Description
-----------------------------------------------------------------------------
                          0.00    0.00   clock clk (rise edge)
                          0.00    0.00   clock source latency
                  0.13    0.09    0.09 ^ clk (in)
     1    0.03                           clk (net)
                  0.13    0.00    0.09 ^ clkbuf_0_clk/A (sky130_fd_sc_hd__clkbuf_16)
                  0.07    0.19    0.28 ^ clkbuf_0_clk/X (sky130_fd_sc_hd__clkbuf_16)
     4    0.05                           clknet_0_clk (net)
                  0.07    0.00    0.28 ^ clkbuf_2_3__f_clk/A (sky130_fd_sc_hd__clkbuf_16)
                  0.06    0.16    0.44 ^ clkbuf_2_3__f_clk/X (sky130_fd_sc_hd__clkbuf_16)
    12    0.05                           clknet_2_3__leaf_clk (net)
                  0.06    0.00    0.45 ^ _696_/CLK (sky130_fd_sc_hd__dfrtp_1)
                  0.08    0.43    0.88 v _696_/Q (sky130_fd_sc_hd__dfrtp_1)
     4    0.01                           u_core.count[2] (net)
                  0.08    0.00    0.88 v _589_/B (sky130_fd_sc_hd__nor4b_1)
                  0.39    0.42    1.30 ^ _589_/Y (sky130_fd_sc_hd__nor4b_1)
     2    0.01                           _319_ (net)
                  0.39    0.00    1.30 ^ wire36/A (sky130_fd_sc_hd__clkbuf_2)
                  0.13    0.26    1.56 ^ wire36/X (sky130_fd_sc_hd__clkbuf_2)
     4    0.02                           net36 (net)
                  0.13    0.00    1.56 ^ _590_/B (sky130_fd_sc_hd__nand2_4)
                  0.13    0.15    1.71 v _590_/Y (sky130_fd_sc_hd__nand2_4)
     7    0.06                           _320_ (net)
                  0.13    0.00    1.72 v _614_/S (sky130_fd_sc_hd__mux2_1)
                  0.05    0.35    2.07 v _614_/X (sky130_fd_sc_hd__mux2_1)
     1    0.00                           _332_ (net)
                  0.05    0.00    2.07 v _615_/A (sky130_fd_sc_hd__clkbuf_1)
                  0.03    0.09    2.16 v _615_/X (sky130_fd_sc_hd__clkbuf_1)
     1    0.00                           _064_ (net)
                  0.03    0.00    2.16 v _704_/D (sky130_fd_sc_hd__dfrtp_1)
                                  2.16   data arrival time

                         10.00   10.00   clock clk (rise edge)
                          0.00   10.00   clock source latency
                  0.13    0.09   10.09 ^ clk (in)
     1    0.03                           clk (net)
                  0.13    0.00   10.09 ^ clkbuf_0_clk/A (sky130_fd_sc_hd__clkbuf_16)
                  0.07    0.17   10.25 ^ clkbuf_0_clk/X (sky130_fd_sc_hd__clkbuf_16)
     4    0.05                           clknet_0_clk (net)
                  0.07    0.00   10.26 ^ clkbuf_2_0__f_clk/A (sky130_fd_sc_hd__clkbuf_16)
                  0.07    0.15   10.40 ^ clkbuf_2_0__f_clk/X (sky130_fd_sc_hd__clkbuf_16)
    15    0.05                           clknet_2_0__leaf_clk (net)
                  0.07    0.00   10.41 ^ _704_/CLK (sky130_fd_sc_hd__dfrtp_1)
                         -0.25   10.16   clock uncertainty
                          0.03   10.18   clock reconvergence pessimism
                         -0.10   10.08   library setup time
                                 10.08   data required time
-----------------------------------------------------------------------------
                                 10.08   data required time
                                 -2.16   data arrival time
-----------------------------------------------------------------------------
                                  7.92   slack (MET)


Startpoint: _696_ (rising edge-triggered flip-flop clocked by clk)
Endpoint: _702_ (rising edge-triggered flip-flop clocked by clk)
Path Group: clk
Path Type: max

Fanout     Cap    Slew   Delay    Time   Description
-----------------------------------------------------------------------------
                          0.00    0.00   clock clk (rise edge)
                          0.00    0.00   clock source latency
                  0.13    0.09    0.09 ^ clk (in)
     1    0.03                           clk (net)
                  0.13    0.00    0.09 ^ clkbuf_0_clk/A (sky130_fd_sc_hd__clkbuf_16)
                  0.07    0.19    0.28 ^ clkbuf_0_clk/X (sky130_fd_sc_hd__clkbuf_16)
     4    0.05                           clknet_0_clk (net)
                  0.07    0.00    0.28 ^ clkbuf_2_3__f_clk/A (sky130_fd_sc_hd__clkbuf_16)
                  0.06    0.16    0.44 ^ clkbuf_2_3__f_clk/X (sky130_fd_sc_hd__clkbuf_16)
    12    0.05                           clknet_2_3__leaf_clk (net)
                  0.06    0.00    0.45 ^ _696_/CLK (sky130_fd_sc_hd__dfrtp_1)
                  0.08    0.43    0.88 v _696_/Q (sky130_fd_sc_hd__dfrtp_1)
     4    0.01                           u_core.count[2] (net)
                  0.08    0.00    0.88 v _589_/B (sky130_fd_sc_hd__nor4b_1)
                  0.39    0.42    1.30 ^ _589_/Y (sky130_fd_sc_hd__nor4b_1)
     2    0.01                           _319_ (net)
                  0.39    0.00    1.30 ^ wire36/A (sky130_fd_sc_hd__clkbuf_2)
                  0.13    0.26    1.56 ^ wire36/X (sky130_fd_sc_hd__clkbuf_2)
     4    0.02                           net36 (net)
                  0.13    0.00    1.56 ^ _590_/B (sky130_fd_sc_hd__nand2_4)
                  0.13    0.15    1.71 v _590_/Y (sky130_fd_sc_hd__nand2_4)
     7    0.06                           _320_ (net)
                  0.13    0.00    1.72 v _618_/S (sky130_fd_sc_hd__mux2_1)
                  0.05    0.35    2.07 v _618_/X (sky130_fd_sc_hd__mux2_1)
     1    0.00                           _334_ (net)
                  0.05    0.00    2.07 v _619_/A (sky130_fd_sc_hd__clkbuf_1)
                  0.02    0.09    2.16 v _619_/X (sky130_fd_sc_hd__clkbuf_1)
     1    0.00                           _062_ (net)
                  0.02    0.00    2.16 v _702_/D (sky130_fd_sc_hd__dfrtp_1)
                                  2.16   data arrival time

                         10.00   10.00   clock clk (rise edge)
                          0.00   10.00   clock source latency
                  0.13    0.09   10.09 ^ clk (in)
     1    0.03                           clk (net)
                  0.13    0.00   10.09 ^ clkbuf_0_clk/A (sky130_fd_sc_hd__clkbuf_16)
                  0.07    0.17   10.25 ^ clkbuf_0_clk/X (sky130_fd_sc_hd__clkbuf_16)
     4    0.05                           clknet_0_clk (net)
                  0.07    0.00   10.26 ^ clkbuf_2_0__f_clk/A (sky130_fd_sc_hd__clkbuf_16)
                  0.07    0.15   10.40 ^ clkbuf_2_0__f_clk/X (sky130_fd_sc_hd__clkbuf_16)
    15    0.05                           clknet_2_0__leaf_clk (net)
                  0.07    0.00   10.41 ^ _702_/CLK (sky130_fd_sc_hd__dfrtp_1)
                         -0.25   10.16   clock uncertainty
                          0.03   10.18   clock reconvergence pessimism
                         -0.10   10.08   library setup time
                                 10.08   data required time
-----------------------------------------------------------------------------
                                 10.08   data required time
                                 -2.16   data arrival time
-----------------------------------------------------------------------------
                                  7.92   slack (MET)


Startpoint: _696_ (rising edge-triggered flip-flop clocked by clk)
Endpoint: _705_ (rising edge-triggered flip-flop clocked by clk)
Path Group: clk
Path Type: max

Fanout     Cap    Slew   Delay    Time   Description
-----------------------------------------------------------------------------
                          0.00    0.00   clock clk (rise edge)
                          0.00    0.00   clock source latency
                  0.13    0.09    0.09 ^ clk (in)
     1    0.03                           clk (net)
                  0.13    0.00    0.09 ^ clkbuf_0_clk/A (sky130_fd_sc_hd__clkbuf_16)
                  0.07    0.19    0.28 ^ clkbuf_0_clk/X (sky130_fd_sc_hd__clkbuf_16)
     4    0.05                           clknet_0_clk (net)
                  0.07    0.00    0.28 ^ clkbuf_2_3__f_clk/A (sky130_fd_sc_hd__clkbuf_16)
                  0.06    0.16    0.44 ^ clkbuf_2_3__f_clk/X (sky130_fd_sc_hd__clkbuf_16)
    12    0.05                           clknet_2_3__leaf_clk (net)
                  0.06    0.00    0.45 ^ _696_/CLK (sky130_fd_sc_hd__dfrtp_1)
                  0.08    0.43    0.88 v _696_/Q (sky130_fd_sc_hd__dfrtp_1)
     4    0.01                           u_core.count[2] (net)
                  0.08    0.00    0.88 v _589_/B (sky130_fd_sc_hd__nor4b_1)
                  0.39    0.42    1.30 ^ _589_/Y (sky130_fd_sc_hd__nor4b_1)
     2    0.01                           _319_ (net)
                  0.39    0.00    1.30 ^ wire36/A (sky130_fd_sc_hd__clkbuf_2)
                  0.13    0.26    1.56 ^ wire36/X (sky130_fd_sc_hd__clkbuf_2)
     4    0.02                           net36 (net)
                  0.13    0.00    1.56 ^ _590_/B (sky130_fd_sc_hd__nand2_4)
                  0.13    0.15    1.71 v _590_/Y (sky130_fd_sc_hd__nand2_4)
     7    0.06                           _320_ (net)
                  0.13    0.00    1.72 v _612_/S (sky130_fd_sc_hd__mux2_1)
                  0.05    0.35    2.06 v _612_/X (sky130_fd_sc_hd__mux2_1)
     1    0.00                           _331_ (net)
                  0.05    0.00    2.06 v _613_/A (sky130_fd_sc_hd__clkbuf_1)
                  0.02    0.09    2.16 v _613_/X (sky130_fd_sc_hd__clkbuf_1)
     1    0.00                           _065_ (net)
                  0.02    0.00    2.16 v _705_/D (sky130_fd_sc_hd__dfrtp_1)
                                  2.16   data arrival time

                         10.00   10.00   clock clk (rise edge)
                          0.00   10.00   clock source latency
                  0.13    0.09   10.09 ^ clk (in)
     1    0.03                           clk (net)
                  0.13    0.00   10.09 ^ clkbuf_0_clk/A (sky130_fd_sc_hd__clkbuf_16)
                  0.07    0.17   10.25 ^ clkbuf_0_clk/X (sky130_fd_sc_hd__clkbuf_16)
     4    0.05                           clknet_0_clk (net)
                  0.07    0.00   10.26 ^ clkbuf_2_2__f_clk/A (sky130_fd_sc_hd__clkbuf_16)
                  0.07    0.15   10.40 ^ clkbuf_2_2__f_clk/X (sky130_fd_sc_hd__clkbuf_16)
    13    0.05                           clknet_2_2__leaf_clk (net)
                  0.07    0.00   10.41 ^ _705_/CLK (sky130_fd_sc_hd__dfrtp_1)
                         -0.25   10.16   clock uncertainty
                          0.03   10.18   clock reconvergence pessimism
                         -0.10   10.08   library setup time
                                 10.08   data required time
-----------------------------------------------------------------------------
                                 10.08   data required time
                                 -2.16   data arrival time
-----------------------------------------------------------------------------
                                  7.93   slack (MET)


Startpoint: rst (input port clocked by clk)
Endpoint: _747_ (recovery check against rising-edge clock clk)
Path Group: asynchronous
Path Type: max

Fanout     Cap    Slew   Delay    Time   Description
-----------------------------------------------------------------------------
                          0.00    0.00   clock clk (rise edge)
                          0.00    0.00   clock network delay (propagated)
                          2.00    2.00 v input external delay
                  0.01    0.01    2.01 v rst (in)
     1    0.00                           rst (net)
                  0.01    0.00    2.01 v input17/A (sky130_fd_sc_hd__clkbuf_1)
                  0.03    0.08    2.09 v input17/X (sky130_fd_sc_hd__clkbuf_1)
     1    0.00                           net17 (net)
                  0.03    0.00    2.09 v _634_/A (sky130_fd_sc_hd__buf_4)
                  0.08    0.19    2.27 v _634_/X (sky130_fd_sc_hd__buf_4)
     9    0.05                           _341_ (net)
                  0.08    0.00    2.28 v _693_/A (sky130_fd_sc_hd__inv_2)
                  0.03    0.06    2.34 ^ _693_/Y (sky130_fd_sc_hd__inv_2)
     1    0.00                           _054_ (net)
                  0.03    0.00    2.34 ^ _747_/RESET_B (sky130_fd_sc_hd__dfrtp_2)
                                  2.34   data arrival time

                         10.00   10.00   clock clk (rise edge)
                          0.00   10.00   clock source latency
                  0.13    0.09   10.09 ^ clk (in)
     1    0.03                           clk (net)
                  0.13    0.00   10.09 ^ clkbuf_0_clk/A (sky130_fd_sc_hd__clkbuf_16)
                  0.07    0.17   10.25 ^ clkbuf_0_clk/X (sky130_fd_sc_hd__clkbuf_16)
     4    0.05                           clknet_0_clk (net)
                  0.07    0.00   10.26 ^ clkbuf_2_3__f_clk/A (sky130_fd_sc_hd__clkbuf_16)
                  0.06    0.15   10.40 ^ clkbuf_2_3__f_clk/X (sky130_fd_sc_hd__clkbuf_16)
    12    0.05                           clknet_2_3__leaf_clk (net)
                  0.06    0.00   10.40 ^ _747_/CLK (sky130_fd_sc_hd__dfrtp_2)
                         -0.25   10.15   clock uncertainty
                          0.00   10.15   clock reconvergence pessimism
                          0.23   10.38   library recovery time
                                 10.38   data required time
-----------------------------------------------------------------------------
                                 10.38   data required time
                                 -2.34   data arrival time
-----------------------------------------------------------------------------
                                  8.04   slack (MET)


Startpoint: rst (input port clocked by clk)
Endpoint: _744_ (recovery check against rising-edge clock clk)
Path Group: asynchronous
Path Type: max

Fanout     Cap    Slew   Delay    Time   Description
-----------------------------------------------------------------------------
                          0.00    0.00   clock clk (rise edge)
                          0.00    0.00   clock network delay (propagated)
                          2.00    2.00 v input external delay
                  0.01    0.01    2.01 v rst (in)
     1    0.00                           rst (net)
                  0.01    0.00    2.01 v input17/A (sky130_fd_sc_hd__clkbuf_1)
                  0.03    0.08    2.09 v input17/X (sky130_fd_sc_hd__clkbuf_1)
     1    0.00                           net17 (net)
                  0.03    0.00    2.09 v _634_/A (sky130_fd_sc_hd__buf_4)
                  0.08    0.19    2.27 v _634_/X (sky130_fd_sc_hd__buf_4)
     9    0.05                           _341_ (net)
                  0.08    0.00    2.28 v _690_/A (sky130_fd_sc_hd__inv_2)
                  0.04    0.06    2.34 ^ _690_/Y (sky130_fd_sc_hd__inv_2)
     1    0.00                           _051_ (net)
                  0.04    0.00    2.34 ^ _744_/RESET_B (sky130_fd_sc_hd__dfrtp_2)
                                  2.34   data arrival time

                         10.00   10.00   clock clk (rise edge)
                          0.00   10.00   clock source latency
                  0.13    0.09   10.09 ^ clk (in)
     1    0.03                           clk (net)
                  0.13    0.00   10.09 ^ clkbuf_0_clk/A (sky130_fd_sc_hd__clkbuf_16)
                  0.07    0.17   10.25 ^ clkbuf_0_clk/X (sky130_fd_sc_hd__clkbuf_16)
     4    0.05                           clknet_0_clk (net)
                  0.07    0.00   10.26 ^ clkbuf_2_2__f_clk/A (sky130_fd_sc_hd__clkbuf_16)
                  0.07    0.15   10.40 ^ clkbuf_2_2__f_clk/X (sky130_fd_sc_hd__clkbuf_16)
    13    0.05                           clknet_2_2__leaf_clk (net)
                  0.07    0.00   10.40 ^ _744_/CLK (sky130_fd_sc_hd__dfrtp_2)
                         -0.25   10.15   clock uncertainty
                          0.00   10.15   clock reconvergence pessimism
                          0.23   10.38   library recovery time
                                 10.38   data required time
-----------------------------------------------------------------------------
                                 10.38   data required time
                                 -2.34   data arrival time
-----------------------------------------------------------------------------
                                  8.05   slack (MET)


Startpoint: rst (input port clocked by clk)
Endpoint: _746_ (recovery check against rising-edge clock clk)
Path Group: asynchronous
Path Type: max

Fanout     Cap    Slew   Delay    Time   Description
-----------------------------------------------------------------------------
                          0.00    0.00   clock clk (rise edge)
                          0.00    0.00   clock network delay (propagated)
                          2.00    2.00 v input external delay
                  0.01    0.01    2.01 v rst (in)
     1    0.00                           rst (net)
                  0.01    0.00    2.01 v input17/A (sky130_fd_sc_hd__clkbuf_1)
                  0.03    0.08    2.09 v input17/X (sky130_fd_sc_hd__clkbuf_1)
     1    0.00                           net17 (net)
                  0.03    0.00    2.09 v _634_/A (sky130_fd_sc_hd__buf_4)
                  0.08    0.19    2.27 v _634_/X (sky130_fd_sc_hd__buf_4)
     9    0.05                           _341_ (net)
                  0.08    0.00    2.28 v _692_/A (sky130_fd_sc_hd__inv_2)
                  0.04    0.06    2.34 ^ _692_/Y (sky130_fd_sc_hd__inv_2)
     1    0.00                           _053_ (net)
                  0.04    0.00    2.34 ^ _746_/RESET_B (sky130_fd_sc_hd__dfrtp_1)
                                  2.34   data arrival time

                         10.00   10.00   clock clk (rise edge)
                          0.00   10.00   clock source latency
                  0.13    0.09   10.09 ^ clk (in)
     1    0.03                           clk (net)
                  0.13    0.00   10.09 ^ clkbuf_0_clk/A (sky130_fd_sc_hd__clkbuf_16)
                  0.07    0.17   10.25 ^ clkbuf_0_clk/X (sky130_fd_sc_hd__clkbuf_16)
     4    0.05                           clknet_0_clk (net)
                  0.07    0.00   10.26 ^ clkbuf_2_3__f_clk/A (sky130_fd_sc_hd__clkbuf_16)
                  0.06    0.15   10.40 ^ clkbuf_2_3__f_clk/X (sky130_fd_sc_hd__clkbuf_16)
    12    0.05                           clknet_2_3__leaf_clk (net)
                  0.06    0.00   10.40 ^ _746_/CLK (sky130_fd_sc_hd__dfrtp_1)
                         -0.25   10.15   clock uncertainty
                          0.00   10.15   clock reconvergence pessimism
                          0.24   10.39   library recovery time
                                 10.39   data required time
-----------------------------------------------------------------------------
                                 10.39   data required time
                                 -2.34   data arrival time
-----------------------------------------------------------------------------
                                  8.05   slack (MET)


Startpoint: rst (input port clocked by clk)
Endpoint: _745_ (recovery check against rising-edge clock clk)
Path Group: asynchronous
Path Type: max

Fanout     Cap    Slew   Delay    Time   Description
-----------------------------------------------------------------------------
                          0.00    0.00   clock clk (rise edge)
                          0.00    0.00   clock network delay (propagated)
                          2.00    2.00 v input external delay
                  0.01    0.01    2.01 v rst (in)
     1    0.00                           rst (net)
                  0.01    0.00    2.01 v input17/A (sky130_fd_sc_hd__clkbuf_1)
                  0.03    0.08    2.09 v input17/X (sky130_fd_sc_hd__clkbuf_1)
     1    0.00                           net17 (net)
                  0.03    0.00    2.09 v _634_/A (sky130_fd_sc_hd__buf_4)
                  0.08    0.19    2.27 v _634_/X (sky130_fd_sc_hd__buf_4)
     9    0.05                           _341_ (net)
                  0.08    0.00    2.28 v _691_/A (sky130_fd_sc_hd__inv_2)
                  0.03    0.06    2.34 ^ _691_/Y (sky130_fd_sc_hd__inv_2)
     1    0.00                           _052_ (net)
                  0.03    0.00    2.34 ^ _745_/RESET_B (sky130_fd_sc_hd__dfrtp_1)
                                  2.34   data arrival time

                         10.00   10.00   clock clk (rise edge)
                          0.00   10.00   clock source latency
                  0.13    0.09   10.09 ^ clk (in)
     1    0.03                           clk (net)
                  0.13    0.00   10.09 ^ clkbuf_0_clk/A (sky130_fd_sc_hd__clkbuf_16)
                  0.07    0.17   10.25 ^ clkbuf_0_clk/X (sky130_fd_sc_hd__clkbuf_16)
     4    0.05                           clknet_0_clk (net)
                  0.07    0.00   10.26 ^ clkbuf_2_3__f_clk/A (sky130_fd_sc_hd__clkbuf_16)
                  0.06    0.15   10.40 ^ clkbuf_2_3__f_clk/X (sky130_fd_sc_hd__clkbuf_16)
    12    0.05                           clknet_2_3__leaf_clk (net)
                  0.06    0.00   10.40 ^ _745_/CLK (sky130_fd_sc_hd__dfrtp_1)
                         -0.25   10.15   clock uncertainty
                          0.00   10.15   clock reconvergence pessimism
                          0.24   10.39   library recovery time
                                 10.39   data required time
-----------------------------------------------------------------------------
                                 10.39   data required time
                                 -2.34   data arrival time
-----------------------------------------------------------------------------
                                  8.06   slack (MET)


Startpoint: _696_ (rising edge-triggered flip-flop clocked by clk)
Endpoint: _700_ (rising edge-triggered flip-flop clocked by clk)
Path Group: clk
Path Type: max

Fanout     Cap    Slew   Delay    Time   Description
-----------------------------------------------------------------------------
                          0.00    0.00   clock clk (rise edge)
                          0.00    0.00   clock source latency
                  0.13    0.09    0.09 ^ clk (in)
     1    0.03                           clk (net)
                  0.13    0.00    0.09 ^ clkbuf_0_clk/A (sky130_fd_sc_hd__clkbuf_16)
                  0.07    0.19    0.28 ^ clkbuf_0_clk/X (sky130_fd_sc_hd__clkbuf_16)
     4    0.05                           clknet_0_clk (net)
                  0.07    0.00    0.28 ^ clkbuf_2_3__f_clk/A (sky130_fd_sc_hd__clkbuf_16)
                  0.06    0.16    0.44 ^ clkbuf_2_3__f_clk/X (sky130_fd_sc_hd__clkbuf_16)
    12    0.05                           clknet_2_3__leaf_clk (net)
                  0.06    0.00    0.45 ^ _696_/CLK (sky130_fd_sc_hd__dfrtp_1)
                  0.08    0.43    0.88 v _696_/Q (sky130_fd_sc_hd__dfrtp_1)
     4    0.01                           u_core.count[2] (net)
                  0.08    0.00    0.88 v _589_/B (sky130_fd_sc_hd__nor4b_1)
                  0.39    0.42    1.30 ^ _589_/Y (sky130_fd_sc_hd__nor4b_1)
     2    0.01                           _319_ (net)
                  0.39    0.00    1.30 ^ wire36/A (sky130_fd_sc_hd__clkbuf_2)
                  0.13    0.26    1.56 ^ wire36/X (sky130_fd_sc_hd__clkbuf_2)
     4    0.02                           net36 (net)
                  0.13    0.00    1.56 ^ _622_/A2 (sky130_fd_sc_hd__o21a_1)
                  0.04    0.13    1.69 ^ _622_/X (sky130_fd_sc_hd__o21a_1)
     1    0.00                           _060_ (net)
                  0.04    0.00    1.69 ^ _700_/D (sky130_fd_sc_hd__dfrtp_1)
                                  1.69   data arrival time

                         10.00   10.00   clock clk (rise edge)
                          0.00   10.00   clock source latency
                  0.13    0.09   10.09 ^ clk (in)
     1    0.03                           clk (net)
                  0.13    0.00   10.09 ^ clkbuf_0_clk/A (sky130_fd_sc_hd__clkbuf_16)
                  0.07    0.17   10.25 ^ clkbuf_0_clk/X (sky130_fd_sc_hd__clkbuf_16)
     4    0.05                           clknet_0_clk (net)
                  0.07    0.00   10.26 ^ clkbuf_2_3__f_clk/A (sky130_fd_sc_hd__clkbuf_16)
                  0.06    0.15   10.40 ^ clkbuf_2_3__f_clk/X (sky130_fd_sc_hd__clkbuf_16)
    12    0.05                           clknet_2_3__leaf_clk (net)
                  0.06    0.00   10.40 ^ _700_/CLK (sky130_fd_sc_hd__dfrtp_1)
                         -0.25   10.15   clock uncertainty
                          0.04   10.20   clock reconvergence pessimism
                         -0.06   10.14   library setup time
                                 10.14   data required time
-----------------------------------------------------------------------------
                                 10.14   data required time
                                 -1.69   data arrival time
-----------------------------------------------------------------------------
                                  8.45   slack (MET)



