
===========================================================================
report_checks -path_delay min (Hold)
============================================================================
======================= Typical Corner ===================================

Startpoint: _724_ (rising edge-triggered flip-flop clocked by clk)
Endpoint: _724_ (rising edge-triggered flip-flop clocked by clk)
Path Group: clk
Path Type: min

Fanout     Cap    Slew   Delay    Time   Description
-----------------------------------------------------------------------------
                          0.00    0.00   clock clk (rise edge)
                          0.00    0.00   clock source latency
                  0.04    0.03    0.03 ^ clk (in)
     1    0.01                           clk (net)
                  0.04    0.00    0.03 ^ clkbuf_0_clk/A (sky130_fd_sc_hd__clkbuf_16)
                  0.05    0.13    0.15 ^ clkbuf_0_clk/X (sky130_fd_sc_hd__clkbuf_16)
     4    0.03                           clknet_0_clk (net)
                  0.05    0.00    0.15 ^ clkbuf_2_2__f_clk/A (sky130_fd_sc_hd__clkbuf_16)
                  0.05    0.13    0.28 ^ clkbuf_2_2__f_clk/X (sky130_fd_sc_hd__clkbuf_16)
    13    0.02                           clknet_2_2__leaf_clk (net)
                  0.05    0.00    0.28 ^ _724_/CLK (sky130_fd_sc_hd__dfrtp_2)
                  0.06    0.33    0.61 ^ _724_/Q (sky130_fd_sc_hd__dfrtp_2)
     3    0.01                           u_core.Q[7] (net)
                  0.06    0.00    0.61 ^ _574_/A1 (sky130_fd_sc_hd__a221o_1)
                  0.04    0.12    0.73 ^ _574_/X (sky130_fd_sc_hd__a221o_1)
     1    0.00                           _084_ (net)
                  0.04    0.00    0.73 ^ _724_/D (sky130_fd_sc_hd__dfrtp_2)
                                  0.73   data arrival time

                          0.00    0.00   clock clk (rise edge)
                          0.00    0.00   clock source latency
                  0.04    0.03    0.03 ^ clk (in)
     1    0.01                           clk (net)
                  0.04    0.00    0.03 ^ clkbuf_0_clk/A (sky130_fd_sc_hd__clkbuf_16)
                  0.05    0.14    0.17 ^ clkbuf_0_clk/X (sky130_fd_sc_hd__clkbuf_16)
     4    0.03                           clknet_0_clk (net)
                  0.05    0.00    0.17 ^ clkbuf_2_2__f_clk/A (sky130_fd_sc_hd__clkbuf_16)
                  0.05    0.14    0.31 ^ clkbuf_2_2__f_clk/X (sky130_fd_sc_hd__clkbuf_16)
    13    0.02                           clknet_2_2__leaf_clk (net)
                  0.05    0.00    0.31 ^ _724_/CLK (sky130_fd_sc_hd__dfrtp_2)
                          0.25    0.56   clock uncertainty
                         -0.03    0.53   clock reconvergence pessimism
                         -0.03    0.50   library hold time
                                  0.50   data required time
-----------------------------------------------------------------------------
                                  0.50   data required time
                                 -0.73   data arrival time
-----------------------------------------------------------------------------
                                  0.23   slack (MET)


Startpoint: _747_ (rising edge-triggered flip-flop clocked by clk)
Endpoint: _747_ (rising edge-triggered flip-flop clocked by clk)
Path Group: clk
Path Type: min

Fanout     Cap    Slew   Delay    Time   Description
-----------------------------------------------------------------------------
                          0.00    0.00   clock clk (rise edge)
                          0.00    0.00   clock source latency
                  0.04    0.03    0.03 ^ clk (in)
     1    0.01                           clk (net)
                  0.04    0.00    0.03 ^ clkbuf_0_clk/A (sky130_fd_sc_hd__clkbuf_16)
                  0.05    0.13    0.15 ^ clkbuf_0_clk/X (sky130_fd_sc_hd__clkbuf_16)
     4    0.03                           clknet_0_clk (net)
                  0.05    0.00    0.15 ^ clkbuf_2_3__f_clk/A (sky130_fd_sc_hd__clkbuf_16)
                  0.05    0.12    0.28 ^ clkbuf_2_3__f_clk/X (sky130_fd_sc_hd__clkbuf_16)
    12    0.02                           clknet_2_3__leaf_clk (net)
                  0.05    0.00    0.28 ^ _747_/CLK (sky130_fd_sc_hd__dfrtp_2)
                  0.09    0.36    0.64 ^ _747_/Q (sky130_fd_sc_hd__dfrtp_2)
     5    0.01                           u_core.A[14] (net)
                  0.09    0.00    0.64 ^ _459_/B2 (sky130_fd_sc_hd__a2bb2o_1)
                  0.04    0.12    0.76 ^ _459_/X (sky130_fd_sc_hd__a2bb2o_1)
     1    0.00                           _107_ (net)
                  0.04    0.00    0.76 ^ _747_/D (sky130_fd_sc_hd__dfrtp_2)
                                  0.76   data arrival time

                          0.00    0.00   clock clk (rise edge)
                          0.00    0.00   clock source latency
                  0.04    0.03    0.03 ^ clk (in)
     1    0.01                           clk (net)
                  0.04    0.00    0.03 ^ clkbuf_0_clk/A (sky130_fd_sc_hd__clkbuf_16)
                  0.05    0.14    0.17 ^ clkbuf_0_clk/X (sky130_fd_sc_hd__clkbuf_16)
     4    0.03                           clknet_0_clk (net)
                  0.05    0.00    0.17 ^ clkbuf_2_3__f_clk/A (sky130_fd_sc_hd__clkbuf_16)
                  0.05    0.14    0.31 ^ clkbuf_2_3__f_clk/X (sky130_fd_sc_hd__clkbuf_16)
    12    0.02                           clknet_2_3__leaf_clk (net)
                  0.05    0.00    0.31 ^ _747_/CLK (sky130_fd_sc_hd__dfrtp_2)
                          0.25    0.56   clock uncertainty
                         -0.03    0.53   clock reconvergence pessimism
                         -0.03    0.50   library hold time
                                  0.50   data required time
-----------------------------------------------------------------------------
                                  0.50   data required time
                                 -0.76   data arrival time
-----------------------------------------------------------------------------
                                  0.26   slack (MET)


Startpoint: _706_ (rising edge-triggered flip-flop clocked by clk)
Endpoint: _706_ (rising edge-triggered flip-flop clocked by clk)
Path Group: clk
Path Type: min

Fanout     Cap    Slew   Delay    Time   Description
-----------------------------------------------------------------------------
                          0.00    0.00   clock clk (rise edge)
                          0.00    0.00   clock source latency
                  0.04    0.03    0.03 ^ clk (in)
     1    0.01                           clk (net)
                  0.04    0.00    0.03 ^ clkbuf_0_clk/A (sky130_fd_sc_hd__clkbuf_16)
                  0.05    0.13    0.15 ^ clkbuf_0_clk/X (sky130_fd_sc_hd__clkbuf_16)
     4    0.03                           clknet_0_clk (net)
                  0.05    0.00    0.15 ^ clkbuf_2_1__f_clk/A (sky130_fd_sc_hd__clkbuf_16)
                  0.05    0.13    0.28 ^ clkbuf_2_1__f_clk/X (sky130_fd_sc_hd__clkbuf_16)
    14    0.03                           clknet_2_1__leaf_clk (net)
                  0.05    0.00    0.28 ^ _706_/CLK (sky130_fd_sc_hd__dfrtp_1)
                  0.05    0.31    0.59 ^ _706_/Q (sky130_fd_sc_hd__dfrtp_1)
     2    0.00                           net31 (net)
                  0.05    0.00    0.59 ^ _610_/A1 (sky130_fd_sc_hd__mux2_1)
                  0.04    0.11    0.70 ^ _610_/X (sky130_fd_sc_hd__mux2_1)
     1    0.00                           _330_ (net)
                  0.04    0.00    0.70 ^ _611_/A (sky130_fd_sc_hd__clkbuf_1)
                  0.04    0.07    0.77 ^ _611_/X (sky130_fd_sc_hd__clkbuf_1)
     1    0.00                           _066_ (net)
                  0.04    0.00    0.77 ^ _706_/D (sky130_fd_sc_hd__dfrtp_1)
                                  0.77   data arrival time

                          0.00    0.00   clock clk (rise edge)
                          0.00    0.00   clock source latency
                  0.04    0.03    0.03 ^ clk (in)
     1    0.01                           clk (net)
                  0.04    0.00    0.03 ^ clkbuf_0_clk/A (sky130_fd_sc_hd__clkbuf_16)
                  0.05    0.14    0.17 ^ clkbuf_0_clk/X (sky130_fd_sc_hd__clkbuf_16)
     4    0.03                           clknet_0_clk (net)
                  0.05    0.00    0.17 ^ clkbuf_2_1__f_clk/A (sky130_fd_sc_hd__clkbuf_16)
                  0.05    0.14    0.31 ^ clkbuf_2_1__f_clk/X (sky130_fd_sc_hd__clkbuf_16)
    14    0.03                           clknet_2_1__leaf_clk (net)
                  0.05    0.00    0.31 ^ _706_/CLK (sky130_fd_sc_hd__dfrtp_1)
                          0.25    0.56   clock uncertainty
                         -0.03    0.53   clock reconvergence pessimism
                         -0.03    0.50   library hold time
                                  0.50   data required time
-----------------------------------------------------------------------------
                                  0.50   data required time
                                 -0.77   data arrival time
-----------------------------------------------------------------------------
                                  0.27   slack (MET)


Startpoint: _719_ (rising edge-triggered flip-flop clocked by clk)
Endpoint: _702_ (rising edge-triggered flip-flop clocked by clk)
Path Group: clk
Path Type: min

Fanout     Cap    Slew   Delay    Time   Description
-----------------------------------------------------------------------------
                          0.00    0.00   clock clk (rise edge)
                          0.00    0.00   clock source latency
                  0.04    0.03    0.03 ^ clk (in)
     1    0.01                           clk (net)
                  0.04    0.00    0.03 ^ clkbuf_0_clk/A (sky130_fd_sc_hd__clkbuf_16)
                  0.05    0.13    0.15 ^ clkbuf_0_clk/X (sky130_fd_sc_hd__clkbuf_16)
     4    0.03                           clknet_0_clk (net)
                  0.05    0.00    0.15 ^ clkbuf_2_1__f_clk/A (sky130_fd_sc_hd__clkbuf_16)
                  0.05    0.13    0.28 ^ clkbuf_2_1__f_clk/X (sky130_fd_sc_hd__clkbuf_16)
    14    0.03                           clknet_2_1__leaf_clk (net)
                  0.05    0.00    0.28 ^ _719_/CLK (sky130_fd_sc_hd__dfrtp_1)
                  0.08    0.32    0.61 ^ _719_/Q (sky130_fd_sc_hd__dfrtp_1)
     3    0.01                           u_core.Q[2] (net)
                  0.08    0.00    0.61 ^ _618_/A0 (sky130_fd_sc_hd__mux2_1)
                  0.04    0.11    0.72 ^ _618_/X (sky130_fd_sc_hd__mux2_1)
     1    0.00                           _334_ (net)
                  0.04    0.00    0.72 ^ _619_/A (sky130_fd_sc_hd__clkbuf_1)
                  0.04    0.07    0.79 ^ _619_/X (sky130_fd_sc_hd__clkbuf_1)
     1    0.00                           _062_ (net)
                  0.04    0.00    0.79 ^ _702_/D (sky130_fd_sc_hd__dfrtp_1)
                                  0.79   data arrival time

                          0.00    0.00   clock clk (rise edge)
                          0.00    0.00   clock source latency
                  0.04    0.03    0.03 ^ clk (in)
     1    0.01                           clk (net)
                  0.04    0.00    0.03 ^ clkbuf_0_clk/A (sky130_fd_sc_hd__clkbuf_16)
                  0.05    0.14    0.17 ^ clkbuf_0_clk/X (sky130_fd_sc_hd__clkbuf_16)
     4    0.03                           clknet_0_clk (net)
                  0.05    0.00    0.17 ^ clkbuf_2_0__f_clk/A (sky130_fd_sc_hd__clkbuf_16)
                  0.05    0.14    0.31 ^ clkbuf_2_0__f_clk/X (sky130_fd_sc_hd__clkbuf_16)
    15    0.03                           clknet_2_0__leaf_clk (net)
                  0.05    0.00    0.31 ^ _702_/CLK (sky130_fd_sc_hd__dfrtp_1)
                          0.25    0.56   clock uncertainty
                         -0.02    0.55   clock reconvergence pessimism
                         -0.03    0.52   library hold time
                                  0.52   data required time
-----------------------------------------------------------------------------
                                  0.52   data required time
                                 -0.79   data arrival time
-----------------------------------------------------------------------------
                                  0.27   slack (MET)


Startpoint: _720_ (rising edge-triggered flip-flop clocked by clk)
Endpoint: _703_ (rising edge-triggered flip-flop clocked by clk)
Path Group: clk
Path Type: min

Fanout     Cap    Slew   Delay    Time   Description
-----------------------------------------------------------------------------
                          0.00    0.00   clock clk (rise edge)
                          0.00    0.00   clock source latency
                  0.04    0.03    0.03 ^ clk (in)
     1    0.01                           clk (net)
                  0.04    0.00    0.03 ^ clkbuf_0_clk/A (sky130_fd_sc_hd__clkbuf_16)
                  0.05    0.13    0.15 ^ clkbuf_0_clk/X (sky130_fd_sc_hd__clkbuf_16)
     4    0.03                           clknet_0_clk (net)
                  0.05    0.00    0.15 ^ clkbuf_2_0__f_clk/A (sky130_fd_sc_hd__clkbuf_16)
                  0.05    0.13    0.28 ^ clkbuf_2_0__f_clk/X (sky130_fd_sc_hd__clkbuf_16)
    15    0.03                           clknet_2_0__leaf_clk (net)
                  0.05    0.00    0.28 ^ _720_/CLK (sky130_fd_sc_hd__dfrtp_1)
                  0.08    0.33    0.61 ^ _720_/Q (sky130_fd_sc_hd__dfrtp_1)
     3    0.01                           u_core.Q[3] (net)
                  0.08    0.00    0.61 ^ _616_/A0 (sky130_fd_sc_hd__mux2_1)
                  0.04    0.11    0.72 ^ _616_/X (sky130_fd_sc_hd__mux2_1)
     1    0.00                           _333_ (net)
                  0.04    0.00    0.72 ^ _617_/A (sky130_fd_sc_hd__clkbuf_1)
                  0.04    0.07    0.79 ^ _617_/X (sky130_fd_sc_hd__clkbuf_1)
     1    0.00                           _063_ (net)
                  0.04    0.00    0.79 ^ _703_/D (sky130_fd_sc_hd__dfrtp_1)
                                  0.79   data arrival time

                          0.00    0.00   clock clk (rise edge)
                          0.00    0.00   clock source latency
                  0.04    0.03    0.03 ^ clk (in)
     1    0.01                           clk (net)
                  0.04    0.00    0.03 ^ clkbuf_0_clk/A (sky130_fd_sc_hd__clkbuf_16)
                  0.05    0.14    0.17 ^ clkbuf_0_clk/X (sky130_fd_sc_hd__clkbuf_16)
     4    0.03                           clknet_0_clk (net)
                  0.05    0.00    0.17 ^ clkbuf_2_1__f_clk/A (sky130_fd_sc_hd__clkbuf_16)
                  0.05    0.14    0.31 ^ clkbuf_2_1__f_clk/X (sky130_fd_sc_hd__clkbuf_16)
    14    0.03                           clknet_2_1__leaf_clk (net)
                  0.05    0.00    0.31 ^ _703_/CLK (sky130_fd_sc_hd__dfrtp_1)
                          0.25    0.56   clock uncertainty
                         -0.02    0.55   clock reconvergence pessimism
                         -0.03    0.51   library hold time
                                  0.51   data required time
-----------------------------------------------------------------------------
                                  0.51   data required time
                                 -0.79   data arrival time
-----------------------------------------------------------------------------
                                  0.28   slack (MET)


Startpoint: _722_ (rising edge-triggered flip-flop clocked by clk)
Endpoint: _705_ (rising edge-triggered flip-flop clocked by clk)
Path Group: clk
Path Type: min

Fanout     Cap    Slew   Delay    Time   Description
-----------------------------------------------------------------------------
                          0.00    0.00   clock clk (rise edge)
                          0.00    0.00   clock source latency
                  0.04    0.03    0.03 ^ clk (in)
     1    0.01                           clk (net)
                  0.04    0.00    0.03 ^ clkbuf_0_clk/A (sky130_fd_sc_hd__clkbuf_16)
                  0.05    0.13    0.15 ^ clkbuf_0_clk/X (sky130_fd_sc_hd__clkbuf_16)
     4    0.03                           clknet_0_clk (net)
                  0.05    0.00    0.15 ^ clkbuf_2_0__f_clk/A (sky130_fd_sc_hd__clkbuf_16)
                  0.05    0.13    0.28 ^ clkbuf_2_0__f_clk/X (sky130_fd_sc_hd__clkbuf_16)
    15    0.03                           clknet_2_0__leaf_clk (net)
                  0.05    0.00    0.28 ^ _722_/CLK (sky130_fd_sc_hd__dfrtp_1)
                  0.08    0.33    0.61 ^ _722_/Q (sky130_fd_sc_hd__dfrtp_1)
     3    0.01                           u_core.Q[5] (net)
                  0.08    0.00    0.61 ^ _612_/A0 (sky130_fd_sc_hd__mux2_1)
                  0.04    0.11    0.72 ^ _612_/X (sky130_fd_sc_hd__mux2_1)
     1    0.00                           _331_ (net)
                  0.04    0.00    0.72 ^ _613_/A (sky130_fd_sc_hd__clkbuf_1)
                  0.04    0.07    0.79 ^ _613_/X (sky130_fd_sc_hd__clkbuf_1)
     1    0.00                           _065_ (net)
                  0.04    0.00    0.79 ^ _705_/D (sky130_fd_sc_hd__dfrtp_1)
                                  0.79   data arrival time

                          0.00    0.00   clock clk (rise edge)
                          0.00    0.00   clock source latency
                  0.04    0.03    0.03 ^ clk (in)
     1    0.01                           clk (net)
                  0.04    0.00    0.03 ^ clkbuf_0_clk/A (sky130_fd_sc_hd__clkbuf_16)
                  0.05    0.14    0.17 ^ clkbuf_0_clk/X (sky130_fd_sc_hd__clkbuf_16)
     4    0.03                           clknet_0_clk (net)
                  0.05    0.00    0.17 ^ clkbuf_2_2__f_clk/A (sky130_fd_sc_hd__clkbuf_16)
                  0.05    0.14    0.31 ^ clkbuf_2_2__f_clk/X (sky130_fd_sc_hd__clkbuf_16)
    13    0.02                           clknet_2_2__leaf_clk (net)
                  0.05    0.00    0.31 ^ _705_/CLK (sky130_fd_sc_hd__dfrtp_1)
                          0.25    0.56   clock uncertainty
                         -0.02    0.54   clock reconvergence pessimism
                         -0.03    0.51   library hold time
                                  0.51   data required time
-----------------------------------------------------------------------------
                                  0.51   data required time
                                 -0.79   data arrival time
-----------------------------------------------------------------------------
                                  0.28   slack (MET)


Startpoint: _718_ (rising edge-triggered flip-flop clocked by clk)
Endpoint: _701_ (rising edge-triggered flip-flop clocked by clk)
Path Group: clk
Path Type: min

Fanout     Cap    Slew   Delay    Time   Description
-----------------------------------------------------------------------------
                          0.00    0.00   clock clk (rise edge)
                          0.00    0.00   clock source latency
                  0.04    0.03    0.03 ^ clk (in)
     1    0.01                           clk (net)
                  0.04    0.00    0.03 ^ clkbuf_0_clk/A (sky130_fd_sc_hd__clkbuf_16)
                  0.05    0.13    0.15 ^ clkbuf_0_clk/X (sky130_fd_sc_hd__clkbuf_16)
     4    0.03                           clknet_0_clk (net)
                  0.05    0.00    0.15 ^ clkbuf_2_2__f_clk/A (sky130_fd_sc_hd__clkbuf_16)
                  0.05    0.13    0.28 ^ clkbuf_2_2__f_clk/X (sky130_fd_sc_hd__clkbuf_16)
    13    0.02                           clknet_2_2__leaf_clk (net)
                  0.05    0.00    0.28 ^ _718_/CLK (sky130_fd_sc_hd__dfrtp_1)
                  0.08    0.32    0.60 ^ _718_/Q (sky130_fd_sc_hd__dfrtp_1)
     3    0.01                           u_core.Q[1] (net)
                  0.08    0.00    0.60 ^ _620_/A0 (sky130_fd_sc_hd__mux2_1)
                  0.04    0.11    0.72 ^ _620_/X (sky130_fd_sc_hd__mux2_1)
     1    0.00                           _335_ (net)
                  0.04    0.00    0.72 ^ _621_/A (sky130_fd_sc_hd__clkbuf_1)
                  0.04    0.07    0.79 ^ _621_/X (sky130_fd_sc_hd__clkbuf_1)
     1    0.00                           _061_ (net)
                  0.04    0.00    0.79 ^ _701_/D (sky130_fd_sc_hd__dfrtp_1)
                                  0.79   data arrival time

                          0.00    0.00   clock clk (rise edge)
                          0.00    0.00   clock source latency
                  0.04    0.03    0.03 ^ clk (in)
     1    0.01                           clk (net)
                  0.04    0.00    0.03 ^ clkbuf_0_clk/A (sky130_fd_sc_hd__clkbuf_16)
                  0.05    0.14    0.17 ^ clkbuf_0_clk/X (sky130_fd_sc_hd__clkbuf_16)
     4    0.03                           clknet_0_clk (net)
                  0.05    0.00    0.17 ^ clkbuf_2_2__f_clk/A (sky130_fd_sc_hd__clkbuf_16)
                  0.05    0.14    0.31 ^ clkbuf_2_2__f_clk/X (sky130_fd_sc_hd__clkbuf_16)
    13    0.02                           clknet_2_2__leaf_clk (net)
                  0.05    0.00    0.31 ^ _701_/CLK (sky130_fd_sc_hd__dfrtp_1)
                          0.25    0.56   clock uncertainty
                         -0.03    0.53   clock reconvergence pessimism
                         -0.03    0.50   library hold time
                                  0.50   data required time
-----------------------------------------------------------------------------
                                  0.50   data required time
                                 -0.79   data arrival time
-----------------------------------------------------------------------------
                                  0.29   slack (MET)


Startpoint: _721_ (rising edge-triggered flip-flop clocked by clk)
Endpoint: _704_ (rising edge-triggered flip-flop clocked by clk)
Path Group: clk
Path Type: min

Fanout     Cap    Slew   Delay    Time   Description
-----------------------------------------------------------------------------
                          0.00    0.00   clock clk (rise edge)
                          0.00    0.00   clock source latency
                  0.04    0.03    0.03 ^ clk (in)
     1    0.01                           clk (net)
                  0.04    0.00    0.03 ^ clkbuf_0_clk/A (sky130_fd_sc_hd__clkbuf_16)
                  0.05    0.13    0.15 ^ clkbuf_0_clk/X (sky130_fd_sc_hd__clkbuf_16)
     4    0.03                           clknet_0_clk (net)
                  0.05    0.00    0.15 ^ clkbuf_2_0__f_clk/A (sky130_fd_sc_hd__clkbuf_16)
                  0.05    0.13    0.28 ^ clkbuf_2_0__f_clk/X (sky130_fd_sc_hd__clkbuf_16)
    15    0.03                           clknet_2_0__leaf_clk (net)
                  0.05    0.00    0.28 ^ _721_/CLK (sky130_fd_sc_hd__dfrtp_1)
                  0.08    0.33    0.61 ^ _721_/Q (sky130_fd_sc_hd__dfrtp_1)
     3    0.01                           u_core.Q[4] (net)
                  0.08    0.00    0.61 ^ _614_/A0 (sky130_fd_sc_hd__mux2_1)
                  0.04    0.11    0.72 ^ _614_/X (sky130_fd_sc_hd__mux2_1)
     1    0.00                           _332_ (net)
                  0.04    0.00    0.72 ^ _615_/A (sky130_fd_sc_hd__clkbuf_1)
                  0.04    0.07    0.79 ^ _615_/X (sky130_fd_sc_hd__clkbuf_1)
     1    0.00                           _064_ (net)
                  0.04    0.00    0.79 ^ _704_/D (sky130_fd_sc_hd__dfrtp_1)
                                  0.79   data arrival time

                          0.00    0.00   clock clk (rise edge)
                          0.00    0.00   clock source latency
                  0.04    0.03    0.03 ^ clk (in)
     1    0.01                           clk (net)
                  0.04    0.00    0.03 ^ clkbuf_0_clk/A (sky130_fd_sc_hd__clkbuf_16)
                  0.05    0.14    0.17 ^ clkbuf_0_clk/X (sky130_fd_sc_hd__clkbuf_16)
     4    0.03                           clknet_0_clk (net)
                  0.05    0.00    0.17 ^ clkbuf_2_0__f_clk/A (sky130_fd_sc_hd__clkbuf_16)
                  0.05    0.14    0.31 ^ clkbuf_2_0__f_clk/X (sky130_fd_sc_hd__clkbuf_16)
    15    0.03                           clknet_2_0__leaf_clk (net)
                  0.05    0.00    0.31 ^ _704_/CLK (sky130_fd_sc_hd__dfrtp_1)
                          0.25    0.56   clock uncertainty
                         -0.03    0.53   clock reconvergence pessimism
                         -0.03    0.50   library hold time
                                  0.50   data required time
-----------------------------------------------------------------------------
                                  0.50   data required time
                                 -0.79   data arrival time
-----------------------------------------------------------------------------
                                  0.29   slack (MET)


Startpoint: _723_ (rising edge-triggered flip-flop clocked by clk)
Endpoint: _722_ (rising edge-triggered flip-flop clocked by clk)
Path Group: clk
Path Type: min

Fanout     Cap    Slew   Delay    Time   Description
-----------------------------------------------------------------------------
                          0.00    0.00   clock clk (rise edge)
                          0.00    0.00   clock source latency
                  0.04    0.03    0.03 ^ clk (in)
     1    0.01                           clk (net)
                  0.04    0.00    0.03 ^ clkbuf_0_clk/A (sky130_fd_sc_hd__clkbuf_16)
                  0.05    0.13    0.15 ^ clkbuf_0_clk/X (sky130_fd_sc_hd__clkbuf_16)
     4    0.03                           clknet_0_clk (net)
                  0.05    0.00    0.15 ^ clkbuf_2_1__f_clk/A (sky130_fd_sc_hd__clkbuf_16)
                  0.05    0.13    0.28 ^ clkbuf_2_1__f_clk/X (sky130_fd_sc_hd__clkbuf_16)
    14    0.03                           clknet_2_1__leaf_clk (net)
                  0.05    0.00    0.28 ^ _723_/CLK (sky130_fd_sc_hd__dfrtp_1)
                  0.08    0.32    0.61 ^ _723_/Q (sky130_fd_sc_hd__dfrtp_1)
     3    0.01                           u_core.Q[6] (net)
                  0.08    0.00    0.61 ^ _577_/A1 (sky130_fd_sc_hd__a22o_1)
                  0.04    0.12    0.73 ^ _577_/X (sky130_fd_sc_hd__a22o_1)
     1    0.00                           _313_ (net)
                  0.04    0.00    0.73 ^ _578_/B1 (sky130_fd_sc_hd__a31o_1)
                  0.03    0.08    0.81 ^ _578_/X (sky130_fd_sc_hd__a31o_1)
     1    0.00                           _082_ (net)
                  0.03    0.00    0.81 ^ _722_/D (sky130_fd_sc_hd__dfrtp_1)
                                  0.81   data arrival time

                          0.00    0.00   clock clk (rise edge)
                          0.00    0.00   clock source latency
                  0.04    0.03    0.03 ^ clk (in)
     1    0.01                           clk (net)
                  0.04    0.00    0.03 ^ clkbuf_0_clk/A (sky130_fd_sc_hd__clkbuf_16)
                  0.05    0.14    0.17 ^ clkbuf_0_clk/X (sky130_fd_sc_hd__clkbuf_16)
     4    0.03                           clknet_0_clk (net)
                  0.05    0.00    0.17 ^ clkbuf_2_0__f_clk/A (sky130_fd_sc_hd__clkbuf_16)
                  0.05    0.14    0.31 ^ clkbuf_2_0__f_clk/X (sky130_fd_sc_hd__clkbuf_16)
    15    0.03                           clknet_2_0__leaf_clk (net)
                  0.05    0.00    0.31 ^ _722_/CLK (sky130_fd_sc_hd__dfrtp_1)
                          0.25    0.56   clock uncertainty
                         -0.02    0.55   clock reconvergence pessimism
                         -0.03    0.52   library hold time
                                  0.52   data required time
-----------------------------------------------------------------------------
                                  0.52   data required time
                                 -0.81   data arrival time
-----------------------------------------------------------------------------
                                  0.29   slack (MET)


Startpoint: _724_ (rising edge-triggered flip-flop clocked by clk)
Endpoint: _707_ (rising edge-triggered flip-flop clocked by clk)
Path Group: clk
Path Type: min

Fanout     Cap    Slew   Delay    Time   Description
-----------------------------------------------------------------------------
                          0.00    0.00   clock clk (rise edge)
                          0.00    0.00   clock source latency
                  0.04    0.03    0.03 ^ clk (in)
     1    0.01                           clk (net)
                  0.04    0.00    0.03 ^ clkbuf_0_clk/A (sky130_fd_sc_hd__clkbuf_16)
                  0.05    0.13    0.15 ^ clkbuf_0_clk/X (sky130_fd_sc_hd__clkbuf_16)
     4    0.03                           clknet_0_clk (net)
                  0.05    0.00    0.15 ^ clkbuf_2_2__f_clk/A (sky130_fd_sc_hd__clkbuf_16)
                  0.05    0.13    0.28 ^ clkbuf_2_2__f_clk/X (sky130_fd_sc_hd__clkbuf_16)
    13    0.02                           clknet_2_2__leaf_clk (net)
                  0.05    0.00    0.28 ^ _724_/CLK (sky130_fd_sc_hd__dfrtp_2)
                  0.06    0.33    0.61 ^ _724_/Q (sky130_fd_sc_hd__dfrtp_2)
     3    0.01                           u_core.Q[7] (net)
                  0.06    0.00    0.61 ^ _608_/A0 (sky130_fd_sc_hd__mux2_1)
                  0.04    0.11    0.72 ^ _608_/X (sky130_fd_sc_hd__mux2_1)
     1    0.00                           _329_ (net)
                  0.04    0.00    0.72 ^ _609_/A (sky130_fd_sc_hd__clkbuf_1)
                  0.04    0.07    0.79 ^ _609_/X (sky130_fd_sc_hd__clkbuf_1)
     1    0.00                           _067_ (net)
                  0.04    0.00    0.79 ^ _707_/D (sky130_fd_sc_hd__dfrtp_1)
                                  0.79   data arrival time

                          0.00    0.00   clock clk (rise edge)
                          0.00    0.00   clock source latency
                  0.04    0.03    0.03 ^ clk (in)
     1    0.01                           clk (net)
                  0.04    0.00    0.03 ^ clkbuf_0_clk/A (sky130_fd_sc_hd__clkbuf_16)
                  0.05    0.14    0.17 ^ clkbuf_0_clk/X (sky130_fd_sc_hd__clkbuf_16)
     4    0.03                           clknet_0_clk (net)
                  0.05    0.00    0.17 ^ clkbuf_2_2__f_clk/A (sky130_fd_sc_hd__clkbuf_16)
                  0.05    0.14    0.31 ^ clkbuf_2_2__f_clk/X (sky130_fd_sc_hd__clkbuf_16)
    13    0.02                           clknet_2_2__leaf_clk (net)
                  0.05    0.00    0.31 ^ _707_/CLK (sky130_fd_sc_hd__dfrtp_1)
                          0.25    0.56   clock uncertainty
                         -0.03    0.53   clock reconvergence pessimism
                         -0.03    0.50   library hold time
                                  0.50   data required time
-----------------------------------------------------------------------------
                                  0.50   data required time
                                 -0.79   data arrival time
-----------------------------------------------------------------------------
                                  0.29   slack (MET)


Startpoint: _724_ (rising edge-triggered flip-flop clocked by clk)
Endpoint: _723_ (rising edge-triggered flip-flop clocked by clk)
Path Group: clk
Path Type: min

Fanout     Cap    Slew   Delay    Time   Description
-----------------------------------------------------------------------------
                          0.00    0.00   clock clk (rise edge)
                          0.00    0.00   clock source latency
                  0.04    0.03    0.03 ^ clk (in)
     1    0.01                           clk (net)
                  0.04    0.00    0.03 ^ clkbuf_0_clk/A (sky130_fd_sc_hd__clkbuf_16)
                  0.05    0.13    0.15 ^ clkbuf_0_clk/X (sky130_fd_sc_hd__clkbuf_16)
     4    0.03                           clknet_0_clk (net)
                  0.05    0.00    0.15 ^ clkbuf_2_2__f_clk/A (sky130_fd_sc_hd__clkbuf_16)
                  0.05    0.13    0.28 ^ clkbuf_2_2__f_clk/X (sky130_fd_sc_hd__clkbuf_16)
    13    0.02                           clknet_2_2__leaf_clk (net)
                  0.05    0.00    0.28 ^ _724_/CLK (sky130_fd_sc_hd__dfrtp_2)
                  0.06    0.33    0.61 ^ _724_/Q (sky130_fd_sc_hd__dfrtp_2)
     3    0.01                           u_core.Q[7] (net)
                  0.06    0.00    0.61 ^ _575_/A1 (sky130_fd_sc_hd__a22o_1)
                  0.04    0.12    0.73 ^ _575_/X (sky130_fd_sc_hd__a22o_1)
     1    0.00                           _312_ (net)
                  0.04    0.00    0.73 ^ _576_/B1 (sky130_fd_sc_hd__a31o_1)
                  0.03    0.08    0.80 ^ _576_/X (sky130_fd_sc_hd__a31o_1)
     1    0.00                           _083_ (net)
                  0.03    0.00    0.80 ^ _723_/D (sky130_fd_sc_hd__dfrtp_1)
                                  0.80   data arrival time

                          0.00    0.00   clock clk (rise edge)
                          0.00    0.00   clock source latency
                  0.04    0.03    0.03 ^ clk (in)
     1    0.01                           clk (net)
                  0.04    0.00    0.03 ^ clkbuf_0_clk/A (sky130_fd_sc_hd__clkbuf_16)
                  0.05    0.14    0.17 ^ clkbuf_0_clk/X (sky130_fd_sc_hd__clkbuf_16)
     4    0.03                           clknet_0_clk (net)
                  0.05    0.00    0.17 ^ clkbuf_2_1__f_clk/A (sky130_fd_sc_hd__clkbuf_16)
                  0.05    0.14    0.31 ^ clkbuf_2_1__f_clk/X (sky130_fd_sc_hd__clkbuf_16)
    14    0.03                           clknet_2_1__leaf_clk (net)
                  0.05    0.00    0.31 ^ _723_/CLK (sky130_fd_sc_hd__dfrtp_1)
                          0.25    0.56   clock uncertainty
                         -0.02    0.55   clock reconvergence pessimism
                         -0.03    0.51   library hold time
                                  0.51   data required time
-----------------------------------------------------------------------------
                                  0.51   data required time
                                 -0.80   data arrival time
-----------------------------------------------------------------------------
                                  0.29   slack (MET)


Startpoint: _696_ (rising edge-triggered flip-flop clocked by clk)
Endpoint: _696_ (rising edge-triggered flip-flop clocked by clk)
Path Group: clk
Path Type: min

Fanout     Cap    Slew   Delay    Time   Description
-----------------------------------------------------------------------------
                          0.00    0.00   clock clk (rise edge)
                          0.00    0.00   clock source latency
                  0.04    0.03    0.03 ^ clk (in)
     1    0.01                           clk (net)
                  0.04    0.00    0.03 ^ clkbuf_0_clk/A (sky130_fd_sc_hd__clkbuf_16)
                  0.05    0.13    0.15 ^ clkbuf_0_clk/X (sky130_fd_sc_hd__clkbuf_16)
     4    0.03                           clknet_0_clk (net)
                  0.05    0.00    0.15 ^ clkbuf_2_3__f_clk/A (sky130_fd_sc_hd__clkbuf_16)
                  0.05    0.12    0.28 ^ clkbuf_2_3__f_clk/X (sky130_fd_sc_hd__clkbuf_16)
    12    0.02                           clknet_2_3__leaf_clk (net)
                  0.05    0.00    0.28 ^ _696_/CLK (sky130_fd_sc_hd__dfrtp_1)
                  0.08    0.33    0.61 ^ _696_/Q (sky130_fd_sc_hd__dfrtp_1)
     4    0.01                           u_core.count[2] (net)
                  0.08    0.00    0.61 ^ _624_/A (sky130_fd_sc_hd__or4_1)
                  0.08    0.13    0.74 ^ _624_/X (sky130_fd_sc_hd__or4_1)
     3    0.01                           _336_ (net)
                  0.08    0.00    0.74 ^ _629_/A (sky130_fd_sc_hd__nand2_1)
                  0.03    0.04    0.78 v _629_/Y (sky130_fd_sc_hd__nand2_1)
     1    0.00                           _057_ (net)
                  0.03    0.00    0.78 v _696_/D (sky130_fd_sc_hd__dfrtp_1)
                                  0.78   data arrival time

                          0.00    0.00   clock clk (rise edge)
                          0.00    0.00   clock source latency
                  0.04    0.03    0.03 ^ clk (in)
     1    0.01                           clk (net)
                  0.04    0.00    0.03 ^ clkbuf_0_clk/A (sky130_fd_sc_hd__clkbuf_16)
                  0.05    0.14    0.17 ^ clkbuf_0_clk/X (sky130_fd_sc_hd__clkbuf_16)
     4    0.03                           clknet_0_clk (net)
                  0.05    0.00    0.17 ^ clkbuf_2_3__f_clk/A (sky130_fd_sc_hd__clkbuf_16)
                  0.05    0.14    0.31 ^ clkbuf_2_3__f_clk/X (sky130_fd_sc_hd__clkbuf_16)
    12    0.02                           clknet_2_3__leaf_clk (net)
                  0.05    0.00    0.31 ^ _696_/CLK (sky130_fd_sc_hd__dfrtp_1)
                          0.25    0.56   clock uncertainty
                         -0.03    0.53   clock reconvergence pessimism
                         -0.04    0.49   library hold time
                                  0.49   data required time
-----------------------------------------------------------------------------
                                  0.49   data required time
                                 -0.78   data arrival time
-----------------------------------------------------------------------------
                                  0.29   slack (MET)


Startpoint: _719_ (rising edge-triggered flip-flop clocked by clk)
Endpoint: _718_ (rising edge-triggered flip-flop clocked by clk)
Path Group: clk
Path Type: min

Fanout     Cap    Slew   Delay    Time   Description
-----------------------------------------------------------------------------
                          0.00    0.00   clock clk (rise edge)
                          0.00    0.00   clock source latency
                  0.04    0.03    0.03 ^ clk (in)
     1    0.01                           clk (net)
                  0.04    0.00    0.03 ^ clkbuf_0_clk/A (sky130_fd_sc_hd__clkbuf_16)
                  0.05    0.13    0.15 ^ clkbuf_0_clk/X (sky130_fd_sc_hd__clkbuf_16)
     4    0.03                           clknet_0_clk (net)
                  0.05    0.00    0.15 ^ clkbuf_2_1__f_clk/A (sky130_fd_sc_hd__clkbuf_16)
                  0.05    0.13    0.28 ^ clkbuf_2_1__f_clk/X (sky130_fd_sc_hd__clkbuf_16)
    14    0.03                           clknet_2_1__leaf_clk (net)
                  0.05    0.00    0.28 ^ _719_/CLK (sky130_fd_sc_hd__dfrtp_1)
                  0.08    0.32    0.61 ^ _719_/Q (sky130_fd_sc_hd__dfrtp_1)
     3    0.01                           u_core.Q[2] (net)
                  0.08    0.00    0.61 ^ _585_/A1 (sky130_fd_sc_hd__a22o_1)
                  0.04    0.12    0.73 ^ _585_/X (sky130_fd_sc_hd__a22o_1)
     1    0.00                           _317_ (net)
                  0.04    0.00    0.73 ^ _586_/B1 (sky130_fd_sc_hd__a31o_1)
                  0.03    0.08    0.81 ^ _586_/X (sky130_fd_sc_hd__a31o_1)
     1    0.00                           _078_ (net)
                  0.03    0.00    0.81 ^ _718_/D (sky130_fd_sc_hd__dfrtp_1)
                                  0.81   data arrival time

                          0.00    0.00   clock clk (rise edge)
                          0.00    0.00   clock source latency
                  0.04    0.03    0.03 ^ clk (in)
     1    0.01                           clk (net)
                  0.04    0.00    0.03 ^ clkbuf_0_clk/A (sky130_fd_sc_hd__clkbuf_16)
                  0.05    0.14    0.17 ^ clkbuf_0_clk/X (sky130_fd_sc_hd__clkbuf_16)
     4    0.03                           clknet_0_clk (net)
                  0.05    0.00    0.17 ^ clkbuf_2_2__f_clk/A (sky130_fd_sc_hd__clkbuf_16)
                  0.05    0.14    0.31 ^ clkbuf_2_2__f_clk/X (sky130_fd_sc_hd__clkbuf_16)
    13    0.02                           clknet_2_2__leaf_clk (net)
                  0.05    0.00    0.31 ^ _718_/CLK (sky130_fd_sc_hd__dfrtp_1)
                          0.25    0.56   clock uncertainty
                         -0.02    0.54   clock reconvergence pessimism
                         -0.03    0.51   library hold time
                                  0.51   data required time
-----------------------------------------------------------------------------
                                  0.51   data required time
                                 -0.81   data arrival time
-----------------------------------------------------------------------------
                                  0.29   slack (MET)


Startpoint: _720_ (rising edge-triggered flip-flop clocked by clk)
Endpoint: _719_ (rising edge-triggered flip-flop clocked by clk)
Path Group: clk
Path Type: min

Fanout     Cap    Slew   Delay    Time   Description
-----------------------------------------------------------------------------
                          0.00    0.00   clock clk (rise edge)
                          0.00    0.00   clock source latency
                  0.04    0.03    0.03 ^ clk (in)
     1    0.01                           clk (net)
                  0.04    0.00    0.03 ^ clkbuf_0_clk/A (sky130_fd_sc_hd__clkbuf_16)
                  0.05    0.13    0.15 ^ clkbuf_0_clk/X (sky130_fd_sc_hd__clkbuf_16)
     4    0.03                           clknet_0_clk (net)
                  0.05    0.00    0.15 ^ clkbuf_2_0__f_clk/A (sky130_fd_sc_hd__clkbuf_16)
                  0.05    0.13    0.28 ^ clkbuf_2_0__f_clk/X (sky130_fd_sc_hd__clkbuf_16)
    15    0.03                           clknet_2_0__leaf_clk (net)
                  0.05    0.00    0.28 ^ _720_/CLK (sky130_fd_sc_hd__dfrtp_1)
                  0.08    0.33    0.61 ^ _720_/Q (sky130_fd_sc_hd__dfrtp_1)
     3    0.01                           u_core.Q[3] (net)
                  0.08    0.00    0.61 ^ _583_/A1 (sky130_fd_sc_hd__a22o_1)
                  0.04    0.12    0.73 ^ _583_/X (sky130_fd_sc_hd__a22o_1)
     1    0.00                           _316_ (net)
                  0.04    0.00    0.73 ^ _584_/B1 (sky130_fd_sc_hd__a31o_1)
                  0.03    0.08    0.81 ^ _584_/X (sky130_fd_sc_hd__a31o_1)
     1    0.00                           _079_ (net)
                  0.03    0.00    0.81 ^ _719_/D (sky130_fd_sc_hd__dfrtp_1)
                                  0.81   data arrival time

                          0.00    0.00   clock clk (rise edge)
                          0.00    0.00   clock source latency
                  0.04    0.03    0.03 ^ clk (in)
     1    0.01                           clk (net)
                  0.04    0.00    0.03 ^ clkbuf_0_clk/A (sky130_fd_sc_hd__clkbuf_16)
                  0.05    0.14    0.17 ^ clkbuf_0_clk/X (sky130_fd_sc_hd__clkbuf_16)
     4    0.03                           clknet_0_clk (net)
                  0.05    0.00    0.17 ^ clkbuf_2_1__f_clk/A (sky130_fd_sc_hd__clkbuf_16)
                  0.05    0.14    0.31 ^ clkbuf_2_1__f_clk/X (sky130_fd_sc_hd__clkbuf_16)
    14    0.03                           clknet_2_1__leaf_clk (net)
                  0.05    0.00    0.31 ^ _719_/CLK (sky130_fd_sc_hd__dfrtp_1)
                          0.25    0.56   clock uncertainty
                         -0.02    0.55   clock reconvergence pessimism
                         -0.03    0.51   library hold time
                                  0.51   data required time
-----------------------------------------------------------------------------
                                  0.51   data required time
                                 -0.81   data arrival time
-----------------------------------------------------------------------------
                                  0.29   slack (MET)


Startpoint: _697_ (rising edge-triggered flip-flop clocked by clk)
Endpoint: _716_ (rising edge-triggered flip-flop clocked by clk)
Path Group: clk
Path Type: min

Fanout     Cap    Slew   Delay    Time   Description
-----------------------------------------------------------------------------
                          0.00    0.00   clock clk (rise edge)
                          0.00    0.00   clock source latency
                  0.04    0.03    0.03 ^ clk (in)
     1    0.01                           clk (net)
                  0.04    0.00    0.03 ^ clkbuf_0_clk/A (sky130_fd_sc_hd__clkbuf_16)
                  0.05    0.13    0.15 ^ clkbuf_0_clk/X (sky130_fd_sc_hd__clkbuf_16)
     4    0.03                           clknet_0_clk (net)
                  0.05    0.00    0.15 ^ clkbuf_2_3__f_clk/A (sky130_fd_sc_hd__clkbuf_16)
                  0.05    0.12    0.28 ^ clkbuf_2_3__f_clk/X (sky130_fd_sc_hd__clkbuf_16)
    12    0.02                           clknet_2_3__leaf_clk (net)
                  0.05    0.00    0.28 ^ _697_/CLK (sky130_fd_sc_hd__dfrtp_1)
                  0.07    0.32    0.60 ^ _697_/Q (sky130_fd_sc_hd__dfrtp_1)
     3    0.01                           u_core.count[3] (net)
                  0.07    0.00    0.60 ^ _592_/A (sky130_fd_sc_hd__or4b_2)
                  0.04    0.12    0.71 ^ _592_/X (sky130_fd_sc_hd__or4b_2)
     2    0.00                           _322_ (net)
                  0.04    0.00    0.71 ^ _593_/A2 (sky130_fd_sc_hd__o21ai_1)
                  0.03    0.04    0.76 v _593_/Y (sky130_fd_sc_hd__o21ai_1)
     1    0.00                           _323_ (net)
                  0.03    0.00    0.76 v _594_/B1 (sky130_fd_sc_hd__o21ai_1)
                  0.06    0.05    0.81 ^ _594_/Y (sky130_fd_sc_hd__o21ai_1)
     1    0.00                           _076_ (net)
                  0.06    0.00    0.81 ^ _716_/D (sky130_fd_sc_hd__dfrtp_1)
                                  0.81   data arrival time

                          0.00    0.00   clock clk (rise edge)
                          0.00    0.00   clock source latency
                  0.04    0.03    0.03 ^ clk (in)
     1    0.01                           clk (net)
                  0.04    0.00    0.03 ^ clkbuf_0_clk/A (sky130_fd_sc_hd__clkbuf_16)
                  0.05    0.14    0.17 ^ clkbuf_0_clk/X (sky130_fd_sc_hd__clkbuf_16)
     4    0.03                           clknet_0_clk (net)
                  0.05    0.00    0.17 ^ clkbuf_2_0__f_clk/A (sky130_fd_sc_hd__clkbuf_16)
                  0.05    0.14    0.31 ^ clkbuf_2_0__f_clk/X (sky130_fd_sc_hd__clkbuf_16)
    15    0.03                           clknet_2_0__leaf_clk (net)
                  0.05    0.00    0.31 ^ _716_/CLK (sky130_fd_sc_hd__dfrtp_1)
                          0.25    0.56   clock uncertainty
                         -0.02    0.55   clock reconvergence pessimism
                         -0.04    0.51   library hold time
                                  0.51   data required time
-----------------------------------------------------------------------------
                                  0.51   data required time
                                 -0.81   data arrival time
-----------------------------------------------------------------------------
                                  0.30   slack (MET)


Startpoint: _720_ (rising edge-triggered flip-flop clocked by clk)
Endpoint: _720_ (rising edge-triggered flip-flop clocked by clk)
Path Group: clk
Path Type: min

Fanout     Cap    Slew   Delay    Time   Description
-----------------------------------------------------------------------------
                          0.00    0.00   clock clk (rise edge)
                          0.00    0.00   clock source latency
                  0.04    0.03    0.03 ^ clk (in)
     1    0.01                           clk (net)
                  0.04    0.00    0.03 ^ clkbuf_0_clk/A (sky130_fd_sc_hd__clkbuf_16)
                  0.05    0.13    0.15 ^ clkbuf_0_clk/X (sky130_fd_sc_hd__clkbuf_16)
     4    0.03                           clknet_0_clk (net)
                  0.05    0.00    0.15 ^ clkbuf_2_0__f_clk/A (sky130_fd_sc_hd__clkbuf_16)
                  0.05    0.13    0.28 ^ clkbuf_2_0__f_clk/X (sky130_fd_sc_hd__clkbuf_16)
    15    0.03                           clknet_2_0__leaf_clk (net)
                  0.05    0.00    0.28 ^ _720_/CLK (sky130_fd_sc_hd__dfrtp_1)
                  0.08    0.33    0.61 ^ _720_/Q (sky130_fd_sc_hd__dfrtp_1)
     3    0.01                           u_core.Q[3] (net)
                  0.08    0.00    0.61 ^ _581_/B2 (sky130_fd_sc_hd__a22o_1)
                  0.04    0.12    0.72 ^ _581_/X (sky130_fd_sc_hd__a22o_1)
     1    0.00                           _315_ (net)
                  0.04    0.00    0.72 ^ _582_/B1 (sky130_fd_sc_hd__a31o_1)
                  0.03    0.08    0.80 ^ _582_/X (sky130_fd_sc_hd__a31o_1)
     1    0.00                           _080_ (net)
                  0.03    0.00    0.80 ^ _720_/D (sky130_fd_sc_hd__dfrtp_1)
                                  0.80   data arrival time

                          0.00    0.00   clock clk (rise edge)
                          0.00    0.00   clock source latency
                  0.04    0.03    0.03 ^ clk (in)
     1    0.01                           clk (net)
                  0.04    0.00    0.03 ^ clkbuf_0_clk/A (sky130_fd_sc_hd__clkbuf_16)
                  0.05    0.14    0.17 ^ clkbuf_0_clk/X (sky130_fd_sc_hd__clkbuf_16)
     4    0.03                           clknet_0_clk (net)
                  0.05    0.00    0.17 ^ clkbuf_2_0__f_clk/A (sky130_fd_sc_hd__clkbuf_16)
                  0.05    0.14    0.31 ^ clkbuf_2_0__f_clk/X (sky130_fd_sc_hd__clkbuf_16)
    15    0.03                           clknet_2_0__leaf_clk (net)
                  0.05    0.00    0.31 ^ _720_/CLK (sky130_fd_sc_hd__dfrtp_1)
                          0.25    0.56   clock uncertainty
                         -0.03    0.53   clock reconvergence pessimism
                         -0.03    0.50   library hold time
                                  0.50   data required time
-----------------------------------------------------------------------------
                                  0.50   data required time
                                 -0.80   data arrival time
-----------------------------------------------------------------------------
                                  0.30   slack (MET)


Startpoint: _721_ (rising edge-triggered flip-flop clocked by clk)
Endpoint: _721_ (rising edge-triggered flip-flop clocked by clk)
Path Group: clk
Path Type: min

Fanout     Cap    Slew   Delay    Time   Description
-----------------------------------------------------------------------------
                          0.00    0.00   clock clk (rise edge)
                          0.00    0.00   clock source latency
                  0.04    0.03    0.03 ^ clk (in)
     1    0.01                           clk (net)
                  0.04    0.00    0.03 ^ clkbuf_0_clk/A (sky130_fd_sc_hd__clkbuf_16)
                  0.05    0.13    0.15 ^ clkbuf_0_clk/X (sky130_fd_sc_hd__clkbuf_16)
     4    0.03                           clknet_0_clk (net)
                  0.05    0.00    0.15 ^ clkbuf_2_0__f_clk/A (sky130_fd_sc_hd__clkbuf_16)
                  0.05    0.13    0.28 ^ clkbuf_2_0__f_clk/X (sky130_fd_sc_hd__clkbuf_16)
    15    0.03                           clknet_2_0__leaf_clk (net)
                  0.05    0.00    0.28 ^ _721_/CLK (sky130_fd_sc_hd__dfrtp_1)
                  0.08    0.33    0.61 ^ _721_/Q (sky130_fd_sc_hd__dfrtp_1)
     3    0.01                           u_core.Q[4] (net)
                  0.08    0.00    0.61 ^ _579_/B2 (sky130_fd_sc_hd__a22o_1)
                  0.04    0.12    0.72 ^ _579_/X (sky130_fd_sc_hd__a22o_1)
     1    0.00                           _314_ (net)
                  0.04    0.00    0.72 ^ _580_/B1 (sky130_fd_sc_hd__a31o_1)
                  0.03    0.08    0.80 ^ _580_/X (sky130_fd_sc_hd__a31o_1)
     1    0.00                           _081_ (net)
                  0.03    0.00    0.80 ^ _721_/D (sky130_fd_sc_hd__dfrtp_1)
                                  0.80   data arrival time

                          0.00    0.00   clock clk (rise edge)
                          0.00    0.00   clock source latency
                  0.04    0.03    0.03 ^ clk (in)
     1    0.01                           clk (net)
                  0.04    0.00    0.03 ^ clkbuf_0_clk/A (sky130_fd_sc_hd__clkbuf_16)
                  0.05    0.14    0.17 ^ clkbuf_0_clk/X (sky130_fd_sc_hd__clkbuf_16)
     4    0.03                           clknet_0_clk (net)
                  0.05    0.00    0.17 ^ clkbuf_2_0__f_clk/A (sky130_fd_sc_hd__clkbuf_16)
                  0.05    0.14    0.31 ^ clkbuf_2_0__f_clk/X (sky130_fd_sc_hd__clkbuf_16)
    15    0.03                           clknet_2_0__leaf_clk (net)
                  0.05    0.00    0.31 ^ _721_/CLK (sky130_fd_sc_hd__dfrtp_1)
                          0.25    0.56   clock uncertainty
                         -0.03    0.53   clock reconvergence pessimism
                         -0.03    0.50   library hold time
                                  0.50   data required time
-----------------------------------------------------------------------------
                                  0.50   data required time
                                 -0.80   data arrival time
-----------------------------------------------------------------------------
                                  0.30   slack (MET)


Startpoint: _696_ (rising edge-triggered flip-flop clocked by clk)
Endpoint: _697_ (rising edge-triggered flip-flop clocked by clk)
Path Group: clk
Path Type: min

Fanout     Cap    Slew   Delay    Time   Description
-----------------------------------------------------------------------------
                          0.00    0.00   clock clk (rise edge)
                          0.00    0.00   clock source latency
                  0.04    0.03    0.03 ^ clk (in)
     1    0.01                           clk (net)
                  0.04    0.00    0.03 ^ clkbuf_0_clk/A (sky130_fd_sc_hd__clkbuf_16)
                  0.05    0.13    0.15 ^ clkbuf_0_clk/X (sky130_fd_sc_hd__clkbuf_16)
     4    0.03                           clknet_0_clk (net)
                  0.05    0.00    0.15 ^ clkbuf_2_3__f_clk/A (sky130_fd_sc_hd__clkbuf_16)
                  0.05    0.12    0.28 ^ clkbuf_2_3__f_clk/X (sky130_fd_sc_hd__clkbuf_16)
    12    0.02                           clknet_2_3__leaf_clk (net)
                  0.05    0.00    0.28 ^ _696_/CLK (sky130_fd_sc_hd__dfrtp_1)
                  0.08    0.33    0.61 ^ _696_/Q (sky130_fd_sc_hd__dfrtp_1)
     4    0.01                           u_core.count[2] (net)
                  0.08    0.00    0.61 ^ _624_/A (sky130_fd_sc_hd__or4_1)
                  0.08    0.13    0.74 ^ _624_/X (sky130_fd_sc_hd__or4_1)
     3    0.01                           _336_ (net)
                  0.08    0.00    0.74 ^ _626_/A2 (sky130_fd_sc_hd__o21ai_1)
                  0.03    0.05    0.79 v _626_/Y (sky130_fd_sc_hd__o21ai_1)
     1    0.00                           _058_ (net)
                  0.03    0.00    0.79 v _697_/D (sky130_fd_sc_hd__dfrtp_1)
                                  0.79   data arrival time

                          0.00    0.00   clock clk (rise edge)
                          0.00    0.00   clock source latency
                  0.04    0.03    0.03 ^ clk (in)
     1    0.01                           clk (net)
                  0.04    0.00    0.03 ^ clkbuf_0_clk/A (sky130_fd_sc_hd__clkbuf_16)
                  0.05    0.14    0.17 ^ clkbuf_0_clk/X (sky130_fd_sc_hd__clkbuf_16)
     4    0.03                           clknet_0_clk (net)
                  0.05    0.00    0.17 ^ clkbuf_2_3__f_clk/A (sky130_fd_sc_hd__clkbuf_16)
                  0.05    0.14    0.31 ^ clkbuf_2_3__f_clk/X (sky130_fd_sc_hd__clkbuf_16)
    12    0.02                           clknet_2_3__leaf_clk (net)
                  0.05    0.00    0.31 ^ _697_/CLK (sky130_fd_sc_hd__dfrtp_1)
                          0.25    0.56   clock uncertainty
                         -0.03    0.53   clock reconvergence pessimism
                         -0.04    0.49   library hold time
                                  0.49   data required time
-----------------------------------------------------------------------------
                                  0.49   data required time
                                 -0.79   data arrival time
-----------------------------------------------------------------------------
                                  0.30   slack (MET)


Startpoint: _718_ (rising edge-triggered flip-flop clocked by clk)
Endpoint: _717_ (rising edge-triggered flip-flop clocked by clk)
Path Group: clk
Path Type: min

Fanout     Cap    Slew   Delay    Time   Description
-----------------------------------------------------------------------------
                          0.00    0.00   clock clk (rise edge)
                          0.00    0.00   clock source latency
                  0.04    0.03    0.03 ^ clk (in)
     1    0.01                           clk (net)
                  0.04    0.00    0.03 ^ clkbuf_0_clk/A (sky130_fd_sc_hd__clkbuf_16)
                  0.05    0.13    0.15 ^ clkbuf_0_clk/X (sky130_fd_sc_hd__clkbuf_16)
     4    0.03                           clknet_0_clk (net)
                  0.05    0.00    0.15 ^ clkbuf_2_2__f_clk/A (sky130_fd_sc_hd__clkbuf_16)
                  0.05    0.13    0.28 ^ clkbuf_2_2__f_clk/X (sky130_fd_sc_hd__clkbuf_16)
    13    0.02                           clknet_2_2__leaf_clk (net)
                  0.05    0.00    0.28 ^ _718_/CLK (sky130_fd_sc_hd__dfrtp_1)
                  0.08    0.32    0.60 ^ _718_/Q (sky130_fd_sc_hd__dfrtp_1)
     3    0.01                           u_core.Q[1] (net)
                  0.08    0.00    0.60 ^ _587_/A1 (sky130_fd_sc_hd__a22o_1)
                  0.04    0.12    0.73 ^ _587_/X (sky130_fd_sc_hd__a22o_1)
     1    0.00                           _318_ (net)
                  0.04    0.00    0.73 ^ _588_/B1 (sky130_fd_sc_hd__a31o_1)
                  0.03    0.08    0.80 ^ _588_/X (sky130_fd_sc_hd__a31o_1)
     1    0.00                           _077_ (net)
                  0.03    0.00    0.80 ^ _717_/D (sky130_fd_sc_hd__dfrtp_1)
                                  0.80   data arrival time

                          0.00    0.00   clock clk (rise edge)
                          0.00    0.00   clock source latency
                  0.04    0.03    0.03 ^ clk (in)
     1    0.01                           clk (net)
                  0.04    0.00    0.03 ^ clkbuf_0_clk/A (sky130_fd_sc_hd__clkbuf_16)
                  0.05    0.14    0.17 ^ clkbuf_0_clk/X (sky130_fd_sc_hd__clkbuf_16)
     4    0.03                           clknet_0_clk (net)
                  0.05    0.00    0.17 ^ clkbuf_2_2__f_clk/A (sky130_fd_sc_hd__clkbuf_16)
                  0.05    0.14    0.31 ^ clkbuf_2_2__f_clk/X (sky130_fd_sc_hd__clkbuf_16)
    13    0.02                           clknet_2_2__leaf_clk (net)
                  0.05    0.00    0.31 ^ _717_/CLK (sky130_fd_sc_hd__dfrtp_1)
                          0.25    0.56   clock uncertainty
                         -0.03    0.53   clock reconvergence pessimism
                         -0.03    0.50   library hold time
                                  0.50   data required time
-----------------------------------------------------------------------------
                                  0.50   data required time
                                 -0.80   data arrival time
-----------------------------------------------------------------------------
                                  0.31   slack (MET)


Startpoint: _741_ (rising edge-triggered flip-flop clocked by clk)
Endpoint: _741_ (rising edge-triggered flip-flop clocked by clk)
Path Group: clk
Path Type: min

Fanout     Cap    Slew   Delay    Time   Description
-----------------------------------------------------------------------------
                          0.00    0.00   clock clk (rise edge)
                          0.00    0.00   clock source latency
                  0.04    0.03    0.03 ^ clk (in)
     1    0.01                           clk (net)
                  0.04    0.00    0.03 ^ clkbuf_0_clk/A (sky130_fd_sc_hd__clkbuf_16)
                  0.05    0.13    0.15 ^ clkbuf_0_clk/X (sky130_fd_sc_hd__clkbuf_16)
     4    0.03                           clknet_0_clk (net)
                  0.05    0.00    0.15 ^ clkbuf_2_2__f_clk/A (sky130_fd_sc_hd__clkbuf_16)
                  0.05    0.13    0.28 ^ clkbuf_2_2__f_clk/X (sky130_fd_sc_hd__clkbuf_16)
    13    0.02                           clknet_2_2__leaf_clk (net)
                  0.05    0.00    0.28 ^ _741_/CLK (sky130_fd_sc_hd__dfrtp_4)
                  0.10    0.42    0.70 ^ _741_/Q (sky130_fd_sc_hd__dfrtp_4)
     6    0.02                           u_core.A[8] (net)
                  0.10    0.00    0.70 ^ _510_/A1_N (sky130_fd_sc_hd__o2bb2ai_1)
                  0.05    0.11    0.81 ^ _510_/Y (sky130_fd_sc_hd__o2bb2ai_1)
     1    0.00                           _101_ (net)
                  0.05    0.00    0.81 ^ _741_/D (sky130_fd_sc_hd__dfrtp_4)
                                  0.81   data arrival time

                          0.00    0.00   clock clk (rise edge)
                          0.00    0.00   clock source latency
                  0.04    0.03    0.03 ^ clk (in)
     1    0.01                           clk (net)
                  0.04    0.00    0.03 ^ clkbuf_0_clk/A (sky130_fd_sc_hd__clkbuf_16)
                  0.05    0.14    0.17 ^ clkbuf_0_clk/X (sky130_fd_sc_hd__clkbuf_16)
     4    0.03                           clknet_0_clk (net)
                  0.05    0.00    0.17 ^ clkbuf_2_2__f_clk/A (sky130_fd_sc_hd__clkbuf_16)
                  0.05    0.14    0.31 ^ clkbuf_2_2__f_clk/X (sky130_fd_sc_hd__clkbuf_16)
    13    0.02                           clknet_2_2__leaf_clk (net)
                  0.05    0.00    0.31 ^ _741_/CLK (sky130_fd_sc_hd__dfrtp_4)
                          0.25    0.56   clock uncertainty
                         -0.03    0.53   clock reconvergence pessimism
                         -0.04    0.49   library hold time
                                  0.49   data required time
-----------------------------------------------------------------------------
                                  0.49   data required time
                                 -0.81   data arrival time
-----------------------------------------------------------------------------
                                  0.31   slack (MET)


Startpoint: _694_ (rising edge-triggered flip-flop clocked by clk)
Endpoint: _695_ (rising edge-triggered flip-flop clocked by clk)
Path Group: clk
Path Type: min

Fanout     Cap    Slew   Delay    Time   Description
-----------------------------------------------------------------------------
                          0.00    0.00   clock clk (rise edge)
                          0.00    0.00   clock source latency
                  0.04    0.03    0.03 ^ clk (in)
     1    0.01                           clk (net)
                  0.04    0.00    0.03 ^ clkbuf_0_clk/A (sky130_fd_sc_hd__clkbuf_16)
                  0.05    0.13    0.15 ^ clkbuf_0_clk/X (sky130_fd_sc_hd__clkbuf_16)
     4    0.03                           clknet_0_clk (net)
                  0.05    0.00    0.15 ^ clkbuf_2_1__f_clk/A (sky130_fd_sc_hd__clkbuf_16)
                  0.05    0.13    0.28 ^ clkbuf_2_1__f_clk/X (sky130_fd_sc_hd__clkbuf_16)
    14    0.03                           clknet_2_1__leaf_clk (net)
                  0.05    0.00    0.28 ^ _694_/CLK (sky130_fd_sc_hd__dfrtp_1)
                  0.10    0.34    0.63 ^ _694_/Q (sky130_fd_sc_hd__dfrtp_1)
     6    0.01                           u_core.count[0] (net)
                  0.10    0.00    0.63 ^ _627_/A (sky130_fd_sc_hd__or2_1)
                  0.08    0.13    0.76 ^ _627_/X (sky130_fd_sc_hd__or2_1)
     3    0.01                           _338_ (net)
                  0.08    0.00    0.76 ^ _631_/A2 (sky130_fd_sc_hd__o21ai_1)
                  0.03    0.05    0.81 v _631_/Y (sky130_fd_sc_hd__o21ai_1)
     1    0.00                           _056_ (net)
                  0.03    0.00    0.81 v _695_/D (sky130_fd_sc_hd__dfrtp_1)
                                  0.81   data arrival time

                          0.00    0.00   clock clk (rise edge)
                          0.00    0.00   clock source latency
                  0.04    0.03    0.03 ^ clk (in)
     1    0.01                           clk (net)
                  0.04    0.00    0.03 ^ clkbuf_0_clk/A (sky130_fd_sc_hd__clkbuf_16)
                  0.05    0.14    0.17 ^ clkbuf_0_clk/X (sky130_fd_sc_hd__clkbuf_16)
     4    0.03                           clknet_0_clk (net)
                  0.05    0.00    0.17 ^ clkbuf_2_1__f_clk/A (sky130_fd_sc_hd__clkbuf_16)
                  0.05    0.14    0.31 ^ clkbuf_2_1__f_clk/X (sky130_fd_sc_hd__clkbuf_16)
    14    0.03                           clknet_2_1__leaf_clk (net)
                  0.05    0.00    0.31 ^ _695_/CLK (sky130_fd_sc_hd__dfrtp_1)
                          0.25    0.56   clock uncertainty
                         -0.03    0.53   clock reconvergence pessimism
                         -0.04    0.49   library hold time
                                  0.49   data required time
-----------------------------------------------------------------------------
                                  0.49   data required time
                                 -0.81   data arrival time
-----------------------------------------------------------------------------
                                  0.31   slack (MET)


Startpoint: _745_ (rising edge-triggered flip-flop clocked by clk)
Endpoint: _744_ (rising edge-triggered flip-flop clocked by clk)
Path Group: clk
Path Type: min

Fanout     Cap    Slew   Delay    Time   Description
-----------------------------------------------------------------------------
                          0.00    0.00   clock clk (rise edge)
                          0.00    0.00   clock source latency
                  0.04    0.03    0.03 ^ clk (in)
     1    0.01                           clk (net)
                  0.04    0.00    0.03 ^ clkbuf_0_clk/A (sky130_fd_sc_hd__clkbuf_16)
                  0.05    0.13    0.15 ^ clkbuf_0_clk/X (sky130_fd_sc_hd__clkbuf_16)
     4    0.03                           clknet_0_clk (net)
                  0.05    0.00    0.15 ^ clkbuf_2_3__f_clk/A (sky130_fd_sc_hd__clkbuf_16)
                  0.05    0.12    0.28 ^ clkbuf_2_3__f_clk/X (sky130_fd_sc_hd__clkbuf_16)
    12    0.02                           clknet_2_3__leaf_clk (net)
                  0.05    0.00    0.28 ^ _745_/CLK (sky130_fd_sc_hd__dfrtp_1)
                  0.08    0.33    0.61 ^ _745_/Q (sky130_fd_sc_hd__dfrtp_1)
     2    0.01                           u_core.A[12] (net)
                  0.08    0.00    0.61 ^ _487_/A1 (sky130_fd_sc_hd__o31a_1)
                  0.04    0.13    0.73 ^ _487_/X (sky130_fd_sc_hd__o31a_1)
     1    0.00                           _245_ (net)
                  0.04    0.00    0.73 ^ _488_/B2 (sky130_fd_sc_hd__a22o_1)
                  0.04    0.10    0.83 ^ _488_/X (sky130_fd_sc_hd__a22o_1)
     1    0.00                           _104_ (net)
                  0.04    0.00    0.83 ^ _744_/D (sky130_fd_sc_hd__dfrtp_2)
                                  0.83   data arrival time

                          0.00    0.00   clock clk (rise edge)
                          0.00    0.00   clock source latency
                  0.04    0.03    0.03 ^ clk (in)
     1    0.01                           clk (net)
                  0.04    0.00    0.03 ^ clkbuf_0_clk/A (sky130_fd_sc_hd__clkbuf_16)
                  0.05    0.14    0.17 ^ clkbuf_0_clk/X (sky130_fd_sc_hd__clkbuf_16)
     4    0.03                           clknet_0_clk (net)
                  0.05    0.00    0.17 ^ clkbuf_2_2__f_clk/A (sky130_fd_sc_hd__clkbuf_16)
                  0.05    0.14    0.31 ^ clkbuf_2_2__f_clk/X (sky130_fd_sc_hd__clkbuf_16)
    13    0.02                           clknet_2_2__leaf_clk (net)
                  0.05    0.00    0.31 ^ _744_/CLK (sky130_fd_sc_hd__dfrtp_2)
                          0.25    0.56   clock uncertainty
                         -0.02    0.54   clock reconvergence pessimism
                         -0.03    0.51   library hold time
                                  0.51   data required time
-----------------------------------------------------------------------------
                                  0.51   data required time
                                 -0.83   data arrival time
-----------------------------------------------------------------------------
                                  0.32   slack (MET)


Startpoint: _726_ (rising edge-triggered flip-flop clocked by clk)
Endpoint: _726_ (rising edge-triggered flip-flop clocked by clk)
Path Group: clk
Path Type: min

Fanout     Cap    Slew   Delay    Time   Description
-----------------------------------------------------------------------------
                          0.00    0.00   clock clk (rise edge)
                          0.00    0.00   clock source latency
                  0.04    0.03    0.03 ^ clk (in)
     1    0.01                           clk (net)
                  0.04    0.00    0.03 ^ clkbuf_0_clk/A (sky130_fd_sc_hd__clkbuf_16)
                  0.05    0.13    0.15 ^ clkbuf_0_clk/X (sky130_fd_sc_hd__clkbuf_16)
     4    0.03                           clknet_0_clk (net)
                  0.05    0.00    0.15 ^ clkbuf_2_0__f_clk/A (sky130_fd_sc_hd__clkbuf_16)
                  0.05    0.13    0.28 ^ clkbuf_2_0__f_clk/X (sky130_fd_sc_hd__clkbuf_16)
    15    0.03                           clknet_2_0__leaf_clk (net)
                  0.05    0.00    0.28 ^ _726_/CLK (sky130_fd_sc_hd__dfrtp_2)
                  0.09    0.36    0.64 ^ _726_/Q (sky130_fd_sc_hd__dfrtp_2)
     5    0.01                           u_core.M[1] (net)
                  0.09    0.00    0.64 ^ _567_/A1 (sky130_fd_sc_hd__mux2_1)
                  0.04    0.12    0.76 ^ _567_/X (sky130_fd_sc_hd__mux2_1)
     1    0.00                           _307_ (net)
                  0.04    0.00    0.76 ^ _568_/A (sky130_fd_sc_hd__clkbuf_1)
                  0.04    0.07    0.83 ^ _568_/X (sky130_fd_sc_hd__clkbuf_1)
     1    0.00                           _086_ (net)
                  0.04    0.00    0.83 ^ _726_/D (sky130_fd_sc_hd__dfrtp_2)
                                  0.83   data arrival time

                          0.00    0.00   clock clk (rise edge)
                          0.00    0.00   clock source latency
                  0.04    0.03    0.03 ^ clk (in)
     1    0.01                           clk (net)
                  0.04    0.00    0.03 ^ clkbuf_0_clk/A (sky130_fd_sc_hd__clkbuf_16)
                  0.05    0.14    0.17 ^ clkbuf_0_clk/X (sky130_fd_sc_hd__clkbuf_16)
     4    0.03                           clknet_0_clk (net)
                  0.05    0.00    0.17 ^ clkbuf_2_0__f_clk/A (sky130_fd_sc_hd__clkbuf_16)
                  0.05    0.14    0.31 ^ clkbuf_2_0__f_clk/X (sky130_fd_sc_hd__clkbuf_16)
    15    0.03                           clknet_2_0__leaf_clk (net)
                  0.05    0.00    0.31 ^ _726_/CLK (sky130_fd_sc_hd__dfrtp_2)
                          0.25    0.56   clock uncertainty
                         -0.03    0.53   clock reconvergence pessimism
                         -0.03    0.50   library hold time
                                  0.50   data required time
-----------------------------------------------------------------------------
                                  0.50   data required time
                                 -0.83   data arrival time
-----------------------------------------------------------------------------
                                  0.33   slack (MET)


Startpoint: _745_ (rising edge-triggered flip-flop clocked by clk)
Endpoint: _745_ (rising edge-triggered flip-flop clocked by clk)
Path Group: clk
Path Type: min

Fanout     Cap    Slew   Delay    Time   Description
-----------------------------------------------------------------------------
                          0.00    0.00   clock clk (rise edge)
                          0.00    0.00   clock source latency
                  0.04    0.03    0.03 ^ clk (in)
     1    0.01                           clk (net)
                  0.04    0.00    0.03 ^ clkbuf_0_clk/A (sky130_fd_sc_hd__clkbuf_16)
                  0.05    0.13    0.15 ^ clkbuf_0_clk/X (sky130_fd_sc_hd__clkbuf_16)
     4    0.03                           clknet_0_clk (net)
                  0.05    0.00    0.15 ^ clkbuf_2_3__f_clk/A (sky130_fd_sc_hd__clkbuf_16)
                  0.05    0.12    0.28 ^ clkbuf_2_3__f_clk/X (sky130_fd_sc_hd__clkbuf_16)
    12    0.02                           clknet_2_3__leaf_clk (net)
                  0.05    0.00    0.28 ^ _745_/CLK (sky130_fd_sc_hd__dfrtp_1)
                  0.06    0.36    0.63 v _745_/Q (sky130_fd_sc_hd__dfrtp_1)
     2    0.01                           u_core.A[12] (net)
                  0.06    0.00    0.63 v _446_/A (sky130_fd_sc_hd__inv_2)
                  0.06    0.07    0.70 ^ _446_/Y (sky130_fd_sc_hd__inv_2)
     5    0.01                           _207_ (net)
                  0.06    0.00    0.70 ^ _478_/C (sky130_fd_sc_hd__or3_1)
                  0.04    0.09    0.79 ^ _478_/X (sky130_fd_sc_hd__or3_1)
     1    0.00                           _237_ (net)
                  0.04    0.00    0.79 ^ _479_/B (sky130_fd_sc_hd__nand2_1)
                  0.02    0.04    0.83 v _479_/Y (sky130_fd_sc_hd__nand2_1)
     1    0.00                           _105_ (net)
                  0.02    0.00    0.83 v _745_/D (sky130_fd_sc_hd__dfrtp_1)
                                  0.83   data arrival time

                          0.00    0.00   clock clk (rise edge)
                          0.00    0.00   clock source latency
                  0.04    0.03    0.03 ^ clk (in)
     1    0.01                           clk (net)
                  0.04    0.00    0.03 ^ clkbuf_0_clk/A (sky130_fd_sc_hd__clkbuf_16)
                  0.05    0.14    0.17 ^ clkbuf_0_clk/X (sky130_fd_sc_hd__clkbuf_16)
     4    0.03                           clknet_0_clk (net)
                  0.05    0.00    0.17 ^ clkbuf_2_3__f_clk/A (sky130_fd_sc_hd__clkbuf_16)
                  0.05    0.14    0.31 ^ clkbuf_2_3__f_clk/X (sky130_fd_sc_hd__clkbuf_16)
    12    0.02                           clknet_2_3__leaf_clk (net)
                  0.05    0.00    0.31 ^ _745_/CLK (sky130_fd_sc_hd__dfrtp_1)
                          0.25    0.56   clock uncertainty
                         -0.03    0.53   clock reconvergence pessimism
                         -0.04    0.49   library hold time
                                  0.49   data required time
-----------------------------------------------------------------------------
                                  0.49   data required time
                                 -0.83   data arrival time
-----------------------------------------------------------------------------
                                  0.34   slack (MET)


Startpoint: _699_ (rising edge-triggered flip-flop clocked by clk)
Endpoint: _699_ (rising edge-triggered flip-flop clocked by clk)
Path Group: clk
Path Type: min

Fanout     Cap    Slew   Delay    Time   Description
-----------------------------------------------------------------------------
                          0.00    0.00   clock clk (rise edge)
                          0.00    0.00   clock source latency
                  0.04    0.03    0.03 ^ clk (in)
     1    0.01                           clk (net)
                  0.04    0.00    0.03 ^ clkbuf_0_clk/A (sky130_fd_sc_hd__clkbuf_16)
                  0.05    0.13    0.15 ^ clkbuf_0_clk/X (sky130_fd_sc_hd__clkbuf_16)
     4    0.03                           clknet_0_clk (net)
                  0.05    0.00    0.15 ^ clkbuf_2_1__f_clk/A (sky130_fd_sc_hd__clkbuf_16)
                  0.05    0.13    0.28 ^ clkbuf_2_1__f_clk/X (sky130_fd_sc_hd__clkbuf_16)
    14    0.03                           clknet_2_1__leaf_clk (net)
                  0.05    0.00    0.28 ^ _699_/CLK (sky130_fd_sc_hd__dfrtp_4)
                  0.12    0.44    0.72 ^ _699_/Q (sky130_fd_sc_hd__dfrtp_4)
     9    0.03                           u_core.Q_1 (net)
                  0.12    0.00    0.72 ^ _623_/B2 (sky130_fd_sc_hd__a22o_1)
                  0.04    0.12    0.84 ^ _623_/X (sky130_fd_sc_hd__a22o_1)
     1    0.00                           _059_ (net)
                  0.04    0.00    0.84 ^ _699_/D (sky130_fd_sc_hd__dfrtp_4)
                                  0.84   data arrival time

                          0.00    0.00   clock clk (rise edge)
                          0.00    0.00   clock source latency
                  0.04    0.03    0.03 ^ clk (in)
     1    0.01                           clk (net)
                  0.04    0.00    0.03 ^ clkbuf_0_clk/A (sky130_fd_sc_hd__clkbuf_16)
                  0.05    0.14    0.17 ^ clkbuf_0_clk/X (sky130_fd_sc_hd__clkbuf_16)
     4    0.03                           clknet_0_clk (net)
                  0.05    0.00    0.17 ^ clkbuf_2_1__f_clk/A (sky130_fd_sc_hd__clkbuf_16)
                  0.05    0.14    0.31 ^ clkbuf_2_1__f_clk/X (sky130_fd_sc_hd__clkbuf_16)
    14    0.03                           clknet_2_1__leaf_clk (net)
                  0.05    0.00    0.31 ^ _699_/CLK (sky130_fd_sc_hd__dfrtp_4)
                          0.25    0.56   clock uncertainty
                         -0.03    0.53   clock reconvergence pessimism
                         -0.03    0.50   library hold time
                                  0.50   data required time
-----------------------------------------------------------------------------
                                  0.50   data required time
                                 -0.84   data arrival time
-----------------------------------------------------------------------------
                                  0.34   slack (MET)


Startpoint: _739_ (rising edge-triggered flip-flop clocked by clk)
Endpoint: _738_ (rising edge-triggered flip-flop clocked by clk)
Path Group: clk
Path Type: min

Fanout     Cap    Slew   Delay    Time   Description
-----------------------------------------------------------------------------
                          0.00    0.00   clock clk (rise edge)
                          0.00    0.00   clock source latency
                  0.04    0.03    0.03 ^ clk (in)
     1    0.01                           clk (net)
                  0.04    0.00    0.03 ^ clkbuf_0_clk/A (sky130_fd_sc_hd__clkbuf_16)
                  0.05    0.13    0.15 ^ clkbuf_0_clk/X (sky130_fd_sc_hd__clkbuf_16)
     4    0.03                           clknet_0_clk (net)
                  0.05    0.00    0.15 ^ clkbuf_2_3__f_clk/A (sky130_fd_sc_hd__clkbuf_16)
                  0.05    0.12    0.28 ^ clkbuf_2_3__f_clk/X (sky130_fd_sc_hd__clkbuf_16)
    12    0.02                           clknet_2_3__leaf_clk (net)
                  0.05    0.00    0.28 ^ _739_/CLK (sky130_fd_sc_hd__dfrtp_2)
                  0.08    0.36    0.64 ^ _739_/Q (sky130_fd_sc_hd__dfrtp_2)
     5    0.01                           u_core.A[6] (net)
                  0.08    0.00    0.64 ^ _526_/B1 (sky130_fd_sc_hd__a2bb2o_1)
                  0.06    0.14    0.77 ^ _526_/X (sky130_fd_sc_hd__a2bb2o_1)
     2    0.00                           _278_ (net)
                  0.06    0.00    0.77 ^ _527_/B1 (sky130_fd_sc_hd__a22o_1)
                  0.04    0.10    0.87 ^ _527_/X (sky130_fd_sc_hd__a22o_1)
     1    0.00                           _098_ (net)
                  0.04    0.00    0.87 ^ _738_/D (sky130_fd_sc_hd__dfrtp_2)
                                  0.87   data arrival time

                          0.00    0.00   clock clk (rise edge)
                          0.00    0.00   clock source latency
                  0.04    0.03    0.03 ^ clk (in)
     1    0.01                           clk (net)
                  0.04    0.00    0.03 ^ clkbuf_0_clk/A (sky130_fd_sc_hd__clkbuf_16)
                  0.05    0.14    0.17 ^ clkbuf_0_clk/X (sky130_fd_sc_hd__clkbuf_16)
     4    0.03                           clknet_0_clk (net)
                  0.05    0.00    0.17 ^ clkbuf_2_1__f_clk/A (sky130_fd_sc_hd__clkbuf_16)
                  0.05    0.14    0.31 ^ clkbuf_2_1__f_clk/X (sky130_fd_sc_hd__clkbuf_16)
    14    0.03                           clknet_2_1__leaf_clk (net)
                  0.05    0.00    0.31 ^ _738_/CLK (sky130_fd_sc_hd__dfrtp_2)
                          0.25    0.56   clock uncertainty
                         -0.02    0.55   clock reconvergence pessimism
                         -0.03    0.51   library hold time
                                  0.51   data required time
-----------------------------------------------------------------------------
                                  0.51   data required time
                                 -0.87   data arrival time
-----------------------------------------------------------------------------
                                  0.36   slack (MET)


Startpoint: _747_ (rising edge-triggered flip-flop clocked by clk)
Endpoint: _746_ (rising edge-triggered flip-flop clocked by clk)
Path Group: clk
Path Type: min

Fanout     Cap    Slew   Delay    Time   Description
-----------------------------------------------------------------------------
                          0.00    0.00   clock clk (rise edge)
                          0.00    0.00   clock source latency
                  0.04    0.03    0.03 ^ clk (in)
     1    0.01                           clk (net)
                  0.04    0.00    0.03 ^ clkbuf_0_clk/A (sky130_fd_sc_hd__clkbuf_16)
                  0.05    0.13    0.15 ^ clkbuf_0_clk/X (sky130_fd_sc_hd__clkbuf_16)
     4    0.03                           clknet_0_clk (net)
                  0.05    0.00    0.15 ^ clkbuf_2_3__f_clk/A (sky130_fd_sc_hd__clkbuf_16)
                  0.05    0.12    0.28 ^ clkbuf_2_3__f_clk/X (sky130_fd_sc_hd__clkbuf_16)
    12    0.02                           clknet_2_3__leaf_clk (net)
                  0.05    0.00    0.28 ^ _747_/CLK (sky130_fd_sc_hd__dfrtp_2)
                  0.09    0.36    0.64 ^ _747_/Q (sky130_fd_sc_hd__dfrtp_2)
     5    0.01                           u_core.A[14] (net)
                  0.09    0.00    0.64 ^ _461_/A1 (sky130_fd_sc_hd__o31a_1)
                  0.04    0.13    0.76 ^ _461_/X (sky130_fd_sc_hd__o31a_1)
     1    0.00                           _221_ (net)
                  0.04    0.00    0.76 ^ _469_/A1_N (sky130_fd_sc_hd__o2bb2ai_1)
                  0.05    0.09    0.86 ^ _469_/Y (sky130_fd_sc_hd__o2bb2ai_1)
     1    0.00                           _106_ (net)
                  0.05    0.00    0.86 ^ _746_/D (sky130_fd_sc_hd__dfrtp_1)
                                  0.86   data arrival time

                          0.00    0.00   clock clk (rise edge)
                          0.00    0.00   clock source latency
                  0.04    0.03    0.03 ^ clk (in)
     1    0.01                           clk (net)
                  0.04    0.00    0.03 ^ clkbuf_0_clk/A (sky130_fd_sc_hd__clkbuf_16)
                  0.05    0.14    0.17 ^ clkbuf_0_clk/X (sky130_fd_sc_hd__clkbuf_16)
     4    0.03                           clknet_0_clk (net)
                  0.05    0.00    0.17 ^ clkbuf_2_3__f_clk/A (sky130_fd_sc_hd__clkbuf_16)
                  0.05    0.14    0.31 ^ clkbuf_2_3__f_clk/X (sky130_fd_sc_hd__clkbuf_16)
    12    0.02                           clknet_2_3__leaf_clk (net)
                  0.05    0.00    0.31 ^ _746_/CLK (sky130_fd_sc_hd__dfrtp_1)
                          0.25    0.56   clock uncertainty
                         -0.03    0.53   clock reconvergence pessimism
                         -0.04    0.49   library hold time
                                  0.49   data required time
-----------------------------------------------------------------------------
                                  0.49   data required time
                                 -0.86   data arrival time
-----------------------------------------------------------------------------
                                  0.36   slack (MET)


Startpoint: _744_ (rising edge-triggered flip-flop clocked by clk)
Endpoint: _743_ (rising edge-triggered flip-flop clocked by clk)
Path Group: clk
Path Type: min

Fanout     Cap    Slew   Delay    Time   Description
-----------------------------------------------------------------------------
                          0.00    0.00   clock clk (rise edge)
                          0.00    0.00   clock source latency
                  0.04    0.03    0.03 ^ clk (in)
     1    0.01                           clk (net)
                  0.04    0.00    0.03 ^ clkbuf_0_clk/A (sky130_fd_sc_hd__clkbuf_16)
                  0.05    0.13    0.15 ^ clkbuf_0_clk/X (sky130_fd_sc_hd__clkbuf_16)
     4    0.03                           clknet_0_clk (net)
                  0.05    0.00    0.15 ^ clkbuf_2_2__f_clk/A (sky130_fd_sc_hd__clkbuf_16)
                  0.05    0.13    0.28 ^ clkbuf_2_2__f_clk/X (sky130_fd_sc_hd__clkbuf_16)
    13    0.02                           clknet_2_2__leaf_clk (net)
                  0.05    0.00    0.28 ^ _744_/CLK (sky130_fd_sc_hd__dfrtp_2)
                  0.10    0.37    0.65 ^ _744_/Q (sky130_fd_sc_hd__dfrtp_2)
     4    0.02                           u_core.A[11] (net)
                  0.10    0.00    0.65 ^ _496_/A1 (sky130_fd_sc_hd__o31a_1)
                  0.04    0.13    0.77 ^ _496_/X (sky130_fd_sc_hd__o31a_1)
     1    0.00                           _253_ (net)
                  0.04    0.00    0.77 ^ _497_/B1 (sky130_fd_sc_hd__o21ai_1)
                  0.03    0.05    0.82 v _497_/Y (sky130_fd_sc_hd__o21ai_1)
     1    0.00                           _254_ (net)
                  0.03    0.00    0.82 v _499_/A (sky130_fd_sc_hd__nand2_1)
                  0.03    0.04    0.86 ^ _499_/Y (sky130_fd_sc_hd__nand2_1)
     1    0.00                           _103_ (net)
                  0.03    0.00    0.86 ^ _743_/D (sky130_fd_sc_hd__dfrtp_2)
                                  0.86   data arrival time

                          0.00    0.00   clock clk (rise edge)
                          0.00    0.00   clock source latency
                  0.04    0.03    0.03 ^ clk (in)
     1    0.01                           clk (net)
                  0.04    0.00    0.03 ^ clkbuf_0_clk/A (sky130_fd_sc_hd__clkbuf_16)
                  0.05    0.14    0.17 ^ clkbuf_0_clk/X (sky130_fd_sc_hd__clkbuf_16)
     4    0.03                           clknet_0_clk (net)
                  0.05    0.00    0.17 ^ clkbuf_2_2__f_clk/A (sky130_fd_sc_hd__clkbuf_16)
                  0.05    0.14    0.31 ^ clkbuf_2_2__f_clk/X (sky130_fd_sc_hd__clkbuf_16)
    13    0.02                           clknet_2_2__leaf_clk (net)
                  0.05    0.00    0.31 ^ _743_/CLK (sky130_fd_sc_hd__dfrtp_2)
                          0.25    0.56   clock uncertainty
                         -0.03    0.53   clock reconvergence pessimism
                         -0.03    0.50   library hold time
                                  0.50   data required time
-----------------------------------------------------------------------------
                                  0.50   data required time
                                 -0.86   data arrival time
-----------------------------------------------------------------------------
                                  0.36   slack (MET)


Startpoint: _730_ (rising edge-triggered flip-flop clocked by clk)
Endpoint: _730_ (rising edge-triggered flip-flop clocked by clk)
Path Group: clk
Path Type: min

Fanout     Cap    Slew   Delay    Time   Description
-----------------------------------------------------------------------------
                          0.00    0.00   clock clk (rise edge)
                          0.00    0.00   clock source latency
                  0.04    0.03    0.03 ^ clk (in)
     1    0.01                           clk (net)
                  0.04    0.00    0.03 ^ clkbuf_0_clk/A (sky130_fd_sc_hd__clkbuf_16)
                  0.05    0.13    0.15 ^ clkbuf_0_clk/X (sky130_fd_sc_hd__clkbuf_16)
     4    0.03                           clknet_0_clk (net)
                  0.05    0.00    0.15 ^ clkbuf_2_0__f_clk/A (sky130_fd_sc_hd__clkbuf_16)
                  0.05    0.13    0.28 ^ clkbuf_2_0__f_clk/X (sky130_fd_sc_hd__clkbuf_16)
    15    0.03                           clknet_2_0__leaf_clk (net)
                  0.05    0.00    0.28 ^ _730_/CLK (sky130_fd_sc_hd__dfrtp_4)
                  0.08    0.40    0.68 ^ _730_/Q (sky130_fd_sc_hd__dfrtp_4)
     5    0.01                           u_core.M[5] (net)
                  0.08    0.00    0.68 ^ _559_/A1 (sky130_fd_sc_hd__mux2_1)
                  0.04    0.12    0.80 ^ _559_/X (sky130_fd_sc_hd__mux2_1)
     1    0.00                           _303_ (net)
                  0.04    0.00    0.80 ^ _560_/A (sky130_fd_sc_hd__clkbuf_1)
                  0.04    0.07    0.87 ^ _560_/X (sky130_fd_sc_hd__clkbuf_1)
     1    0.00                           _090_ (net)
                  0.04    0.00    0.87 ^ _730_/D (sky130_fd_sc_hd__dfrtp_4)
                                  0.87   data arrival time

                          0.00    0.00   clock clk (rise edge)
                          0.00    0.00   clock source latency
                  0.04    0.03    0.03 ^ clk (in)
     1    0.01                           clk (net)
                  0.04    0.00    0.03 ^ clkbuf_0_clk/A (sky130_fd_sc_hd__clkbuf_16)
                  0.05    0.14    0.17 ^ clkbuf_0_clk/X (sky130_fd_sc_hd__clkbuf_16)
     4    0.03                           clknet_0_clk (net)
                  0.05    0.00    0.17 ^ clkbuf_2_0__f_clk/A (sky130_fd_sc_hd__clkbuf_16)
                  0.05    0.14    0.31 ^ clkbuf_2_0__f_clk/X (sky130_fd_sc_hd__clkbuf_16)
    15    0.03                           clknet_2_0__leaf_clk (net)
                  0.05    0.00    0.31 ^ _730_/CLK (sky130_fd_sc_hd__dfrtp_4)
                          0.25    0.56   clock uncertainty
                         -0.03    0.53   clock reconvergence pessimism
                         -0.03    0.50   library hold time
                                  0.50   data required time
-----------------------------------------------------------------------------
                                  0.50   data required time
                                 -0.87   data arrival time
-----------------------------------------------------------------------------
                                  0.36   slack (MET)


Startpoint: _736_ (rising edge-triggered flip-flop clocked by clk)
Endpoint: _735_ (rising edge-triggered flip-flop clocked by clk)
Path Group: clk
Path Type: min

Fanout     Cap    Slew   Delay    Time   Description
-----------------------------------------------------------------------------
                          0.00    0.00   clock clk (rise edge)
                          0.00    0.00   clock source latency
                  0.04    0.03    0.03 ^ clk (in)
     1    0.01                           clk (net)
                  0.04    0.00    0.03 ^ clkbuf_0_clk/A (sky130_fd_sc_hd__clkbuf_16)
                  0.05    0.13    0.15 ^ clkbuf_0_clk/X (sky130_fd_sc_hd__clkbuf_16)
     4    0.03                           clknet_0_clk (net)
                  0.05    0.00    0.15 ^ clkbuf_2_1__f_clk/A (sky130_fd_sc_hd__clkbuf_16)
                  0.05    0.13    0.28 ^ clkbuf_2_1__f_clk/X (sky130_fd_sc_hd__clkbuf_16)
    14    0.03                           clknet_2_1__leaf_clk (net)
                  0.05    0.00    0.28 ^ _736_/CLK (sky130_fd_sc_hd__dfrtp_2)
                  0.08    0.35    0.64 ^ _736_/Q (sky130_fd_sc_hd__dfrtp_2)
     5    0.01                           u_core.A[3] (net)
                  0.08    0.00    0.64 ^ _543_/A1 (sky130_fd_sc_hd__o211ai_1)
                  0.06    0.09    0.73 v _543_/Y (sky130_fd_sc_hd__o211ai_1)
     2    0.00                           _292_ (net)
                  0.06    0.00    0.73 v _544_/B1_N (sky130_fd_sc_hd__a21bo_1)
                  0.03    0.16    0.89 ^ _544_/X (sky130_fd_sc_hd__a21bo_1)
     1    0.00                           _095_ (net)
                  0.03    0.00    0.89 ^ _735_/D (sky130_fd_sc_hd__dfrtp_1)
                                  0.89   data arrival time

                          0.00    0.00   clock clk (rise edge)
                          0.00    0.00   clock source latency
                  0.04    0.03    0.03 ^ clk (in)
     1    0.01                           clk (net)
                  0.04    0.00    0.03 ^ clkbuf_0_clk/A (sky130_fd_sc_hd__clkbuf_16)
                  0.05    0.14    0.17 ^ clkbuf_0_clk/X (sky130_fd_sc_hd__clkbuf_16)
     4    0.03                           clknet_0_clk (net)
                  0.05    0.00    0.17 ^ clkbuf_2_0__f_clk/A (sky130_fd_sc_hd__clkbuf_16)
                  0.05    0.14    0.31 ^ clkbuf_2_0__f_clk/X (sky130_fd_sc_hd__clkbuf_16)
    15    0.03                           clknet_2_0__leaf_clk (net)
                  0.05    0.00    0.31 ^ _735_/CLK (sky130_fd_sc_hd__dfrtp_1)
                          0.25    0.56   clock uncertainty
                         -0.02    0.55   clock reconvergence pessimism
                         -0.03    0.52   library hold time
                                  0.52   data required time
-----------------------------------------------------------------------------
                                  0.52   data required time
                                 -0.89   data arrival time
-----------------------------------------------------------------------------
                                  0.37   slack (MET)


Startpoint: _728_ (rising edge-triggered flip-flop clocked by clk)
Endpoint: _728_ (rising edge-triggered flip-flop clocked by clk)
Path Group: clk
Path Type: min

Fanout     Cap    Slew   Delay    Time   Description
-----------------------------------------------------------------------------
                          0.00    0.00   clock clk (rise edge)
                          0.00    0.00   clock source latency
                  0.04    0.03    0.03 ^ clk (in)
     1    0.01                           clk (net)
                  0.04    0.00    0.03 ^ clkbuf_0_clk/A (sky130_fd_sc_hd__clkbuf_16)
                  0.05    0.13    0.15 ^ clkbuf_0_clk/X (sky130_fd_sc_hd__clkbuf_16)
     4    0.03                           clknet_0_clk (net)
                  0.05    0.00    0.15 ^ clkbuf_2_3__f_clk/A (sky130_fd_sc_hd__clkbuf_16)
                  0.05    0.12    0.28 ^ clkbuf_2_3__f_clk/X (sky130_fd_sc_hd__clkbuf_16)
    12    0.02                           clknet_2_3__leaf_clk (net)
                  0.05    0.00    0.28 ^ _728_/CLK (sky130_fd_sc_hd__dfrtp_4)
                  0.08    0.40    0.68 ^ _728_/Q (sky130_fd_sc_hd__dfrtp_4)
     4    0.02                           u_core.M[3] (net)
                  0.08    0.00    0.68 ^ _563_/A1 (sky130_fd_sc_hd__mux2_1)
                  0.04    0.12    0.80 ^ _563_/X (sky130_fd_sc_hd__mux2_1)
     1    0.00                           _305_ (net)
                  0.04    0.00    0.80 ^ _564_/A (sky130_fd_sc_hd__clkbuf_1)
                  0.04    0.07    0.87 ^ _564_/X (sky130_fd_sc_hd__clkbuf_1)
     1    0.00                           _088_ (net)
                  0.04    0.00    0.87 ^ _728_/D (sky130_fd_sc_hd__dfrtp_4)
                                  0.87   data arrival time

                          0.00    0.00   clock clk (rise edge)
                          0.00    0.00   clock source latency
                  0.04    0.03    0.03 ^ clk (in)
     1    0.01                           clk (net)
                  0.04    0.00    0.03 ^ clkbuf_0_clk/A (sky130_fd_sc_hd__clkbuf_16)
                  0.05    0.14    0.17 ^ clkbuf_0_clk/X (sky130_fd_sc_hd__clkbuf_16)
     4    0.03                           clknet_0_clk (net)
                  0.05    0.00    0.17 ^ clkbuf_2_3__f_clk/A (sky130_fd_sc_hd__clkbuf_16)
                  0.05    0.14    0.31 ^ clkbuf_2_3__f_clk/X (sky130_fd_sc_hd__clkbuf_16)
    12    0.02                           clknet_2_3__leaf_clk (net)
                  0.05    0.00    0.31 ^ _728_/CLK (sky130_fd_sc_hd__dfrtp_4)
                          0.25    0.56   clock uncertainty
                         -0.03    0.53   clock reconvergence pessimism
                         -0.03    0.50   library hold time
                                  0.50   data required time
-----------------------------------------------------------------------------
                                  0.50   data required time
                                 -0.87   data arrival time
-----------------------------------------------------------------------------
                                  0.37   slack (MET)


Startpoint: _737_ (rising edge-triggered flip-flop clocked by clk)
Endpoint: _736_ (rising edge-triggered flip-flop clocked by clk)
Path Group: clk
Path Type: min

Fanout     Cap    Slew   Delay    Time   Description
-----------------------------------------------------------------------------
                          0.00    0.00   clock clk (rise edge)
                          0.00    0.00   clock source latency
                  0.04    0.03    0.03 ^ clk (in)
     1    0.01                           clk (net)
                  0.04    0.00    0.03 ^ clkbuf_0_clk/A (sky130_fd_sc_hd__clkbuf_16)
                  0.05    0.13    0.15 ^ clkbuf_0_clk/X (sky130_fd_sc_hd__clkbuf_16)
     4    0.03                           clknet_0_clk (net)
                  0.05    0.00    0.15 ^ clkbuf_2_1__f_clk/A (sky130_fd_sc_hd__clkbuf_16)
                  0.05    0.13    0.28 ^ clkbuf_2_1__f_clk/X (sky130_fd_sc_hd__clkbuf_16)
    14    0.03                           clknet_2_1__leaf_clk (net)
                  0.05    0.00    0.28 ^ _737_/CLK (sky130_fd_sc_hd__dfrtp_2)
                  0.08    0.36    0.64 ^ _737_/Q (sky130_fd_sc_hd__dfrtp_2)
     5    0.01                           u_core.A[4] (net)
                  0.08    0.00    0.64 ^ _536_/A1 (sky130_fd_sc_hd__a31o_1)
                  0.05    0.14    0.78 ^ _536_/X (sky130_fd_sc_hd__a31o_1)
     2    0.00                           _286_ (net)
                  0.05    0.00    0.78 ^ _537_/B1 (sky130_fd_sc_hd__a22o_1)
                  0.04    0.10    0.88 ^ _537_/X (sky130_fd_sc_hd__a22o_1)
     1    0.00                           _096_ (net)
                  0.04    0.00    0.88 ^ _736_/D (sky130_fd_sc_hd__dfrtp_2)
                                  0.88   data arrival time

                          0.00    0.00   clock clk (rise edge)
                          0.00    0.00   clock source latency
                  0.04    0.03    0.03 ^ clk (in)
     1    0.01                           clk (net)
                  0.04    0.00    0.03 ^ clkbuf_0_clk/A (sky130_fd_sc_hd__clkbuf_16)
                  0.05    0.14    0.17 ^ clkbuf_0_clk/X (sky130_fd_sc_hd__clkbuf_16)
     4    0.03                           clknet_0_clk (net)
                  0.05    0.00    0.17 ^ clkbuf_2_1__f_clk/A (sky130_fd_sc_hd__clkbuf_16)
                  0.05    0.14    0.31 ^ clkbuf_2_1__f_clk/X (sky130_fd_sc_hd__clkbuf_16)
    14    0.03                           clknet_2_1__leaf_clk (net)
                  0.05    0.00    0.31 ^ _736_/CLK (sky130_fd_sc_hd__dfrtp_2)
                          0.25    0.56   clock uncertainty
                         -0.03    0.53   clock reconvergence pessimism
                         -0.03    0.50   library hold time
                                  0.50   data required time
-----------------------------------------------------------------------------
                                  0.50   data required time
                                 -0.88   data arrival time
-----------------------------------------------------------------------------
                                  0.38   slack (MET)


Startpoint: _725_ (rising edge-triggered flip-flop clocked by clk)
Endpoint: _725_ (rising edge-triggered flip-flop clocked by clk)
Path Group: clk
Path Type: min

Fanout     Cap    Slew   Delay    Time   Description
-----------------------------------------------------------------------------
                          0.00    0.00   clock clk (rise edge)
                          0.00    0.00   clock source latency
                  0.04    0.03    0.03 ^ clk (in)
     1    0.01                           clk (net)
                  0.04    0.00    0.03 ^ clkbuf_0_clk/A (sky130_fd_sc_hd__clkbuf_16)
                  0.05    0.13    0.15 ^ clkbuf_0_clk/X (sky130_fd_sc_hd__clkbuf_16)
     4    0.03                           clknet_0_clk (net)
                  0.05    0.00    0.15 ^ clkbuf_2_0__f_clk/A (sky130_fd_sc_hd__clkbuf_16)
                  0.05    0.13    0.28 ^ clkbuf_2_0__f_clk/X (sky130_fd_sc_hd__clkbuf_16)
    15    0.03                           clknet_2_0__leaf_clk (net)
                  0.05    0.00    0.28 ^ _725_/CLK (sky130_fd_sc_hd__dfrtp_4)
                  0.09    0.41    0.70 ^ _725_/Q (sky130_fd_sc_hd__dfrtp_4)
     6    0.02                           u_core.M[0] (net)
                  0.09    0.00    0.70 ^ _569_/A1 (sky130_fd_sc_hd__mux2_1)
                  0.04    0.12    0.82 ^ _569_/X (sky130_fd_sc_hd__mux2_1)
     1    0.00                           _308_ (net)
                  0.04    0.00    0.82 ^ _570_/A (sky130_fd_sc_hd__clkbuf_1)
                  0.04    0.07    0.88 ^ _570_/X (sky130_fd_sc_hd__clkbuf_1)
     1    0.00                           _085_ (net)
                  0.04    0.00    0.88 ^ _725_/D (sky130_fd_sc_hd__dfrtp_4)
                                  0.88   data arrival time

                          0.00    0.00   clock clk (rise edge)
                          0.00    0.00   clock source latency
                  0.04    0.03    0.03 ^ clk (in)
     1    0.01                           clk (net)
                  0.04    0.00    0.03 ^ clkbuf_0_clk/A (sky130_fd_sc_hd__clkbuf_16)
                  0.05    0.14    0.17 ^ clkbuf_0_clk/X (sky130_fd_sc_hd__clkbuf_16)
     4    0.03                           clknet_0_clk (net)
                  0.05    0.00    0.17 ^ clkbuf_2_0__f_clk/A (sky130_fd_sc_hd__clkbuf_16)
                  0.05    0.14    0.31 ^ clkbuf_2_0__f_clk/X (sky130_fd_sc_hd__clkbuf_16)
    15    0.03                           clknet_2_0__leaf_clk (net)
                  0.05    0.00    0.31 ^ _725_/CLK (sky130_fd_sc_hd__dfrtp_4)
                          0.25    0.56   clock uncertainty
                         -0.03    0.53   clock reconvergence pessimism
                         -0.03    0.50   library hold time
                                  0.50   data required time
-----------------------------------------------------------------------------
                                  0.50   data required time
                                 -0.88   data arrival time
-----------------------------------------------------------------------------
                                  0.38   slack (MET)


Startpoint: _734_ (rising edge-triggered flip-flop clocked by clk)
Endpoint: _733_ (rising edge-triggered flip-flop clocked by clk)
Path Group: clk
Path Type: min

Fanout     Cap    Slew   Delay    Time   Description
-----------------------------------------------------------------------------
                          0.00    0.00   clock clk (rise edge)
                          0.00    0.00   clock source latency
                  0.04    0.03    0.03 ^ clk (in)
     1    0.01                           clk (net)
                  0.04    0.00    0.03 ^ clkbuf_0_clk/A (sky130_fd_sc_hd__clkbuf_16)
                  0.05    0.13    0.15 ^ clkbuf_0_clk/X (sky130_fd_sc_hd__clkbuf_16)
     4    0.03                           clknet_0_clk (net)
                  0.05    0.00    0.15 ^ clkbuf_2_0__f_clk/A (sky130_fd_sc_hd__clkbuf_16)
                  0.05    0.13    0.28 ^ clkbuf_2_0__f_clk/X (sky130_fd_sc_hd__clkbuf_16)
    15    0.03                           clknet_2_0__leaf_clk (net)
                  0.05    0.00    0.28 ^ _734_/CLK (sky130_fd_sc_hd__dfrtp_1)
                  0.09    0.34    0.62 ^ _734_/Q (sky130_fd_sc_hd__dfrtp_1)
     3    0.01                           u_core.A[1] (net)
                  0.09    0.00    0.62 ^ _552_/A1 (sky130_fd_sc_hd__a32o_1)
                  0.06    0.16    0.78 ^ _552_/X (sky130_fd_sc_hd__a32o_1)
     2    0.00                           _299_ (net)
                  0.06    0.00    0.78 ^ _553_/B1 (sky130_fd_sc_hd__a22o_1)
                  0.04    0.10    0.89 ^ _553_/X (sky130_fd_sc_hd__a22o_1)
     1    0.00                           _093_ (net)
                  0.04    0.00    0.89 ^ _733_/D (sky130_fd_sc_hd__dfrtp_1)
                                  0.89   data arrival time

                          0.00    0.00   clock clk (rise edge)
                          0.00    0.00   clock source latency
                  0.04    0.03    0.03 ^ clk (in)
     1    0.01                           clk (net)
                  0.04    0.00    0.03 ^ clkbuf_0_clk/A (sky130_fd_sc_hd__clkbuf_16)
                  0.05    0.14    0.17 ^ clkbuf_0_clk/X (sky130_fd_sc_hd__clkbuf_16)
     4    0.03                           clknet_0_clk (net)
                  0.05    0.00    0.17 ^ clkbuf_2_0__f_clk/A (sky130_fd_sc_hd__clkbuf_16)
                  0.05    0.14    0.31 ^ clkbuf_2_0__f_clk/X (sky130_fd_sc_hd__clkbuf_16)
    15    0.03                           clknet_2_0__leaf_clk (net)
                  0.05    0.00    0.31 ^ _733_/CLK (sky130_fd_sc_hd__dfrtp_1)
                          0.25    0.56   clock uncertainty
                         -0.03    0.53   clock reconvergence pessimism
                         -0.03    0.50   library hold time
                                  0.50   data required time
-----------------------------------------------------------------------------
                                  0.50   data required time
                                 -0.89   data arrival time
-----------------------------------------------------------------------------
                                  0.39   slack (MET)


Startpoint: _743_ (rising edge-triggered flip-flop clocked by clk)
Endpoint: _742_ (rising edge-triggered flip-flop clocked by clk)
Path Group: clk
Path Type: min

Fanout     Cap    Slew   Delay    Time   Description
-----------------------------------------------------------------------------
                          0.00    0.00   clock clk (rise edge)
                          0.00    0.00   clock source latency
                  0.04    0.03    0.03 ^ clk (in)
     1    0.01                           clk (net)
                  0.04    0.00    0.03 ^ clkbuf_0_clk/A (sky130_fd_sc_hd__clkbuf_16)
                  0.05    0.13    0.15 ^ clkbuf_0_clk/X (sky130_fd_sc_hd__clkbuf_16)
     4    0.03                           clknet_0_clk (net)
                  0.05    0.00    0.15 ^ clkbuf_2_2__f_clk/A (sky130_fd_sc_hd__clkbuf_16)
                  0.05    0.13    0.28 ^ clkbuf_2_2__f_clk/X (sky130_fd_sc_hd__clkbuf_16)
    13    0.02                           clknet_2_2__leaf_clk (net)
                  0.05    0.00    0.28 ^ _743_/CLK (sky130_fd_sc_hd__dfrtp_2)
                  0.10    0.37    0.65 ^ _743_/Q (sky130_fd_sc_hd__dfrtp_2)
     5    0.02                           u_core.A[10] (net)
                  0.10    0.00    0.65 ^ _502_/A1 (sky130_fd_sc_hd__o31a_1)
                  0.04    0.13    0.78 ^ _502_/X (sky130_fd_sc_hd__o31a_1)
     1    0.00                           _258_ (net)
                  0.04    0.00    0.78 ^ _503_/B2 (sky130_fd_sc_hd__a22o_1)
                  0.04    0.10    0.89 ^ _503_/X (sky130_fd_sc_hd__a22o_1)
     1    0.00                           _102_ (net)
                  0.04    0.00    0.89 ^ _742_/D (sky130_fd_sc_hd__dfrtp_4)
                                  0.89   data arrival time

                          0.00    0.00   clock clk (rise edge)
                          0.00    0.00   clock source latency
                  0.04    0.03    0.03 ^ clk (in)
     1    0.01                           clk (net)
                  0.04    0.00    0.03 ^ clkbuf_0_clk/A (sky130_fd_sc_hd__clkbuf_16)
                  0.05    0.14    0.17 ^ clkbuf_0_clk/X (sky130_fd_sc_hd__clkbuf_16)
     4    0.03                           clknet_0_clk (net)
                  0.05    0.00    0.17 ^ clkbuf_2_2__f_clk/A (sky130_fd_sc_hd__clkbuf_16)
                  0.05    0.14    0.31 ^ clkbuf_2_2__f_clk/X (sky130_fd_sc_hd__clkbuf_16)
    13    0.02                           clknet_2_2__leaf_clk (net)
                  0.05    0.00    0.31 ^ _742_/CLK (sky130_fd_sc_hd__dfrtp_4)
                          0.25    0.56   clock uncertainty
                         -0.03    0.53   clock reconvergence pessimism
                         -0.03    0.50   library hold time
                                  0.50   data required time
-----------------------------------------------------------------------------
                                  0.50   data required time
                                 -0.89   data arrival time
-----------------------------------------------------------------------------
                                  0.39   slack (MET)


Startpoint: _732_ (rising edge-triggered flip-flop clocked by clk)
Endpoint: _732_ (rising edge-triggered flip-flop clocked by clk)
Path Group: clk
Path Type: min

Fanout     Cap    Slew   Delay    Time   Description
-----------------------------------------------------------------------------
                          0.00    0.00   clock clk (rise edge)
                          0.00    0.00   clock source latency
                  0.04    0.03    0.03 ^ clk (in)
     1    0.01                           clk (net)
                  0.04    0.00    0.03 ^ clkbuf_0_clk/A (sky130_fd_sc_hd__clkbuf_16)
                  0.05    0.13    0.15 ^ clkbuf_0_clk/X (sky130_fd_sc_hd__clkbuf_16)
     4    0.03                           clknet_0_clk (net)
                  0.05    0.00    0.15 ^ clkbuf_2_3__f_clk/A (sky130_fd_sc_hd__clkbuf_16)
                  0.05    0.12    0.28 ^ clkbuf_2_3__f_clk/X (sky130_fd_sc_hd__clkbuf_16)
    12    0.02                           clknet_2_3__leaf_clk (net)
                  0.05    0.00    0.28 ^ _732_/CLK (sky130_fd_sc_hd__dfrtp_4)
                  0.10    0.42    0.70 ^ _732_/Q (sky130_fd_sc_hd__dfrtp_4)
     8    0.02                           u_core.M[7] (net)
                  0.10    0.00    0.70 ^ _555_/A1 (sky130_fd_sc_hd__mux2_1)
                  0.04    0.12    0.82 ^ _555_/X (sky130_fd_sc_hd__mux2_1)
     1    0.00                           _301_ (net)
                  0.04    0.00    0.82 ^ _556_/A (sky130_fd_sc_hd__clkbuf_1)
                  0.04    0.07    0.89 ^ _556_/X (sky130_fd_sc_hd__clkbuf_1)
     1    0.00                           _092_ (net)
                  0.04    0.00    0.89 ^ _732_/D (sky130_fd_sc_hd__dfrtp_4)
                                  0.89   data arrival time

                          0.00    0.00   clock clk (rise edge)
                          0.00    0.00   clock source latency
                  0.04    0.03    0.03 ^ clk (in)
     1    0.01                           clk (net)
                  0.04    0.00    0.03 ^ clkbuf_0_clk/A (sky130_fd_sc_hd__clkbuf_16)
                  0.05    0.14    0.17 ^ clkbuf_0_clk/X (sky130_fd_sc_hd__clkbuf_16)
     4    0.03                           clknet_0_clk (net)
                  0.05    0.00    0.17 ^ clkbuf_2_3__f_clk/A (sky130_fd_sc_hd__clkbuf_16)
                  0.05    0.14    0.31 ^ clkbuf_2_3__f_clk/X (sky130_fd_sc_hd__clkbuf_16)
    12    0.02                           clknet_2_3__leaf_clk (net)
                  0.05    0.00    0.31 ^ _732_/CLK (sky130_fd_sc_hd__dfrtp_4)
                          0.25    0.56   clock uncertainty
                         -0.03    0.53   clock reconvergence pessimism
                         -0.03    0.50   library hold time
                                  0.50   data required time
-----------------------------------------------------------------------------
                                  0.50   data required time
                                 -0.89   data arrival time
-----------------------------------------------------------------------------
                                  0.39   slack (MET)


Startpoint: _735_ (rising edge-triggered flip-flop clocked by clk)
Endpoint: _734_ (rising edge-triggered flip-flop clocked by clk)
Path Group: clk
Path Type: min

Fanout     Cap    Slew   Delay    Time   Description
-----------------------------------------------------------------------------
                          0.00    0.00   clock clk (rise edge)
                          0.00    0.00   clock source latency
                  0.04    0.03    0.03 ^ clk (in)
     1    0.01                           clk (net)
                  0.04    0.00    0.03 ^ clkbuf_0_clk/A (sky130_fd_sc_hd__clkbuf_16)
                  0.05    0.13    0.15 ^ clkbuf_0_clk/X (sky130_fd_sc_hd__clkbuf_16)
     4    0.03                           clknet_0_clk (net)
                  0.05    0.00    0.15 ^ clkbuf_2_0__f_clk/A (sky130_fd_sc_hd__clkbuf_16)
                  0.05    0.13    0.28 ^ clkbuf_2_0__f_clk/X (sky130_fd_sc_hd__clkbuf_16)
    15    0.03                           clknet_2_0__leaf_clk (net)
                  0.05    0.00    0.28 ^ _735_/CLK (sky130_fd_sc_hd__dfrtp_1)
                  0.10    0.35    0.63 ^ _735_/Q (sky130_fd_sc_hd__dfrtp_1)
     5    0.01                           u_core.A[2] (net)
                  0.10    0.00    0.63 ^ _547_/A1 (sky130_fd_sc_hd__a32o_1)
                  0.06    0.16    0.79 ^ _547_/X (sky130_fd_sc_hd__a32o_1)
     2    0.00                           _295_ (net)
                  0.06    0.00    0.79 ^ _548_/B1 (sky130_fd_sc_hd__a22o_1)
                  0.04    0.10    0.90 ^ _548_/X (sky130_fd_sc_hd__a22o_1)
     1    0.00                           _094_ (net)
                  0.04    0.00    0.90 ^ _734_/D (sky130_fd_sc_hd__dfrtp_1)
                                  0.90   data arrival time

                          0.00    0.00   clock clk (rise edge)
                          0.00    0.00   clock source latency
                  0.04    0.03    0.03 ^ clk (in)
     1    0.01                           clk (net)
                  0.04    0.00    0.03 ^ clkbuf_0_clk/A (sky130_fd_sc_hd__clkbuf_16)
                  0.05    0.14    0.17 ^ clkbuf_0_clk/X (sky130_fd_sc_hd__clkbuf_16)
     4    0.03                           clknet_0_clk (net)
                  0.05    0.00    0.17 ^ clkbuf_2_0__f_clk/A (sky130_fd_sc_hd__clkbuf_16)
                  0.05    0.14    0.31 ^ clkbuf_2_0__f_clk/X (sky130_fd_sc_hd__clkbuf_16)
    15    0.03                           clknet_2_0__leaf_clk (net)
                  0.05    0.00    0.31 ^ _734_/CLK (sky130_fd_sc_hd__dfrtp_1)
                          0.25    0.56   clock uncertainty
                         -0.03    0.53   clock reconvergence pessimism
                         -0.03    0.50   library hold time
                                  0.50   data required time
-----------------------------------------------------------------------------
                                  0.50   data required time
                                 -0.90   data arrival time
-----------------------------------------------------------------------------
                                  0.39   slack (MET)


Startpoint: _727_ (rising edge-triggered flip-flop clocked by clk)
Endpoint: _727_ (rising edge-triggered flip-flop clocked by clk)
Path Group: clk
Path Type: min

Fanout     Cap    Slew   Delay    Time   Description
-----------------------------------------------------------------------------
                          0.00    0.00   clock clk (rise edge)
                          0.00    0.00   clock source latency
                  0.04    0.03    0.03 ^ clk (in)
     1    0.01                           clk (net)
                  0.04    0.00    0.03 ^ clkbuf_0_clk/A (sky130_fd_sc_hd__clkbuf_16)
                  0.05    0.13    0.15 ^ clkbuf_0_clk/X (sky130_fd_sc_hd__clkbuf_16)
     4    0.03                           clknet_0_clk (net)
                  0.05    0.00    0.15 ^ clkbuf_2_0__f_clk/A (sky130_fd_sc_hd__clkbuf_16)
                  0.05    0.13    0.28 ^ clkbuf_2_0__f_clk/X (sky130_fd_sc_hd__clkbuf_16)
    15    0.03                           clknet_2_0__leaf_clk (net)
                  0.05    0.00    0.28 ^ _727_/CLK (sky130_fd_sc_hd__dfrtp_4)
                  0.10    0.42    0.71 ^ _727_/Q (sky130_fd_sc_hd__dfrtp_4)
     6    0.02                           u_core.M[2] (net)
                  0.10    0.00    0.71 ^ _565_/A1 (sky130_fd_sc_hd__mux2_1)
                  0.04    0.12    0.83 ^ _565_/X (sky130_fd_sc_hd__mux2_1)
     1    0.00                           _306_ (net)
                  0.04    0.00    0.83 ^ _566_/A (sky130_fd_sc_hd__clkbuf_1)
                  0.04    0.07    0.90 ^ _566_/X (sky130_fd_sc_hd__clkbuf_1)
     1    0.00                           _087_ (net)
                  0.04    0.00    0.90 ^ _727_/D (sky130_fd_sc_hd__dfrtp_4)
                                  0.90   data arrival time

                          0.00    0.00   clock clk (rise edge)
                          0.00    0.00   clock source latency
                  0.04    0.03    0.03 ^ clk (in)
     1    0.01                           clk (net)
                  0.04    0.00    0.03 ^ clkbuf_0_clk/A (sky130_fd_sc_hd__clkbuf_16)
                  0.05    0.14    0.17 ^ clkbuf_0_clk/X (sky130_fd_sc_hd__clkbuf_16)
     4    0.03                           clknet_0_clk (net)
                  0.05    0.00    0.17 ^ clkbuf_2_0__f_clk/A (sky130_fd_sc_hd__clkbuf_16)
                  0.05    0.14    0.31 ^ clkbuf_2_0__f_clk/X (sky130_fd_sc_hd__clkbuf_16)
    15    0.03                           clknet_2_0__leaf_clk (net)
                  0.05    0.00    0.31 ^ _727_/CLK (sky130_fd_sc_hd__dfrtp_4)
                          0.25    0.56   clock uncertainty
                         -0.03    0.53   clock reconvergence pessimism
                         -0.03    0.50   library hold time
                                  0.50   data required time
-----------------------------------------------------------------------------
                                  0.50   data required time
                                 -0.90   data arrival time
-----------------------------------------------------------------------------
                                  0.40   slack (MET)


Startpoint: _731_ (rising edge-triggered flip-flop clocked by clk)
Endpoint: _731_ (rising edge-triggered flip-flop clocked by clk)
Path Group: clk
Path Type: min

Fanout     Cap    Slew   Delay    Time   Description
-----------------------------------------------------------------------------
                          0.00    0.00   clock clk (rise edge)
                          0.00    0.00   clock source latency
                  0.04    0.03    0.03 ^ clk (in)
     1    0.01                           clk (net)
                  0.04    0.00    0.03 ^ clkbuf_0_clk/A (sky130_fd_sc_hd__clkbuf_16)
                  0.05    0.13    0.15 ^ clkbuf_0_clk/X (sky130_fd_sc_hd__clkbuf_16)
     4    0.03                           clknet_0_clk (net)
                  0.05    0.00    0.15 ^ clkbuf_2_1__f_clk/A (sky130_fd_sc_hd__clkbuf_16)
                  0.05    0.13    0.28 ^ clkbuf_2_1__f_clk/X (sky130_fd_sc_hd__clkbuf_16)
    14    0.03                           clknet_2_1__leaf_clk (net)
                  0.05    0.00    0.28 ^ _731_/CLK (sky130_fd_sc_hd__dfrtp_4)
                  0.10    0.42    0.70 ^ _731_/Q (sky130_fd_sc_hd__dfrtp_4)
    10    0.02                           u_core.M[6] (net)
                  0.10    0.00    0.70 ^ _557_/A1 (sky130_fd_sc_hd__mux2_1)
                  0.04    0.12    0.83 ^ _557_/X (sky130_fd_sc_hd__mux2_1)
     1    0.00                           _302_ (net)
                  0.04    0.00    0.83 ^ _558_/A (sky130_fd_sc_hd__clkbuf_1)
                  0.04    0.07    0.90 ^ _558_/X (sky130_fd_sc_hd__clkbuf_1)
     1    0.00                           _091_ (net)
                  0.04    0.00    0.90 ^ _731_/D (sky130_fd_sc_hd__dfrtp_4)
                                  0.90   data arrival time

                          0.00    0.00   clock clk (rise edge)
                          0.00    0.00   clock source latency
                  0.04    0.03    0.03 ^ clk (in)
     1    0.01                           clk (net)
                  0.04    0.00    0.03 ^ clkbuf_0_clk/A (sky130_fd_sc_hd__clkbuf_16)
                  0.05    0.14    0.17 ^ clkbuf_0_clk/X (sky130_fd_sc_hd__clkbuf_16)
     4    0.03                           clknet_0_clk (net)
                  0.05    0.00    0.17 ^ clkbuf_2_1__f_clk/A (sky130_fd_sc_hd__clkbuf_16)
                  0.05    0.14    0.31 ^ clkbuf_2_1__f_clk/X (sky130_fd_sc_hd__clkbuf_16)
    14    0.03                           clknet_2_1__leaf_clk (net)
                  0.05    0.00    0.31 ^ _731_/CLK (sky130_fd_sc_hd__dfrtp_4)
                          0.25    0.56   clock uncertainty
                         -0.03    0.53   clock reconvergence pessimism
                         -0.03    0.50   library hold time
                                  0.50   data required time
-----------------------------------------------------------------------------
                                  0.50   data required time
                                 -0.90   data arrival time
-----------------------------------------------------------------------------
                                  0.40   slack (MET)


Startpoint: _729_ (rising edge-triggered flip-flop clocked by clk)
Endpoint: _729_ (rising edge-triggered flip-flop clocked by clk)
Path Group: clk
Path Type: min

Fanout     Cap    Slew   Delay    Time   Description
-----------------------------------------------------------------------------
                          0.00    0.00   clock clk (rise edge)
                          0.00    0.00   clock source latency
                  0.04    0.03    0.03 ^ clk (in)
     1    0.01                           clk (net)
                  0.04    0.00    0.03 ^ clkbuf_0_clk/A (sky130_fd_sc_hd__clkbuf_16)
                  0.05    0.13    0.15 ^ clkbuf_0_clk/X (sky130_fd_sc_hd__clkbuf_16)
     4    0.03                           clknet_0_clk (net)
                  0.05    0.00    0.15 ^ clkbuf_2_0__f_clk/A (sky130_fd_sc_hd__clkbuf_16)
                  0.05    0.13    0.28 ^ clkbuf_2_0__f_clk/X (sky130_fd_sc_hd__clkbuf_16)
    15    0.03                           clknet_2_0__leaf_clk (net)
                  0.05    0.00    0.28 ^ _729_/CLK (sky130_fd_sc_hd__dfrtp_4)
                  0.11    0.43    0.71 ^ _729_/Q (sky130_fd_sc_hd__dfrtp_4)
     8    0.03                           u_core.M[4] (net)
                  0.11    0.00    0.71 ^ _561_/A1 (sky130_fd_sc_hd__mux2_1)
                  0.04    0.13    0.84 ^ _561_/X (sky130_fd_sc_hd__mux2_1)
     1    0.00                           _304_ (net)
                  0.04    0.00    0.84 ^ _562_/A (sky130_fd_sc_hd__clkbuf_1)
                  0.04    0.07    0.91 ^ _562_/X (sky130_fd_sc_hd__clkbuf_1)
     1    0.00                           _089_ (net)
                  0.04    0.00    0.91 ^ _729_/D (sky130_fd_sc_hd__dfrtp_4)
                                  0.91   data arrival time

                          0.00    0.00   clock clk (rise edge)
                          0.00    0.00   clock source latency
                  0.04    0.03    0.03 ^ clk (in)
     1    0.01                           clk (net)
                  0.04    0.00    0.03 ^ clkbuf_0_clk/A (sky130_fd_sc_hd__clkbuf_16)
                  0.05    0.14    0.17 ^ clkbuf_0_clk/X (sky130_fd_sc_hd__clkbuf_16)
     4    0.03                           clknet_0_clk (net)
                  0.05    0.00    0.17 ^ clkbuf_2_0__f_clk/A (sky130_fd_sc_hd__clkbuf_16)
                  0.05    0.14    0.31 ^ clkbuf_2_0__f_clk/X (sky130_fd_sc_hd__clkbuf_16)
    15    0.03                           clknet_2_0__leaf_clk (net)
                  0.05    0.00    0.31 ^ _729_/CLK (sky130_fd_sc_hd__dfrtp_4)
                          0.25    0.56   clock uncertainty
                         -0.03    0.53   clock reconvergence pessimism
                         -0.03    0.50   library hold time
                                  0.50   data required time
-----------------------------------------------------------------------------
                                  0.50   data required time
                                 -0.91   data arrival time
-----------------------------------------------------------------------------
                                  0.40   slack (MET)


Startpoint: _697_ (rising edge-triggered flip-flop clocked by clk)
Endpoint: _698_ (rising edge-triggered flip-flop clocked by clk)
Path Group: clk
Path Type: min

Fanout     Cap    Slew   Delay    Time   Description
-----------------------------------------------------------------------------
                          0.00    0.00   clock clk (rise edge)
                          0.00    0.00   clock source latency
                  0.04    0.03    0.03 ^ clk (in)
     1    0.01                           clk (net)
                  0.04    0.00    0.03 ^ clkbuf_0_clk/A (sky130_fd_sc_hd__clkbuf_16)
                  0.05    0.13    0.15 ^ clkbuf_0_clk/X (sky130_fd_sc_hd__clkbuf_16)
     4    0.03                           clknet_0_clk (net)
                  0.05    0.00    0.15 ^ clkbuf_2_3__f_clk/A (sky130_fd_sc_hd__clkbuf_16)
                  0.05    0.12    0.28 ^ clkbuf_2_3__f_clk/X (sky130_fd_sc_hd__clkbuf_16)
    12    0.02                           clknet_2_3__leaf_clk (net)
                  0.05    0.00    0.28 ^ _697_/CLK (sky130_fd_sc_hd__dfrtp_1)
                  0.07    0.32    0.60 ^ _697_/Q (sky130_fd_sc_hd__dfrtp_1)
     3    0.01                           u_core.count[3] (net)
                  0.07    0.00    0.60 ^ _589_/A (sky130_fd_sc_hd__nor4b_1)
                  0.04    0.05    0.65 v _589_/Y (sky130_fd_sc_hd__nor4b_1)
     2    0.00                           _319_ (net)
                  0.04    0.00    0.65 v wire36/A (sky130_fd_sc_hd__clkbuf_2)
                  0.07    0.13    0.78 v wire36/X (sky130_fd_sc_hd__clkbuf_2)
     4    0.02                           net36 (net)
                  0.07    0.00    0.78 v _633_/A2 (sky130_fd_sc_hd__a21oi_1)
                  0.07    0.13    0.90 ^ _633_/Y (sky130_fd_sc_hd__a21oi_1)
     1    0.00                           _000_ (net)
                  0.07    0.00    0.90 ^ _698_/D (sky130_fd_sc_hd__dfrtp_2)
                                  0.90   data arrival time

                          0.00    0.00   clock clk (rise edge)
                          0.00    0.00   clock source latency
                  0.04    0.03    0.03 ^ clk (in)
     1    0.01                           clk (net)
                  0.04    0.00    0.03 ^ clkbuf_0_clk/A (sky130_fd_sc_hd__clkbuf_16)
                  0.05    0.14    0.17 ^ clkbuf_0_clk/X (sky130_fd_sc_hd__clkbuf_16)
     4    0.03                           clknet_0_clk (net)
                  0.05    0.00    0.17 ^ clkbuf_2_3__f_clk/A (sky130_fd_sc_hd__clkbuf_16)
                  0.05    0.14    0.31 ^ clkbuf_2_3__f_clk/X (sky130_fd_sc_hd__clkbuf_16)
    12    0.02                           clknet_2_3__leaf_clk (net)
                  0.05    0.00    0.31 ^ _698_/CLK (sky130_fd_sc_hd__dfrtp_2)
                          0.25    0.56   clock uncertainty
                         -0.03    0.53   clock reconvergence pessimism
                         -0.04    0.49   library hold time
                                  0.49   data required time
-----------------------------------------------------------------------------
                                  0.49   data required time
                                 -0.90   data arrival time
-----------------------------------------------------------------------------
                                  0.42   slack (MET)


Startpoint: _738_ (rising edge-triggered flip-flop clocked by clk)
Endpoint: _737_ (rising edge-triggered flip-flop clocked by clk)
Path Group: clk
Path Type: min

Fanout     Cap    Slew   Delay    Time   Description
-----------------------------------------------------------------------------
                          0.00    0.00   clock clk (rise edge)
                          0.00    0.00   clock source latency
                  0.04    0.03    0.03 ^ clk (in)
     1    0.01                           clk (net)
                  0.04    0.00    0.03 ^ clkbuf_0_clk/A (sky130_fd_sc_hd__clkbuf_16)
                  0.05    0.13    0.15 ^ clkbuf_0_clk/X (sky130_fd_sc_hd__clkbuf_16)
     4    0.03                           clknet_0_clk (net)
                  0.05    0.00    0.15 ^ clkbuf_2_1__f_clk/A (sky130_fd_sc_hd__clkbuf_16)
                  0.05    0.13    0.28 ^ clkbuf_2_1__f_clk/X (sky130_fd_sc_hd__clkbuf_16)
    14    0.03                           clknet_2_1__leaf_clk (net)
                  0.05    0.00    0.28 ^ _738_/CLK (sky130_fd_sc_hd__dfrtp_2)
                  0.10    0.37    0.65 ^ _738_/Q (sky130_fd_sc_hd__dfrtp_2)
     5    0.02                           u_core.A[5] (net)
                  0.10    0.00    0.65 ^ _531_/A1 (sky130_fd_sc_hd__o221a_1)
                  0.07    0.20    0.85 ^ _531_/X (sky130_fd_sc_hd__o221a_1)
     2    0.01                           _282_ (net)
                  0.07    0.00    0.85 ^ _532_/B1 (sky130_fd_sc_hd__a21o_1)
                  0.03    0.08    0.92 ^ _532_/X (sky130_fd_sc_hd__a21o_1)
     1    0.00                           _097_ (net)
                  0.03    0.00    0.92 ^ _737_/D (sky130_fd_sc_hd__dfrtp_2)
                                  0.92   data arrival time

                          0.00    0.00   clock clk (rise edge)
                          0.00    0.00   clock source latency
                  0.04    0.03    0.03 ^ clk (in)
     1    0.01                           clk (net)
                  0.04    0.00    0.03 ^ clkbuf_0_clk/A (sky130_fd_sc_hd__clkbuf_16)
                  0.05    0.14    0.17 ^ clkbuf_0_clk/X (sky130_fd_sc_hd__clkbuf_16)
     4    0.03                           clknet_0_clk (net)
                  0.05    0.00    0.17 ^ clkbuf_2_1__f_clk/A (sky130_fd_sc_hd__clkbuf_16)
                  0.05    0.14    0.31 ^ clkbuf_2_1__f_clk/X (sky130_fd_sc_hd__clkbuf_16)
    14    0.03                           clknet_2_1__leaf_clk (net)
                  0.05    0.00    0.31 ^ _737_/CLK (sky130_fd_sc_hd__dfrtp_2)
                          0.25    0.56   clock uncertainty
                         -0.03    0.53   clock reconvergence pessimism
                         -0.03    0.50   library hold time
                                  0.50   data required time
-----------------------------------------------------------------------------
                                  0.50   data required time
                                 -0.92   data arrival time
-----------------------------------------------------------------------------
                                  0.42   slack (MET)


Startpoint: _733_ (rising edge-triggered flip-flop clocked by clk)
Endpoint: _708_ (rising edge-triggered flip-flop clocked by clk)
Path Group: clk
Path Type: min

Fanout     Cap    Slew   Delay    Time   Description
-----------------------------------------------------------------------------
                          0.00    0.00   clock clk (rise edge)
                          0.00    0.00   clock source latency
                  0.04    0.03    0.03 ^ clk (in)
     1    0.01                           clk (net)
                  0.04    0.00    0.03 ^ clkbuf_0_clk/A (sky130_fd_sc_hd__clkbuf_16)
                  0.05    0.13    0.15 ^ clkbuf_0_clk/X (sky130_fd_sc_hd__clkbuf_16)
     4    0.03                           clknet_0_clk (net)
                  0.05    0.00    0.15 ^ clkbuf_2_0__f_clk/A (sky130_fd_sc_hd__clkbuf_16)
                  0.05    0.13    0.28 ^ clkbuf_2_0__f_clk/X (sky130_fd_sc_hd__clkbuf_16)
    15    0.03                           clknet_2_0__leaf_clk (net)
                  0.05    0.00    0.28 ^ _733_/CLK (sky130_fd_sc_hd__dfrtp_1)
                  0.10    0.35    0.63 ^ _733_/Q (sky130_fd_sc_hd__dfrtp_1)
     5    0.01                           u_core.A[0] (net)
                  0.10    0.00    0.63 ^ _572_/B2 (sky130_fd_sc_hd__a2bb2o_1)
                  0.06    0.14    0.77 ^ _572_/X (sky130_fd_sc_hd__a2bb2o_1)
     2    0.00                           _310_ (net)
                  0.06    0.00    0.77 ^ _606_/A0 (sky130_fd_sc_hd__mux2_1)
                  0.04    0.11    0.88 ^ _606_/X (sky130_fd_sc_hd__mux2_1)
     1    0.00                           _328_ (net)
                  0.04    0.00    0.88 ^ _607_/A (sky130_fd_sc_hd__clkbuf_1)
                  0.04    0.07    0.94 ^ _607_/X (sky130_fd_sc_hd__clkbuf_1)
     1    0.00                           _068_ (net)
                  0.04    0.00    0.94 ^ _708_/D (sky130_fd_sc_hd__dfrtp_1)
                                  0.94   data arrival time

                          0.00    0.00   clock clk (rise edge)
                          0.00    0.00   clock source latency
                  0.04    0.03    0.03 ^ clk (in)
     1    0.01                           clk (net)
                  0.04    0.00    0.03 ^ clkbuf_0_clk/A (sky130_fd_sc_hd__clkbuf_16)
                  0.05    0.14    0.17 ^ clkbuf_0_clk/X (sky130_fd_sc_hd__clkbuf_16)
     4    0.03                           clknet_0_clk (net)
                  0.05    0.00    0.17 ^ clkbuf_2_2__f_clk/A (sky130_fd_sc_hd__clkbuf_16)
                  0.05    0.14    0.31 ^ clkbuf_2_2__f_clk/X (sky130_fd_sc_hd__clkbuf_16)
    13    0.02                           clknet_2_2__leaf_clk (net)
                  0.05    0.00    0.31 ^ _708_/CLK (sky130_fd_sc_hd__dfrtp_1)
                          0.25    0.56   clock uncertainty
                         -0.02    0.54   clock reconvergence pessimism
                         -0.03    0.51   library hold time
                                  0.51   data required time
-----------------------------------------------------------------------------
                                  0.51   data required time
                                 -0.94   data arrival time
-----------------------------------------------------------------------------
                                  0.43   slack (MET)


Startpoint: _739_ (rising edge-triggered flip-flop clocked by clk)
Endpoint: _714_ (rising edge-triggered flip-flop clocked by clk)
Path Group: clk
Path Type: min

Fanout     Cap    Slew   Delay    Time   Description
-----------------------------------------------------------------------------
                          0.00    0.00   clock clk (rise edge)
                          0.00    0.00   clock source latency
                  0.04    0.03    0.03 ^ clk (in)
     1    0.01                           clk (net)
                  0.04    0.00    0.03 ^ clkbuf_0_clk/A (sky130_fd_sc_hd__clkbuf_16)
                  0.05    0.13    0.15 ^ clkbuf_0_clk/X (sky130_fd_sc_hd__clkbuf_16)
     4    0.03                           clknet_0_clk (net)
                  0.05    0.00    0.15 ^ clkbuf_2_3__f_clk/A (sky130_fd_sc_hd__clkbuf_16)
                  0.05    0.12    0.28 ^ clkbuf_2_3__f_clk/X (sky130_fd_sc_hd__clkbuf_16)
    12    0.02                           clknet_2_3__leaf_clk (net)
                  0.05    0.00    0.28 ^ _739_/CLK (sky130_fd_sc_hd__dfrtp_2)
                  0.08    0.36    0.64 ^ _739_/Q (sky130_fd_sc_hd__dfrtp_2)
     5    0.01                           u_core.A[6] (net)
                  0.08    0.00    0.64 ^ _526_/B1 (sky130_fd_sc_hd__a2bb2o_1)
                  0.06    0.14    0.77 ^ _526_/X (sky130_fd_sc_hd__a2bb2o_1)
     2    0.00                           _278_ (net)
                  0.06    0.00    0.77 ^ _596_/A0 (sky130_fd_sc_hd__mux2_1)
                  0.04    0.11    0.88 ^ _596_/X (sky130_fd_sc_hd__mux2_1)
     1    0.00                           _324_ (net)
                  0.04    0.00    0.88 ^ _597_/A (sky130_fd_sc_hd__clkbuf_1)
                  0.04    0.07    0.95 ^ _597_/X (sky130_fd_sc_hd__clkbuf_1)
     1    0.00                           _074_ (net)
                  0.04    0.00    0.95 ^ _714_/D (sky130_fd_sc_hd__dfrtp_1)
                                  0.95   data arrival time

                          0.00    0.00   clock clk (rise edge)
                          0.00    0.00   clock source latency
                  0.04    0.03    0.03 ^ clk (in)
     1    0.01                           clk (net)
                  0.04    0.00    0.03 ^ clkbuf_0_clk/A (sky130_fd_sc_hd__clkbuf_16)
                  0.05    0.14    0.17 ^ clkbuf_0_clk/X (sky130_fd_sc_hd__clkbuf_16)
     4    0.03                           clknet_0_clk (net)
                  0.05    0.00    0.17 ^ clkbuf_2_1__f_clk/A (sky130_fd_sc_hd__clkbuf_16)
                  0.05    0.14    0.31 ^ clkbuf_2_1__f_clk/X (sky130_fd_sc_hd__clkbuf_16)
    14    0.03                           clknet_2_1__leaf_clk (net)
                  0.05    0.00    0.31 ^ _714_/CLK (sky130_fd_sc_hd__dfrtp_1)
                          0.25    0.56   clock uncertainty
                         -0.02    0.55   clock reconvergence pessimism
                         -0.03    0.51   library hold time
                                  0.51   data required time
-----------------------------------------------------------------------------
                                  0.51   data required time
                                 -0.95   data arrival time
-----------------------------------------------------------------------------
                                  0.43   slack (MET)


Startpoint: _740_ (rising edge-triggered flip-flop clocked by clk)
Endpoint: _739_ (rising edge-triggered flip-flop clocked by clk)
Path Group: clk
Path Type: min

Fanout     Cap    Slew   Delay    Time   Description
-----------------------------------------------------------------------------
                          0.00    0.00   clock clk (rise edge)
                          0.00    0.00   clock source latency
                  0.04    0.03    0.03 ^ clk (in)
     1    0.01                           clk (net)
                  0.04    0.00    0.03 ^ clkbuf_0_clk/A (sky130_fd_sc_hd__clkbuf_16)
                  0.05    0.13    0.15 ^ clkbuf_0_clk/X (sky130_fd_sc_hd__clkbuf_16)
     4    0.03                           clknet_0_clk (net)
                  0.05    0.00    0.15 ^ clkbuf_2_2__f_clk/A (sky130_fd_sc_hd__clkbuf_16)
                  0.05    0.13    0.28 ^ clkbuf_2_2__f_clk/X (sky130_fd_sc_hd__clkbuf_16)
    13    0.02                           clknet_2_2__leaf_clk (net)
                  0.05    0.00    0.28 ^ _740_/CLK (sky130_fd_sc_hd__dfrtp_4)
                  0.09    0.41    0.69 ^ _740_/Q (sky130_fd_sc_hd__dfrtp_4)
     6    0.02                           u_core.A[7] (net)
                  0.09    0.00    0.69 ^ _521_/A1 (sky130_fd_sc_hd__o31a_1)
                  0.07    0.15    0.84 ^ _521_/X (sky130_fd_sc_hd__o31a_1)
     2    0.00                           _274_ (net)
                  0.07    0.00    0.84 ^ _522_/B2 (sky130_fd_sc_hd__a22o_1)
                  0.04    0.11    0.95 ^ _522_/X (sky130_fd_sc_hd__a22o_1)
     1    0.00                           _099_ (net)
                  0.04    0.00    0.95 ^ _739_/D (sky130_fd_sc_hd__dfrtp_2)
                                  0.95   data arrival time

                          0.00    0.00   clock clk (rise edge)
                          0.00    0.00   clock source latency
                  0.04    0.03    0.03 ^ clk (in)
     1    0.01                           clk (net)
                  0.04    0.00    0.03 ^ clkbuf_0_clk/A (sky130_fd_sc_hd__clkbuf_16)
                  0.05    0.14    0.17 ^ clkbuf_0_clk/X (sky130_fd_sc_hd__clkbuf_16)
     4    0.03                           clknet_0_clk (net)
                  0.05    0.00    0.17 ^ clkbuf_2_3__f_clk/A (sky130_fd_sc_hd__clkbuf_16)
                  0.05    0.14    0.31 ^ clkbuf_2_3__f_clk/X (sky130_fd_sc_hd__clkbuf_16)
    12    0.02                           clknet_2_3__leaf_clk (net)
                  0.05    0.00    0.31 ^ _739_/CLK (sky130_fd_sc_hd__dfrtp_2)
                          0.25    0.56   clock uncertainty
                         -0.02    0.54   clock reconvergence pessimism
                         -0.03    0.51   library hold time
                                  0.51   data required time
-----------------------------------------------------------------------------
                                  0.51   data required time
                                 -0.95   data arrival time
-----------------------------------------------------------------------------
                                  0.44   slack (MET)


Startpoint: _697_ (rising edge-triggered flip-flop clocked by clk)
Endpoint: _700_ (rising edge-triggered flip-flop clocked by clk)
Path Group: clk
Path Type: min

Fanout     Cap    Slew   Delay    Time   Description
-----------------------------------------------------------------------------
                          0.00    0.00   clock clk (rise edge)
                          0.00    0.00   clock source latency
                  0.04    0.03    0.03 ^ clk (in)
     1    0.01                           clk (net)
                  0.04    0.00    0.03 ^ clkbuf_0_clk/A (sky130_fd_sc_hd__clkbuf_16)
                  0.05    0.13    0.15 ^ clkbuf_0_clk/X (sky130_fd_sc_hd__clkbuf_16)
     4    0.03                           clknet_0_clk (net)
                  0.05    0.00    0.15 ^ clkbuf_2_3__f_clk/A (sky130_fd_sc_hd__clkbuf_16)
                  0.05    0.12    0.28 ^ clkbuf_2_3__f_clk/X (sky130_fd_sc_hd__clkbuf_16)
    12    0.02                           clknet_2_3__leaf_clk (net)
                  0.05    0.00    0.28 ^ _697_/CLK (sky130_fd_sc_hd__dfrtp_1)
                  0.07    0.32    0.60 ^ _697_/Q (sky130_fd_sc_hd__dfrtp_1)
     3    0.01                           u_core.count[3] (net)
                  0.07    0.00    0.60 ^ _589_/A (sky130_fd_sc_hd__nor4b_1)
                  0.04    0.05    0.65 v _589_/Y (sky130_fd_sc_hd__nor4b_1)
     2    0.00                           _319_ (net)
                  0.04    0.00    0.65 v wire36/A (sky130_fd_sc_hd__clkbuf_2)
                  0.07    0.13    0.78 v wire36/X (sky130_fd_sc_hd__clkbuf_2)
     4    0.02                           net36 (net)
                  0.07    0.00    0.78 v _622_/A2 (sky130_fd_sc_hd__o21a_1)
                  0.03    0.16    0.94 v _622_/X (sky130_fd_sc_hd__o21a_1)
     1    0.00                           _060_ (net)
                  0.03    0.00    0.94 v _700_/D (sky130_fd_sc_hd__dfrtp_1)
                                  0.94   data arrival time

                          0.00    0.00   clock clk (rise edge)
                          0.00    0.00   clock source latency
                  0.04    0.03    0.03 ^ clk (in)
     1    0.01                           clk (net)
                  0.04    0.00    0.03 ^ clkbuf_0_clk/A (sky130_fd_sc_hd__clkbuf_16)
                  0.05    0.14    0.17 ^ clkbuf_0_clk/X (sky130_fd_sc_hd__clkbuf_16)
     4    0.03                           clknet_0_clk (net)
                  0.05    0.00    0.17 ^ clkbuf_2_3__f_clk/A (sky130_fd_sc_hd__clkbuf_16)
                  0.05    0.14    0.31 ^ clkbuf_2_3__f_clk/X (sky130_fd_sc_hd__clkbuf_16)
    12    0.02                           clknet_2_3__leaf_clk (net)
                  0.05    0.00    0.31 ^ _700_/CLK (sky130_fd_sc_hd__dfrtp_1)
                          0.25    0.56   clock uncertainty
                         -0.03    0.53   clock reconvergence pessimism
                         -0.04    0.49   library hold time
                                  0.49   data required time
-----------------------------------------------------------------------------
                                  0.49   data required time
                                 -0.94   data arrival time
-----------------------------------------------------------------------------
                                  0.44   slack (MET)


Startpoint: _694_ (rising edge-triggered flip-flop clocked by clk)
Endpoint: _694_ (rising edge-triggered flip-flop clocked by clk)
Path Group: clk
Path Type: min

Fanout     Cap    Slew   Delay    Time   Description
-----------------------------------------------------------------------------
                          0.00    0.00   clock clk (rise edge)
                          0.00    0.00   clock source latency
                  0.04    0.03    0.03 ^ clk (in)
     1    0.01                           clk (net)
                  0.04    0.00    0.03 ^ clkbuf_0_clk/A (sky130_fd_sc_hd__clkbuf_16)
                  0.05    0.13    0.15 ^ clkbuf_0_clk/X (sky130_fd_sc_hd__clkbuf_16)
     4    0.03                           clknet_0_clk (net)
                  0.05    0.00    0.15 ^ clkbuf_2_1__f_clk/A (sky130_fd_sc_hd__clkbuf_16)
                  0.05    0.13    0.28 ^ clkbuf_2_1__f_clk/X (sky130_fd_sc_hd__clkbuf_16)
    14    0.03                           clknet_2_1__leaf_clk (net)
                  0.05    0.00    0.28 ^ _694_/CLK (sky130_fd_sc_hd__dfrtp_1)
                  0.10    0.34    0.63 ^ _694_/Q (sky130_fd_sc_hd__dfrtp_1)
     6    0.01                           u_core.count[0] (net)
                  0.10    0.00    0.63 ^ _627_/A (sky130_fd_sc_hd__or2_1)
                  0.08    0.13    0.76 ^ _627_/X (sky130_fd_sc_hd__or2_1)
     3    0.01                           _338_ (net)
                  0.08    0.00    0.76 ^ _632_/B1_N (sky130_fd_sc_hd__a21bo_1)
                  0.03    0.18    0.94 v _632_/X (sky130_fd_sc_hd__a21bo_1)
     1    0.00                           _055_ (net)
                  0.03    0.00    0.94 v _694_/D (sky130_fd_sc_hd__dfrtp_1)
                                  0.94   data arrival time

                          0.00    0.00   clock clk (rise edge)
                          0.00    0.00   clock source latency
                  0.04    0.03    0.03 ^ clk (in)
     1    0.01                           clk (net)
                  0.04    0.00    0.03 ^ clkbuf_0_clk/A (sky130_fd_sc_hd__clkbuf_16)
                  0.05    0.14    0.17 ^ clkbuf_0_clk/X (sky130_fd_sc_hd__clkbuf_16)
     4    0.03                           clknet_0_clk (net)
                  0.05    0.00    0.17 ^ clkbuf_2_1__f_clk/A (sky130_fd_sc_hd__clkbuf_16)
                  0.05    0.14    0.31 ^ clkbuf_2_1__f_clk/X (sky130_fd_sc_hd__clkbuf_16)
    14    0.03                           clknet_2_1__leaf_clk (net)
                  0.05    0.00    0.31 ^ _694_/CLK (sky130_fd_sc_hd__dfrtp_1)
                          0.25    0.56   clock uncertainty
                         -0.03    0.53   clock reconvergence pessimism
                         -0.04    0.49   library hold time
                                  0.49   data required time
-----------------------------------------------------------------------------
                                  0.49   data required time
                                 -0.94   data arrival time
-----------------------------------------------------------------------------
                                  0.45   slack (MET)


Startpoint: _734_ (rising edge-triggered flip-flop clocked by clk)
Endpoint: _709_ (rising edge-triggered flip-flop clocked by clk)
Path Group: clk
Path Type: min

Fanout     Cap    Slew   Delay    Time   Description
-----------------------------------------------------------------------------
                          0.00    0.00   clock clk (rise edge)
                          0.00    0.00   clock source latency
                  0.04    0.03    0.03 ^ clk (in)
     1    0.01                           clk (net)
                  0.04    0.00    0.03 ^ clkbuf_0_clk/A (sky130_fd_sc_hd__clkbuf_16)
                  0.05    0.13    0.15 ^ clkbuf_0_clk/X (sky130_fd_sc_hd__clkbuf_16)
     4    0.03                           clknet_0_clk (net)
                  0.05    0.00    0.15 ^ clkbuf_2_0__f_clk/A (sky130_fd_sc_hd__clkbuf_16)
                  0.05    0.13    0.28 ^ clkbuf_2_0__f_clk/X (sky130_fd_sc_hd__clkbuf_16)
    15    0.03                           clknet_2_0__leaf_clk (net)
                  0.05    0.00    0.28 ^ _734_/CLK (sky130_fd_sc_hd__dfrtp_1)
                  0.09    0.34    0.62 ^ _734_/Q (sky130_fd_sc_hd__dfrtp_1)
     3    0.01                           u_core.A[1] (net)
                  0.09    0.00    0.62 ^ _552_/A1 (sky130_fd_sc_hd__a32o_1)
                  0.06    0.16    0.78 ^ _552_/X (sky130_fd_sc_hd__a32o_1)
     2    0.00                           _299_ (net)
                  0.06    0.00    0.78 ^ _604_/A0 (sky130_fd_sc_hd__mux2_1)
                  0.04    0.11    0.89 ^ _604_/X (sky130_fd_sc_hd__mux2_1)
     1    0.00                           _327_ (net)
                  0.04    0.00    0.89 ^ _605_/A (sky130_fd_sc_hd__clkbuf_1)
                  0.04    0.07    0.96 ^ _605_/X (sky130_fd_sc_hd__clkbuf_1)
     1    0.00                           _069_ (net)
                  0.04    0.00    0.96 ^ _709_/D (sky130_fd_sc_hd__dfrtp_1)
                                  0.96   data arrival time

                          0.00    0.00   clock clk (rise edge)
                          0.00    0.00   clock source latency
                  0.04    0.03    0.03 ^ clk (in)
     1    0.01                           clk (net)
                  0.04    0.00    0.03 ^ clkbuf_0_clk/A (sky130_fd_sc_hd__clkbuf_16)
                  0.05    0.14    0.17 ^ clkbuf_0_clk/X (sky130_fd_sc_hd__clkbuf_16)
     4    0.03                           clknet_0_clk (net)
                  0.05    0.00    0.17 ^ clkbuf_2_1__f_clk/A (sky130_fd_sc_hd__clkbuf_16)
                  0.05    0.14    0.31 ^ clkbuf_2_1__f_clk/X (sky130_fd_sc_hd__clkbuf_16)
    14    0.03                           clknet_2_1__leaf_clk (net)
                  0.05    0.00    0.31 ^ _709_/CLK (sky130_fd_sc_hd__dfrtp_1)
                          0.25    0.56   clock uncertainty
                         -0.02    0.55   clock reconvergence pessimism
                         -0.03    0.51   library hold time
                                  0.51   data required time
-----------------------------------------------------------------------------
                                  0.51   data required time
                                 -0.96   data arrival time
-----------------------------------------------------------------------------
                                  0.45   slack (MET)


Startpoint: _738_ (rising edge-triggered flip-flop clocked by clk)
Endpoint: _713_ (rising edge-triggered flip-flop clocked by clk)
Path Group: clk
Path Type: min

Fanout     Cap    Slew   Delay    Time   Description
-----------------------------------------------------------------------------
                          0.00    0.00   clock clk (rise edge)
                          0.00    0.00   clock source latency
                  0.04    0.03    0.03 ^ clk (in)
     1    0.01                           clk (net)
                  0.04    0.00    0.03 ^ clkbuf_0_clk/A (sky130_fd_sc_hd__clkbuf_16)
                  0.05    0.13    0.15 ^ clkbuf_0_clk/X (sky130_fd_sc_hd__clkbuf_16)
     4    0.03                           clknet_0_clk (net)
                  0.05    0.00    0.15 ^ clkbuf_2_1__f_clk/A (sky130_fd_sc_hd__clkbuf_16)
                  0.05    0.13    0.28 ^ clkbuf_2_1__f_clk/X (sky130_fd_sc_hd__clkbuf_16)
    14    0.03                           clknet_2_1__leaf_clk (net)
                  0.05    0.00    0.28 ^ _738_/CLK (sky130_fd_sc_hd__dfrtp_2)
                  0.10    0.37    0.65 ^ _738_/Q (sky130_fd_sc_hd__dfrtp_2)
     5    0.02                           u_core.A[5] (net)
                  0.10    0.00    0.65 ^ _531_/A1 (sky130_fd_sc_hd__o221a_1)
                  0.07    0.20    0.85 ^ _531_/X (sky130_fd_sc_hd__o221a_1)
     2    0.01                           _282_ (net)
                  0.07    0.00    0.85 ^ _598_/B1 (sky130_fd_sc_hd__a22o_1)
                  0.04    0.11    0.96 ^ _598_/X (sky130_fd_sc_hd__a22o_1)
     1    0.00                           _073_ (net)
                  0.04    0.00    0.96 ^ _713_/D (sky130_fd_sc_hd__dfrtp_1)
                                  0.96   data arrival time

                          0.00    0.00   clock clk (rise edge)
                          0.00    0.00   clock source latency
                  0.04    0.03    0.03 ^ clk (in)
     1    0.01                           clk (net)
                  0.04    0.00    0.03 ^ clkbuf_0_clk/A (sky130_fd_sc_hd__clkbuf_16)
                  0.05    0.14    0.17 ^ clkbuf_0_clk/X (sky130_fd_sc_hd__clkbuf_16)
     4    0.03                           clknet_0_clk (net)
                  0.05    0.00    0.17 ^ clkbuf_2_3__f_clk/A (sky130_fd_sc_hd__clkbuf_16)
                  0.05    0.14    0.31 ^ clkbuf_2_3__f_clk/X (sky130_fd_sc_hd__clkbuf_16)
    12    0.02                           clknet_2_3__leaf_clk (net)
                  0.05    0.00    0.31 ^ _713_/CLK (sky130_fd_sc_hd__dfrtp_1)
                          0.25    0.56   clock uncertainty
                         -0.02    0.54   clock reconvergence pessimism
                         -0.03    0.51   library hold time
                                  0.51   data required time
-----------------------------------------------------------------------------
                                  0.51   data required time
                                 -0.96   data arrival time
-----------------------------------------------------------------------------
                                  0.45   slack (MET)


Startpoint: _736_ (rising edge-triggered flip-flop clocked by clk)
Endpoint: _711_ (rising edge-triggered flip-flop clocked by clk)
Path Group: clk
Path Type: min

Fanout     Cap    Slew   Delay    Time   Description
-----------------------------------------------------------------------------
                          0.00    0.00   clock clk (rise edge)
                          0.00    0.00   clock source latency
                  0.04    0.03    0.03 ^ clk (in)
     1    0.01                           clk (net)
                  0.04    0.00    0.03 ^ clkbuf_0_clk/A (sky130_fd_sc_hd__clkbuf_16)
                  0.05    0.13    0.15 ^ clkbuf_0_clk/X (sky130_fd_sc_hd__clkbuf_16)
     4    0.03                           clknet_0_clk (net)
                  0.05    0.00    0.15 ^ clkbuf_2_1__f_clk/A (sky130_fd_sc_hd__clkbuf_16)
                  0.05    0.13    0.28 ^ clkbuf_2_1__f_clk/X (sky130_fd_sc_hd__clkbuf_16)
    14    0.03                           clknet_2_1__leaf_clk (net)
                  0.05    0.00    0.28 ^ _736_/CLK (sky130_fd_sc_hd__dfrtp_2)
                  0.08    0.35    0.64 ^ _736_/Q (sky130_fd_sc_hd__dfrtp_2)
     5    0.01                           u_core.A[3] (net)
                  0.08    0.00    0.64 ^ _543_/A1 (sky130_fd_sc_hd__o211ai_1)
                  0.06    0.09    0.73 v _543_/Y (sky130_fd_sc_hd__o211ai_1)
     2    0.00                           _292_ (net)
                  0.06    0.00    0.73 v _601_/A1_N (sky130_fd_sc_hd__a2bb2o_1)
                  0.04    0.23    0.96 ^ _601_/X (sky130_fd_sc_hd__a2bb2o_1)
     1    0.00                           _071_ (net)
                  0.04    0.00    0.96 ^ _711_/D (sky130_fd_sc_hd__dfrtp_1)
                                  0.96   data arrival time

                          0.00    0.00   clock clk (rise edge)
                          0.00    0.00   clock source latency
                  0.04    0.03    0.03 ^ clk (in)
     1    0.01                           clk (net)
                  0.04    0.00    0.03 ^ clkbuf_0_clk/A (sky130_fd_sc_hd__clkbuf_16)
                  0.05    0.14    0.17 ^ clkbuf_0_clk/X (sky130_fd_sc_hd__clkbuf_16)
     4    0.03                           clknet_0_clk (net)
                  0.05    0.00    0.17 ^ clkbuf_2_2__f_clk/A (sky130_fd_sc_hd__clkbuf_16)
                  0.05    0.14    0.31 ^ clkbuf_2_2__f_clk/X (sky130_fd_sc_hd__clkbuf_16)
    13    0.02                           clknet_2_2__leaf_clk (net)
                  0.05    0.00    0.31 ^ _711_/CLK (sky130_fd_sc_hd__dfrtp_1)
                          0.25    0.56   clock uncertainty
                         -0.02    0.54   clock reconvergence pessimism
                         -0.03    0.51   library hold time
                                  0.51   data required time
-----------------------------------------------------------------------------
                                  0.51   data required time
                                 -0.96   data arrival time
-----------------------------------------------------------------------------
                                  0.45   slack (MET)


Startpoint: _737_ (rising edge-triggered flip-flop clocked by clk)
Endpoint: _712_ (rising edge-triggered flip-flop clocked by clk)
Path Group: clk
Path Type: min

Fanout     Cap    Slew   Delay    Time   Description
-----------------------------------------------------------------------------
                          0.00    0.00   clock clk (rise edge)
                          0.00    0.00   clock source latency
                  0.04    0.03    0.03 ^ clk (in)
     1    0.01                           clk (net)
                  0.04    0.00    0.03 ^ clkbuf_0_clk/A (sky130_fd_sc_hd__clkbuf_16)
                  0.05    0.13    0.15 ^ clkbuf_0_clk/X (sky130_fd_sc_hd__clkbuf_16)
     4    0.03                           clknet_0_clk (net)
                  0.05    0.00    0.15 ^ clkbuf_2_1__f_clk/A (sky130_fd_sc_hd__clkbuf_16)
                  0.05    0.13    0.28 ^ clkbuf_2_1__f_clk/X (sky130_fd_sc_hd__clkbuf_16)
    14    0.03                           clknet_2_1__leaf_clk (net)
                  0.05    0.00    0.28 ^ _737_/CLK (sky130_fd_sc_hd__dfrtp_2)
                  0.08    0.36    0.64 ^ _737_/Q (sky130_fd_sc_hd__dfrtp_2)
     5    0.01                           u_core.A[4] (net)
                  0.08    0.00    0.64 ^ _536_/A1 (sky130_fd_sc_hd__a31o_1)
                  0.05    0.14    0.78 ^ _536_/X (sky130_fd_sc_hd__a31o_1)
     2    0.00                           _286_ (net)
                  0.05    0.00    0.78 ^ _599_/A0 (sky130_fd_sc_hd__mux2_1)
                  0.04    0.11    0.89 ^ _599_/X (sky130_fd_sc_hd__mux2_1)
     1    0.00                           _325_ (net)
                  0.04    0.00    0.89 ^ _600_/A (sky130_fd_sc_hd__clkbuf_1)
                  0.04    0.07    0.95 ^ _600_/X (sky130_fd_sc_hd__clkbuf_1)
     1    0.00                           _072_ (net)
                  0.04    0.00    0.95 ^ _712_/D (sky130_fd_sc_hd__dfrtp_1)
                                  0.95   data arrival time

                          0.00    0.00   clock clk (rise edge)
                          0.00    0.00   clock source latency
                  0.04    0.03    0.03 ^ clk (in)
     1    0.01                           clk (net)
                  0.04    0.00    0.03 ^ clkbuf_0_clk/A (sky130_fd_sc_hd__clkbuf_16)
                  0.05    0.14    0.17 ^ clkbuf_0_clk/X (sky130_fd_sc_hd__clkbuf_16)
     4    0.03                           clknet_0_clk (net)
                  0.05    0.00    0.17 ^ clkbuf_2_1__f_clk/A (sky130_fd_sc_hd__clkbuf_16)
                  0.05    0.14    0.31 ^ clkbuf_2_1__f_clk/X (sky130_fd_sc_hd__clkbuf_16)
    14    0.03                           clknet_2_1__leaf_clk (net)
                  0.05    0.00    0.31 ^ _712_/CLK (sky130_fd_sc_hd__dfrtp_1)
                          0.25    0.56   clock uncertainty
                         -0.03    0.53   clock reconvergence pessimism
                         -0.03    0.50   library hold time
                                  0.50   data required time
-----------------------------------------------------------------------------
                                  0.50   data required time
                                 -0.95   data arrival time
-----------------------------------------------------------------------------
                                  0.45   slack (MET)


Startpoint: _697_ (rising edge-triggered flip-flop clocked by clk)
Endpoint: _715_ (rising edge-triggered flip-flop clocked by clk)
Path Group: clk
Path Type: min

Fanout     Cap    Slew   Delay    Time   Description
-----------------------------------------------------------------------------
                          0.00    0.00   clock clk (rise edge)
                          0.00    0.00   clock source latency
                  0.04    0.03    0.03 ^ clk (in)
     1    0.01                           clk (net)
                  0.04    0.00    0.03 ^ clkbuf_0_clk/A (sky130_fd_sc_hd__clkbuf_16)
                  0.05    0.13    0.15 ^ clkbuf_0_clk/X (sky130_fd_sc_hd__clkbuf_16)
     4    0.03                           clknet_0_clk (net)
                  0.05    0.00    0.15 ^ clkbuf_2_3__f_clk/A (sky130_fd_sc_hd__clkbuf_16)
                  0.05    0.12    0.28 ^ clkbuf_2_3__f_clk/X (sky130_fd_sc_hd__clkbuf_16)
    12    0.02                           clknet_2_3__leaf_clk (net)
                  0.05    0.00    0.28 ^ _697_/CLK (sky130_fd_sc_hd__dfrtp_1)
                  0.07    0.32    0.60 ^ _697_/Q (sky130_fd_sc_hd__dfrtp_1)
     3    0.01                           u_core.count[3] (net)
                  0.07    0.00    0.60 ^ _589_/A (sky130_fd_sc_hd__nor4b_1)
                  0.04    0.05    0.65 v _589_/Y (sky130_fd_sc_hd__nor4b_1)
     2    0.00                           _319_ (net)
                  0.04    0.00    0.65 v max_cap1/A (sky130_fd_sc_hd__clkbuf_1)
                  0.02    0.08    0.73 v max_cap1/X (sky130_fd_sc_hd__clkbuf_1)
     1    0.00                           net70 (net)
                  0.02    0.00    0.73 v _595_/A3 (sky130_fd_sc_hd__a32o_1)
                  0.04    0.22    0.95 v _595_/X (sky130_fd_sc_hd__a32o_1)
     1    0.00                           _075_ (net)
                  0.04    0.00    0.95 v _715_/D (sky130_fd_sc_hd__dfrtp_2)
                                  0.95   data arrival time

                          0.00    0.00   clock clk (rise edge)
                          0.00    0.00   clock source latency
                  0.04    0.03    0.03 ^ clk (in)
     1    0.01                           clk (net)
                  0.04    0.00    0.03 ^ clkbuf_0_clk/A (sky130_fd_sc_hd__clkbuf_16)
                  0.05    0.14    0.17 ^ clkbuf_0_clk/X (sky130_fd_sc_hd__clkbuf_16)
     4    0.03                           clknet_0_clk (net)
                  0.05    0.00    0.17 ^ clkbuf_2_3__f_clk/A (sky130_fd_sc_hd__clkbuf_16)
                  0.05    0.14    0.31 ^ clkbuf_2_3__f_clk/X (sky130_fd_sc_hd__clkbuf_16)
    12    0.02                           clknet_2_3__leaf_clk (net)
                  0.05    0.00    0.31 ^ _715_/CLK (sky130_fd_sc_hd__dfrtp_2)
                          0.25    0.56   clock uncertainty
                         -0.03    0.53   clock reconvergence pessimism
                         -0.04    0.49   library hold time
                                  0.49   data required time
-----------------------------------------------------------------------------
                                  0.49   data required time
                                 -0.95   data arrival time
-----------------------------------------------------------------------------
                                  0.46   slack (MET)


Startpoint: _735_ (rising edge-triggered flip-flop clocked by clk)
Endpoint: _710_ (rising edge-triggered flip-flop clocked by clk)
Path Group: clk
Path Type: min

Fanout     Cap    Slew   Delay    Time   Description
-----------------------------------------------------------------------------
                          0.00    0.00   clock clk (rise edge)
                          0.00    0.00   clock source latency
                  0.04    0.03    0.03 ^ clk (in)
     1    0.01                           clk (net)
                  0.04    0.00    0.03 ^ clkbuf_0_clk/A (sky130_fd_sc_hd__clkbuf_16)
                  0.05    0.13    0.15 ^ clkbuf_0_clk/X (sky130_fd_sc_hd__clkbuf_16)
     4    0.03                           clknet_0_clk (net)
                  0.05    0.00    0.15 ^ clkbuf_2_0__f_clk/A (sky130_fd_sc_hd__clkbuf_16)
                  0.05    0.13    0.28 ^ clkbuf_2_0__f_clk/X (sky130_fd_sc_hd__clkbuf_16)
    15    0.03                           clknet_2_0__leaf_clk (net)
                  0.05    0.00    0.28 ^ _735_/CLK (sky130_fd_sc_hd__dfrtp_1)
                  0.10    0.35    0.63 ^ _735_/Q (sky130_fd_sc_hd__dfrtp_1)
     5    0.01                           u_core.A[2] (net)
                  0.10    0.00    0.63 ^ _547_/A1 (sky130_fd_sc_hd__a32o_1)
                  0.06    0.16    0.79 ^ _547_/X (sky130_fd_sc_hd__a32o_1)
     2    0.00                           _295_ (net)
                  0.06    0.00    0.79 ^ _602_/A0 (sky130_fd_sc_hd__mux2_1)
                  0.04    0.11    0.90 ^ _602_/X (sky130_fd_sc_hd__mux2_1)
     1    0.00                           _326_ (net)
                  0.04    0.00    0.90 ^ _603_/A (sky130_fd_sc_hd__clkbuf_1)
                  0.04    0.07    0.97 ^ _603_/X (sky130_fd_sc_hd__clkbuf_1)
     1    0.00                           _070_ (net)
                  0.04    0.00    0.97 ^ _710_/D (sky130_fd_sc_hd__dfrtp_1)
                                  0.97   data arrival time

                          0.00    0.00   clock clk (rise edge)
                          0.00    0.00   clock source latency
                  0.04    0.03    0.03 ^ clk (in)
     1    0.01                           clk (net)
                  0.04    0.00    0.03 ^ clkbuf_0_clk/A (sky130_fd_sc_hd__clkbuf_16)
                  0.05    0.14    0.17 ^ clkbuf_0_clk/X (sky130_fd_sc_hd__clkbuf_16)
     4    0.03                           clknet_0_clk (net)
                  0.05    0.00    0.17 ^ clkbuf_2_0__f_clk/A (sky130_fd_sc_hd__clkbuf_16)
                  0.05    0.14    0.31 ^ clkbuf_2_0__f_clk/X (sky130_fd_sc_hd__clkbuf_16)
    15    0.03                           clknet_2_0__leaf_clk (net)
                  0.05    0.00    0.31 ^ _710_/CLK (sky130_fd_sc_hd__dfrtp_1)
                          0.25    0.56   clock uncertainty
                         -0.03    0.53   clock reconvergence pessimism
                         -0.03    0.50   library hold time
                                  0.50   data required time
-----------------------------------------------------------------------------
                                  0.50   data required time
                                 -0.97   data arrival time
-----------------------------------------------------------------------------
                                  0.47   slack (MET)


Startpoint: _741_ (rising edge-triggered flip-flop clocked by clk)
Endpoint: _740_ (rising edge-triggered flip-flop clocked by clk)
Path Group: clk
Path Type: min

Fanout     Cap    Slew   Delay    Time   Description
-----------------------------------------------------------------------------
                          0.00    0.00   clock clk (rise edge)
                          0.00    0.00   clock source latency
                  0.04    0.03    0.03 ^ clk (in)
     1    0.01                           clk (net)
                  0.04    0.00    0.03 ^ clkbuf_0_clk/A (sky130_fd_sc_hd__clkbuf_16)
                  0.05    0.13    0.15 ^ clkbuf_0_clk/X (sky130_fd_sc_hd__clkbuf_16)
     4    0.03                           clknet_0_clk (net)
                  0.05    0.00    0.15 ^ clkbuf_2_2__f_clk/A (sky130_fd_sc_hd__clkbuf_16)
                  0.05    0.13    0.28 ^ clkbuf_2_2__f_clk/X (sky130_fd_sc_hd__clkbuf_16)
    13    0.02                           clknet_2_2__leaf_clk (net)
                  0.05    0.00    0.28 ^ _741_/CLK (sky130_fd_sc_hd__dfrtp_4)
                  0.10    0.42    0.70 ^ _741_/Q (sky130_fd_sc_hd__dfrtp_4)
     6    0.02                           u_core.A[8] (net)
                  0.10    0.00    0.70 ^ _513_/A1 (sky130_fd_sc_hd__a22oi_2)
                  0.04    0.08    0.78 v _513_/Y (sky130_fd_sc_hd__a22oi_2)
     2    0.00                           _267_ (net)
                  0.04    0.00    0.78 v _514_/A2_N (sky130_fd_sc_hd__a2bb2o_1)
                  0.04    0.22    0.99 ^ _514_/X (sky130_fd_sc_hd__a2bb2o_1)
     1    0.00                           _100_ (net)
                  0.04    0.00    0.99 ^ _740_/D (sky130_fd_sc_hd__dfrtp_4)
                                  0.99   data arrival time

                          0.00    0.00   clock clk (rise edge)
                          0.00    0.00   clock source latency
                  0.04    0.03    0.03 ^ clk (in)
     1    0.01                           clk (net)
                  0.04    0.00    0.03 ^ clkbuf_0_clk/A (sky130_fd_sc_hd__clkbuf_16)
                  0.05    0.14    0.17 ^ clkbuf_0_clk/X (sky130_fd_sc_hd__clkbuf_16)
     4    0.03                           clknet_0_clk (net)
                  0.05    0.00    0.17 ^ clkbuf_2_2__f_clk/A (sky130_fd_sc_hd__clkbuf_16)
                  0.05    0.14    0.31 ^ clkbuf_2_2__f_clk/X (sky130_fd_sc_hd__clkbuf_16)
    13    0.02                           clknet_2_2__leaf_clk (net)
                  0.05    0.00    0.31 ^ _740_/CLK (sky130_fd_sc_hd__dfrtp_4)
                          0.25    0.56   clock uncertainty
                         -0.03    0.53   clock reconvergence pessimism
                         -0.03    0.50   library hold time
                                  0.50   data required time
-----------------------------------------------------------------------------
                                  0.50   data required time
                                 -0.99   data arrival time
-----------------------------------------------------------------------------
                                  0.50   slack (MET)


Startpoint: rst (input port clocked by clk)
Endpoint: _744_ (removal check against rising-edge clock clk)
Path Group: asynchronous
Path Type: min

Fanout     Cap    Slew   Delay    Time   Description
-----------------------------------------------------------------------------
                          0.00    0.00   clock clk (rise edge)
                          0.00    0.00   clock network delay (propagated)
                          2.00    2.00 v input external delay
                  0.01    0.00    2.00 v rst (in)
     1    0.00                           rst (net)
                  0.01    0.00    2.00 v input17/A (sky130_fd_sc_hd__clkbuf_1)
                  0.02    0.07    2.07 v input17/X (sky130_fd_sc_hd__clkbuf_1)
     1    0.00                           net17 (net)
                  0.02    0.00    2.07 v _634_/A (sky130_fd_sc_hd__buf_4)
                  0.06    0.15    2.22 v _634_/X (sky130_fd_sc_hd__buf_4)
     9    0.04                           _341_ (net)
                  0.06    0.00    2.22 v _690_/A (sky130_fd_sc_hd__inv_2)
                  0.03    0.05    2.27 ^ _690_/Y (sky130_fd_sc_hd__inv_2)
     1    0.00                           _051_ (net)
                  0.03    0.00    2.27 ^ _744_/RESET_B (sky130_fd_sc_hd__dfrtp_2)
                                  2.27   data arrival time

                          0.00    0.00   clock clk (rise edge)
                          0.00    0.00   clock source latency
                  0.04    0.03    0.03 ^ clk (in)
     1    0.01                           clk (net)
                  0.04    0.00    0.03 ^ clkbuf_0_clk/A (sky130_fd_sc_hd__clkbuf_16)
                  0.05    0.14    0.17 ^ clkbuf_0_clk/X (sky130_fd_sc_hd__clkbuf_16)
     4    0.03                           clknet_0_clk (net)
                  0.05    0.00    0.17 ^ clkbuf_2_2__f_clk/A (sky130_fd_sc_hd__clkbuf_16)
                  0.05    0.14    0.31 ^ clkbuf_2_2__f_clk/X (sky130_fd_sc_hd__clkbuf_16)
    13    0.02                           clknet_2_2__leaf_clk (net)
                  0.05    0.00    0.31 ^ _744_/CLK (sky130_fd_sc_hd__dfrtp_2)
                          0.25    0.56   clock uncertainty
                          0.00    0.56   clock reconvergence pessimism
                          0.32    0.88   library removal time
                                  0.88   data required time
-----------------------------------------------------------------------------
                                  0.88   data required time
                                 -2.27   data arrival time
-----------------------------------------------------------------------------
                                  1.39   slack (MET)


Startpoint: rst (input port clocked by clk)
Endpoint: _747_ (removal check against rising-edge clock clk)
Path Group: asynchronous
Path Type: min

Fanout     Cap    Slew   Delay    Time   Description
-----------------------------------------------------------------------------
                          0.00    0.00   clock clk (rise edge)
                          0.00    0.00   clock network delay (propagated)
                          2.00    2.00 v input external delay
                  0.01    0.00    2.00 v rst (in)
     1    0.00                           rst (net)
                  0.01    0.00    2.00 v input17/A (sky130_fd_sc_hd__clkbuf_1)
                  0.02    0.07    2.07 v input17/X (sky130_fd_sc_hd__clkbuf_1)
     1    0.00                           net17 (net)
                  0.02    0.00    2.07 v _634_/A (sky130_fd_sc_hd__buf_4)
                  0.06    0.15    2.22 v _634_/X (sky130_fd_sc_hd__buf_4)
     9    0.04                           _341_ (net)
                  0.06    0.00    2.22 v _693_/A (sky130_fd_sc_hd__inv_2)
                  0.03    0.05    2.27 ^ _693_/Y (sky130_fd_sc_hd__inv_2)
     1    0.00                           _054_ (net)
                  0.03    0.00    2.27 ^ _747_/RESET_B (sky130_fd_sc_hd__dfrtp_2)
                                  2.27   data arrival time

                          0.00    0.00   clock clk (rise edge)
                          0.00    0.00   clock source latency
                  0.04    0.03    0.03 ^ clk (in)
     1    0.01                           clk (net)
                  0.04    0.00    0.03 ^ clkbuf_0_clk/A (sky130_fd_sc_hd__clkbuf_16)
                  0.05    0.14    0.17 ^ clkbuf_0_clk/X (sky130_fd_sc_hd__clkbuf_16)
     4    0.03                           clknet_0_clk (net)
                  0.05    0.00    0.17 ^ clkbuf_2_3__f_clk/A (sky130_fd_sc_hd__clkbuf_16)
                  0.05    0.14    0.31 ^ clkbuf_2_3__f_clk/X (sky130_fd_sc_hd__clkbuf_16)
    12    0.02                           clknet_2_3__leaf_clk (net)
                  0.05    0.00    0.31 ^ _747_/CLK (sky130_fd_sc_hd__dfrtp_2)
                          0.25    0.56   clock uncertainty
                          0.00    0.56   clock reconvergence pessimism
                          0.32    0.87   library removal time
                                  0.87   data required time
-----------------------------------------------------------------------------
                                  0.87   data required time
                                 -2.27   data arrival time
-----------------------------------------------------------------------------
                                  1.39   slack (MET)


Startpoint: rst (input port clocked by clk)
Endpoint: _745_ (removal check against rising-edge clock clk)
Path Group: asynchronous
Path Type: min

Fanout     Cap    Slew   Delay    Time   Description
-----------------------------------------------------------------------------
                          0.00    0.00   clock clk (rise edge)
                          0.00    0.00   clock network delay (propagated)
                          2.00    2.00 v input external delay
                  0.01    0.00    2.00 v rst (in)
     1    0.00                           rst (net)
                  0.01    0.00    2.00 v input17/A (sky130_fd_sc_hd__clkbuf_1)
                  0.02    0.07    2.07 v input17/X (sky130_fd_sc_hd__clkbuf_1)
     1    0.00                           net17 (net)
                  0.02    0.00    2.07 v _634_/A (sky130_fd_sc_hd__buf_4)
                  0.06    0.15    2.22 v _634_/X (sky130_fd_sc_hd__buf_4)
     9    0.04                           _341_ (net)
                  0.06    0.00    2.22 v _691_/A (sky130_fd_sc_hd__inv_2)
                  0.03    0.05    2.27 ^ _691_/Y (sky130_fd_sc_hd__inv_2)
     1    0.00                           _052_ (net)
                  0.03    0.00    2.27 ^ _745_/RESET_B (sky130_fd_sc_hd__dfrtp_1)
                                  2.27   data arrival time

                          0.00    0.00   clock clk (rise edge)
                          0.00    0.00   clock source latency
                  0.04    0.03    0.03 ^ clk (in)
     1    0.01                           clk (net)
                  0.04    0.00    0.03 ^ clkbuf_0_clk/A (sky130_fd_sc_hd__clkbuf_16)
                  0.05    0.14    0.17 ^ clkbuf_0_clk/X (sky130_fd_sc_hd__clkbuf_16)
     4    0.03                           clknet_0_clk (net)
                  0.05    0.00    0.17 ^ clkbuf_2_3__f_clk/A (sky130_fd_sc_hd__clkbuf_16)
                  0.05    0.14    0.31 ^ clkbuf_2_3__f_clk/X (sky130_fd_sc_hd__clkbuf_16)
    12    0.02                           clknet_2_3__leaf_clk (net)
                  0.05    0.00    0.31 ^ _745_/CLK (sky130_fd_sc_hd__dfrtp_1)
                          0.25    0.56   clock uncertainty
                          0.00    0.56   clock reconvergence pessimism
                          0.32    0.87   library removal time
                                  0.87   data required time
-----------------------------------------------------------------------------
                                  0.87   data required time
                                 -2.27   data arrival time
-----------------------------------------------------------------------------
                                  1.39   slack (MET)


Startpoint: rst (input port clocked by clk)
Endpoint: _746_ (removal check against rising-edge clock clk)
Path Group: asynchronous
Path Type: min

Fanout     Cap    Slew   Delay    Time   Description
-----------------------------------------------------------------------------
                          0.00    0.00   clock clk (rise edge)
                          0.00    0.00   clock network delay (propagated)
                          2.00    2.00 v input external delay
                  0.01    0.00    2.00 v rst (in)
     1    0.00                           rst (net)
                  0.01    0.00    2.00 v input17/A (sky130_fd_sc_hd__clkbuf_1)
                  0.02    0.07    2.07 v input17/X (sky130_fd_sc_hd__clkbuf_1)
     1    0.00                           net17 (net)
                  0.02    0.00    2.07 v _634_/A (sky130_fd_sc_hd__buf_4)
                  0.06    0.15    2.22 v _634_/X (sky130_fd_sc_hd__buf_4)
     9    0.04                           _341_ (net)
                  0.06    0.00    2.22 v _692_/A (sky130_fd_sc_hd__inv_2)
                  0.03    0.05    2.27 ^ _692_/Y (sky130_fd_sc_hd__inv_2)
     1    0.00                           _053_ (net)
                  0.03    0.00    2.27 ^ _746_/RESET_B (sky130_fd_sc_hd__dfrtp_1)
                                  2.27   data arrival time

                          0.00    0.00   clock clk (rise edge)
                          0.00    0.00   clock source latency
                  0.04    0.03    0.03 ^ clk (in)
     1    0.01                           clk (net)
                  0.04    0.00    0.03 ^ clkbuf_0_clk/A (sky130_fd_sc_hd__clkbuf_16)
                  0.05    0.14    0.17 ^ clkbuf_0_clk/X (sky130_fd_sc_hd__clkbuf_16)
     4    0.03                           clknet_0_clk (net)
                  0.05    0.00    0.17 ^ clkbuf_2_3__f_clk/A (sky130_fd_sc_hd__clkbuf_16)
                  0.05    0.14    0.31 ^ clkbuf_2_3__f_clk/X (sky130_fd_sc_hd__clkbuf_16)
    12    0.02                           clknet_2_3__leaf_clk (net)
                  0.05    0.00    0.31 ^ _746_/CLK (sky130_fd_sc_hd__dfrtp_1)
                          0.25    0.56   clock uncertainty
                          0.00    0.56   clock reconvergence pessimism
                          0.32    0.87   library removal time
                                  0.87   data required time
-----------------------------------------------------------------------------
                                  0.87   data required time
                                 -2.27   data arrival time
-----------------------------------------------------------------------------
                                  1.39   slack (MET)


Startpoint: rst (input port clocked by clk)
Endpoint: _726_ (removal check against rising-edge clock clk)
Path Group: asynchronous
Path Type: min

Fanout     Cap    Slew   Delay    Time   Description
-----------------------------------------------------------------------------
                          0.00    0.00   clock clk (rise edge)
                          0.00    0.00   clock network delay (propagated)
                          2.00    2.00 v input external delay
                  0.01    0.00    2.00 v rst (in)
     1    0.00                           rst (net)
                  0.01    0.00    2.00 v input17/A (sky130_fd_sc_hd__clkbuf_1)
                  0.02    0.07    2.07 v input17/X (sky130_fd_sc_hd__clkbuf_1)
     1    0.00                           net17 (net)
                  0.02    0.00    2.07 v _634_/A (sky130_fd_sc_hd__buf_4)
                  0.06    0.15    2.22 v _634_/X (sky130_fd_sc_hd__buf_4)
     9    0.04                           _341_ (net)
                  0.06    0.00    2.22 v _668_/A (sky130_fd_sc_hd__clkbuf_8)
                  0.06    0.17    2.39 v _668_/X (sky130_fd_sc_hd__clkbuf_8)
    10    0.04                           _345_ (net)
                  0.06    0.00    2.39 v _671_/A (sky130_fd_sc_hd__inv_2)
                  0.03    0.05    2.43 ^ _671_/Y (sky130_fd_sc_hd__inv_2)
     1    0.00                           _033_ (net)
                  0.03    0.00    2.43 ^ _726_/RESET_B (sky130_fd_sc_hd__dfrtp_2)
                                  2.43   data arrival time

                          0.00    0.00   clock clk (rise edge)
                          0.00    0.00   clock source latency
                  0.04    0.03    0.03 ^ clk (in)
     1    0.01                           clk (net)
                  0.04    0.00    0.03 ^ clkbuf_0_clk/A (sky130_fd_sc_hd__clkbuf_16)
                  0.05    0.14    0.17 ^ clkbuf_0_clk/X (sky130_fd_sc_hd__clkbuf_16)
     4    0.03                           clknet_0_clk (net)
                  0.05    0.00    0.17 ^ clkbuf_2_0__f_clk/A (sky130_fd_sc_hd__clkbuf_16)
                  0.05    0.14    0.31 ^ clkbuf_2_0__f_clk/X (sky130_fd_sc_hd__clkbuf_16)
    15    0.03                           clknet_2_0__leaf_clk (net)
                  0.05    0.00    0.31 ^ _726_/CLK (sky130_fd_sc_hd__dfrtp_2)
                          0.25    0.56   clock uncertainty
                          0.00    0.56   clock reconvergence pessimism
                          0.32    0.88   library removal time
                                  0.88   data required time
-----------------------------------------------------------------------------
                                  0.88   data required time
                                 -2.43   data arrival time
-----------------------------------------------------------------------------
                                  1.55   slack (MET)


Startpoint: rst (input port clocked by clk)
Endpoint: _725_ (removal check against rising-edge clock clk)
Path Group: asynchronous
Path Type: min

Fanout     Cap    Slew   Delay    Time   Description
-----------------------------------------------------------------------------
                          0.00    0.00   clock clk (rise edge)
                          0.00    0.00   clock network delay (propagated)
                          2.00    2.00 v input external delay
                  0.01    0.00    2.00 v rst (in)
     1    0.00                           rst (net)
                  0.01    0.00    2.00 v input17/A (sky130_fd_sc_hd__clkbuf_1)
                  0.02    0.07    2.07 v input17/X (sky130_fd_sc_hd__clkbuf_1)
     1    0.00                           net17 (net)
                  0.02    0.00    2.07 v _634_/A (sky130_fd_sc_hd__buf_4)
                  0.06    0.15    2.22 v _634_/X (sky130_fd_sc_hd__buf_4)
     9    0.04                           _341_ (net)
                  0.06    0.00    2.22 v _668_/A (sky130_fd_sc_hd__clkbuf_8)
                  0.06    0.17    2.39 v _668_/X (sky130_fd_sc_hd__clkbuf_8)
    10    0.04                           _345_ (net)
                  0.06    0.00    2.39 v _670_/A (sky130_fd_sc_hd__inv_2)
                  0.03    0.05    2.43 ^ _670_/Y (sky130_fd_sc_hd__inv_2)
     1    0.00                           _032_ (net)
                  0.03    0.00    2.43 ^ _725_/RESET_B (sky130_fd_sc_hd__dfrtp_4)
                                  2.43   data arrival time

                          0.00    0.00   clock clk (rise edge)
                          0.00    0.00   clock source latency
                  0.04    0.03    0.03 ^ clk (in)
     1    0.01                           clk (net)
                  0.04    0.00    0.03 ^ clkbuf_0_clk/A (sky130_fd_sc_hd__clkbuf_16)
                  0.05    0.14    0.17 ^ clkbuf_0_clk/X (sky130_fd_sc_hd__clkbuf_16)
     4    0.03                           clknet_0_clk (net)
                  0.05    0.00    0.17 ^ clkbuf_2_0__f_clk/A (sky130_fd_sc_hd__clkbuf_16)
                  0.05    0.14    0.31 ^ clkbuf_2_0__f_clk/X (sky130_fd_sc_hd__clkbuf_16)
    15    0.03                           clknet_2_0__leaf_clk (net)
                  0.05    0.00    0.31 ^ _725_/CLK (sky130_fd_sc_hd__dfrtp_4)
                          0.25    0.56   clock uncertainty
                          0.00    0.56   clock reconvergence pessimism
                          0.32    0.88   library removal time
                                  0.88   data required time
-----------------------------------------------------------------------------
                                  0.88   data required time
                                 -2.43   data arrival time
-----------------------------------------------------------------------------
                                  1.55   slack (MET)


Startpoint: rst (input port clocked by clk)
Endpoint: _727_ (removal check against rising-edge clock clk)
Path Group: asynchronous
Path Type: min

Fanout     Cap    Slew   Delay    Time   Description
-----------------------------------------------------------------------------
                          0.00    0.00   clock clk (rise edge)
                          0.00    0.00   clock network delay (propagated)
                          2.00    2.00 v input external delay
                  0.01    0.00    2.00 v rst (in)
     1    0.00                           rst (net)
                  0.01    0.00    2.00 v input17/A (sky130_fd_sc_hd__clkbuf_1)
                  0.02    0.07    2.07 v input17/X (sky130_fd_sc_hd__clkbuf_1)
     1    0.00                           net17 (net)
                  0.02    0.00    2.07 v _634_/A (sky130_fd_sc_hd__buf_4)
                  0.06    0.15    2.22 v _634_/X (sky130_fd_sc_hd__buf_4)
     9    0.04                           _341_ (net)
                  0.06    0.00    2.22 v _668_/A (sky130_fd_sc_hd__clkbuf_8)
                  0.06    0.17    2.39 v _668_/X (sky130_fd_sc_hd__clkbuf_8)
    10    0.04                           _345_ (net)
                  0.06    0.00    2.39 v _672_/A (sky130_fd_sc_hd__inv_2)
                  0.03    0.05    2.43 ^ _672_/Y (sky130_fd_sc_hd__inv_2)
     1    0.00                           _034_ (net)
                  0.03    0.00    2.43 ^ _727_/RESET_B (sky130_fd_sc_hd__dfrtp_4)
                                  2.43   data arrival time

                          0.00    0.00   clock clk (rise edge)
                          0.00    0.00   clock source latency
                  0.04    0.03    0.03 ^ clk (in)
     1    0.01                           clk (net)
                  0.04    0.00    0.03 ^ clkbuf_0_clk/A (sky130_fd_sc_hd__clkbuf_16)
                  0.05    0.14    0.17 ^ clkbuf_0_clk/X (sky130_fd_sc_hd__clkbuf_16)
     4    0.03                           clknet_0_clk (net)
                  0.05    0.00    0.17 ^ clkbuf_2_0__f_clk/A (sky130_fd_sc_hd__clkbuf_16)
                  0.05    0.14    0.31 ^ clkbuf_2_0__f_clk/X (sky130_fd_sc_hd__clkbuf_16)
    15    0.03                           clknet_2_0__leaf_clk (net)
                  0.05    0.00    0.31 ^ _727_/CLK (sky130_fd_sc_hd__dfrtp_4)
                          0.25    0.56   clock uncertainty
                          0.00    0.56   clock reconvergence pessimism
                          0.32    0.88   library removal time
                                  0.88   data required time
-----------------------------------------------------------------------------
                                  0.88   data required time
                                 -2.43   data arrival time
-----------------------------------------------------------------------------
                                  1.55   slack (MET)


Startpoint: rst (input port clocked by clk)
Endpoint: _729_ (removal check against rising-edge clock clk)
Path Group: asynchronous
Path Type: min

Fanout     Cap    Slew   Delay    Time   Description
-----------------------------------------------------------------------------
                          0.00    0.00   clock clk (rise edge)
                          0.00    0.00   clock network delay (propagated)
                          2.00    2.00 v input external delay
                  0.01    0.00    2.00 v rst (in)
     1    0.00                           rst (net)
                  0.01    0.00    2.00 v input17/A (sky130_fd_sc_hd__clkbuf_1)
                  0.02    0.07    2.07 v input17/X (sky130_fd_sc_hd__clkbuf_1)
     1    0.00                           net17 (net)
                  0.02    0.00    2.07 v _634_/A (sky130_fd_sc_hd__buf_4)
                  0.06    0.15    2.22 v _634_/X (sky130_fd_sc_hd__buf_4)
     9    0.04                           _341_ (net)
                  0.06    0.00    2.22 v _668_/A (sky130_fd_sc_hd__clkbuf_8)
                  0.06    0.17    2.39 v _668_/X (sky130_fd_sc_hd__clkbuf_8)
    10    0.04                           _345_ (net)
                  0.06    0.00    2.39 v _674_/A (sky130_fd_sc_hd__inv_2)
                  0.03    0.05    2.43 ^ _674_/Y (sky130_fd_sc_hd__inv_2)
     1    0.00                           _036_ (net)
                  0.03    0.00    2.43 ^ _729_/RESET_B (sky130_fd_sc_hd__dfrtp_4)
                                  2.43   data arrival time

                          0.00    0.00   clock clk (rise edge)
                          0.00    0.00   clock source latency
                  0.04    0.03    0.03 ^ clk (in)
     1    0.01                           clk (net)
                  0.04    0.00    0.03 ^ clkbuf_0_clk/A (sky130_fd_sc_hd__clkbuf_16)
                  0.05    0.14    0.17 ^ clkbuf_0_clk/X (sky130_fd_sc_hd__clkbuf_16)
     4    0.03                           clknet_0_clk (net)
                  0.05    0.00    0.17 ^ clkbuf_2_0__f_clk/A (sky130_fd_sc_hd__clkbuf_16)
                  0.05    0.14    0.31 ^ clkbuf_2_0__f_clk/X (sky130_fd_sc_hd__clkbuf_16)
    15    0.03                           clknet_2_0__leaf_clk (net)
                  0.05    0.00    0.31 ^ _729_/CLK (sky130_fd_sc_hd__dfrtp_4)
                          0.25    0.56   clock uncertainty
                          0.00    0.56   clock reconvergence pessimism
                          0.32    0.88   library removal time
                                  0.88   data required time
-----------------------------------------------------------------------------
                                  0.88   data required time
                                 -2.43   data arrival time
-----------------------------------------------------------------------------
                                  1.55   slack (MET)


Startpoint: rst (input port clocked by clk)
Endpoint: _730_ (removal check against rising-edge clock clk)
Path Group: asynchronous
Path Type: min

Fanout     Cap    Slew   Delay    Time   Description
-----------------------------------------------------------------------------
                          0.00    0.00   clock clk (rise edge)
                          0.00    0.00   clock network delay (propagated)
                          2.00    2.00 v input external delay
                  0.01    0.00    2.00 v rst (in)
     1    0.00                           rst (net)
                  0.01    0.00    2.00 v input17/A (sky130_fd_sc_hd__clkbuf_1)
                  0.02    0.07    2.07 v input17/X (sky130_fd_sc_hd__clkbuf_1)
     1    0.00                           net17 (net)
                  0.02    0.00    2.07 v _634_/A (sky130_fd_sc_hd__buf_4)
                  0.06    0.15    2.22 v _634_/X (sky130_fd_sc_hd__buf_4)
     9    0.04                           _341_ (net)
                  0.06    0.00    2.22 v _668_/A (sky130_fd_sc_hd__clkbuf_8)
                  0.06    0.17    2.39 v _668_/X (sky130_fd_sc_hd__clkbuf_8)
    10    0.04                           _345_ (net)
                  0.06    0.00    2.39 v _675_/A (sky130_fd_sc_hd__inv_2)
                  0.03    0.05    2.43 ^ _675_/Y (sky130_fd_sc_hd__inv_2)
     1    0.00                           _037_ (net)
                  0.03    0.00    2.43 ^ _730_/RESET_B (sky130_fd_sc_hd__dfrtp_4)
                                  2.43   data arrival time

                          0.00    0.00   clock clk (rise edge)
                          0.00    0.00   clock source latency
                  0.04    0.03    0.03 ^ clk (in)
     1    0.01                           clk (net)
                  0.04    0.00    0.03 ^ clkbuf_0_clk/A (sky130_fd_sc_hd__clkbuf_16)
                  0.05    0.14    0.17 ^ clkbuf_0_clk/X (sky130_fd_sc_hd__clkbuf_16)
     4    0.03                           clknet_0_clk (net)
                  0.05    0.00    0.17 ^ clkbuf_2_0__f_clk/A (sky130_fd_sc_hd__clkbuf_16)
                  0.05    0.14    0.31 ^ clkbuf_2_0__f_clk/X (sky130_fd_sc_hd__clkbuf_16)
    15    0.03                           clknet_2_0__leaf_clk (net)
                  0.05    0.00    0.31 ^ _730_/CLK (sky130_fd_sc_hd__dfrtp_4)
                          0.25    0.56   clock uncertainty
                          0.00    0.56   clock reconvergence pessimism
                          0.32    0.88   library removal time
                                  0.88   data required time
-----------------------------------------------------------------------------
                                  0.88   data required time
                                 -2.43   data arrival time
-----------------------------------------------------------------------------
                                  1.55   slack (MET)


Startpoint: rst (input port clocked by clk)
Endpoint: _702_ (removal check against rising-edge clock clk)
Path Group: asynchronous
Path Type: min

Fanout     Cap    Slew   Delay    Time   Description
-----------------------------------------------------------------------------
                          0.00    0.00   clock clk (rise edge)
                          0.00    0.00   clock network delay (propagated)
                          2.00    2.00 v input external delay
                  0.01    0.00    2.00 v rst (in)
     1    0.00                           rst (net)
                  0.01    0.00    2.00 v input17/A (sky130_fd_sc_hd__clkbuf_1)
                  0.02    0.07    2.07 v input17/X (sky130_fd_sc_hd__clkbuf_1)
     1    0.00                           net17 (net)
                  0.02    0.00    2.07 v _634_/A (sky130_fd_sc_hd__buf_4)
                  0.06    0.15    2.22 v _634_/X (sky130_fd_sc_hd__buf_4)
     9    0.04                           _341_ (net)
                  0.06    0.00    2.22 v _635_/A (sky130_fd_sc_hd__clkbuf_8)
                  0.06    0.17    2.39 v _635_/X (sky130_fd_sc_hd__clkbuf_8)
    10    0.04                           _342_ (net)
                  0.06    0.00    2.39 v _644_/A (sky130_fd_sc_hd__inv_2)
                  0.03    0.05    2.43 ^ _644_/Y (sky130_fd_sc_hd__inv_2)
     1    0.00                           _009_ (net)
                  0.03    0.00    2.43 ^ _702_/RESET_B (sky130_fd_sc_hd__dfrtp_1)
                                  2.43   data arrival time

                          0.00    0.00   clock clk (rise edge)
                          0.00    0.00   clock source latency
                  0.04    0.03    0.03 ^ clk (in)
     1    0.01                           clk (net)
                  0.04    0.00    0.03 ^ clkbuf_0_clk/A (sky130_fd_sc_hd__clkbuf_16)
                  0.05    0.14    0.17 ^ clkbuf_0_clk/X (sky130_fd_sc_hd__clkbuf_16)
     4    0.03                           clknet_0_clk (net)
                  0.05    0.00    0.17 ^ clkbuf_2_0__f_clk/A (sky130_fd_sc_hd__clkbuf_16)
                  0.05    0.14    0.31 ^ clkbuf_2_0__f_clk/X (sky130_fd_sc_hd__clkbuf_16)
    15    0.03                           clknet_2_0__leaf_clk (net)
                  0.05    0.00    0.31 ^ _702_/CLK (sky130_fd_sc_hd__dfrtp_1)
                          0.25    0.56   clock uncertainty
                          0.00    0.56   clock reconvergence pessimism
                          0.32    0.88   library removal time
                                  0.88   data required time
-----------------------------------------------------------------------------
                                  0.88   data required time
                                 -2.43   data arrival time
-----------------------------------------------------------------------------
                                  1.55   slack (MET)


Startpoint: rst (input port clocked by clk)
Endpoint: _704_ (removal check against rising-edge clock clk)
Path Group: asynchronous
Path Type: min

Fanout     Cap    Slew   Delay    Time   Description
-----------------------------------------------------------------------------
                          0.00    0.00   clock clk (rise edge)
                          0.00    0.00   clock network delay (propagated)
                          2.00    2.00 v input external delay
                  0.01    0.00    2.00 v rst (in)
     1    0.00                           rst (net)
                  0.01    0.00    2.00 v input17/A (sky130_fd_sc_hd__clkbuf_1)
                  0.02    0.07    2.07 v input17/X (sky130_fd_sc_hd__clkbuf_1)
     1    0.00                           net17 (net)
                  0.02    0.00    2.07 v _634_/A (sky130_fd_sc_hd__buf_4)
                  0.06    0.15    2.22 v _634_/X (sky130_fd_sc_hd__buf_4)
     9    0.04                           _341_ (net)
                  0.06    0.00    2.22 v _646_/A (sky130_fd_sc_hd__clkbuf_8)
                  0.06    0.17    2.39 v _646_/X (sky130_fd_sc_hd__clkbuf_8)
    10    0.04                           _343_ (net)
                  0.06    0.00    2.39 v _647_/A (sky130_fd_sc_hd__inv_2)
                  0.03    0.05    2.43 ^ _647_/Y (sky130_fd_sc_hd__inv_2)
     1    0.00                           _011_ (net)
                  0.03    0.00    2.43 ^ _704_/RESET_B (sky130_fd_sc_hd__dfrtp_1)
                                  2.43   data arrival time

                          0.00    0.00   clock clk (rise edge)
                          0.00    0.00   clock source latency
                  0.04    0.03    0.03 ^ clk (in)
     1    0.01                           clk (net)
                  0.04    0.00    0.03 ^ clkbuf_0_clk/A (sky130_fd_sc_hd__clkbuf_16)
                  0.05    0.14    0.17 ^ clkbuf_0_clk/X (sky130_fd_sc_hd__clkbuf_16)
     4    0.03                           clknet_0_clk (net)
                  0.05    0.00    0.17 ^ clkbuf_2_0__f_clk/A (sky130_fd_sc_hd__clkbuf_16)
                  0.05    0.14    0.31 ^ clkbuf_2_0__f_clk/X (sky130_fd_sc_hd__clkbuf_16)
    15    0.03                           clknet_2_0__leaf_clk (net)
                  0.05    0.00    0.31 ^ _704_/CLK (sky130_fd_sc_hd__dfrtp_1)
                          0.25    0.56   clock uncertainty
                          0.00    0.56   clock reconvergence pessimism
                          0.32    0.88   library removal time
                                  0.88   data required time
-----------------------------------------------------------------------------
                                  0.88   data required time
                                 -2.43   data arrival time
-----------------------------------------------------------------------------
                                  1.55   slack (MET)


Startpoint: rst (input port clocked by clk)
Endpoint: _710_ (removal check against rising-edge clock clk)
Path Group: asynchronous
Path Type: min

Fanout     Cap    Slew   Delay    Time   Description
-----------------------------------------------------------------------------
                          0.00    0.00   clock clk (rise edge)
                          0.00    0.00   clock network delay (propagated)
                          2.00    2.00 v input external delay
                  0.01    0.00    2.00 v rst (in)
     1    0.00                           rst (net)
                  0.01    0.00    2.00 v input17/A (sky130_fd_sc_hd__clkbuf_1)
                  0.02    0.07    2.07 v input17/X (sky130_fd_sc_hd__clkbuf_1)
     1    0.00                           net17 (net)
                  0.02    0.00    2.07 v _634_/A (sky130_fd_sc_hd__buf_4)
                  0.06    0.15    2.22 v _634_/X (sky130_fd_sc_hd__buf_4)
     9    0.04                           _341_ (net)
                  0.06    0.00    2.22 v _646_/A (sky130_fd_sc_hd__clkbuf_8)
                  0.06    0.17    2.39 v _646_/X (sky130_fd_sc_hd__clkbuf_8)
    10    0.04                           _343_ (net)
                  0.06    0.00    2.39 v _653_/A (sky130_fd_sc_hd__inv_2)
                  0.03    0.05    2.43 ^ _653_/Y (sky130_fd_sc_hd__inv_2)
     1    0.00                           _017_ (net)
                  0.03    0.00    2.43 ^ _710_/RESET_B (sky130_fd_sc_hd__dfrtp_1)
                                  2.43   data arrival time

                          0.00    0.00   clock clk (rise edge)
                          0.00    0.00   clock source latency
                  0.04    0.03    0.03 ^ clk (in)
     1    0.01                           clk (net)
                  0.04    0.00    0.03 ^ clkbuf_0_clk/A (sky130_fd_sc_hd__clkbuf_16)
                  0.05    0.14    0.17 ^ clkbuf_0_clk/X (sky130_fd_sc_hd__clkbuf_16)
     4    0.03                           clknet_0_clk (net)
                  0.05    0.00    0.17 ^ clkbuf_2_0__f_clk/A (sky130_fd_sc_hd__clkbuf_16)
                  0.05    0.14    0.31 ^ clkbuf_2_0__f_clk/X (sky130_fd_sc_hd__clkbuf_16)
    15    0.03                           clknet_2_0__leaf_clk (net)
                  0.05    0.00    0.31 ^ _710_/CLK (sky130_fd_sc_hd__dfrtp_1)
                          0.25    0.56   clock uncertainty
                          0.00    0.56   clock reconvergence pessimism
                          0.32    0.88   library removal time
                                  0.88   data required time
-----------------------------------------------------------------------------
                                  0.88   data required time
                                 -2.43   data arrival time
-----------------------------------------------------------------------------
                                  1.55   slack (MET)


Startpoint: rst (input port clocked by clk)
Endpoint: _716_ (removal check against rising-edge clock clk)
Path Group: asynchronous
Path Type: min

Fanout     Cap    Slew   Delay    Time   Description
-----------------------------------------------------------------------------
                          0.00    0.00   clock clk (rise edge)
                          0.00    0.00   clock network delay (propagated)
                          2.00    2.00 v input external delay
                  0.01    0.00    2.00 v rst (in)
     1    0.00                           rst (net)
                  0.01    0.00    2.00 v input17/A (sky130_fd_sc_hd__clkbuf_1)
                  0.02    0.07    2.07 v input17/X (sky130_fd_sc_hd__clkbuf_1)
     1    0.00                           net17 (net)
                  0.02    0.00    2.07 v _634_/A (sky130_fd_sc_hd__buf_4)
                  0.06    0.15    2.22 v _634_/X (sky130_fd_sc_hd__buf_4)
     9    0.04                           _341_ (net)
                  0.06    0.00    2.22 v _657_/A (sky130_fd_sc_hd__clkbuf_8)
                  0.06    0.17    2.39 v _657_/X (sky130_fd_sc_hd__clkbuf_8)
    10    0.04                           _344_ (net)
                  0.06    0.00    2.39 v _660_/A (sky130_fd_sc_hd__inv_2)
                  0.03    0.05    2.43 ^ _660_/Y (sky130_fd_sc_hd__inv_2)
     1    0.00                           _023_ (net)
                  0.03    0.00    2.43 ^ _716_/RESET_B (sky130_fd_sc_hd__dfrtp_1)
                                  2.43   data arrival time

                          0.00    0.00   clock clk (rise edge)
                          0.00    0.00   clock source latency
                  0.04    0.03    0.03 ^ clk (in)
     1    0.01                           clk (net)
                  0.04    0.00    0.03 ^ clkbuf_0_clk/A (sky130_fd_sc_hd__clkbuf_16)
                  0.05    0.14    0.17 ^ clkbuf_0_clk/X (sky130_fd_sc_hd__clkbuf_16)
     4    0.03                           clknet_0_clk (net)
                  0.05    0.00    0.17 ^ clkbuf_2_0__f_clk/A (sky130_fd_sc_hd__clkbuf_16)
                  0.05    0.14    0.31 ^ clkbuf_2_0__f_clk/X (sky130_fd_sc_hd__clkbuf_16)
    15    0.03                           clknet_2_0__leaf_clk (net)
                  0.05    0.00    0.31 ^ _716_/CLK (sky130_fd_sc_hd__dfrtp_1)
                          0.25    0.56   clock uncertainty
                          0.00    0.56   clock reconvergence pessimism
                          0.32    0.88   library removal time
                                  0.88   data required time
-----------------------------------------------------------------------------
                                  0.88   data required time
                                 -2.43   data arrival time
-----------------------------------------------------------------------------
                                  1.55   slack (MET)


Startpoint: rst (input port clocked by clk)
Endpoint: _720_ (removal check against rising-edge clock clk)
Path Group: asynchronous
Path Type: min

Fanout     Cap    Slew   Delay    Time   Description
-----------------------------------------------------------------------------
                          0.00    0.00   clock clk (rise edge)
                          0.00    0.00   clock network delay (propagated)
                          2.00    2.00 v input external delay
                  0.01    0.00    2.00 v rst (in)
     1    0.00                           rst (net)
                  0.01    0.00    2.00 v input17/A (sky130_fd_sc_hd__clkbuf_1)
                  0.02    0.07    2.07 v input17/X (sky130_fd_sc_hd__clkbuf_1)
     1    0.00                           net17 (net)
                  0.02    0.00    2.07 v _634_/A (sky130_fd_sc_hd__buf_4)
                  0.06    0.15    2.22 v _634_/X (sky130_fd_sc_hd__buf_4)
     9    0.04                           _341_ (net)
                  0.06    0.00    2.22 v _657_/A (sky130_fd_sc_hd__clkbuf_8)
                  0.06    0.17    2.39 v _657_/X (sky130_fd_sc_hd__clkbuf_8)
    10    0.04                           _344_ (net)
                  0.06    0.00    2.39 v _664_/A (sky130_fd_sc_hd__inv_2)
                  0.03    0.05    2.43 ^ _664_/Y (sky130_fd_sc_hd__inv_2)
     1    0.00                           _027_ (net)
                  0.03    0.00    2.43 ^ _720_/RESET_B (sky130_fd_sc_hd__dfrtp_1)
                                  2.43   data arrival time

                          0.00    0.00   clock clk (rise edge)
                          0.00    0.00   clock source latency
                  0.04    0.03    0.03 ^ clk (in)
     1    0.01                           clk (net)
                  0.04    0.00    0.03 ^ clkbuf_0_clk/A (sky130_fd_sc_hd__clkbuf_16)
                  0.05    0.14    0.17 ^ clkbuf_0_clk/X (sky130_fd_sc_hd__clkbuf_16)
     4    0.03                           clknet_0_clk (net)
                  0.05    0.00    0.17 ^ clkbuf_2_0__f_clk/A (sky130_fd_sc_hd__clkbuf_16)
                  0.05    0.14    0.31 ^ clkbuf_2_0__f_clk/X (sky130_fd_sc_hd__clkbuf_16)
    15    0.03                           clknet_2_0__leaf_clk (net)
                  0.05    0.00    0.31 ^ _720_/CLK (sky130_fd_sc_hd__dfrtp_1)
                          0.25    0.56   clock uncertainty
                          0.00    0.56   clock reconvergence pessimism
                          0.32    0.88   library removal time
                                  0.88   data required time
-----------------------------------------------------------------------------
                                  0.88   data required time
                                 -2.43   data arrival time
-----------------------------------------------------------------------------
                                  1.55   slack (MET)


Startpoint: rst (input port clocked by clk)
Endpoint: _721_ (removal check against rising-edge clock clk)
Path Group: asynchronous
Path Type: min

Fanout     Cap    Slew   Delay    Time   Description
-----------------------------------------------------------------------------
                          0.00    0.00   clock clk (rise edge)
                          0.00    0.00   clock network delay (propagated)
                          2.00    2.00 v input external delay
                  0.01    0.00    2.00 v rst (in)
     1    0.00                           rst (net)
                  0.01    0.00    2.00 v input17/A (sky130_fd_sc_hd__clkbuf_1)
                  0.02    0.07    2.07 v input17/X (sky130_fd_sc_hd__clkbuf_1)
     1    0.00                           net17 (net)
                  0.02    0.00    2.07 v _634_/A (sky130_fd_sc_hd__buf_4)
                  0.06    0.15    2.22 v _634_/X (sky130_fd_sc_hd__buf_4)
     9    0.04                           _341_ (net)
                  0.06    0.00    2.22 v _657_/A (sky130_fd_sc_hd__clkbuf_8)
                  0.06    0.17    2.39 v _657_/X (sky130_fd_sc_hd__clkbuf_8)
    10    0.04                           _344_ (net)
                  0.06    0.00    2.39 v _665_/A (sky130_fd_sc_hd__inv_2)
                  0.03    0.05    2.43 ^ _665_/Y (sky130_fd_sc_hd__inv_2)
     1    0.00                           _028_ (net)
                  0.03    0.00    2.43 ^ _721_/RESET_B (sky130_fd_sc_hd__dfrtp_1)
                                  2.43   data arrival time

                          0.00    0.00   clock clk (rise edge)
                          0.00    0.00   clock source latency
                  0.04    0.03    0.03 ^ clk (in)
     1    0.01                           clk (net)
                  0.04    0.00    0.03 ^ clkbuf_0_clk/A (sky130_fd_sc_hd__clkbuf_16)
                  0.05    0.14    0.17 ^ clkbuf_0_clk/X (sky130_fd_sc_hd__clkbuf_16)
     4    0.03                           clknet_0_clk (net)
                  0.05    0.00    0.17 ^ clkbuf_2_0__f_clk/A (sky130_fd_sc_hd__clkbuf_16)
                  0.05    0.14    0.31 ^ clkbuf_2_0__f_clk/X (sky130_fd_sc_hd__clkbuf_16)
    15    0.03                           clknet_2_0__leaf_clk (net)
                  0.05    0.00    0.31 ^ _721_/CLK (sky130_fd_sc_hd__dfrtp_1)
                          0.25    0.56   clock uncertainty
                          0.00    0.56   clock reconvergence pessimism
                          0.32    0.88   library removal time
                                  0.88   data required time
-----------------------------------------------------------------------------
                                  0.88   data required time
                                 -2.43   data arrival time
-----------------------------------------------------------------------------
                                  1.55   slack (MET)


Startpoint: rst (input port clocked by clk)
Endpoint: _722_ (removal check against rising-edge clock clk)
Path Group: asynchronous
Path Type: min

Fanout     Cap    Slew   Delay    Time   Description
-----------------------------------------------------------------------------
                          0.00    0.00   clock clk (rise edge)
                          0.00    0.00   clock network delay (propagated)
                          2.00    2.00 v input external delay
                  0.01    0.00    2.00 v rst (in)
     1    0.00                           rst (net)
                  0.01    0.00    2.00 v input17/A (sky130_fd_sc_hd__clkbuf_1)
                  0.02    0.07    2.07 v input17/X (sky130_fd_sc_hd__clkbuf_1)
     1    0.00                           net17 (net)
                  0.02    0.00    2.07 v _634_/A (sky130_fd_sc_hd__buf_4)
                  0.06    0.15    2.22 v _634_/X (sky130_fd_sc_hd__buf_4)
     9    0.04                           _341_ (net)
                  0.06    0.00    2.22 v _657_/A (sky130_fd_sc_hd__clkbuf_8)
                  0.06    0.17    2.39 v _657_/X (sky130_fd_sc_hd__clkbuf_8)
    10    0.04                           _344_ (net)
                  0.06    0.00    2.39 v _666_/A (sky130_fd_sc_hd__inv_2)
                  0.03    0.05    2.43 ^ _666_/Y (sky130_fd_sc_hd__inv_2)
     1    0.00                           _029_ (net)
                  0.03    0.00    2.43 ^ _722_/RESET_B (sky130_fd_sc_hd__dfrtp_1)
                                  2.43   data arrival time

                          0.00    0.00   clock clk (rise edge)
                          0.00    0.00   clock source latency
                  0.04    0.03    0.03 ^ clk (in)
     1    0.01                           clk (net)
                  0.04    0.00    0.03 ^ clkbuf_0_clk/A (sky130_fd_sc_hd__clkbuf_16)
                  0.05    0.14    0.17 ^ clkbuf_0_clk/X (sky130_fd_sc_hd__clkbuf_16)
     4    0.03                           clknet_0_clk (net)
                  0.05    0.00    0.17 ^ clkbuf_2_0__f_clk/A (sky130_fd_sc_hd__clkbuf_16)
                  0.05    0.14    0.31 ^ clkbuf_2_0__f_clk/X (sky130_fd_sc_hd__clkbuf_16)
    15    0.03                           clknet_2_0__leaf_clk (net)
                  0.05    0.00    0.31 ^ _722_/CLK (sky130_fd_sc_hd__dfrtp_1)
                          0.25    0.56   clock uncertainty
                          0.00    0.56   clock reconvergence pessimism
                          0.32    0.88   library removal time
                                  0.88   data required time
-----------------------------------------------------------------------------
                                  0.88   data required time
                                 -2.43   data arrival time
-----------------------------------------------------------------------------
                                  1.55   slack (MET)


Startpoint: rst (input port clocked by clk)
Endpoint: _733_ (removal check against rising-edge clock clk)
Path Group: asynchronous
Path Type: min

Fanout     Cap    Slew   Delay    Time   Description
-----------------------------------------------------------------------------
                          0.00    0.00   clock clk (rise edge)
                          0.00    0.00   clock network delay (propagated)
                          2.00    2.00 v input external delay
                  0.01    0.00    2.00 v rst (in)
     1    0.00                           rst (net)
                  0.01    0.00    2.00 v input17/A (sky130_fd_sc_hd__clkbuf_1)
                  0.02    0.07    2.07 v input17/X (sky130_fd_sc_hd__clkbuf_1)
     1    0.00                           net17 (net)
                  0.02    0.00    2.07 v _634_/A (sky130_fd_sc_hd__buf_4)
                  0.06    0.15    2.22 v _634_/X (sky130_fd_sc_hd__buf_4)
     9    0.04                           _341_ (net)
                  0.06    0.00    2.22 v _668_/A (sky130_fd_sc_hd__clkbuf_8)
                  0.06    0.17    2.39 v _668_/X (sky130_fd_sc_hd__clkbuf_8)
    10    0.04                           _345_ (net)
                  0.06    0.00    2.39 v _678_/A (sky130_fd_sc_hd__inv_2)
                  0.03    0.05    2.43 ^ _678_/Y (sky130_fd_sc_hd__inv_2)
     1    0.00                           _040_ (net)
                  0.03    0.00    2.43 ^ _733_/RESET_B (sky130_fd_sc_hd__dfrtp_1)
                                  2.43   data arrival time

                          0.00    0.00   clock clk (rise edge)
                          0.00    0.00   clock source latency
                  0.04    0.03    0.03 ^ clk (in)
     1    0.01                           clk (net)
                  0.04    0.00    0.03 ^ clkbuf_0_clk/A (sky130_fd_sc_hd__clkbuf_16)
                  0.05    0.14    0.17 ^ clkbuf_0_clk/X (sky130_fd_sc_hd__clkbuf_16)
     4    0.03                           clknet_0_clk (net)
                  0.05    0.00    0.17 ^ clkbuf_2_0__f_clk/A (sky130_fd_sc_hd__clkbuf_16)
                  0.05    0.14    0.31 ^ clkbuf_2_0__f_clk/X (sky130_fd_sc_hd__clkbuf_16)
    15    0.03                           clknet_2_0__leaf_clk (net)
                  0.05    0.00    0.31 ^ _733_/CLK (sky130_fd_sc_hd__dfrtp_1)
                          0.25    0.56   clock uncertainty
                          0.00    0.56   clock reconvergence pessimism
                          0.32    0.88   library removal time
                                  0.88   data required time
-----------------------------------------------------------------------------
                                  0.88   data required time
                                 -2.43   data arrival time
-----------------------------------------------------------------------------
                                  1.55   slack (MET)


Startpoint: rst (input port clocked by clk)
Endpoint: _734_ (removal check against rising-edge clock clk)
Path Group: asynchronous
Path Type: min

Fanout     Cap    Slew   Delay    Time   Description
-----------------------------------------------------------------------------
                          0.00    0.00   clock clk (rise edge)
                          0.00    0.00   clock network delay (propagated)
                          2.00    2.00 v input external delay
                  0.01    0.00    2.00 v rst (in)
     1    0.00                           rst (net)
                  0.01    0.00    2.00 v input17/A (sky130_fd_sc_hd__clkbuf_1)
                  0.02    0.07    2.07 v input17/X (sky130_fd_sc_hd__clkbuf_1)
     1    0.00                           net17 (net)
                  0.02    0.00    2.07 v _634_/A (sky130_fd_sc_hd__buf_4)
                  0.06    0.15    2.22 v _634_/X (sky130_fd_sc_hd__buf_4)
     9    0.04                           _341_ (net)
                  0.06    0.00    2.22 v _679_/A (sky130_fd_sc_hd__clkbuf_8)
                  0.06    0.17    2.39 v _679_/X (sky130_fd_sc_hd__clkbuf_8)
    10    0.04                           _346_ (net)
                  0.06    0.00    2.39 v _680_/A (sky130_fd_sc_hd__inv_2)
                  0.03    0.05    2.43 ^ _680_/Y (sky130_fd_sc_hd__inv_2)
     1    0.00                           _041_ (net)
                  0.03    0.00    2.43 ^ _734_/RESET_B (sky130_fd_sc_hd__dfrtp_1)
                                  2.43   data arrival time

                          0.00    0.00   clock clk (rise edge)
                          0.00    0.00   clock source latency
                  0.04    0.03    0.03 ^ clk (in)
     1    0.01                           clk (net)
                  0.04    0.00    0.03 ^ clkbuf_0_clk/A (sky130_fd_sc_hd__clkbuf_16)
                  0.05    0.14    0.17 ^ clkbuf_0_clk/X (sky130_fd_sc_hd__clkbuf_16)
     4    0.03                           clknet_0_clk (net)
                  0.05    0.00    0.17 ^ clkbuf_2_0__f_clk/A (sky130_fd_sc_hd__clkbuf_16)
                  0.05    0.14    0.31 ^ clkbuf_2_0__f_clk/X (sky130_fd_sc_hd__clkbuf_16)
    15    0.03                           clknet_2_0__leaf_clk (net)
                  0.05    0.00    0.31 ^ _734_/CLK (sky130_fd_sc_hd__dfrtp_1)
                          0.25    0.56   clock uncertainty
                          0.00    0.56   clock reconvergence pessimism
                          0.32    0.88   library removal time
                                  0.88   data required time
-----------------------------------------------------------------------------
                                  0.88   data required time
                                 -2.43   data arrival time
-----------------------------------------------------------------------------
                                  1.55   slack (MET)


Startpoint: rst (input port clocked by clk)
Endpoint: _735_ (removal check against rising-edge clock clk)
Path Group: asynchronous
Path Type: min

Fanout     Cap    Slew   Delay    Time   Description
-----------------------------------------------------------------------------
                          0.00    0.00   clock clk (rise edge)
                          0.00    0.00   clock network delay (propagated)
                          2.00    2.00 v input external delay
                  0.01    0.00    2.00 v rst (in)
     1    0.00                           rst (net)
                  0.01    0.00    2.00 v input17/A (sky130_fd_sc_hd__clkbuf_1)
                  0.02    0.07    2.07 v input17/X (sky130_fd_sc_hd__clkbuf_1)
     1    0.00                           net17 (net)
                  0.02    0.00    2.07 v _634_/A (sky130_fd_sc_hd__buf_4)
                  0.06    0.15    2.22 v _634_/X (sky130_fd_sc_hd__buf_4)
     9    0.04                           _341_ (net)
                  0.06    0.00    2.22 v _679_/A (sky130_fd_sc_hd__clkbuf_8)
                  0.06    0.17    2.39 v _679_/X (sky130_fd_sc_hd__clkbuf_8)
    10    0.04                           _346_ (net)
                  0.06    0.00    2.39 v _681_/A (sky130_fd_sc_hd__inv_2)
                  0.03    0.05    2.43 ^ _681_/Y (sky130_fd_sc_hd__inv_2)
     1    0.00                           _042_ (net)
                  0.03    0.00    2.43 ^ _735_/RESET_B (sky130_fd_sc_hd__dfrtp_1)
                                  2.43   data arrival time

                          0.00    0.00   clock clk (rise edge)
                          0.00    0.00   clock source latency
                  0.04    0.03    0.03 ^ clk (in)
     1    0.01                           clk (net)
                  0.04    0.00    0.03 ^ clkbuf_0_clk/A (sky130_fd_sc_hd__clkbuf_16)
                  0.05    0.14    0.17 ^ clkbuf_0_clk/X (sky130_fd_sc_hd__clkbuf_16)
     4    0.03                           clknet_0_clk (net)
                  0.05    0.00    0.17 ^ clkbuf_2_0__f_clk/A (sky130_fd_sc_hd__clkbuf_16)
                  0.05    0.14    0.31 ^ clkbuf_2_0__f_clk/X (sky130_fd_sc_hd__clkbuf_16)
    15    0.03                           clknet_2_0__leaf_clk (net)
                  0.05    0.00    0.31 ^ _735_/CLK (sky130_fd_sc_hd__dfrtp_1)
                          0.25    0.56   clock uncertainty
                          0.00    0.56   clock reconvergence pessimism
                          0.32    0.88   library removal time
                                  0.88   data required time
-----------------------------------------------------------------------------
                                  0.88   data required time
                                 -2.43   data arrival time
-----------------------------------------------------------------------------
                                  1.55   slack (MET)


Startpoint: rst (input port clocked by clk)
Endpoint: _736_ (removal check against rising-edge clock clk)
Path Group: asynchronous
Path Type: min

Fanout     Cap    Slew   Delay    Time   Description
-----------------------------------------------------------------------------
                          0.00    0.00   clock clk (rise edge)
                          0.00    0.00   clock network delay (propagated)
                          2.00    2.00 v input external delay
                  0.01    0.00    2.00 v rst (in)
     1    0.00                           rst (net)
                  0.01    0.00    2.00 v input17/A (sky130_fd_sc_hd__clkbuf_1)
                  0.02    0.07    2.07 v input17/X (sky130_fd_sc_hd__clkbuf_1)
     1    0.00                           net17 (net)
                  0.02    0.00    2.07 v _634_/A (sky130_fd_sc_hd__buf_4)
                  0.06    0.15    2.22 v _634_/X (sky130_fd_sc_hd__buf_4)
     9    0.04                           _341_ (net)
                  0.06    0.00    2.22 v _679_/A (sky130_fd_sc_hd__clkbuf_8)
                  0.06    0.17    2.39 v _679_/X (sky130_fd_sc_hd__clkbuf_8)
    10    0.04                           _346_ (net)
                  0.06    0.00    2.39 v _682_/A (sky130_fd_sc_hd__inv_2)
                  0.03    0.05    2.43 ^ _682_/Y (sky130_fd_sc_hd__inv_2)
     1    0.00                           _043_ (net)
                  0.03    0.00    2.43 ^ _736_/RESET_B (sky130_fd_sc_hd__dfrtp_2)
                                  2.43   data arrival time

                          0.00    0.00   clock clk (rise edge)
                          0.00    0.00   clock source latency
                  0.04    0.03    0.03 ^ clk (in)
     1    0.01                           clk (net)
                  0.04    0.00    0.03 ^ clkbuf_0_clk/A (sky130_fd_sc_hd__clkbuf_16)
                  0.05    0.14    0.17 ^ clkbuf_0_clk/X (sky130_fd_sc_hd__clkbuf_16)
     4    0.03                           clknet_0_clk (net)
                  0.05    0.00    0.17 ^ clkbuf_2_1__f_clk/A (sky130_fd_sc_hd__clkbuf_16)
                  0.05    0.14    0.31 ^ clkbuf_2_1__f_clk/X (sky130_fd_sc_hd__clkbuf_16)
    14    0.03                           clknet_2_1__leaf_clk (net)
                  0.05    0.00    0.31 ^ _736_/CLK (sky130_fd_sc_hd__dfrtp_2)
                          0.25    0.56   clock uncertainty
                          0.00    0.56   clock reconvergence pessimism
                          0.32    0.88   library removal time
                                  0.88   data required time
-----------------------------------------------------------------------------
                                  0.88   data required time
                                 -2.43   data arrival time
-----------------------------------------------------------------------------
                                  1.55   slack (MET)


Startpoint: rst (input port clocked by clk)
Endpoint: _737_ (removal check against rising-edge clock clk)
Path Group: asynchronous
Path Type: min

Fanout     Cap    Slew   Delay    Time   Description
-----------------------------------------------------------------------------
                          0.00    0.00   clock clk (rise edge)
                          0.00    0.00   clock network delay (propagated)
                          2.00    2.00 v input external delay
                  0.01    0.00    2.00 v rst (in)
     1    0.00                           rst (net)
                  0.01    0.00    2.00 v input17/A (sky130_fd_sc_hd__clkbuf_1)
                  0.02    0.07    2.07 v input17/X (sky130_fd_sc_hd__clkbuf_1)
     1    0.00                           net17 (net)
                  0.02    0.00    2.07 v _634_/A (sky130_fd_sc_hd__buf_4)
                  0.06    0.15    2.22 v _634_/X (sky130_fd_sc_hd__buf_4)
     9    0.04                           _341_ (net)
                  0.06    0.00    2.22 v _679_/A (sky130_fd_sc_hd__clkbuf_8)
                  0.06    0.17    2.39 v _679_/X (sky130_fd_sc_hd__clkbuf_8)
    10    0.04                           _346_ (net)
                  0.06    0.00    2.39 v _683_/A (sky130_fd_sc_hd__inv_2)
                  0.03    0.05    2.43 ^ _683_/Y (sky130_fd_sc_hd__inv_2)
     1    0.00                           _044_ (net)
                  0.03    0.00    2.43 ^ _737_/RESET_B (sky130_fd_sc_hd__dfrtp_2)
                                  2.43   data arrival time

                          0.00    0.00   clock clk (rise edge)
                          0.00    0.00   clock source latency
                  0.04    0.03    0.03 ^ clk (in)
     1    0.01                           clk (net)
                  0.04    0.00    0.03 ^ clkbuf_0_clk/A (sky130_fd_sc_hd__clkbuf_16)
                  0.05    0.14    0.17 ^ clkbuf_0_clk/X (sky130_fd_sc_hd__clkbuf_16)
     4    0.03                           clknet_0_clk (net)
                  0.05    0.00    0.17 ^ clkbuf_2_1__f_clk/A (sky130_fd_sc_hd__clkbuf_16)
                  0.05    0.14    0.31 ^ clkbuf_2_1__f_clk/X (sky130_fd_sc_hd__clkbuf_16)
    14    0.03                           clknet_2_1__leaf_clk (net)
                  0.05    0.00    0.31 ^ _737_/CLK (sky130_fd_sc_hd__dfrtp_2)
                          0.25    0.56   clock uncertainty
                          0.00    0.56   clock reconvergence pessimism
                          0.32    0.88   library removal time
                                  0.88   data required time
-----------------------------------------------------------------------------
                                  0.88   data required time
                                 -2.43   data arrival time
-----------------------------------------------------------------------------
                                  1.55   slack (MET)


Startpoint: rst (input port clocked by clk)
Endpoint: _738_ (removal check against rising-edge clock clk)
Path Group: asynchronous
Path Type: min

Fanout     Cap    Slew   Delay    Time   Description
-----------------------------------------------------------------------------
                          0.00    0.00   clock clk (rise edge)
                          0.00    0.00   clock network delay (propagated)
                          2.00    2.00 v input external delay
                  0.01    0.00    2.00 v rst (in)
     1    0.00                           rst (net)
                  0.01    0.00    2.00 v input17/A (sky130_fd_sc_hd__clkbuf_1)
                  0.02    0.07    2.07 v input17/X (sky130_fd_sc_hd__clkbuf_1)
     1    0.00                           net17 (net)
                  0.02    0.00    2.07 v _634_/A (sky130_fd_sc_hd__buf_4)
                  0.06    0.15    2.22 v _634_/X (sky130_fd_sc_hd__buf_4)
     9    0.04                           _341_ (net)
                  0.06    0.00    2.22 v _679_/A (sky130_fd_sc_hd__clkbuf_8)
                  0.06    0.17    2.39 v _679_/X (sky130_fd_sc_hd__clkbuf_8)
    10    0.04                           _346_ (net)
                  0.06    0.00    2.39 v _684_/A (sky130_fd_sc_hd__inv_2)
                  0.03    0.05    2.43 ^ _684_/Y (sky130_fd_sc_hd__inv_2)
     1    0.00                           _045_ (net)
                  0.03    0.00    2.43 ^ _738_/RESET_B (sky130_fd_sc_hd__dfrtp_2)
                                  2.43   data arrival time

                          0.00    0.00   clock clk (rise edge)
                          0.00    0.00   clock source latency
                  0.04    0.03    0.03 ^ clk (in)
     1    0.01                           clk (net)
                  0.04    0.00    0.03 ^ clkbuf_0_clk/A (sky130_fd_sc_hd__clkbuf_16)
                  0.05    0.14    0.17 ^ clkbuf_0_clk/X (sky130_fd_sc_hd__clkbuf_16)
     4    0.03                           clknet_0_clk (net)
                  0.05    0.00    0.17 ^ clkbuf_2_1__f_clk/A (sky130_fd_sc_hd__clkbuf_16)
                  0.05    0.14    0.31 ^ clkbuf_2_1__f_clk/X (sky130_fd_sc_hd__clkbuf_16)
    14    0.03                           clknet_2_1__leaf_clk (net)
                  0.05    0.00    0.31 ^ _738_/CLK (sky130_fd_sc_hd__dfrtp_2)
                          0.25    0.56   clock uncertainty
                          0.00    0.56   clock reconvergence pessimism
                          0.32    0.88   library removal time
                                  0.88   data required time
-----------------------------------------------------------------------------
                                  0.88   data required time
                                 -2.43   data arrival time
-----------------------------------------------------------------------------
                                  1.55   slack (MET)


Startpoint: rst (input port clocked by clk)
Endpoint: _699_ (removal check against rising-edge clock clk)
Path Group: asynchronous
Path Type: min

Fanout     Cap    Slew   Delay    Time   Description
-----------------------------------------------------------------------------
                          0.00    0.00   clock clk (rise edge)
                          0.00    0.00   clock network delay (propagated)
                          2.00    2.00 v input external delay
                  0.01    0.00    2.00 v rst (in)
     1    0.00                           rst (net)
                  0.01    0.00    2.00 v input17/A (sky130_fd_sc_hd__clkbuf_1)
                  0.02    0.07    2.07 v input17/X (sky130_fd_sc_hd__clkbuf_1)
     1    0.00                           net17 (net)
                  0.02    0.00    2.07 v _634_/A (sky130_fd_sc_hd__buf_4)
                  0.06    0.15    2.22 v _634_/X (sky130_fd_sc_hd__buf_4)
     9    0.04                           _341_ (net)
                  0.06    0.00    2.22 v _635_/A (sky130_fd_sc_hd__clkbuf_8)
                  0.06    0.17    2.39 v _635_/X (sky130_fd_sc_hd__clkbuf_8)
    10    0.04                           _342_ (net)
                  0.06    0.00    2.39 v _641_/A (sky130_fd_sc_hd__inv_2)
                  0.03    0.05    2.43 ^ _641_/Y (sky130_fd_sc_hd__inv_2)
     1    0.00                           _006_ (net)
                  0.03    0.00    2.43 ^ _699_/RESET_B (sky130_fd_sc_hd__dfrtp_4)
                                  2.43   data arrival time

                          0.00    0.00   clock clk (rise edge)
                          0.00    0.00   clock source latency
                  0.04    0.03    0.03 ^ clk (in)
     1    0.01                           clk (net)
                  0.04    0.00    0.03 ^ clkbuf_0_clk/A (sky130_fd_sc_hd__clkbuf_16)
                  0.05    0.14    0.17 ^ clkbuf_0_clk/X (sky130_fd_sc_hd__clkbuf_16)
     4    0.03                           clknet_0_clk (net)
                  0.05    0.00    0.17 ^ clkbuf_2_1__f_clk/A (sky130_fd_sc_hd__clkbuf_16)
                  0.05    0.14    0.31 ^ clkbuf_2_1__f_clk/X (sky130_fd_sc_hd__clkbuf_16)
    14    0.03                           clknet_2_1__leaf_clk (net)
                  0.05    0.00    0.31 ^ _699_/CLK (sky130_fd_sc_hd__dfrtp_4)
                          0.25    0.56   clock uncertainty
                          0.00    0.56   clock reconvergence pessimism
                          0.32    0.88   library removal time
                                  0.88   data required time
-----------------------------------------------------------------------------
                                  0.88   data required time
                                 -2.43   data arrival time
-----------------------------------------------------------------------------
                                  1.55   slack (MET)


Startpoint: rst (input port clocked by clk)
Endpoint: _731_ (removal check against rising-edge clock clk)
Path Group: asynchronous
Path Type: min

Fanout     Cap    Slew   Delay    Time   Description
-----------------------------------------------------------------------------
                          0.00    0.00   clock clk (rise edge)
                          0.00    0.00   clock network delay (propagated)
                          2.00    2.00 v input external delay
                  0.01    0.00    2.00 v rst (in)
     1    0.00                           rst (net)
                  0.01    0.00    2.00 v input17/A (sky130_fd_sc_hd__clkbuf_1)
                  0.02    0.07    2.07 v input17/X (sky130_fd_sc_hd__clkbuf_1)
     1    0.00                           net17 (net)
                  0.02    0.00    2.07 v _634_/A (sky130_fd_sc_hd__buf_4)
                  0.06    0.15    2.22 v _634_/X (sky130_fd_sc_hd__buf_4)
     9    0.04                           _341_ (net)
                  0.06    0.00    2.22 v _668_/A (sky130_fd_sc_hd__clkbuf_8)
                  0.06    0.17    2.39 v _668_/X (sky130_fd_sc_hd__clkbuf_8)
    10    0.04                           _345_ (net)
                  0.06    0.00    2.39 v _676_/A (sky130_fd_sc_hd__inv_2)
                  0.03    0.05    2.43 ^ _676_/Y (sky130_fd_sc_hd__inv_2)
     1    0.00                           _038_ (net)
                  0.03    0.00    2.43 ^ _731_/RESET_B (sky130_fd_sc_hd__dfrtp_4)
                                  2.43   data arrival time

                          0.00    0.00   clock clk (rise edge)
                          0.00    0.00   clock source latency
                  0.04    0.03    0.03 ^ clk (in)
     1    0.01                           clk (net)
                  0.04    0.00    0.03 ^ clkbuf_0_clk/A (sky130_fd_sc_hd__clkbuf_16)
                  0.05    0.14    0.17 ^ clkbuf_0_clk/X (sky130_fd_sc_hd__clkbuf_16)
     4    0.03                           clknet_0_clk (net)
                  0.05    0.00    0.17 ^ clkbuf_2_1__f_clk/A (sky130_fd_sc_hd__clkbuf_16)
                  0.05    0.14    0.31 ^ clkbuf_2_1__f_clk/X (sky130_fd_sc_hd__clkbuf_16)
    14    0.03                           clknet_2_1__leaf_clk (net)
                  0.05    0.00    0.31 ^ _731_/CLK (sky130_fd_sc_hd__dfrtp_4)
                          0.25    0.56   clock uncertainty
                          0.00    0.56   clock reconvergence pessimism
                          0.32    0.88   library removal time
                                  0.88   data required time
-----------------------------------------------------------------------------
                                  0.88   data required time
                                 -2.43   data arrival time
-----------------------------------------------------------------------------
                                  1.55   slack (MET)


Startpoint: rst (input port clocked by clk)
Endpoint: _694_ (removal check against rising-edge clock clk)
Path Group: asynchronous
Path Type: min

Fanout     Cap    Slew   Delay    Time   Description
-----------------------------------------------------------------------------
                          0.00    0.00   clock clk (rise edge)
                          0.00    0.00   clock network delay (propagated)
                          2.00    2.00 v input external delay
                  0.01    0.00    2.00 v rst (in)
     1    0.00                           rst (net)
                  0.01    0.00    2.00 v input17/A (sky130_fd_sc_hd__clkbuf_1)
                  0.02    0.07    2.07 v input17/X (sky130_fd_sc_hd__clkbuf_1)
     1    0.00                           net17 (net)
                  0.02    0.00    2.07 v _634_/A (sky130_fd_sc_hd__buf_4)
                  0.06    0.15    2.22 v _634_/X (sky130_fd_sc_hd__buf_4)
     9    0.04                           _341_ (net)
                  0.06    0.00    2.22 v _635_/A (sky130_fd_sc_hd__clkbuf_8)
                  0.06    0.17    2.39 v _635_/X (sky130_fd_sc_hd__clkbuf_8)
    10    0.04                           _342_ (net)
                  0.06    0.00    2.39 v _636_/A (sky130_fd_sc_hd__inv_2)
                  0.03    0.05    2.43 ^ _636_/Y (sky130_fd_sc_hd__inv_2)
     1    0.00                           _001_ (net)
                  0.03    0.00    2.43 ^ _694_/RESET_B (sky130_fd_sc_hd__dfrtp_1)
                                  2.43   data arrival time

                          0.00    0.00   clock clk (rise edge)
                          0.00    0.00   clock source latency
                  0.04    0.03    0.03 ^ clk (in)
     1    0.01                           clk (net)
                  0.04    0.00    0.03 ^ clkbuf_0_clk/A (sky130_fd_sc_hd__clkbuf_16)
                  0.05    0.14    0.17 ^ clkbuf_0_clk/X (sky130_fd_sc_hd__clkbuf_16)
     4    0.03                           clknet_0_clk (net)
                  0.05    0.00    0.17 ^ clkbuf_2_1__f_clk/A (sky130_fd_sc_hd__clkbuf_16)
                  0.05    0.14    0.31 ^ clkbuf_2_1__f_clk/X (sky130_fd_sc_hd__clkbuf_16)
    14    0.03                           clknet_2_1__leaf_clk (net)
                  0.05    0.00    0.31 ^ _694_/CLK (sky130_fd_sc_hd__dfrtp_1)
                          0.25    0.56   clock uncertainty
                          0.00    0.56   clock reconvergence pessimism
                          0.32    0.88   library removal time
                                  0.88   data required time
-----------------------------------------------------------------------------
                                  0.88   data required time
                                 -2.43   data arrival time
-----------------------------------------------------------------------------
                                  1.55   slack (MET)


Startpoint: rst (input port clocked by clk)
Endpoint: _695_ (removal check against rising-edge clock clk)
Path Group: asynchronous
Path Type: min

Fanout     Cap    Slew   Delay    Time   Description
-----------------------------------------------------------------------------
                          0.00    0.00   clock clk (rise edge)
                          0.00    0.00   clock network delay (propagated)
                          2.00    2.00 v input external delay
                  0.01    0.00    2.00 v rst (in)
     1    0.00                           rst (net)
                  0.01    0.00    2.00 v input17/A (sky130_fd_sc_hd__clkbuf_1)
                  0.02    0.07    2.07 v input17/X (sky130_fd_sc_hd__clkbuf_1)
     1    0.00                           net17 (net)
                  0.02    0.00    2.07 v _634_/A (sky130_fd_sc_hd__buf_4)
                  0.06    0.15    2.22 v _634_/X (sky130_fd_sc_hd__buf_4)
     9    0.04                           _341_ (net)
                  0.06    0.00    2.22 v _635_/A (sky130_fd_sc_hd__clkbuf_8)
                  0.06    0.17    2.39 v _635_/X (sky130_fd_sc_hd__clkbuf_8)
    10    0.04                           _342_ (net)
                  0.06    0.00    2.39 v _637_/A (sky130_fd_sc_hd__inv_2)
                  0.03    0.05    2.43 ^ _637_/Y (sky130_fd_sc_hd__inv_2)
     1    0.00                           _002_ (net)
                  0.03    0.00    2.43 ^ _695_/RESET_B (sky130_fd_sc_hd__dfrtp_1)
                                  2.43   data arrival time

                          0.00    0.00   clock clk (rise edge)
                          0.00    0.00   clock source latency
                  0.04    0.03    0.03 ^ clk (in)
     1    0.01                           clk (net)
                  0.04    0.00    0.03 ^ clkbuf_0_clk/A (sky130_fd_sc_hd__clkbuf_16)
                  0.05    0.14    0.17 ^ clkbuf_0_clk/X (sky130_fd_sc_hd__clkbuf_16)
     4    0.03                           clknet_0_clk (net)
                  0.05    0.00    0.17 ^ clkbuf_2_1__f_clk/A (sky130_fd_sc_hd__clkbuf_16)
                  0.05    0.14    0.31 ^ clkbuf_2_1__f_clk/X (sky130_fd_sc_hd__clkbuf_16)
    14    0.03                           clknet_2_1__leaf_clk (net)
                  0.05    0.00    0.31 ^ _695_/CLK (sky130_fd_sc_hd__dfrtp_1)
                          0.25    0.56   clock uncertainty
                          0.00    0.56   clock reconvergence pessimism
                          0.32    0.88   library removal time
                                  0.88   data required time
-----------------------------------------------------------------------------
                                  0.88   data required time
                                 -2.43   data arrival time
-----------------------------------------------------------------------------
                                  1.55   slack (MET)


Startpoint: rst (input port clocked by clk)
Endpoint: _703_ (removal check against rising-edge clock clk)
Path Group: asynchronous
Path Type: min

Fanout     Cap    Slew   Delay    Time   Description
-----------------------------------------------------------------------------
                          0.00    0.00   clock clk (rise edge)
                          0.00    0.00   clock network delay (propagated)
                          2.00    2.00 v input external delay
                  0.01    0.00    2.00 v rst (in)
     1    0.00                           rst (net)
                  0.01    0.00    2.00 v input17/A (sky130_fd_sc_hd__clkbuf_1)
                  0.02    0.07    2.07 v input17/X (sky130_fd_sc_hd__clkbuf_1)
     1    0.00                           net17 (net)
                  0.02    0.00    2.07 v _634_/A (sky130_fd_sc_hd__buf_4)
                  0.06    0.15    2.22 v _634_/X (sky130_fd_sc_hd__buf_4)
     9    0.04                           _341_ (net)
                  0.06    0.00    2.22 v _635_/A (sky130_fd_sc_hd__clkbuf_8)
                  0.06    0.17    2.39 v _635_/X (sky130_fd_sc_hd__clkbuf_8)
    10    0.04                           _342_ (net)
                  0.06    0.00    2.39 v _645_/A (sky130_fd_sc_hd__inv_2)
                  0.03    0.05    2.43 ^ _645_/Y (sky130_fd_sc_hd__inv_2)
     1    0.00                           _010_ (net)
                  0.03    0.00    2.43 ^ _703_/RESET_B (sky130_fd_sc_hd__dfrtp_1)
                                  2.43   data arrival time

                          0.00    0.00   clock clk (rise edge)
                          0.00    0.00   clock source latency
                  0.04    0.03    0.03 ^ clk (in)
     1    0.01                           clk (net)
                  0.04    0.00    0.03 ^ clkbuf_0_clk/A (sky130_fd_sc_hd__clkbuf_16)
                  0.05    0.14    0.17 ^ clkbuf_0_clk/X (sky130_fd_sc_hd__clkbuf_16)
     4    0.03                           clknet_0_clk (net)
                  0.05    0.00    0.17 ^ clkbuf_2_1__f_clk/A (sky130_fd_sc_hd__clkbuf_16)
                  0.05    0.14    0.31 ^ clkbuf_2_1__f_clk/X (sky130_fd_sc_hd__clkbuf_16)
    14    0.03                           clknet_2_1__leaf_clk (net)
                  0.05    0.00    0.31 ^ _703_/CLK (sky130_fd_sc_hd__dfrtp_1)
                          0.25    0.56   clock uncertainty
                          0.00    0.56   clock reconvergence pessimism
                          0.32    0.88   library removal time
                                  0.88   data required time
-----------------------------------------------------------------------------
                                  0.88   data required time
                                 -2.43   data arrival time
-----------------------------------------------------------------------------
                                  1.55   slack (MET)


Startpoint: rst (input port clocked by clk)
Endpoint: _706_ (removal check against rising-edge clock clk)
Path Group: asynchronous
Path Type: min

Fanout     Cap    Slew   Delay    Time   Description
-----------------------------------------------------------------------------
                          0.00    0.00   clock clk (rise edge)
                          0.00    0.00   clock network delay (propagated)
                          2.00    2.00 v input external delay
                  0.01    0.00    2.00 v rst (in)
     1    0.00                           rst (net)
                  0.01    0.00    2.00 v input17/A (sky130_fd_sc_hd__clkbuf_1)
                  0.02    0.07    2.07 v input17/X (sky130_fd_sc_hd__clkbuf_1)
     1    0.00                           net17 (net)
                  0.02    0.00    2.07 v _634_/A (sky130_fd_sc_hd__buf_4)
                  0.06    0.15    2.22 v _634_/X (sky130_fd_sc_hd__buf_4)
     9    0.04                           _341_ (net)
                  0.06    0.00    2.22 v _646_/A (sky130_fd_sc_hd__clkbuf_8)
                  0.06    0.17    2.39 v _646_/X (sky130_fd_sc_hd__clkbuf_8)
    10    0.04                           _343_ (net)
                  0.06    0.00    2.39 v _649_/A (sky130_fd_sc_hd__inv_2)
                  0.03    0.05    2.43 ^ _649_/Y (sky130_fd_sc_hd__inv_2)
     1    0.00                           _013_ (net)
                  0.03    0.00    2.43 ^ _706_/RESET_B (sky130_fd_sc_hd__dfrtp_1)
                                  2.43   data arrival time

                          0.00    0.00   clock clk (rise edge)
                          0.00    0.00   clock source latency
                  0.04    0.03    0.03 ^ clk (in)
     1    0.01                           clk (net)
                  0.04    0.00    0.03 ^ clkbuf_0_clk/A (sky130_fd_sc_hd__clkbuf_16)
                  0.05    0.14    0.17 ^ clkbuf_0_clk/X (sky130_fd_sc_hd__clkbuf_16)
     4    0.03                           clknet_0_clk (net)
                  0.05    0.00    0.17 ^ clkbuf_2_1__f_clk/A (sky130_fd_sc_hd__clkbuf_16)
                  0.05    0.14    0.31 ^ clkbuf_2_1__f_clk/X (sky130_fd_sc_hd__clkbuf_16)
    14    0.03                           clknet_2_1__leaf_clk (net)
                  0.05    0.00    0.31 ^ _706_/CLK (sky130_fd_sc_hd__dfrtp_1)
                          0.25    0.56   clock uncertainty
                          0.00    0.56   clock reconvergence pessimism
                          0.32    0.88   library removal time
                                  0.88   data required time
-----------------------------------------------------------------------------
                                  0.88   data required time
                                 -2.43   data arrival time
-----------------------------------------------------------------------------
                                  1.55   slack (MET)


Startpoint: rst (input port clocked by clk)
Endpoint: _709_ (removal check against rising-edge clock clk)
Path Group: asynchronous
Path Type: min

Fanout     Cap    Slew   Delay    Time   Description
-----------------------------------------------------------------------------
                          0.00    0.00   clock clk (rise edge)
                          0.00    0.00   clock network delay (propagated)
                          2.00    2.00 v input external delay
                  0.01    0.00    2.00 v rst (in)
     1    0.00                           rst (net)
                  0.01    0.00    2.00 v input17/A (sky130_fd_sc_hd__clkbuf_1)
                  0.02    0.07    2.07 v input17/X (sky130_fd_sc_hd__clkbuf_1)
     1    0.00                           net17 (net)
                  0.02    0.00    2.07 v _634_/A (sky130_fd_sc_hd__buf_4)
                  0.06    0.15    2.22 v _634_/X (sky130_fd_sc_hd__buf_4)
     9    0.04                           _341_ (net)
                  0.06    0.00    2.22 v _646_/A (sky130_fd_sc_hd__clkbuf_8)
                  0.06    0.17    2.39 v _646_/X (sky130_fd_sc_hd__clkbuf_8)
    10    0.04                           _343_ (net)
                  0.06    0.00    2.39 v _652_/A (sky130_fd_sc_hd__inv_2)
                  0.03    0.05    2.43 ^ _652_/Y (sky130_fd_sc_hd__inv_2)
     1    0.00                           _016_ (net)
                  0.03    0.00    2.43 ^ _709_/RESET_B (sky130_fd_sc_hd__dfrtp_1)
                                  2.43   data arrival time

                          0.00    0.00   clock clk (rise edge)
                          0.00    0.00   clock source latency
                  0.04    0.03    0.03 ^ clk (in)
     1    0.01                           clk (net)
                  0.04    0.00    0.03 ^ clkbuf_0_clk/A (sky130_fd_sc_hd__clkbuf_16)
                  0.05    0.14    0.17 ^ clkbuf_0_clk/X (sky130_fd_sc_hd__clkbuf_16)
     4    0.03                           clknet_0_clk (net)
                  0.05    0.00    0.17 ^ clkbuf_2_1__f_clk/A (sky130_fd_sc_hd__clkbuf_16)
                  0.05    0.14    0.31 ^ clkbuf_2_1__f_clk/X (sky130_fd_sc_hd__clkbuf_16)
    14    0.03                           clknet_2_1__leaf_clk (net)
                  0.05    0.00    0.31 ^ _709_/CLK (sky130_fd_sc_hd__dfrtp_1)
                          0.25    0.56   clock uncertainty
                          0.00    0.56   clock reconvergence pessimism
                          0.32    0.88   library removal time
                                  0.88   data required time
-----------------------------------------------------------------------------
                                  0.88   data required time
                                 -2.43   data arrival time
-----------------------------------------------------------------------------
                                  1.55   slack (MET)


Startpoint: rst (input port clocked by clk)
Endpoint: _712_ (removal check against rising-edge clock clk)
Path Group: asynchronous
Path Type: min

Fanout     Cap    Slew   Delay    Time   Description
-----------------------------------------------------------------------------
                          0.00    0.00   clock clk (rise edge)
                          0.00    0.00   clock network delay (propagated)
                          2.00    2.00 v input external delay
                  0.01    0.00    2.00 v rst (in)
     1    0.00                           rst (net)
                  0.01    0.00    2.00 v input17/A (sky130_fd_sc_hd__clkbuf_1)
                  0.02    0.07    2.07 v input17/X (sky130_fd_sc_hd__clkbuf_1)
     1    0.00                           net17 (net)
                  0.02    0.00    2.07 v _634_/A (sky130_fd_sc_hd__buf_4)
                  0.06    0.15    2.22 v _634_/X (sky130_fd_sc_hd__buf_4)
     9    0.04                           _341_ (net)
                  0.06    0.00    2.22 v _646_/A (sky130_fd_sc_hd__clkbuf_8)
                  0.06    0.17    2.39 v _646_/X (sky130_fd_sc_hd__clkbuf_8)
    10    0.04                           _343_ (net)
                  0.06    0.00    2.39 v _655_/A (sky130_fd_sc_hd__inv_2)
                  0.03    0.05    2.43 ^ _655_/Y (sky130_fd_sc_hd__inv_2)
     1    0.00                           _019_ (net)
                  0.03    0.00    2.43 ^ _712_/RESET_B (sky130_fd_sc_hd__dfrtp_1)
                                  2.43   data arrival time

                          0.00    0.00   clock clk (rise edge)
                          0.00    0.00   clock source latency
                  0.04    0.03    0.03 ^ clk (in)
     1    0.01                           clk (net)
                  0.04    0.00    0.03 ^ clkbuf_0_clk/A (sky130_fd_sc_hd__clkbuf_16)
                  0.05    0.14    0.17 ^ clkbuf_0_clk/X (sky130_fd_sc_hd__clkbuf_16)
     4    0.03                           clknet_0_clk (net)
                  0.05    0.00    0.17 ^ clkbuf_2_1__f_clk/A (sky130_fd_sc_hd__clkbuf_16)
                  0.05    0.14    0.31 ^ clkbuf_2_1__f_clk/X (sky130_fd_sc_hd__clkbuf_16)
    14    0.03                           clknet_2_1__leaf_clk (net)
                  0.05    0.00    0.31 ^ _712_/CLK (sky130_fd_sc_hd__dfrtp_1)
                          0.25    0.56   clock uncertainty
                          0.00    0.56   clock reconvergence pessimism
                          0.32    0.88   library removal time
                                  0.88   data required time
-----------------------------------------------------------------------------
                                  0.88   data required time
                                 -2.43   data arrival time
-----------------------------------------------------------------------------
                                  1.55   slack (MET)


Startpoint: rst (input port clocked by clk)
Endpoint: _714_ (removal check against rising-edge clock clk)
Path Group: asynchronous
Path Type: min

Fanout     Cap    Slew   Delay    Time   Description
-----------------------------------------------------------------------------
                          0.00    0.00   clock clk (rise edge)
                          0.00    0.00   clock network delay (propagated)
                          2.00    2.00 v input external delay
                  0.01    0.00    2.00 v rst (in)
     1    0.00                           rst (net)
                  0.01    0.00    2.00 v input17/A (sky130_fd_sc_hd__clkbuf_1)
                  0.02    0.07    2.07 v input17/X (sky130_fd_sc_hd__clkbuf_1)
     1    0.00                           net17 (net)
                  0.02    0.00    2.07 v _634_/A (sky130_fd_sc_hd__buf_4)
                  0.06    0.15    2.22 v _634_/X (sky130_fd_sc_hd__buf_4)
     9    0.04                           _341_ (net)
                  0.06    0.00    2.22 v _657_/A (sky130_fd_sc_hd__clkbuf_8)
                  0.06    0.17    2.39 v _657_/X (sky130_fd_sc_hd__clkbuf_8)
    10    0.04                           _344_ (net)
                  0.06    0.00    2.39 v _658_/A (sky130_fd_sc_hd__inv_2)
                  0.03    0.05    2.43 ^ _658_/Y (sky130_fd_sc_hd__inv_2)
     1    0.00                           _021_ (net)
                  0.03    0.00    2.43 ^ _714_/RESET_B (sky130_fd_sc_hd__dfrtp_1)
                                  2.43   data arrival time

                          0.00    0.00   clock clk (rise edge)
                          0.00    0.00   clock source latency
                  0.04    0.03    0.03 ^ clk (in)
     1    0.01                           clk (net)
                  0.04    0.00    0.03 ^ clkbuf_0_clk/A (sky130_fd_sc_hd__clkbuf_16)
                  0.05    0.14    0.17 ^ clkbuf_0_clk/X (sky130_fd_sc_hd__clkbuf_16)
     4    0.03                           clknet_0_clk (net)
                  0.05    0.00    0.17 ^ clkbuf_2_1__f_clk/A (sky130_fd_sc_hd__clkbuf_16)
                  0.05    0.14    0.31 ^ clkbuf_2_1__f_clk/X (sky130_fd_sc_hd__clkbuf_16)
    14    0.03                           clknet_2_1__leaf_clk (net)
                  0.05    0.00    0.31 ^ _714_/CLK (sky130_fd_sc_hd__dfrtp_1)
                          0.25    0.56   clock uncertainty
                          0.00    0.56   clock reconvergence pessimism
                          0.32    0.88   library removal time
                                  0.88   data required time
-----------------------------------------------------------------------------
                                  0.88   data required time
                                 -2.43   data arrival time
-----------------------------------------------------------------------------
                                  1.55   slack (MET)


Startpoint: rst (input port clocked by clk)
Endpoint: _719_ (removal check against rising-edge clock clk)
Path Group: asynchronous
Path Type: min

Fanout     Cap    Slew   Delay    Time   Description
-----------------------------------------------------------------------------
                          0.00    0.00   clock clk (rise edge)
                          0.00    0.00   clock network delay (propagated)
                          2.00    2.00 v input external delay
                  0.01    0.00    2.00 v rst (in)
     1    0.00                           rst (net)
                  0.01    0.00    2.00 v input17/A (sky130_fd_sc_hd__clkbuf_1)
                  0.02    0.07    2.07 v input17/X (sky130_fd_sc_hd__clkbuf_1)
     1    0.00                           net17 (net)
                  0.02    0.00    2.07 v _634_/A (sky130_fd_sc_hd__buf_4)
                  0.06    0.15    2.22 v _634_/X (sky130_fd_sc_hd__buf_4)
     9    0.04                           _341_ (net)
                  0.06    0.00    2.22 v _657_/A (sky130_fd_sc_hd__clkbuf_8)
                  0.06    0.17    2.39 v _657_/X (sky130_fd_sc_hd__clkbuf_8)
    10    0.04                           _344_ (net)
                  0.06    0.00    2.39 v _663_/A (sky130_fd_sc_hd__inv_2)
                  0.03    0.05    2.43 ^ _663_/Y (sky130_fd_sc_hd__inv_2)
     1    0.00                           _026_ (net)
                  0.03    0.00    2.43 ^ _719_/RESET_B (sky130_fd_sc_hd__dfrtp_1)
                                  2.43   data arrival time

                          0.00    0.00   clock clk (rise edge)
                          0.00    0.00   clock source latency
                  0.04    0.03    0.03 ^ clk (in)
     1    0.01                           clk (net)
                  0.04    0.00    0.03 ^ clkbuf_0_clk/A (sky130_fd_sc_hd__clkbuf_16)
                  0.05    0.14    0.17 ^ clkbuf_0_clk/X (sky130_fd_sc_hd__clkbuf_16)
     4    0.03                           clknet_0_clk (net)
                  0.05    0.00    0.17 ^ clkbuf_2_1__f_clk/A (sky130_fd_sc_hd__clkbuf_16)
                  0.05    0.14    0.31 ^ clkbuf_2_1__f_clk/X (sky130_fd_sc_hd__clkbuf_16)
    14    0.03                           clknet_2_1__leaf_clk (net)
                  0.05    0.00    0.31 ^ _719_/CLK (sky130_fd_sc_hd__dfrtp_1)
                          0.25    0.56   clock uncertainty
                          0.00    0.56   clock reconvergence pessimism
                          0.32    0.88   library removal time
                                  0.88   data required time
-----------------------------------------------------------------------------
                                  0.88   data required time
                                 -2.43   data arrival time
-----------------------------------------------------------------------------
                                  1.55   slack (MET)


Startpoint: rst (input port clocked by clk)
Endpoint: _723_ (removal check against rising-edge clock clk)
Path Group: asynchronous
Path Type: min

Fanout     Cap    Slew   Delay    Time   Description
-----------------------------------------------------------------------------
                          0.00    0.00   clock clk (rise edge)
                          0.00    0.00   clock network delay (propagated)
                          2.00    2.00 v input external delay
                  0.01    0.00    2.00 v rst (in)
     1    0.00                           rst (net)
                  0.01    0.00    2.00 v input17/A (sky130_fd_sc_hd__clkbuf_1)
                  0.02    0.07    2.07 v input17/X (sky130_fd_sc_hd__clkbuf_1)
     1    0.00                           net17 (net)
                  0.02    0.00    2.07 v _634_/A (sky130_fd_sc_hd__buf_4)
                  0.06    0.15    2.22 v _634_/X (sky130_fd_sc_hd__buf_4)
     9    0.04                           _341_ (net)
                  0.06    0.00    2.22 v _657_/A (sky130_fd_sc_hd__clkbuf_8)
                  0.06    0.17    2.39 v _657_/X (sky130_fd_sc_hd__clkbuf_8)
    10    0.04                           _344_ (net)
                  0.06    0.00    2.39 v _667_/A (sky130_fd_sc_hd__inv_2)
                  0.03    0.05    2.43 ^ _667_/Y (sky130_fd_sc_hd__inv_2)
     1    0.00                           _030_ (net)
                  0.03    0.00    2.43 ^ _723_/RESET_B (sky130_fd_sc_hd__dfrtp_1)
                                  2.43   data arrival time

                          0.00    0.00   clock clk (rise edge)
                          0.00    0.00   clock source latency
                  0.04    0.03    0.03 ^ clk (in)
     1    0.01                           clk (net)
                  0.04    0.00    0.03 ^ clkbuf_0_clk/A (sky130_fd_sc_hd__clkbuf_16)
                  0.05    0.14    0.17 ^ clkbuf_0_clk/X (sky130_fd_sc_hd__clkbuf_16)
     4    0.03                           clknet_0_clk (net)
                  0.05    0.00    0.17 ^ clkbuf_2_1__f_clk/A (sky130_fd_sc_hd__clkbuf_16)
                  0.05    0.14    0.31 ^ clkbuf_2_1__f_clk/X (sky130_fd_sc_hd__clkbuf_16)
    14    0.03                           clknet_2_1__leaf_clk (net)
                  0.05    0.00    0.31 ^ _723_/CLK (sky130_fd_sc_hd__dfrtp_1)
                          0.25    0.56   clock uncertainty
                          0.00    0.56   clock reconvergence pessimism
                          0.32    0.88   library removal time
                                  0.88   data required time
-----------------------------------------------------------------------------
                                  0.88   data required time
                                 -2.43   data arrival time
-----------------------------------------------------------------------------
                                  1.55   slack (MET)


Startpoint: rst (input port clocked by clk)
Endpoint: _724_ (removal check against rising-edge clock clk)
Path Group: asynchronous
Path Type: min

Fanout     Cap    Slew   Delay    Time   Description
-----------------------------------------------------------------------------
                          0.00    0.00   clock clk (rise edge)
                          0.00    0.00   clock network delay (propagated)
                          2.00    2.00 v input external delay
                  0.01    0.00    2.00 v rst (in)
     1    0.00                           rst (net)
                  0.01    0.00    2.00 v input17/A (sky130_fd_sc_hd__clkbuf_1)
                  0.02    0.07    2.07 v input17/X (sky130_fd_sc_hd__clkbuf_1)
     1    0.00                           net17 (net)
                  0.02    0.00    2.07 v _634_/A (sky130_fd_sc_hd__buf_4)
                  0.06    0.15    2.22 v _634_/X (sky130_fd_sc_hd__buf_4)
     9    0.04                           _341_ (net)
                  0.06    0.00    2.22 v _668_/A (sky130_fd_sc_hd__clkbuf_8)
                  0.06    0.17    2.39 v _668_/X (sky130_fd_sc_hd__clkbuf_8)
    10    0.04                           _345_ (net)
                  0.06    0.00    2.39 v _669_/A (sky130_fd_sc_hd__inv_2)
                  0.03    0.05    2.43 ^ _669_/Y (sky130_fd_sc_hd__inv_2)
     1    0.00                           _031_ (net)
                  0.03    0.00    2.43 ^ _724_/RESET_B (sky130_fd_sc_hd__dfrtp_2)
                                  2.43   data arrival time

                          0.00    0.00   clock clk (rise edge)
                          0.00    0.00   clock source latency
                  0.04    0.03    0.03 ^ clk (in)
     1    0.01                           clk (net)
                  0.04    0.00    0.03 ^ clkbuf_0_clk/A (sky130_fd_sc_hd__clkbuf_16)
                  0.05    0.14    0.17 ^ clkbuf_0_clk/X (sky130_fd_sc_hd__clkbuf_16)
     4    0.03                           clknet_0_clk (net)
                  0.05    0.00    0.17 ^ clkbuf_2_2__f_clk/A (sky130_fd_sc_hd__clkbuf_16)
                  0.05    0.14    0.31 ^ clkbuf_2_2__f_clk/X (sky130_fd_sc_hd__clkbuf_16)
    13    0.02                           clknet_2_2__leaf_clk (net)
                  0.05    0.00    0.31 ^ _724_/CLK (sky130_fd_sc_hd__dfrtp_2)
                          0.25    0.56   clock uncertainty
                          0.00    0.56   clock reconvergence pessimism
                          0.32    0.88   library removal time
                                  0.88   data required time
-----------------------------------------------------------------------------
                                  0.88   data required time
                                 -2.43   data arrival time
-----------------------------------------------------------------------------
                                  1.56   slack (MET)


Startpoint: rst (input port clocked by clk)
Endpoint: _743_ (removal check against rising-edge clock clk)
Path Group: asynchronous
Path Type: min

Fanout     Cap    Slew   Delay    Time   Description
-----------------------------------------------------------------------------
                          0.00    0.00   clock clk (rise edge)
                          0.00    0.00   clock network delay (propagated)
                          2.00    2.00 v input external delay
                  0.01    0.00    2.00 v rst (in)
     1    0.00                           rst (net)
                  0.01    0.00    2.00 v input17/A (sky130_fd_sc_hd__clkbuf_1)
                  0.02    0.07    2.07 v input17/X (sky130_fd_sc_hd__clkbuf_1)
     1    0.00                           net17 (net)
                  0.02    0.00    2.07 v _634_/A (sky130_fd_sc_hd__buf_4)
                  0.06    0.15    2.22 v _634_/X (sky130_fd_sc_hd__buf_4)
     9    0.04                           _341_ (net)
                  0.06    0.00    2.22 v _679_/A (sky130_fd_sc_hd__clkbuf_8)
                  0.06    0.17    2.39 v _679_/X (sky130_fd_sc_hd__clkbuf_8)
    10    0.04                           _346_ (net)
                  0.06    0.00    2.39 v _689_/A (sky130_fd_sc_hd__inv_2)
                  0.03    0.05    2.43 ^ _689_/Y (sky130_fd_sc_hd__inv_2)
     1    0.00                           _050_ (net)
                  0.03    0.00    2.43 ^ _743_/RESET_B (sky130_fd_sc_hd__dfrtp_2)
                                  2.43   data arrival time

                          0.00    0.00   clock clk (rise edge)
                          0.00    0.00   clock source latency
                  0.04    0.03    0.03 ^ clk (in)
     1    0.01                           clk (net)
                  0.04    0.00    0.03 ^ clkbuf_0_clk/A (sky130_fd_sc_hd__clkbuf_16)
                  0.05    0.14    0.17 ^ clkbuf_0_clk/X (sky130_fd_sc_hd__clkbuf_16)
     4    0.03                           clknet_0_clk (net)
                  0.05    0.00    0.17 ^ clkbuf_2_2__f_clk/A (sky130_fd_sc_hd__clkbuf_16)
                  0.05    0.14    0.31 ^ clkbuf_2_2__f_clk/X (sky130_fd_sc_hd__clkbuf_16)
    13    0.02                           clknet_2_2__leaf_clk (net)
                  0.05    0.00    0.31 ^ _743_/CLK (sky130_fd_sc_hd__dfrtp_2)
                          0.25    0.56   clock uncertainty
                          0.00    0.56   clock reconvergence pessimism
                          0.32    0.88   library removal time
                                  0.88   data required time
-----------------------------------------------------------------------------
                                  0.88   data required time
                                 -2.43   data arrival time
-----------------------------------------------------------------------------
                                  1.56   slack (MET)


Startpoint: rst (input port clocked by clk)
Endpoint: _740_ (removal check against rising-edge clock clk)
Path Group: asynchronous
Path Type: min

Fanout     Cap    Slew   Delay    Time   Description
-----------------------------------------------------------------------------
                          0.00    0.00   clock clk (rise edge)
                          0.00    0.00   clock network delay (propagated)
                          2.00    2.00 v input external delay
                  0.01    0.00    2.00 v rst (in)
     1    0.00                           rst (net)
                  0.01    0.00    2.00 v input17/A (sky130_fd_sc_hd__clkbuf_1)
                  0.02    0.07    2.07 v input17/X (sky130_fd_sc_hd__clkbuf_1)
     1    0.00                           net17 (net)
                  0.02    0.00    2.07 v _634_/A (sky130_fd_sc_hd__buf_4)
                  0.06    0.15    2.22 v _634_/X (sky130_fd_sc_hd__buf_4)
     9    0.04                           _341_ (net)
                  0.06    0.00    2.22 v _679_/A (sky130_fd_sc_hd__clkbuf_8)
                  0.06    0.17    2.39 v _679_/X (sky130_fd_sc_hd__clkbuf_8)
    10    0.04                           _346_ (net)
                  0.06    0.00    2.39 v _686_/A (sky130_fd_sc_hd__inv_2)
                  0.03    0.05    2.43 ^ _686_/Y (sky130_fd_sc_hd__inv_2)
     1    0.00                           _047_ (net)
                  0.03    0.00    2.43 ^ _740_/RESET_B (sky130_fd_sc_hd__dfrtp_4)
                                  2.43   data arrival time

                          0.00    0.00   clock clk (rise edge)
                          0.00    0.00   clock source latency
                  0.04    0.03    0.03 ^ clk (in)
     1    0.01                           clk (net)
                  0.04    0.00    0.03 ^ clkbuf_0_clk/A (sky130_fd_sc_hd__clkbuf_16)
                  0.05    0.14    0.17 ^ clkbuf_0_clk/X (sky130_fd_sc_hd__clkbuf_16)
     4    0.03                           clknet_0_clk (net)
                  0.05    0.00    0.17 ^ clkbuf_2_2__f_clk/A (sky130_fd_sc_hd__clkbuf_16)
                  0.05    0.14    0.31 ^ clkbuf_2_2__f_clk/X (sky130_fd_sc_hd__clkbuf_16)
    13    0.02                           clknet_2_2__leaf_clk (net)
                  0.05    0.00    0.31 ^ _740_/CLK (sky130_fd_sc_hd__dfrtp_4)
                          0.25    0.56   clock uncertainty
                          0.00    0.56   clock reconvergence pessimism
                          0.32    0.88   library removal time
                                  0.88   data required time
-----------------------------------------------------------------------------
                                  0.88   data required time
                                 -2.43   data arrival time
-----------------------------------------------------------------------------
                                  1.56   slack (MET)


Startpoint: rst (input port clocked by clk)
Endpoint: _741_ (removal check against rising-edge clock clk)
Path Group: asynchronous
Path Type: min

Fanout     Cap    Slew   Delay    Time   Description
-----------------------------------------------------------------------------
                          0.00    0.00   clock clk (rise edge)
                          0.00    0.00   clock network delay (propagated)
                          2.00    2.00 v input external delay
                  0.01    0.00    2.00 v rst (in)
     1    0.00                           rst (net)
                  0.01    0.00    2.00 v input17/A (sky130_fd_sc_hd__clkbuf_1)
                  0.02    0.07    2.07 v input17/X (sky130_fd_sc_hd__clkbuf_1)
     1    0.00                           net17 (net)
                  0.02    0.00    2.07 v _634_/A (sky130_fd_sc_hd__buf_4)
                  0.06    0.15    2.22 v _634_/X (sky130_fd_sc_hd__buf_4)
     9    0.04                           _341_ (net)
                  0.06    0.00    2.22 v _679_/A (sky130_fd_sc_hd__clkbuf_8)
                  0.06    0.17    2.39 v _679_/X (sky130_fd_sc_hd__clkbuf_8)
    10    0.04                           _346_ (net)
                  0.06    0.00    2.39 v _687_/A (sky130_fd_sc_hd__inv_2)
                  0.03    0.05    2.43 ^ _687_/Y (sky130_fd_sc_hd__inv_2)
     1    0.00                           _048_ (net)
                  0.03    0.00    2.43 ^ _741_/RESET_B (sky130_fd_sc_hd__dfrtp_4)
                                  2.43   data arrival time

                          0.00    0.00   clock clk (rise edge)
                          0.00    0.00   clock source latency
                  0.04    0.03    0.03 ^ clk (in)
     1    0.01                           clk (net)
                  0.04    0.00    0.03 ^ clkbuf_0_clk/A (sky130_fd_sc_hd__clkbuf_16)
                  0.05    0.14    0.17 ^ clkbuf_0_clk/X (sky130_fd_sc_hd__clkbuf_16)
     4    0.03                           clknet_0_clk (net)
                  0.05    0.00    0.17 ^ clkbuf_2_2__f_clk/A (sky130_fd_sc_hd__clkbuf_16)
                  0.05    0.14    0.31 ^ clkbuf_2_2__f_clk/X (sky130_fd_sc_hd__clkbuf_16)
    13    0.02                           clknet_2_2__leaf_clk (net)
                  0.05    0.00    0.31 ^ _741_/CLK (sky130_fd_sc_hd__dfrtp_4)
                          0.25    0.56   clock uncertainty
                          0.00    0.56   clock reconvergence pessimism
                          0.32    0.88   library removal time
                                  0.88   data required time
-----------------------------------------------------------------------------
                                  0.88   data required time
                                 -2.43   data arrival time
-----------------------------------------------------------------------------
                                  1.56   slack (MET)


Startpoint: rst (input port clocked by clk)
Endpoint: _742_ (removal check against rising-edge clock clk)
Path Group: asynchronous
Path Type: min

Fanout     Cap    Slew   Delay    Time   Description
-----------------------------------------------------------------------------
                          0.00    0.00   clock clk (rise edge)
                          0.00    0.00   clock network delay (propagated)
                          2.00    2.00 v input external delay
                  0.01    0.00    2.00 v rst (in)
     1    0.00                           rst (net)
                  0.01    0.00    2.00 v input17/A (sky130_fd_sc_hd__clkbuf_1)
                  0.02    0.07    2.07 v input17/X (sky130_fd_sc_hd__clkbuf_1)
     1    0.00                           net17 (net)
                  0.02    0.00    2.07 v _634_/A (sky130_fd_sc_hd__buf_4)
                  0.06    0.15    2.22 v _634_/X (sky130_fd_sc_hd__buf_4)
     9    0.04                           _341_ (net)
                  0.06    0.00    2.22 v _679_/A (sky130_fd_sc_hd__clkbuf_8)
                  0.06    0.17    2.39 v _679_/X (sky130_fd_sc_hd__clkbuf_8)
    10    0.04                           _346_ (net)
                  0.06    0.00    2.39 v _688_/A (sky130_fd_sc_hd__inv_2)
                  0.03    0.05    2.43 ^ _688_/Y (sky130_fd_sc_hd__inv_2)
     1    0.00                           _049_ (net)
                  0.03    0.00    2.43 ^ _742_/RESET_B (sky130_fd_sc_hd__dfrtp_4)
                                  2.43   data arrival time

                          0.00    0.00   clock clk (rise edge)
                          0.00    0.00   clock source latency
                  0.04    0.03    0.03 ^ clk (in)
     1    0.01                           clk (net)
                  0.04    0.00    0.03 ^ clkbuf_0_clk/A (sky130_fd_sc_hd__clkbuf_16)
                  0.05    0.14    0.17 ^ clkbuf_0_clk/X (sky130_fd_sc_hd__clkbuf_16)
     4    0.03                           clknet_0_clk (net)
                  0.05    0.00    0.17 ^ clkbuf_2_2__f_clk/A (sky130_fd_sc_hd__clkbuf_16)
                  0.05    0.14    0.31 ^ clkbuf_2_2__f_clk/X (sky130_fd_sc_hd__clkbuf_16)
    13    0.02                           clknet_2_2__leaf_clk (net)
                  0.05    0.00    0.31 ^ _742_/CLK (sky130_fd_sc_hd__dfrtp_4)
                          0.25    0.56   clock uncertainty
                          0.00    0.56   clock reconvergence pessimism
                          0.32    0.88   library removal time
                                  0.88   data required time
-----------------------------------------------------------------------------
                                  0.88   data required time
                                 -2.43   data arrival time
-----------------------------------------------------------------------------
                                  1.56   slack (MET)


Startpoint: rst (input port clocked by clk)
Endpoint: _701_ (removal check against rising-edge clock clk)
Path Group: asynchronous
Path Type: min

Fanout     Cap    Slew   Delay    Time   Description
-----------------------------------------------------------------------------
                          0.00    0.00   clock clk (rise edge)
                          0.00    0.00   clock network delay (propagated)
                          2.00    2.00 v input external delay
                  0.01    0.00    2.00 v rst (in)
     1    0.00                           rst (net)
                  0.01    0.00    2.00 v input17/A (sky130_fd_sc_hd__clkbuf_1)
                  0.02    0.07    2.07 v input17/X (sky130_fd_sc_hd__clkbuf_1)
     1    0.00                           net17 (net)
                  0.02    0.00    2.07 v _634_/A (sky130_fd_sc_hd__buf_4)
                  0.06    0.15    2.22 v _634_/X (sky130_fd_sc_hd__buf_4)
     9    0.04                           _341_ (net)
                  0.06    0.00    2.22 v _635_/A (sky130_fd_sc_hd__clkbuf_8)
                  0.06    0.17    2.39 v _635_/X (sky130_fd_sc_hd__clkbuf_8)
    10    0.04                           _342_ (net)
                  0.06    0.00    2.39 v _643_/A (sky130_fd_sc_hd__inv_2)
                  0.03    0.05    2.43 ^ _643_/Y (sky130_fd_sc_hd__inv_2)
     1    0.00                           _008_ (net)
                  0.03    0.00    2.43 ^ _701_/RESET_B (sky130_fd_sc_hd__dfrtp_1)
                                  2.43   data arrival time

                          0.00    0.00   clock clk (rise edge)
                          0.00    0.00   clock source latency
                  0.04    0.03    0.03 ^ clk (in)
     1    0.01                           clk (net)
                  0.04    0.00    0.03 ^ clkbuf_0_clk/A (sky130_fd_sc_hd__clkbuf_16)
                  0.05    0.14    0.17 ^ clkbuf_0_clk/X (sky130_fd_sc_hd__clkbuf_16)
     4    0.03                           clknet_0_clk (net)
                  0.05    0.00    0.17 ^ clkbuf_2_2__f_clk/A (sky130_fd_sc_hd__clkbuf_16)
                  0.05    0.14    0.31 ^ clkbuf_2_2__f_clk/X (sky130_fd_sc_hd__clkbuf_16)
    13    0.02                           clknet_2_2__leaf_clk (net)
                  0.05    0.00    0.31 ^ _701_/CLK (sky130_fd_sc_hd__dfrtp_1)
                          0.25    0.56   clock uncertainty
                          0.00    0.56   clock reconvergence pessimism
                          0.32    0.88   library removal time
                                  0.88   data required time
-----------------------------------------------------------------------------
                                  0.88   data required time
                                 -2.43   data arrival time
-----------------------------------------------------------------------------
                                  1.56   slack (MET)


Startpoint: rst (input port clocked by clk)
Endpoint: _705_ (removal check against rising-edge clock clk)
Path Group: asynchronous
Path Type: min

Fanout     Cap    Slew   Delay    Time   Description
-----------------------------------------------------------------------------
                          0.00    0.00   clock clk (rise edge)
                          0.00    0.00   clock network delay (propagated)
                          2.00    2.00 v input external delay
                  0.01    0.00    2.00 v rst (in)
     1    0.00                           rst (net)
                  0.01    0.00    2.00 v input17/A (sky130_fd_sc_hd__clkbuf_1)
                  0.02    0.07    2.07 v input17/X (sky130_fd_sc_hd__clkbuf_1)
     1    0.00                           net17 (net)
                  0.02    0.00    2.07 v _634_/A (sky130_fd_sc_hd__buf_4)
                  0.06    0.15    2.22 v _634_/X (sky130_fd_sc_hd__buf_4)
     9    0.04                           _341_ (net)
                  0.06    0.00    2.22 v _646_/A (sky130_fd_sc_hd__clkbuf_8)
                  0.06    0.17    2.39 v _646_/X (sky130_fd_sc_hd__clkbuf_8)
    10    0.04                           _343_ (net)
                  0.06    0.00    2.39 v _648_/A (sky130_fd_sc_hd__inv_2)
                  0.03    0.05    2.43 ^ _648_/Y (sky130_fd_sc_hd__inv_2)
     1    0.00                           _012_ (net)
                  0.03    0.00    2.43 ^ _705_/RESET_B (sky130_fd_sc_hd__dfrtp_1)
                                  2.43   data arrival time

                          0.00    0.00   clock clk (rise edge)
                          0.00    0.00   clock source latency
                  0.04    0.03    0.03 ^ clk (in)
     1    0.01                           clk (net)
                  0.04    0.00    0.03 ^ clkbuf_0_clk/A (sky130_fd_sc_hd__clkbuf_16)
                  0.05    0.14    0.17 ^ clkbuf_0_clk/X (sky130_fd_sc_hd__clkbuf_16)
     4    0.03                           clknet_0_clk (net)
                  0.05    0.00    0.17 ^ clkbuf_2_2__f_clk/A (sky130_fd_sc_hd__clkbuf_16)
                  0.05    0.14    0.31 ^ clkbuf_2_2__f_clk/X (sky130_fd_sc_hd__clkbuf_16)
    13    0.02                           clknet_2_2__leaf_clk (net)
                  0.05    0.00    0.31 ^ _705_/CLK (sky130_fd_sc_hd__dfrtp_1)
                          0.25    0.56   clock uncertainty
                          0.00    0.56   clock reconvergence pessimism
                          0.32    0.88   library removal time
                                  0.88   data required time
-----------------------------------------------------------------------------
                                  0.88   data required time
                                 -2.43   data arrival time
-----------------------------------------------------------------------------
                                  1.56   slack (MET)


Startpoint: rst (input port clocked by clk)
Endpoint: _707_ (removal check against rising-edge clock clk)
Path Group: asynchronous
Path Type: min

Fanout     Cap    Slew   Delay    Time   Description
-----------------------------------------------------------------------------
                          0.00    0.00   clock clk (rise edge)
                          0.00    0.00   clock network delay (propagated)
                          2.00    2.00 v input external delay
                  0.01    0.00    2.00 v rst (in)
     1    0.00                           rst (net)
                  0.01    0.00    2.00 v input17/A (sky130_fd_sc_hd__clkbuf_1)
                  0.02    0.07    2.07 v input17/X (sky130_fd_sc_hd__clkbuf_1)
     1    0.00                           net17 (net)
                  0.02    0.00    2.07 v _634_/A (sky130_fd_sc_hd__buf_4)
                  0.06    0.15    2.22 v _634_/X (sky130_fd_sc_hd__buf_4)
     9    0.04                           _341_ (net)
                  0.06    0.00    2.22 v _646_/A (sky130_fd_sc_hd__clkbuf_8)
                  0.06    0.17    2.39 v _646_/X (sky130_fd_sc_hd__clkbuf_8)
    10    0.04                           _343_ (net)
                  0.06    0.00    2.39 v _650_/A (sky130_fd_sc_hd__inv_2)
                  0.03    0.05    2.43 ^ _650_/Y (sky130_fd_sc_hd__inv_2)
     1    0.00                           _014_ (net)
                  0.03    0.00    2.43 ^ _707_/RESET_B (sky130_fd_sc_hd__dfrtp_1)
                                  2.43   data arrival time

                          0.00    0.00   clock clk (rise edge)
                          0.00    0.00   clock source latency
                  0.04    0.03    0.03 ^ clk (in)
     1    0.01                           clk (net)
                  0.04    0.00    0.03 ^ clkbuf_0_clk/A (sky130_fd_sc_hd__clkbuf_16)
                  0.05    0.14    0.17 ^ clkbuf_0_clk/X (sky130_fd_sc_hd__clkbuf_16)
     4    0.03                           clknet_0_clk (net)
                  0.05    0.00    0.17 ^ clkbuf_2_2__f_clk/A (sky130_fd_sc_hd__clkbuf_16)
                  0.05    0.14    0.31 ^ clkbuf_2_2__f_clk/X (sky130_fd_sc_hd__clkbuf_16)
    13    0.02                           clknet_2_2__leaf_clk (net)
                  0.05    0.00    0.31 ^ _707_/CLK (sky130_fd_sc_hd__dfrtp_1)
                          0.25    0.56   clock uncertainty
                          0.00    0.56   clock reconvergence pessimism
                          0.32    0.88   library removal time
                                  0.88   data required time
-----------------------------------------------------------------------------
                                  0.88   data required time
                                 -2.43   data arrival time
-----------------------------------------------------------------------------
                                  1.56   slack (MET)


Startpoint: rst (input port clocked by clk)
Endpoint: _708_ (removal check against rising-edge clock clk)
Path Group: asynchronous
Path Type: min

Fanout     Cap    Slew   Delay    Time   Description
-----------------------------------------------------------------------------
                          0.00    0.00   clock clk (rise edge)
                          0.00    0.00   clock network delay (propagated)
                          2.00    2.00 v input external delay
                  0.01    0.00    2.00 v rst (in)
     1    0.00                           rst (net)
                  0.01    0.00    2.00 v input17/A (sky130_fd_sc_hd__clkbuf_1)
                  0.02    0.07    2.07 v input17/X (sky130_fd_sc_hd__clkbuf_1)
     1    0.00                           net17 (net)
                  0.02    0.00    2.07 v _634_/A (sky130_fd_sc_hd__buf_4)
                  0.06    0.15    2.22 v _634_/X (sky130_fd_sc_hd__buf_4)
     9    0.04                           _341_ (net)
                  0.06    0.00    2.22 v _646_/A (sky130_fd_sc_hd__clkbuf_8)
                  0.06    0.17    2.39 v _646_/X (sky130_fd_sc_hd__clkbuf_8)
    10    0.04                           _343_ (net)
                  0.06    0.00    2.39 v _651_/A (sky130_fd_sc_hd__inv_2)
                  0.03    0.05    2.43 ^ _651_/Y (sky130_fd_sc_hd__inv_2)
     1    0.00                           _015_ (net)
                  0.03    0.00    2.43 ^ _708_/RESET_B (sky130_fd_sc_hd__dfrtp_1)
                                  2.43   data arrival time

                          0.00    0.00   clock clk (rise edge)
                          0.00    0.00   clock source latency
                  0.04    0.03    0.03 ^ clk (in)
     1    0.01                           clk (net)
                  0.04    0.00    0.03 ^ clkbuf_0_clk/A (sky130_fd_sc_hd__clkbuf_16)
                  0.05    0.14    0.17 ^ clkbuf_0_clk/X (sky130_fd_sc_hd__clkbuf_16)
     4    0.03                           clknet_0_clk (net)
                  0.05    0.00    0.17 ^ clkbuf_2_2__f_clk/A (sky130_fd_sc_hd__clkbuf_16)
                  0.05    0.14    0.31 ^ clkbuf_2_2__f_clk/X (sky130_fd_sc_hd__clkbuf_16)
    13    0.02                           clknet_2_2__leaf_clk (net)
                  0.05    0.00    0.31 ^ _708_/CLK (sky130_fd_sc_hd__dfrtp_1)
                          0.25    0.56   clock uncertainty
                          0.00    0.56   clock reconvergence pessimism
                          0.32    0.88   library removal time
                                  0.88   data required time
-----------------------------------------------------------------------------
                                  0.88   data required time
                                 -2.43   data arrival time
-----------------------------------------------------------------------------
                                  1.56   slack (MET)


Startpoint: rst (input port clocked by clk)
Endpoint: _711_ (removal check against rising-edge clock clk)
Path Group: asynchronous
Path Type: min

Fanout     Cap    Slew   Delay    Time   Description
-----------------------------------------------------------------------------
                          0.00    0.00   clock clk (rise edge)
                          0.00    0.00   clock network delay (propagated)
                          2.00    2.00 v input external delay
                  0.01    0.00    2.00 v rst (in)
     1    0.00                           rst (net)
                  0.01    0.00    2.00 v input17/A (sky130_fd_sc_hd__clkbuf_1)
                  0.02    0.07    2.07 v input17/X (sky130_fd_sc_hd__clkbuf_1)
     1    0.00                           net17 (net)
                  0.02    0.00    2.07 v _634_/A (sky130_fd_sc_hd__buf_4)
                  0.06    0.15    2.22 v _634_/X (sky130_fd_sc_hd__buf_4)
     9    0.04                           _341_ (net)
                  0.06    0.00    2.22 v _646_/A (sky130_fd_sc_hd__clkbuf_8)
                  0.06    0.17    2.39 v _646_/X (sky130_fd_sc_hd__clkbuf_8)
    10    0.04                           _343_ (net)
                  0.06    0.00    2.39 v _654_/A (sky130_fd_sc_hd__inv_2)
                  0.03    0.05    2.43 ^ _654_/Y (sky130_fd_sc_hd__inv_2)
     1    0.00                           _018_ (net)
                  0.03    0.00    2.43 ^ _711_/RESET_B (sky130_fd_sc_hd__dfrtp_1)
                                  2.43   data arrival time

                          0.00    0.00   clock clk (rise edge)
                          0.00    0.00   clock source latency
                  0.04    0.03    0.03 ^ clk (in)
     1    0.01                           clk (net)
                  0.04    0.00    0.03 ^ clkbuf_0_clk/A (sky130_fd_sc_hd__clkbuf_16)
                  0.05    0.14    0.17 ^ clkbuf_0_clk/X (sky130_fd_sc_hd__clkbuf_16)
     4    0.03                           clknet_0_clk (net)
                  0.05    0.00    0.17 ^ clkbuf_2_2__f_clk/A (sky130_fd_sc_hd__clkbuf_16)
                  0.05    0.14    0.31 ^ clkbuf_2_2__f_clk/X (sky130_fd_sc_hd__clkbuf_16)
    13    0.02                           clknet_2_2__leaf_clk (net)
                  0.05    0.00    0.31 ^ _711_/CLK (sky130_fd_sc_hd__dfrtp_1)
                          0.25    0.56   clock uncertainty
                          0.00    0.56   clock reconvergence pessimism
                          0.32    0.88   library removal time
                                  0.88   data required time
-----------------------------------------------------------------------------
                                  0.88   data required time
                                 -2.43   data arrival time
-----------------------------------------------------------------------------
                                  1.56   slack (MET)


Startpoint: rst (input port clocked by clk)
Endpoint: _717_ (removal check against rising-edge clock clk)
Path Group: asynchronous
Path Type: min

Fanout     Cap    Slew   Delay    Time   Description
-----------------------------------------------------------------------------
                          0.00    0.00   clock clk (rise edge)
                          0.00    0.00   clock network delay (propagated)
                          2.00    2.00 v input external delay
                  0.01    0.00    2.00 v rst (in)
     1    0.00                           rst (net)
                  0.01    0.00    2.00 v input17/A (sky130_fd_sc_hd__clkbuf_1)
                  0.02    0.07    2.07 v input17/X (sky130_fd_sc_hd__clkbuf_1)
     1    0.00                           net17 (net)
                  0.02    0.00    2.07 v _634_/A (sky130_fd_sc_hd__buf_4)
                  0.06    0.15    2.22 v _634_/X (sky130_fd_sc_hd__buf_4)
     9    0.04                           _341_ (net)
                  0.06    0.00    2.22 v _657_/A (sky130_fd_sc_hd__clkbuf_8)
                  0.06    0.17    2.39 v _657_/X (sky130_fd_sc_hd__clkbuf_8)
    10    0.04                           _344_ (net)
                  0.06    0.00    2.39 v _661_/A (sky130_fd_sc_hd__inv_2)
                  0.03    0.05    2.43 ^ _661_/Y (sky130_fd_sc_hd__inv_2)
     1    0.00                           _024_ (net)
                  0.03    0.00    2.43 ^ _717_/RESET_B (sky130_fd_sc_hd__dfrtp_1)
                                  2.43   data arrival time

                          0.00    0.00   clock clk (rise edge)
                          0.00    0.00   clock source latency
                  0.04    0.03    0.03 ^ clk (in)
     1    0.01                           clk (net)
                  0.04    0.00    0.03 ^ clkbuf_0_clk/A (sky130_fd_sc_hd__clkbuf_16)
                  0.05    0.14    0.17 ^ clkbuf_0_clk/X (sky130_fd_sc_hd__clkbuf_16)
     4    0.03                           clknet_0_clk (net)
                  0.05    0.00    0.17 ^ clkbuf_2_2__f_clk/A (sky130_fd_sc_hd__clkbuf_16)
                  0.05    0.14    0.31 ^ clkbuf_2_2__f_clk/X (sky130_fd_sc_hd__clkbuf_16)
    13    0.02                           clknet_2_2__leaf_clk (net)
                  0.05    0.00    0.31 ^ _717_/CLK (sky130_fd_sc_hd__dfrtp_1)
                          0.25    0.56   clock uncertainty
                          0.00    0.56   clock reconvergence pessimism
                          0.32    0.88   library removal time
                                  0.88   data required time
-----------------------------------------------------------------------------
                                  0.88   data required time
                                 -2.43   data arrival time
-----------------------------------------------------------------------------
                                  1.56   slack (MET)


Startpoint: rst (input port clocked by clk)
Endpoint: _718_ (removal check against rising-edge clock clk)
Path Group: asynchronous
Path Type: min

Fanout     Cap    Slew   Delay    Time   Description
-----------------------------------------------------------------------------
                          0.00    0.00   clock clk (rise edge)
                          0.00    0.00   clock network delay (propagated)
                          2.00    2.00 v input external delay
                  0.01    0.00    2.00 v rst (in)
     1    0.00                           rst (net)
                  0.01    0.00    2.00 v input17/A (sky130_fd_sc_hd__clkbuf_1)
                  0.02    0.07    2.07 v input17/X (sky130_fd_sc_hd__clkbuf_1)
     1    0.00                           net17 (net)
                  0.02    0.00    2.07 v _634_/A (sky130_fd_sc_hd__buf_4)
                  0.06    0.15    2.22 v _634_/X (sky130_fd_sc_hd__buf_4)
     9    0.04                           _341_ (net)
                  0.06    0.00    2.22 v _657_/A (sky130_fd_sc_hd__clkbuf_8)
                  0.06    0.17    2.39 v _657_/X (sky130_fd_sc_hd__clkbuf_8)
    10    0.04                           _344_ (net)
                  0.06    0.00    2.39 v _662_/A (sky130_fd_sc_hd__inv_2)
                  0.03    0.05    2.43 ^ _662_/Y (sky130_fd_sc_hd__inv_2)
     1    0.00                           _025_ (net)
                  0.03    0.00    2.43 ^ _718_/RESET_B (sky130_fd_sc_hd__dfrtp_1)
                                  2.43   data arrival time

                          0.00    0.00   clock clk (rise edge)
                          0.00    0.00   clock source latency
                  0.04    0.03    0.03 ^ clk (in)
     1    0.01                           clk (net)
                  0.04    0.00    0.03 ^ clkbuf_0_clk/A (sky130_fd_sc_hd__clkbuf_16)
                  0.05    0.14    0.17 ^ clkbuf_0_clk/X (sky130_fd_sc_hd__clkbuf_16)
     4    0.03                           clknet_0_clk (net)
                  0.05    0.00    0.17 ^ clkbuf_2_2__f_clk/A (sky130_fd_sc_hd__clkbuf_16)
                  0.05    0.14    0.31 ^ clkbuf_2_2__f_clk/X (sky130_fd_sc_hd__clkbuf_16)
    13    0.02                           clknet_2_2__leaf_clk (net)
                  0.05    0.00    0.31 ^ _718_/CLK (sky130_fd_sc_hd__dfrtp_1)
                          0.25    0.56   clock uncertainty
                          0.00    0.56   clock reconvergence pessimism
                          0.32    0.88   library removal time
                                  0.88   data required time
-----------------------------------------------------------------------------
                                  0.88   data required time
                                 -2.43   data arrival time
-----------------------------------------------------------------------------
                                  1.56   slack (MET)


Startpoint: rst (input port clocked by clk)
Endpoint: _698_ (removal check against rising-edge clock clk)
Path Group: asynchronous
Path Type: min

Fanout     Cap    Slew   Delay    Time   Description
-----------------------------------------------------------------------------
                          0.00    0.00   clock clk (rise edge)
                          0.00    0.00   clock network delay (propagated)
                          2.00    2.00 v input external delay
                  0.01    0.00    2.00 v rst (in)
     1    0.00                           rst (net)
                  0.01    0.00    2.00 v input17/A (sky130_fd_sc_hd__clkbuf_1)
                  0.02    0.07    2.07 v input17/X (sky130_fd_sc_hd__clkbuf_1)
     1    0.00                           net17 (net)
                  0.02    0.00    2.07 v _634_/A (sky130_fd_sc_hd__buf_4)
                  0.06    0.15    2.22 v _634_/X (sky130_fd_sc_hd__buf_4)
     9    0.04                           _341_ (net)
                  0.06    0.00    2.22 v _635_/A (sky130_fd_sc_hd__clkbuf_8)
                  0.06    0.17    2.39 v _635_/X (sky130_fd_sc_hd__clkbuf_8)
    10    0.04                           _342_ (net)
                  0.06    0.00    2.39 v _640_/A (sky130_fd_sc_hd__inv_2)
                  0.03    0.05    2.43 ^ _640_/Y (sky130_fd_sc_hd__inv_2)
     1    0.00                           _005_ (net)
                  0.03    0.00    2.43 ^ _698_/RESET_B (sky130_fd_sc_hd__dfrtp_2)
                                  2.43   data arrival time

                          0.00    0.00   clock clk (rise edge)
                          0.00    0.00   clock source latency
                  0.04    0.03    0.03 ^ clk (in)
     1    0.01                           clk (net)
                  0.04    0.00    0.03 ^ clkbuf_0_clk/A (sky130_fd_sc_hd__clkbuf_16)
                  0.05    0.14    0.17 ^ clkbuf_0_clk/X (sky130_fd_sc_hd__clkbuf_16)
     4    0.03                           clknet_0_clk (net)
                  0.05    0.00    0.17 ^ clkbuf_2_3__f_clk/A (sky130_fd_sc_hd__clkbuf_16)
                  0.05    0.14    0.31 ^ clkbuf_2_3__f_clk/X (sky130_fd_sc_hd__clkbuf_16)
    12    0.02                           clknet_2_3__leaf_clk (net)
                  0.05    0.00    0.31 ^ _698_/CLK (sky130_fd_sc_hd__dfrtp_2)
                          0.25    0.56   clock uncertainty
                          0.00    0.56   clock reconvergence pessimism
                          0.32    0.87   library removal time
                                  0.87   data required time
-----------------------------------------------------------------------------
                                  0.87   data required time
                                 -2.43   data arrival time
-----------------------------------------------------------------------------
                                  1.56   slack (MET)


Startpoint: rst (input port clocked by clk)
Endpoint: _715_ (removal check against rising-edge clock clk)
Path Group: asynchronous
Path Type: min

Fanout     Cap    Slew   Delay    Time   Description
-----------------------------------------------------------------------------
                          0.00    0.00   clock clk (rise edge)
                          0.00    0.00   clock network delay (propagated)
                          2.00    2.00 v input external delay
                  0.01    0.00    2.00 v rst (in)
     1    0.00                           rst (net)
                  0.01    0.00    2.00 v input17/A (sky130_fd_sc_hd__clkbuf_1)
                  0.02    0.07    2.07 v input17/X (sky130_fd_sc_hd__clkbuf_1)
     1    0.00                           net17 (net)
                  0.02    0.00    2.07 v _634_/A (sky130_fd_sc_hd__buf_4)
                  0.06    0.15    2.22 v _634_/X (sky130_fd_sc_hd__buf_4)
     9    0.04                           _341_ (net)
                  0.06    0.00    2.22 v _657_/A (sky130_fd_sc_hd__clkbuf_8)
                  0.06    0.17    2.39 v _657_/X (sky130_fd_sc_hd__clkbuf_8)
    10    0.04                           _344_ (net)
                  0.06    0.00    2.39 v _659_/A (sky130_fd_sc_hd__inv_2)
                  0.03    0.05    2.43 ^ _659_/Y (sky130_fd_sc_hd__inv_2)
     1    0.00                           _022_ (net)
                  0.03    0.00    2.43 ^ _715_/RESET_B (sky130_fd_sc_hd__dfrtp_2)
                                  2.43   data arrival time

                          0.00    0.00   clock clk (rise edge)
                          0.00    0.00   clock source latency
                  0.04    0.03    0.03 ^ clk (in)
     1    0.01                           clk (net)
                  0.04    0.00    0.03 ^ clkbuf_0_clk/A (sky130_fd_sc_hd__clkbuf_16)
                  0.05    0.14    0.17 ^ clkbuf_0_clk/X (sky130_fd_sc_hd__clkbuf_16)
     4    0.03                           clknet_0_clk (net)
                  0.05    0.00    0.17 ^ clkbuf_2_3__f_clk/A (sky130_fd_sc_hd__clkbuf_16)
                  0.05    0.14    0.31 ^ clkbuf_2_3__f_clk/X (sky130_fd_sc_hd__clkbuf_16)
    12    0.02                           clknet_2_3__leaf_clk (net)
                  0.05    0.00    0.31 ^ _715_/CLK (sky130_fd_sc_hd__dfrtp_2)
                          0.25    0.56   clock uncertainty
                          0.00    0.56   clock reconvergence pessimism
                          0.32    0.87   library removal time
                                  0.87   data required time
-----------------------------------------------------------------------------
                                  0.87   data required time
                                 -2.43   data arrival time
-----------------------------------------------------------------------------
                                  1.56   slack (MET)


Startpoint: rst (input port clocked by clk)
Endpoint: _739_ (removal check against rising-edge clock clk)
Path Group: asynchronous
Path Type: min

Fanout     Cap    Slew   Delay    Time   Description
-----------------------------------------------------------------------------
                          0.00    0.00   clock clk (rise edge)
                          0.00    0.00   clock network delay (propagated)
                          2.00    2.00 v input external delay
                  0.01    0.00    2.00 v rst (in)
     1    0.00                           rst (net)
                  0.01    0.00    2.00 v input17/A (sky130_fd_sc_hd__clkbuf_1)
                  0.02    0.07    2.07 v input17/X (sky130_fd_sc_hd__clkbuf_1)
     1    0.00                           net17 (net)
                  0.02    0.00    2.07 v _634_/A (sky130_fd_sc_hd__buf_4)
                  0.06    0.15    2.22 v _634_/X (sky130_fd_sc_hd__buf_4)
     9    0.04                           _341_ (net)
                  0.06    0.00    2.22 v _679_/A (sky130_fd_sc_hd__clkbuf_8)
                  0.06    0.17    2.39 v _679_/X (sky130_fd_sc_hd__clkbuf_8)
    10    0.04                           _346_ (net)
                  0.06    0.00    2.39 v _685_/A (sky130_fd_sc_hd__inv_2)
                  0.03    0.05    2.43 ^ _685_/Y (sky130_fd_sc_hd__inv_2)
     1    0.00                           _046_ (net)
                  0.03    0.00    2.43 ^ _739_/RESET_B (sky130_fd_sc_hd__dfrtp_2)
                                  2.43   data arrival time

                          0.00    0.00   clock clk (rise edge)
                          0.00    0.00   clock source latency
                  0.04    0.03    0.03 ^ clk (in)
     1    0.01                           clk (net)
                  0.04    0.00    0.03 ^ clkbuf_0_clk/A (sky130_fd_sc_hd__clkbuf_16)
                  0.05    0.14    0.17 ^ clkbuf_0_clk/X (sky130_fd_sc_hd__clkbuf_16)
     4    0.03                           clknet_0_clk (net)
                  0.05    0.00    0.17 ^ clkbuf_2_3__f_clk/A (sky130_fd_sc_hd__clkbuf_16)
                  0.05    0.14    0.31 ^ clkbuf_2_3__f_clk/X (sky130_fd_sc_hd__clkbuf_16)
    12    0.02                           clknet_2_3__leaf_clk (net)
                  0.05    0.00    0.31 ^ _739_/CLK (sky130_fd_sc_hd__dfrtp_2)
                          0.25    0.56   clock uncertainty
                          0.00    0.56   clock reconvergence pessimism
                          0.32    0.87   library removal time
                                  0.87   data required time
-----------------------------------------------------------------------------
                                  0.87   data required time
                                 -2.43   data arrival time
-----------------------------------------------------------------------------
                                  1.56   slack (MET)


Startpoint: rst (input port clocked by clk)
Endpoint: _728_ (removal check against rising-edge clock clk)
Path Group: asynchronous
Path Type: min

Fanout     Cap    Slew   Delay    Time   Description
-----------------------------------------------------------------------------
                          0.00    0.00   clock clk (rise edge)
                          0.00    0.00   clock network delay (propagated)
                          2.00    2.00 v input external delay
                  0.01    0.00    2.00 v rst (in)
     1    0.00                           rst (net)
                  0.01    0.00    2.00 v input17/A (sky130_fd_sc_hd__clkbuf_1)
                  0.02    0.07    2.07 v input17/X (sky130_fd_sc_hd__clkbuf_1)
     1    0.00                           net17 (net)
                  0.02    0.00    2.07 v _634_/A (sky130_fd_sc_hd__buf_4)
                  0.06    0.15    2.22 v _634_/X (sky130_fd_sc_hd__buf_4)
     9    0.04                           _341_ (net)
                  0.06    0.00    2.22 v _668_/A (sky130_fd_sc_hd__clkbuf_8)
                  0.06    0.17    2.39 v _668_/X (sky130_fd_sc_hd__clkbuf_8)
    10    0.04                           _345_ (net)
                  0.06    0.00    2.39 v _673_/A (sky130_fd_sc_hd__inv_2)
                  0.03    0.05    2.43 ^ _673_/Y (sky130_fd_sc_hd__inv_2)
     1    0.00                           _035_ (net)
                  0.03    0.00    2.43 ^ _728_/RESET_B (sky130_fd_sc_hd__dfrtp_4)
                                  2.43   data arrival time

                          0.00    0.00   clock clk (rise edge)
                          0.00    0.00   clock source latency
                  0.04    0.03    0.03 ^ clk (in)
     1    0.01                           clk (net)
                  0.04    0.00    0.03 ^ clkbuf_0_clk/A (sky130_fd_sc_hd__clkbuf_16)
                  0.05    0.14    0.17 ^ clkbuf_0_clk/X (sky130_fd_sc_hd__clkbuf_16)
     4    0.03                           clknet_0_clk (net)
                  0.05    0.00    0.17 ^ clkbuf_2_3__f_clk/A (sky130_fd_sc_hd__clkbuf_16)
                  0.05    0.14    0.31 ^ clkbuf_2_3__f_clk/X (sky130_fd_sc_hd__clkbuf_16)
    12    0.02                           clknet_2_3__leaf_clk (net)
                  0.05    0.00    0.31 ^ _728_/CLK (sky130_fd_sc_hd__dfrtp_4)
                          0.25    0.56   clock uncertainty
                          0.00    0.56   clock reconvergence pessimism
                          0.32    0.87   library removal time
                                  0.87   data required time
-----------------------------------------------------------------------------
                                  0.87   data required time
                                 -2.43   data arrival time
-----------------------------------------------------------------------------
                                  1.56   slack (MET)


Startpoint: rst (input port clocked by clk)
Endpoint: _732_ (removal check against rising-edge clock clk)
Path Group: asynchronous
Path Type: min

Fanout     Cap    Slew   Delay    Time   Description
-----------------------------------------------------------------------------
                          0.00    0.00   clock clk (rise edge)
                          0.00    0.00   clock network delay (propagated)
                          2.00    2.00 v input external delay
                  0.01    0.00    2.00 v rst (in)
     1    0.00                           rst (net)
                  0.01    0.00    2.00 v input17/A (sky130_fd_sc_hd__clkbuf_1)
                  0.02    0.07    2.07 v input17/X (sky130_fd_sc_hd__clkbuf_1)
     1    0.00                           net17 (net)
                  0.02    0.00    2.07 v _634_/A (sky130_fd_sc_hd__buf_4)
                  0.06    0.15    2.22 v _634_/X (sky130_fd_sc_hd__buf_4)
     9    0.04                           _341_ (net)
                  0.06    0.00    2.22 v _668_/A (sky130_fd_sc_hd__clkbuf_8)
                  0.06    0.17    2.39 v _668_/X (sky130_fd_sc_hd__clkbuf_8)
    10    0.04                           _345_ (net)
                  0.06    0.00    2.39 v _677_/A (sky130_fd_sc_hd__inv_2)
                  0.03    0.05    2.43 ^ _677_/Y (sky130_fd_sc_hd__inv_2)
     1    0.00                           _039_ (net)
                  0.03    0.00    2.43 ^ _732_/RESET_B (sky130_fd_sc_hd__dfrtp_4)
                                  2.43   data arrival time

                          0.00    0.00   clock clk (rise edge)
                          0.00    0.00   clock source latency
                  0.04    0.03    0.03 ^ clk (in)
     1    0.01                           clk (net)
                  0.04    0.00    0.03 ^ clkbuf_0_clk/A (sky130_fd_sc_hd__clkbuf_16)
                  0.05    0.14    0.17 ^ clkbuf_0_clk/X (sky130_fd_sc_hd__clkbuf_16)
     4    0.03                           clknet_0_clk (net)
                  0.05    0.00    0.17 ^ clkbuf_2_3__f_clk/A (sky130_fd_sc_hd__clkbuf_16)
                  0.05    0.14    0.31 ^ clkbuf_2_3__f_clk/X (sky130_fd_sc_hd__clkbuf_16)
    12    0.02                           clknet_2_3__leaf_clk (net)
                  0.05    0.00    0.31 ^ _732_/CLK (sky130_fd_sc_hd__dfrtp_4)
                          0.25    0.56   clock uncertainty
                          0.00    0.56   clock reconvergence pessimism
                          0.32    0.87   library removal time
                                  0.87   data required time
-----------------------------------------------------------------------------
                                  0.87   data required time
                                 -2.43   data arrival time
-----------------------------------------------------------------------------
                                  1.56   slack (MET)


Startpoint: rst (input port clocked by clk)
Endpoint: _696_ (removal check against rising-edge clock clk)
Path Group: asynchronous
Path Type: min

Fanout     Cap    Slew   Delay    Time   Description
-----------------------------------------------------------------------------
                          0.00    0.00   clock clk (rise edge)
                          0.00    0.00   clock network delay (propagated)
                          2.00    2.00 v input external delay
                  0.01    0.00    2.00 v rst (in)
     1    0.00                           rst (net)
                  0.01    0.00    2.00 v input17/A (sky130_fd_sc_hd__clkbuf_1)
                  0.02    0.07    2.07 v input17/X (sky130_fd_sc_hd__clkbuf_1)
     1    0.00                           net17 (net)
                  0.02    0.00    2.07 v _634_/A (sky130_fd_sc_hd__buf_4)
                  0.06    0.15    2.22 v _634_/X (sky130_fd_sc_hd__buf_4)
     9    0.04                           _341_ (net)
                  0.06    0.00    2.22 v _635_/A (sky130_fd_sc_hd__clkbuf_8)
                  0.06    0.17    2.39 v _635_/X (sky130_fd_sc_hd__clkbuf_8)
    10    0.04                           _342_ (net)
                  0.06    0.00    2.39 v _638_/A (sky130_fd_sc_hd__inv_2)
                  0.03    0.05    2.43 ^ _638_/Y (sky130_fd_sc_hd__inv_2)
     1    0.00                           _003_ (net)
                  0.03    0.00    2.43 ^ _696_/RESET_B (sky130_fd_sc_hd__dfrtp_1)
                                  2.43   data arrival time

                          0.00    0.00   clock clk (rise edge)
                          0.00    0.00   clock source latency
                  0.04    0.03    0.03 ^ clk (in)
     1    0.01                           clk (net)
                  0.04    0.00    0.03 ^ clkbuf_0_clk/A (sky130_fd_sc_hd__clkbuf_16)
                  0.05    0.14    0.17 ^ clkbuf_0_clk/X (sky130_fd_sc_hd__clkbuf_16)
     4    0.03                           clknet_0_clk (net)
                  0.05    0.00    0.17 ^ clkbuf_2_3__f_clk/A (sky130_fd_sc_hd__clkbuf_16)
                  0.05    0.14    0.31 ^ clkbuf_2_3__f_clk/X (sky130_fd_sc_hd__clkbuf_16)
    12    0.02                           clknet_2_3__leaf_clk (net)
                  0.05    0.00    0.31 ^ _696_/CLK (sky130_fd_sc_hd__dfrtp_1)
                          0.25    0.56   clock uncertainty
                          0.00    0.56   clock reconvergence pessimism
                          0.32    0.87   library removal time
                                  0.87   data required time
-----------------------------------------------------------------------------
                                  0.87   data required time
                                 -2.43   data arrival time
-----------------------------------------------------------------------------
                                  1.56   slack (MET)


Startpoint: rst (input port clocked by clk)
Endpoint: _697_ (removal check against rising-edge clock clk)
Path Group: asynchronous
Path Type: min

Fanout     Cap    Slew   Delay    Time   Description
-----------------------------------------------------------------------------
                          0.00    0.00   clock clk (rise edge)
                          0.00    0.00   clock network delay (propagated)
                          2.00    2.00 v input external delay
                  0.01    0.00    2.00 v rst (in)
     1    0.00                           rst (net)
                  0.01    0.00    2.00 v input17/A (sky130_fd_sc_hd__clkbuf_1)
                  0.02    0.07    2.07 v input17/X (sky130_fd_sc_hd__clkbuf_1)
     1    0.00                           net17 (net)
                  0.02    0.00    2.07 v _634_/A (sky130_fd_sc_hd__buf_4)
                  0.06    0.15    2.22 v _634_/X (sky130_fd_sc_hd__buf_4)
     9    0.04                           _341_ (net)
                  0.06    0.00    2.22 v _635_/A (sky130_fd_sc_hd__clkbuf_8)
                  0.06    0.17    2.39 v _635_/X (sky130_fd_sc_hd__clkbuf_8)
    10    0.04                           _342_ (net)
                  0.06    0.00    2.39 v _639_/A (sky130_fd_sc_hd__inv_2)
                  0.03    0.05    2.43 ^ _639_/Y (sky130_fd_sc_hd__inv_2)
     1    0.00                           _004_ (net)
                  0.03    0.00    2.43 ^ _697_/RESET_B (sky130_fd_sc_hd__dfrtp_1)
                                  2.43   data arrival time

                          0.00    0.00   clock clk (rise edge)
                          0.00    0.00   clock source latency
                  0.04    0.03    0.03 ^ clk (in)
     1    0.01                           clk (net)
                  0.04    0.00    0.03 ^ clkbuf_0_clk/A (sky130_fd_sc_hd__clkbuf_16)
                  0.05    0.14    0.17 ^ clkbuf_0_clk/X (sky130_fd_sc_hd__clkbuf_16)
     4    0.03                           clknet_0_clk (net)
                  0.05    0.00    0.17 ^ clkbuf_2_3__f_clk/A (sky130_fd_sc_hd__clkbuf_16)
                  0.05    0.14    0.31 ^ clkbuf_2_3__f_clk/X (sky130_fd_sc_hd__clkbuf_16)
    12    0.02                           clknet_2_3__leaf_clk (net)
                  0.05    0.00    0.31 ^ _697_/CLK (sky130_fd_sc_hd__dfrtp_1)
                          0.25    0.56   clock uncertainty
                          0.00    0.56   clock reconvergence pessimism
                          0.32    0.87   library removal time
                                  0.87   data required time
-----------------------------------------------------------------------------
                                  0.87   data required time
                                 -2.43   data arrival time
-----------------------------------------------------------------------------
                                  1.56   slack (MET)


Startpoint: rst (input port clocked by clk)
Endpoint: _700_ (removal check against rising-edge clock clk)
Path Group: asynchronous
Path Type: min

Fanout     Cap    Slew   Delay    Time   Description
-----------------------------------------------------------------------------
                          0.00    0.00   clock clk (rise edge)
                          0.00    0.00   clock network delay (propagated)
                          2.00    2.00 v input external delay
                  0.01    0.00    2.00 v rst (in)
     1    0.00                           rst (net)
                  0.01    0.00    2.00 v input17/A (sky130_fd_sc_hd__clkbuf_1)
                  0.02    0.07    2.07 v input17/X (sky130_fd_sc_hd__clkbuf_1)
     1    0.00                           net17 (net)
                  0.02    0.00    2.07 v _634_/A (sky130_fd_sc_hd__buf_4)
                  0.06    0.15    2.22 v _634_/X (sky130_fd_sc_hd__buf_4)
     9    0.04                           _341_ (net)
                  0.06    0.00    2.22 v _635_/A (sky130_fd_sc_hd__clkbuf_8)
                  0.06    0.17    2.39 v _635_/X (sky130_fd_sc_hd__clkbuf_8)
    10    0.04                           _342_ (net)
                  0.06    0.00    2.39 v _642_/A (sky130_fd_sc_hd__inv_2)
                  0.03    0.05    2.43 ^ _642_/Y (sky130_fd_sc_hd__inv_2)
     1    0.00                           _007_ (net)
                  0.03    0.00    2.43 ^ _700_/RESET_B (sky130_fd_sc_hd__dfrtp_1)
                                  2.43   data arrival time

                          0.00    0.00   clock clk (rise edge)
                          0.00    0.00   clock source latency
                  0.04    0.03    0.03 ^ clk (in)
     1    0.01                           clk (net)
                  0.04    0.00    0.03 ^ clkbuf_0_clk/A (sky130_fd_sc_hd__clkbuf_16)
                  0.05    0.14    0.17 ^ clkbuf_0_clk/X (sky130_fd_sc_hd__clkbuf_16)
     4    0.03                           clknet_0_clk (net)
                  0.05    0.00    0.17 ^ clkbuf_2_3__f_clk/A (sky130_fd_sc_hd__clkbuf_16)
                  0.05    0.14    0.31 ^ clkbuf_2_3__f_clk/X (sky130_fd_sc_hd__clkbuf_16)
    12    0.02                           clknet_2_3__leaf_clk (net)
                  0.05    0.00    0.31 ^ _700_/CLK (sky130_fd_sc_hd__dfrtp_1)
                          0.25    0.56   clock uncertainty
                          0.00    0.56   clock reconvergence pessimism
                          0.32    0.87   library removal time
                                  0.87   data required time
-----------------------------------------------------------------------------
                                  0.87   data required time
                                 -2.43   data arrival time
-----------------------------------------------------------------------------
                                  1.56   slack (MET)


Startpoint: rst (input port clocked by clk)
Endpoint: _713_ (removal check against rising-edge clock clk)
Path Group: asynchronous
Path Type: min

Fanout     Cap    Slew   Delay    Time   Description
-----------------------------------------------------------------------------
                          0.00    0.00   clock clk (rise edge)
                          0.00    0.00   clock network delay (propagated)
                          2.00    2.00 v input external delay
                  0.01    0.00    2.00 v rst (in)
     1    0.00                           rst (net)
                  0.01    0.00    2.00 v input17/A (sky130_fd_sc_hd__clkbuf_1)
                  0.02    0.07    2.07 v input17/X (sky130_fd_sc_hd__clkbuf_1)
     1    0.00                           net17 (net)
                  0.02    0.00    2.07 v _634_/A (sky130_fd_sc_hd__buf_4)
                  0.06    0.15    2.22 v _634_/X (sky130_fd_sc_hd__buf_4)
     9    0.04                           _341_ (net)
                  0.06    0.00    2.22 v _646_/A (sky130_fd_sc_hd__clkbuf_8)
                  0.06    0.17    2.39 v _646_/X (sky130_fd_sc_hd__clkbuf_8)
    10    0.04                           _343_ (net)
                  0.06    0.00    2.39 v _656_/A (sky130_fd_sc_hd__inv_2)
                  0.03    0.05    2.43 ^ _656_/Y (sky130_fd_sc_hd__inv_2)
     1    0.00                           _020_ (net)
                  0.03    0.00    2.43 ^ _713_/RESET_B (sky130_fd_sc_hd__dfrtp_1)
                                  2.43   data arrival time

                          0.00    0.00   clock clk (rise edge)
                          0.00    0.00   clock source latency
                  0.04    0.03    0.03 ^ clk (in)
     1    0.01                           clk (net)
                  0.04    0.00    0.03 ^ clkbuf_0_clk/A (sky130_fd_sc_hd__clkbuf_16)
                  0.05    0.14    0.17 ^ clkbuf_0_clk/X (sky130_fd_sc_hd__clkbuf_16)
     4    0.03                           clknet_0_clk (net)
                  0.05    0.00    0.17 ^ clkbuf_2_3__f_clk/A (sky130_fd_sc_hd__clkbuf_16)
                  0.05    0.14    0.31 ^ clkbuf_2_3__f_clk/X (sky130_fd_sc_hd__clkbuf_16)
    12    0.02                           clknet_2_3__leaf_clk (net)
                  0.05    0.00    0.31 ^ _713_/CLK (sky130_fd_sc_hd__dfrtp_1)
                          0.25    0.56   clock uncertainty
                          0.00    0.56   clock reconvergence pessimism
                          0.32    0.87   library removal time
                                  0.87   data required time
-----------------------------------------------------------------------------
                                  0.87   data required time
                                 -2.43   data arrival time
-----------------------------------------------------------------------------
                                  1.56   slack (MET)


Startpoint: _700_ (rising edge-triggered flip-flop clocked by clk)
Endpoint: done (output port clocked by clk)
Path Group: clk
Path Type: min

Fanout     Cap    Slew   Delay    Time   Description
-----------------------------------------------------------------------------
                          0.00    0.00   clock clk (rise edge)
                          0.00    0.00   clock source latency
                  0.04    0.03    0.03 ^ clk (in)
     1    0.01                           clk (net)
                  0.04    0.00    0.03 ^ clkbuf_0_clk/A (sky130_fd_sc_hd__clkbuf_16)
                  0.05    0.13    0.15 ^ clkbuf_0_clk/X (sky130_fd_sc_hd__clkbuf_16)
     4    0.03                           clknet_0_clk (net)
                  0.05    0.00    0.15 ^ clkbuf_2_3__f_clk/A (sky130_fd_sc_hd__clkbuf_16)
                  0.05    0.12    0.28 ^ clkbuf_2_3__f_clk/X (sky130_fd_sc_hd__clkbuf_16)
    12    0.02                           clknet_2_3__leaf_clk (net)
                  0.05    0.00    0.28 ^ _700_/CLK (sky130_fd_sc_hd__dfrtp_1)
                  0.06    0.31    0.59 ^ _700_/Q (sky130_fd_sc_hd__dfrtp_1)
     2    0.00                           net19 (net)
                  0.06    0.00    0.59 ^ output19/A (sky130_fd_sc_hd__clkbuf_4)
                  0.11    0.18    0.76 ^ output19/X (sky130_fd_sc_hd__clkbuf_4)
     1    0.03                           done (net)
                  0.11    0.00    0.76 ^ done (out)
                                  0.76   data arrival time

                          0.00    0.00   clock clk (rise edge)
                          0.00    0.00   clock network delay (propagated)
                          0.25    0.25   clock uncertainty
                          0.00    0.25   clock reconvergence pessimism
                         -2.00   -1.75   output external delay
                                 -1.75   data required time
-----------------------------------------------------------------------------
                                 -1.75   data required time
                                 -0.76   data arrival time
-----------------------------------------------------------------------------
                                  2.51   slack (MET)


Startpoint: _713_ (rising edge-triggered flip-flop clocked by clk)
Endpoint: product[12] (output port clocked by clk)
Path Group: clk
Path Type: min

Fanout     Cap    Slew   Delay    Time   Description
-----------------------------------------------------------------------------
                          0.00    0.00   clock clk (rise edge)
                          0.00    0.00   clock source latency
                  0.04    0.03    0.03 ^ clk (in)
     1    0.01                           clk (net)
                  0.04    0.00    0.03 ^ clkbuf_0_clk/A (sky130_fd_sc_hd__clkbuf_16)
                  0.05    0.13    0.15 ^ clkbuf_0_clk/X (sky130_fd_sc_hd__clkbuf_16)
     4    0.03                           clknet_0_clk (net)
                  0.05    0.00    0.15 ^ clkbuf_2_3__f_clk/A (sky130_fd_sc_hd__clkbuf_16)
                  0.05    0.12    0.28 ^ clkbuf_2_3__f_clk/X (sky130_fd_sc_hd__clkbuf_16)
    12    0.02                           clknet_2_3__leaf_clk (net)
                  0.05    0.00    0.28 ^ _713_/CLK (sky130_fd_sc_hd__dfrtp_1)
                  0.06    0.31    0.59 ^ _713_/Q (sky130_fd_sc_hd__dfrtp_1)
     2    0.00                           net23 (net)
                  0.06    0.00    0.59 ^ output23/A (sky130_fd_sc_hd__clkbuf_4)
                  0.11    0.18    0.76 ^ output23/X (sky130_fd_sc_hd__clkbuf_4)
     1    0.03                           product[12] (net)
                  0.11    0.00    0.76 ^ product[12] (out)
                                  0.76   data arrival time

                          0.00    0.00   clock clk (rise edge)
                          0.00    0.00   clock network delay (propagated)
                          0.25    0.25   clock uncertainty
                          0.00    0.25   clock reconvergence pessimism
                         -2.00   -1.75   output external delay
                                 -1.75   data required time
-----------------------------------------------------------------------------
                                 -1.75   data required time
                                 -0.76   data arrival time
-----------------------------------------------------------------------------
                                  2.51   slack (MET)


Startpoint: _701_ (rising edge-triggered flip-flop clocked by clk)
Endpoint: product[0] (output port clocked by clk)
Path Group: clk
Path Type: min

Fanout     Cap    Slew   Delay    Time   Description
-----------------------------------------------------------------------------
                          0.00    0.00   clock clk (rise edge)
                          0.00    0.00   clock source latency
                  0.04    0.03    0.03 ^ clk (in)
     1    0.01                           clk (net)
                  0.04    0.00    0.03 ^ clkbuf_0_clk/A (sky130_fd_sc_hd__clkbuf_16)
                  0.05    0.13    0.15 ^ clkbuf_0_clk/X (sky130_fd_sc_hd__clkbuf_16)
     4    0.03                           clknet_0_clk (net)
                  0.05    0.00    0.15 ^ clkbuf_2_2__f_clk/A (sky130_fd_sc_hd__clkbuf_16)
                  0.05    0.13    0.28 ^ clkbuf_2_2__f_clk/X (sky130_fd_sc_hd__clkbuf_16)
    13    0.02                           clknet_2_2__leaf_clk (net)
                  0.05    0.00    0.28 ^ _701_/CLK (sky130_fd_sc_hd__dfrtp_1)
                  0.06    0.31    0.59 ^ _701_/Q (sky130_fd_sc_hd__dfrtp_1)
     2    0.00                           net20 (net)
                  0.06    0.00    0.59 ^ output20/A (sky130_fd_sc_hd__clkbuf_4)
                  0.11    0.18    0.77 ^ output20/X (sky130_fd_sc_hd__clkbuf_4)
     1    0.03                           product[0] (net)
                  0.11    0.00    0.77 ^ product[0] (out)
                                  0.77   data arrival time

                          0.00    0.00   clock clk (rise edge)
                          0.00    0.00   clock network delay (propagated)
                          0.25    0.25   clock uncertainty
                          0.00    0.25   clock reconvergence pessimism
                         -2.00   -1.75   output external delay
                                 -1.75   data required time
-----------------------------------------------------------------------------
                                 -1.75   data required time
                                 -0.77   data arrival time
-----------------------------------------------------------------------------
                                  2.52   slack (MET)


Startpoint: _711_ (rising edge-triggered flip-flop clocked by clk)
Endpoint: product[10] (output port clocked by clk)
Path Group: clk
Path Type: min

Fanout     Cap    Slew   Delay    Time   Description
-----------------------------------------------------------------------------
                          0.00    0.00   clock clk (rise edge)
                          0.00    0.00   clock source latency
                  0.04    0.03    0.03 ^ clk (in)
     1    0.01                           clk (net)
                  0.04    0.00    0.03 ^ clkbuf_0_clk/A (sky130_fd_sc_hd__clkbuf_16)
                  0.05    0.13    0.15 ^ clkbuf_0_clk/X (sky130_fd_sc_hd__clkbuf_16)
     4    0.03                           clknet_0_clk (net)
                  0.05    0.00    0.15 ^ clkbuf_2_2__f_clk/A (sky130_fd_sc_hd__clkbuf_16)
                  0.05    0.13    0.28 ^ clkbuf_2_2__f_clk/X (sky130_fd_sc_hd__clkbuf_16)
    13    0.02                           clknet_2_2__leaf_clk (net)
                  0.05    0.00    0.28 ^ _711_/CLK (sky130_fd_sc_hd__dfrtp_1)
                  0.06    0.31    0.59 ^ _711_/Q (sky130_fd_sc_hd__dfrtp_1)
     2    0.00                           net21 (net)
                  0.06    0.00    0.59 ^ output21/A (sky130_fd_sc_hd__clkbuf_4)
                  0.11    0.18    0.77 ^ output21/X (sky130_fd_sc_hd__clkbuf_4)
     1    0.03                           product[10] (net)
                  0.11    0.00    0.77 ^ product[10] (out)
                                  0.77   data arrival time

                          0.00    0.00   clock clk (rise edge)
                          0.00    0.00   clock network delay (propagated)
                          0.25    0.25   clock uncertainty
                          0.00    0.25   clock reconvergence pessimism
                         -2.00   -1.75   output external delay
                                 -1.75   data required time
-----------------------------------------------------------------------------
                                 -1.75   data required time
                                 -0.77   data arrival time
-----------------------------------------------------------------------------
                                  2.52   slack (MET)


Startpoint: _705_ (rising edge-triggered flip-flop clocked by clk)
Endpoint: product[4] (output port clocked by clk)
Path Group: clk
Path Type: min

Fanout     Cap    Slew   Delay    Time   Description
-----------------------------------------------------------------------------
                          0.00    0.00   clock clk (rise edge)
                          0.00    0.00   clock source latency
                  0.04    0.03    0.03 ^ clk (in)
     1    0.01                           clk (net)
                  0.04    0.00    0.03 ^ clkbuf_0_clk/A (sky130_fd_sc_hd__clkbuf_16)
                  0.05    0.13    0.15 ^ clkbuf_0_clk/X (sky130_fd_sc_hd__clkbuf_16)
     4    0.03                           clknet_0_clk (net)
                  0.05    0.00    0.15 ^ clkbuf_2_2__f_clk/A (sky130_fd_sc_hd__clkbuf_16)
                  0.05    0.13    0.28 ^ clkbuf_2_2__f_clk/X (sky130_fd_sc_hd__clkbuf_16)
    13    0.02                           clknet_2_2__leaf_clk (net)
                  0.05    0.00    0.28 ^ _705_/CLK (sky130_fd_sc_hd__dfrtp_1)
                  0.06    0.31    0.59 ^ _705_/Q (sky130_fd_sc_hd__dfrtp_1)
     2    0.00                           net30 (net)
                  0.06    0.00    0.59 ^ output30/A (sky130_fd_sc_hd__clkbuf_4)
                  0.11    0.18    0.77 ^ output30/X (sky130_fd_sc_hd__clkbuf_4)
     1    0.03                           product[4] (net)
                  0.11    0.00    0.77 ^ product[4] (out)
                                  0.77   data arrival time

                          0.00    0.00   clock clk (rise edge)
                          0.00    0.00   clock network delay (propagated)
                          0.25    0.25   clock uncertainty
                          0.00    0.25   clock reconvergence pessimism
                         -2.00   -1.75   output external delay
                                 -1.75   data required time
-----------------------------------------------------------------------------
                                 -1.75   data required time
                                 -0.77   data arrival time
-----------------------------------------------------------------------------
                                  2.52   slack (MET)


Startpoint: _707_ (rising edge-triggered flip-flop clocked by clk)
Endpoint: product[6] (output port clocked by clk)
Path Group: clk
Path Type: min

Fanout     Cap    Slew   Delay    Time   Description
-----------------------------------------------------------------------------
                          0.00    0.00   clock clk (rise edge)
                          0.00    0.00   clock source latency
                  0.04    0.03    0.03 ^ clk (in)
     1    0.01                           clk (net)
                  0.04    0.00    0.03 ^ clkbuf_0_clk/A (sky130_fd_sc_hd__clkbuf_16)
                  0.05    0.13    0.15 ^ clkbuf_0_clk/X (sky130_fd_sc_hd__clkbuf_16)
     4    0.03                           clknet_0_clk (net)
                  0.05    0.00    0.15 ^ clkbuf_2_2__f_clk/A (sky130_fd_sc_hd__clkbuf_16)
                  0.05    0.13    0.28 ^ clkbuf_2_2__f_clk/X (sky130_fd_sc_hd__clkbuf_16)
    13    0.02                           clknet_2_2__leaf_clk (net)
                  0.05    0.00    0.28 ^ _707_/CLK (sky130_fd_sc_hd__dfrtp_1)
                  0.06    0.31    0.59 ^ _707_/Q (sky130_fd_sc_hd__dfrtp_1)
     2    0.00                           net32 (net)
                  0.06    0.00    0.59 ^ output32/A (sky130_fd_sc_hd__clkbuf_4)
                  0.11    0.18    0.77 ^ output32/X (sky130_fd_sc_hd__clkbuf_4)
     1    0.03                           product[6] (net)
                  0.11    0.00    0.77 ^ product[6] (out)
                                  0.77   data arrival time

                          0.00    0.00   clock clk (rise edge)
                          0.00    0.00   clock network delay (propagated)
                          0.25    0.25   clock uncertainty
                          0.00    0.25   clock reconvergence pessimism
                         -2.00   -1.75   output external delay
                                 -1.75   data required time
-----------------------------------------------------------------------------
                                 -1.75   data required time
                                 -0.77   data arrival time
-----------------------------------------------------------------------------
                                  2.52   slack (MET)


Startpoint: _708_ (rising edge-triggered flip-flop clocked by clk)
Endpoint: product[7] (output port clocked by clk)
Path Group: clk
Path Type: min

Fanout     Cap    Slew   Delay    Time   Description
-----------------------------------------------------------------------------
                          0.00    0.00   clock clk (rise edge)
                          0.00    0.00   clock source latency
                  0.04    0.03    0.03 ^ clk (in)
     1    0.01                           clk (net)
                  0.04    0.00    0.03 ^ clkbuf_0_clk/A (sky130_fd_sc_hd__clkbuf_16)
                  0.05    0.13    0.15 ^ clkbuf_0_clk/X (sky130_fd_sc_hd__clkbuf_16)
     4    0.03                           clknet_0_clk (net)
                  0.05    0.00    0.15 ^ clkbuf_2_2__f_clk/A (sky130_fd_sc_hd__clkbuf_16)
                  0.05    0.13    0.28 ^ clkbuf_2_2__f_clk/X (sky130_fd_sc_hd__clkbuf_16)
    13    0.02                           clknet_2_2__leaf_clk (net)
                  0.05    0.00    0.28 ^ _708_/CLK (sky130_fd_sc_hd__dfrtp_1)
                  0.06    0.31    0.59 ^ _708_/Q (sky130_fd_sc_hd__dfrtp_1)
     2    0.00                           net33 (net)
                  0.06    0.00    0.59 ^ output33/A (sky130_fd_sc_hd__clkbuf_4)
                  0.11    0.18    0.77 ^ output33/X (sky130_fd_sc_hd__clkbuf_4)
     1    0.03                           product[7] (net)
                  0.11    0.00    0.77 ^ product[7] (out)
                                  0.77   data arrival time

                          0.00    0.00   clock clk (rise edge)
                          0.00    0.00   clock network delay (propagated)
                          0.25    0.25   clock uncertainty
                          0.00    0.25   clock reconvergence pessimism
                         -2.00   -1.75   output external delay
                                 -1.75   data required time
-----------------------------------------------------------------------------
                                 -1.75   data required time
                                 -0.77   data arrival time
-----------------------------------------------------------------------------
                                  2.52   slack (MET)


Startpoint: _712_ (rising edge-triggered flip-flop clocked by clk)
Endpoint: product[11] (output port clocked by clk)
Path Group: clk
Path Type: min

Fanout     Cap    Slew   Delay    Time   Description
-----------------------------------------------------------------------------
                          0.00    0.00   clock clk (rise edge)
                          0.00    0.00   clock source latency
                  0.04    0.03    0.03 ^ clk (in)
     1    0.01                           clk (net)
                  0.04    0.00    0.03 ^ clkbuf_0_clk/A (sky130_fd_sc_hd__clkbuf_16)
                  0.05    0.13    0.15 ^ clkbuf_0_clk/X (sky130_fd_sc_hd__clkbuf_16)
     4    0.03                           clknet_0_clk (net)
                  0.05    0.00    0.15 ^ clkbuf_2_1__f_clk/A (sky130_fd_sc_hd__clkbuf_16)
                  0.05    0.13    0.28 ^ clkbuf_2_1__f_clk/X (sky130_fd_sc_hd__clkbuf_16)
    14    0.03                           clknet_2_1__leaf_clk (net)
                  0.05    0.00    0.28 ^ _712_/CLK (sky130_fd_sc_hd__dfrtp_1)
                  0.06    0.31    0.59 ^ _712_/Q (sky130_fd_sc_hd__dfrtp_1)
     2    0.00                           net22 (net)
                  0.06    0.00    0.59 ^ output22/A (sky130_fd_sc_hd__clkbuf_4)
                  0.11    0.18    0.77 ^ output22/X (sky130_fd_sc_hd__clkbuf_4)
     1    0.03                           product[11] (net)
                  0.11    0.00    0.77 ^ product[11] (out)
                                  0.77   data arrival time

                          0.00    0.00   clock clk (rise edge)
                          0.00    0.00   clock network delay (propagated)
                          0.25    0.25   clock uncertainty
                          0.00    0.25   clock reconvergence pessimism
                         -2.00   -1.75   output external delay
                                 -1.75   data required time
-----------------------------------------------------------------------------
                                 -1.75   data required time
                                 -0.77   data arrival time
-----------------------------------------------------------------------------
                                  2.52   slack (MET)


Startpoint: _703_ (rising edge-triggered flip-flop clocked by clk)
Endpoint: product[2] (output port clocked by clk)
Path Group: clk
Path Type: min

Fanout     Cap    Slew   Delay    Time   Description
-----------------------------------------------------------------------------
                          0.00    0.00   clock clk (rise edge)
                          0.00    0.00   clock source latency
                  0.04    0.03    0.03 ^ clk (in)
     1    0.01                           clk (net)
                  0.04    0.00    0.03 ^ clkbuf_0_clk/A (sky130_fd_sc_hd__clkbuf_16)
                  0.05    0.13    0.15 ^ clkbuf_0_clk/X (sky130_fd_sc_hd__clkbuf_16)
     4    0.03                           clknet_0_clk (net)
                  0.05    0.00    0.15 ^ clkbuf_2_1__f_clk/A (sky130_fd_sc_hd__clkbuf_16)
                  0.05    0.13    0.28 ^ clkbuf_2_1__f_clk/X (sky130_fd_sc_hd__clkbuf_16)
    14    0.03                           clknet_2_1__leaf_clk (net)
                  0.05    0.00    0.28 ^ _703_/CLK (sky130_fd_sc_hd__dfrtp_1)
                  0.06    0.31    0.59 ^ _703_/Q (sky130_fd_sc_hd__dfrtp_1)
     2    0.00                           net28 (net)
                  0.06    0.00    0.59 ^ output28/A (sky130_fd_sc_hd__clkbuf_4)
                  0.11    0.18    0.77 ^ output28/X (sky130_fd_sc_hd__clkbuf_4)
     1    0.03                           product[2] (net)
                  0.11    0.00    0.77 ^ product[2] (out)
                                  0.77   data arrival time

                          0.00    0.00   clock clk (rise edge)
                          0.00    0.00   clock network delay (propagated)
                          0.25    0.25   clock uncertainty
                          0.00    0.25   clock reconvergence pessimism
                         -2.00   -1.75   output external delay
                                 -1.75   data required time
-----------------------------------------------------------------------------
                                 -1.75   data required time
                                 -0.77   data arrival time
-----------------------------------------------------------------------------
                                  2.52   slack (MET)


Startpoint: _709_ (rising edge-triggered flip-flop clocked by clk)
Endpoint: product[8] (output port clocked by clk)
Path Group: clk
Path Type: min

Fanout     Cap    Slew   Delay    Time   Description
-----------------------------------------------------------------------------
                          0.00    0.00   clock clk (rise edge)
                          0.00    0.00   clock source latency
                  0.04    0.03    0.03 ^ clk (in)
     1    0.01                           clk (net)
                  0.04    0.00    0.03 ^ clkbuf_0_clk/A (sky130_fd_sc_hd__clkbuf_16)
                  0.05    0.13    0.15 ^ clkbuf_0_clk/X (sky130_fd_sc_hd__clkbuf_16)
     4    0.03                           clknet_0_clk (net)
                  0.05    0.00    0.15 ^ clkbuf_2_1__f_clk/A (sky130_fd_sc_hd__clkbuf_16)
                  0.05    0.13    0.28 ^ clkbuf_2_1__f_clk/X (sky130_fd_sc_hd__clkbuf_16)
    14    0.03                           clknet_2_1__leaf_clk (net)
                  0.05    0.00    0.28 ^ _709_/CLK (sky130_fd_sc_hd__dfrtp_1)
                  0.06    0.31    0.59 ^ _709_/Q (sky130_fd_sc_hd__dfrtp_1)
     2    0.00                           net34 (net)
                  0.06    0.00    0.59 ^ output34/A (sky130_fd_sc_hd__clkbuf_4)
                  0.11    0.18    0.77 ^ output34/X (sky130_fd_sc_hd__clkbuf_4)
     1    0.03                           product[8] (net)
                  0.11    0.00    0.77 ^ product[8] (out)
                                  0.77   data arrival time

                          0.00    0.00   clock clk (rise edge)
                          0.00    0.00   clock network delay (propagated)
                          0.25    0.25   clock uncertainty
                          0.00    0.25   clock reconvergence pessimism
                         -2.00   -1.75   output external delay
                                 -1.75   data required time
-----------------------------------------------------------------------------
                                 -1.75   data required time
                                 -0.77   data arrival time
-----------------------------------------------------------------------------
                                  2.52   slack (MET)


Startpoint: _716_ (rising edge-triggered flip-flop clocked by clk)
Endpoint: product[15] (output port clocked by clk)
Path Group: clk
Path Type: min

Fanout     Cap    Slew   Delay    Time   Description
-----------------------------------------------------------------------------
                          0.00    0.00   clock clk (rise edge)
                          0.00    0.00   clock source latency
                  0.04    0.03    0.03 ^ clk (in)
     1    0.01                           clk (net)
                  0.04    0.00    0.03 ^ clkbuf_0_clk/A (sky130_fd_sc_hd__clkbuf_16)
                  0.05    0.13    0.15 ^ clkbuf_0_clk/X (sky130_fd_sc_hd__clkbuf_16)
     4    0.03                           clknet_0_clk (net)
                  0.05    0.00    0.15 ^ clkbuf_2_0__f_clk/A (sky130_fd_sc_hd__clkbuf_16)
                  0.05    0.13    0.28 ^ clkbuf_2_0__f_clk/X (sky130_fd_sc_hd__clkbuf_16)
    15    0.03                           clknet_2_0__leaf_clk (net)
                  0.05    0.00    0.28 ^ _716_/CLK (sky130_fd_sc_hd__dfrtp_1)
                  0.06    0.31    0.59 ^ _716_/Q (sky130_fd_sc_hd__dfrtp_1)
     2    0.00                           net26 (net)
                  0.06    0.00    0.59 ^ output26/A (sky130_fd_sc_hd__clkbuf_4)
                  0.11    0.18    0.77 ^ output26/X (sky130_fd_sc_hd__clkbuf_4)
     1    0.03                           product[15] (net)
                  0.11    0.00    0.77 ^ product[15] (out)
                                  0.77   data arrival time

                          0.00    0.00   clock clk (rise edge)
                          0.00    0.00   clock network delay (propagated)
                          0.25    0.25   clock uncertainty
                          0.00    0.25   clock reconvergence pessimism
                         -2.00   -1.75   output external delay
                                 -1.75   data required time
-----------------------------------------------------------------------------
                                 -1.75   data required time
                                 -0.77   data arrival time
-----------------------------------------------------------------------------
                                  2.52   slack (MET)


Startpoint: _702_ (rising edge-triggered flip-flop clocked by clk)
Endpoint: product[1] (output port clocked by clk)
Path Group: clk
Path Type: min

Fanout     Cap    Slew   Delay    Time   Description
-----------------------------------------------------------------------------
                          0.00    0.00   clock clk (rise edge)
                          0.00    0.00   clock source latency
                  0.04    0.03    0.03 ^ clk (in)
     1    0.01                           clk (net)
                  0.04    0.00    0.03 ^ clkbuf_0_clk/A (sky130_fd_sc_hd__clkbuf_16)
                  0.05    0.13    0.15 ^ clkbuf_0_clk/X (sky130_fd_sc_hd__clkbuf_16)
     4    0.03                           clknet_0_clk (net)
                  0.05    0.00    0.15 ^ clkbuf_2_0__f_clk/A (sky130_fd_sc_hd__clkbuf_16)
                  0.05    0.13    0.28 ^ clkbuf_2_0__f_clk/X (sky130_fd_sc_hd__clkbuf_16)
    15    0.03                           clknet_2_0__leaf_clk (net)
                  0.05    0.00    0.28 ^ _702_/CLK (sky130_fd_sc_hd__dfrtp_1)
                  0.06    0.31    0.59 ^ _702_/Q (sky130_fd_sc_hd__dfrtp_1)
     2    0.00                           net27 (net)
                  0.06    0.00    0.59 ^ output27/A (sky130_fd_sc_hd__clkbuf_4)
                  0.11    0.18    0.77 ^ output27/X (sky130_fd_sc_hd__clkbuf_4)
     1    0.03                           product[1] (net)
                  0.11    0.00    0.77 ^ product[1] (out)
                                  0.77   data arrival time

                          0.00    0.00   clock clk (rise edge)
                          0.00    0.00   clock network delay (propagated)
                          0.25    0.25   clock uncertainty
                          0.00    0.25   clock reconvergence pessimism
                         -2.00   -1.75   output external delay
                                 -1.75   data required time
-----------------------------------------------------------------------------
                                 -1.75   data required time
                                 -0.77   data arrival time
-----------------------------------------------------------------------------
                                  2.52   slack (MET)


Startpoint: _704_ (rising edge-triggered flip-flop clocked by clk)
Endpoint: product[3] (output port clocked by clk)
Path Group: clk
Path Type: min

Fanout     Cap    Slew   Delay    Time   Description
-----------------------------------------------------------------------------
                          0.00    0.00   clock clk (rise edge)
                          0.00    0.00   clock source latency
                  0.04    0.03    0.03 ^ clk (in)
     1    0.01                           clk (net)
                  0.04    0.00    0.03 ^ clkbuf_0_clk/A (sky130_fd_sc_hd__clkbuf_16)
                  0.05    0.13    0.15 ^ clkbuf_0_clk/X (sky130_fd_sc_hd__clkbuf_16)
     4    0.03                           clknet_0_clk (net)
                  0.05    0.00    0.15 ^ clkbuf_2_0__f_clk/A (sky130_fd_sc_hd__clkbuf_16)
                  0.05    0.13    0.28 ^ clkbuf_2_0__f_clk/X (sky130_fd_sc_hd__clkbuf_16)
    15    0.03                           clknet_2_0__leaf_clk (net)
                  0.05    0.00    0.28 ^ _704_/CLK (sky130_fd_sc_hd__dfrtp_1)
                  0.06    0.31    0.59 ^ _704_/Q (sky130_fd_sc_hd__dfrtp_1)
     2    0.00                           net29 (net)
                  0.06    0.00    0.59 ^ output29/A (sky130_fd_sc_hd__clkbuf_4)
                  0.11    0.18    0.77 ^ output29/X (sky130_fd_sc_hd__clkbuf_4)
     1    0.03                           product[3] (net)
                  0.11    0.00    0.77 ^ product[3] (out)
                                  0.77   data arrival time

                          0.00    0.00   clock clk (rise edge)
                          0.00    0.00   clock network delay (propagated)
                          0.25    0.25   clock uncertainty
                          0.00    0.25   clock reconvergence pessimism
                         -2.00   -1.75   output external delay
                                 -1.75   data required time
-----------------------------------------------------------------------------
                                 -1.75   data required time
                                 -0.77   data arrival time
-----------------------------------------------------------------------------
                                  2.52   slack (MET)


Startpoint: _710_ (rising edge-triggered flip-flop clocked by clk)
Endpoint: product[9] (output port clocked by clk)
Path Group: clk
Path Type: min

Fanout     Cap    Slew   Delay    Time   Description
-----------------------------------------------------------------------------
                          0.00    0.00   clock clk (rise edge)
                          0.00    0.00   clock source latency
                  0.04    0.03    0.03 ^ clk (in)
     1    0.01                           clk (net)
                  0.04    0.00    0.03 ^ clkbuf_0_clk/A (sky130_fd_sc_hd__clkbuf_16)
                  0.05    0.13    0.15 ^ clkbuf_0_clk/X (sky130_fd_sc_hd__clkbuf_16)
     4    0.03                           clknet_0_clk (net)
                  0.05    0.00    0.15 ^ clkbuf_2_0__f_clk/A (sky130_fd_sc_hd__clkbuf_16)
                  0.05    0.13    0.28 ^ clkbuf_2_0__f_clk/X (sky130_fd_sc_hd__clkbuf_16)
    15    0.03                           clknet_2_0__leaf_clk (net)
                  0.05    0.00    0.28 ^ _710_/CLK (sky130_fd_sc_hd__dfrtp_1)
                  0.06    0.31    0.59 ^ _710_/Q (sky130_fd_sc_hd__dfrtp_1)
     2    0.00                           net35 (net)
                  0.06    0.00    0.59 ^ output35/A (sky130_fd_sc_hd__clkbuf_4)
                  0.11    0.18    0.77 ^ output35/X (sky130_fd_sc_hd__clkbuf_4)
     1    0.03                           product[9] (net)
                  0.11    0.00    0.77 ^ product[9] (out)
                                  0.77   data arrival time

                          0.00    0.00   clock clk (rise edge)
                          0.00    0.00   clock network delay (propagated)
                          0.25    0.25   clock uncertainty
                          0.00    0.25   clock reconvergence pessimism
                         -2.00   -1.75   output external delay
                                 -1.75   data required time
-----------------------------------------------------------------------------
                                 -1.75   data required time
                                 -0.77   data arrival time
-----------------------------------------------------------------------------
                                  2.52   slack (MET)


Startpoint: _714_ (rising edge-triggered flip-flop clocked by clk)
Endpoint: product[13] (output port clocked by clk)
Path Group: clk
Path Type: min

Fanout     Cap    Slew   Delay    Time   Description
-----------------------------------------------------------------------------
                          0.00    0.00   clock clk (rise edge)
                          0.00    0.00   clock source latency
                  0.04    0.03    0.03 ^ clk (in)
     1    0.01                           clk (net)
                  0.04    0.00    0.03 ^ clkbuf_0_clk/A (sky130_fd_sc_hd__clkbuf_16)
                  0.05    0.13    0.15 ^ clkbuf_0_clk/X (sky130_fd_sc_hd__clkbuf_16)
     4    0.03                           clknet_0_clk (net)
                  0.05    0.00    0.15 ^ clkbuf_2_1__f_clk/A (sky130_fd_sc_hd__clkbuf_16)
                  0.05    0.13    0.28 ^ clkbuf_2_1__f_clk/X (sky130_fd_sc_hd__clkbuf_16)
    14    0.03                           clknet_2_1__leaf_clk (net)
                  0.05    0.00    0.28 ^ _714_/CLK (sky130_fd_sc_hd__dfrtp_1)
                  0.05    0.31    0.59 ^ _714_/Q (sky130_fd_sc_hd__dfrtp_1)
     2    0.00                           net24 (net)
                  0.05    0.00    0.59 ^ output24/A (sky130_fd_sc_hd__buf_2)
                  0.17    0.19    0.78 ^ output24/X (sky130_fd_sc_hd__buf_2)
     1    0.03                           product[13] (net)
                  0.17    0.00    0.78 ^ product[13] (out)
                                  0.78   data arrival time

                          0.00    0.00   clock clk (rise edge)
                          0.00    0.00   clock network delay (propagated)
                          0.25    0.25   clock uncertainty
                          0.00    0.25   clock reconvergence pessimism
                         -2.00   -1.75   output external delay
                                 -1.75   data required time
-----------------------------------------------------------------------------
                                 -1.75   data required time
                                 -0.78   data arrival time
-----------------------------------------------------------------------------
                                  2.53   slack (MET)


Startpoint: _706_ (rising edge-triggered flip-flop clocked by clk)
Endpoint: product[5] (output port clocked by clk)
Path Group: clk
Path Type: min

Fanout     Cap    Slew   Delay    Time   Description
-----------------------------------------------------------------------------
                          0.00    0.00   clock clk (rise edge)
                          0.00    0.00   clock source latency
                  0.04    0.03    0.03 ^ clk (in)
     1    0.01                           clk (net)
                  0.04    0.00    0.03 ^ clkbuf_0_clk/A (sky130_fd_sc_hd__clkbuf_16)
                  0.05    0.13    0.15 ^ clkbuf_0_clk/X (sky130_fd_sc_hd__clkbuf_16)
     4    0.03                           clknet_0_clk (net)
                  0.05    0.00    0.15 ^ clkbuf_2_1__f_clk/A (sky130_fd_sc_hd__clkbuf_16)
                  0.05    0.13    0.28 ^ clkbuf_2_1__f_clk/X (sky130_fd_sc_hd__clkbuf_16)
    14    0.03                           clknet_2_1__leaf_clk (net)
                  0.05    0.00    0.28 ^ _706_/CLK (sky130_fd_sc_hd__dfrtp_1)
                  0.05    0.31    0.59 ^ _706_/Q (sky130_fd_sc_hd__dfrtp_1)
     2    0.00                           net31 (net)
                  0.05    0.00    0.59 ^ output31/A (sky130_fd_sc_hd__buf_2)
                  0.17    0.19    0.78 ^ output31/X (sky130_fd_sc_hd__buf_2)
     1    0.03                           product[5] (net)
                  0.17    0.00    0.78 ^ product[5] (out)
                                  0.78   data arrival time

                          0.00    0.00   clock clk (rise edge)
                          0.00    0.00   clock network delay (propagated)
                          0.25    0.25   clock uncertainty
                          0.00    0.25   clock reconvergence pessimism
                         -2.00   -1.75   output external delay
                                 -1.75   data required time
-----------------------------------------------------------------------------
                                 -1.75   data required time
                                 -0.78   data arrival time
-----------------------------------------------------------------------------
                                  2.53   slack (MET)


Startpoint: _715_ (rising edge-triggered flip-flop clocked by clk)
Endpoint: product[14] (output port clocked by clk)
Path Group: clk
Path Type: min

Fanout     Cap    Slew   Delay    Time   Description
-----------------------------------------------------------------------------
                          0.00    0.00   clock clk (rise edge)
                          0.00    0.00   clock source latency
                  0.04    0.03    0.03 ^ clk (in)
     1    0.01                           clk (net)
                  0.04    0.00    0.03 ^ clkbuf_0_clk/A (sky130_fd_sc_hd__clkbuf_16)
                  0.05    0.13    0.15 ^ clkbuf_0_clk/X (sky130_fd_sc_hd__clkbuf_16)
     4    0.03                           clknet_0_clk (net)
                  0.05    0.00    0.15 ^ clkbuf_2_3__f_clk/A (sky130_fd_sc_hd__clkbuf_16)
                  0.05    0.12    0.28 ^ clkbuf_2_3__f_clk/X (sky130_fd_sc_hd__clkbuf_16)
    12    0.02                           clknet_2_3__leaf_clk (net)
                  0.05    0.00    0.28 ^ _715_/CLK (sky130_fd_sc_hd__dfrtp_2)
                  0.05    0.32    0.60 ^ _715_/Q (sky130_fd_sc_hd__dfrtp_2)
     3    0.00                           net25 (net)
                  0.05    0.00    0.60 ^ output25/A (sky130_fd_sc_hd__clkbuf_4)
                  0.11    0.18    0.78 ^ output25/X (sky130_fd_sc_hd__clkbuf_4)
     1    0.03                           product[14] (net)
                  0.11    0.00    0.78 ^ product[14] (out)
                                  0.78   data arrival time

                          0.00    0.00   clock clk (rise edge)
                          0.00    0.00   clock network delay (propagated)
                          0.25    0.25   clock uncertainty
                          0.00    0.25   clock reconvergence pessimism
                         -2.00   -1.75   output external delay
                                 -1.75   data required time
-----------------------------------------------------------------------------
                                 -1.75   data required time
                                 -0.78   data arrival time
-----------------------------------------------------------------------------
                                  2.53   slack (MET)



