
===========================================================================
report_checks -path_delay max (Setup)
============================================================================
======================= Typical Corner ===================================

Startpoint: _715_ (rising edge-triggered flip-flop clocked by clk)
Endpoint: product[14] (output port clocked by clk)
Path Group: clk
Path Type: max

Fanout     Cap    Slew   Delay    Time   Description
-----------------------------------------------------------------------------
                          0.00    0.00   clock clk (rise edge)
                          0.00    0.00   clock source latency
                  0.04    0.03    0.03 ^ clk (in)
     1    0.01                           clk (net)
                  0.04    0.00    0.03 ^ clkbuf_0_clk/A (sky130_fd_sc_hd__clkbuf_16)
                  0.05    0.14    0.17 ^ clkbuf_0_clk/X (sky130_fd_sc_hd__clkbuf_16)
     4    0.03                           clknet_0_clk (net)
                  0.05    0.00    0.17 ^ clkbuf_2_3__f_clk/A (sky130_fd_sc_hd__clkbuf_16)
                  0.05    0.14    0.31 ^ clkbuf_2_3__f_clk/X (sky130_fd_sc_hd__clkbuf_16)
    12    0.02                           clknet_2_3__leaf_clk (net)
                  0.05    0.00    0.31 ^ _715_/CLK (sky130_fd_sc_hd__dfrtp_2)
                  0.04    0.41    0.71 v _715_/Q (sky130_fd_sc_hd__dfrtp_2)
     3    0.00                           net25 (net)
                  0.04    0.00    0.71 v output25/A (sky130_fd_sc_hd__clkbuf_4)
                  0.08    0.19    0.91 v output25/X (sky130_fd_sc_hd__clkbuf_4)
     1    0.03                           product[14] (net)
                  0.08    0.00    0.91 v product[14] (out)
                                  0.91   data arrival time

                         10.00   10.00   clock clk (rise edge)
                          0.00   10.00   clock network delay (propagated)
                         -0.25    9.75   clock uncertainty
                          0.00    9.75   clock reconvergence pessimism
                         -2.00    7.75   output external delay
                                  7.75   data required time
-----------------------------------------------------------------------------
                                  7.75   data required time
                                 -0.91   data arrival time
-----------------------------------------------------------------------------
                                  6.84   slack (MET)


Startpoint: _716_ (rising edge-triggered flip-flop clocked by clk)
Endpoint: product[15] (output port clocked by clk)
Path Group: clk
Path Type: max

Fanout     Cap    Slew   Delay    Time   Description
-----------------------------------------------------------------------------
                          0.00    0.00   clock clk (rise edge)
                          0.00    0.00   clock source latency
                  0.04    0.03    0.03 ^ clk (in)
     1    0.01                           clk (net)
                  0.04    0.00    0.03 ^ clkbuf_0_clk/A (sky130_fd_sc_hd__clkbuf_16)
                  0.05    0.14    0.17 ^ clkbuf_0_clk/X (sky130_fd_sc_hd__clkbuf_16)
     4    0.03                           clknet_0_clk (net)
                  0.05    0.00    0.17 ^ clkbuf_2_0__f_clk/A (sky130_fd_sc_hd__clkbuf_16)
                  0.05    0.14    0.31 ^ clkbuf_2_0__f_clk/X (sky130_fd_sc_hd__clkbuf_16)
    15    0.03                           clknet_2_0__leaf_clk (net)
                  0.05    0.00    0.31 ^ _716_/CLK (sky130_fd_sc_hd__dfrtp_1)
                  0.04    0.38    0.69 v _716_/Q (sky130_fd_sc_hd__dfrtp_1)
     2    0.00                           net26 (net)
                  0.04    0.00    0.69 v output26/A (sky130_fd_sc_hd__clkbuf_4)
                  0.08    0.19    0.88 v output26/X (sky130_fd_sc_hd__clkbuf_4)
     1    0.03                           product[15] (net)
                  0.08    0.00    0.88 v product[15] (out)
                                  0.88   data arrival time

                         10.00   10.00   clock clk (rise edge)
                          0.00   10.00   clock network delay (propagated)
                         -0.25    9.75   clock uncertainty
                          0.00    9.75   clock reconvergence pessimism
                         -2.00    7.75   output external delay
                                  7.75   data required time
-----------------------------------------------------------------------------
                                  7.75   data required time
                                 -0.88   data arrival time
-----------------------------------------------------------------------------
                                  6.87   slack (MET)


Startpoint: _702_ (rising edge-triggered flip-flop clocked by clk)
Endpoint: product[1] (output port clocked by clk)
Path Group: clk
Path Type: max

Fanout     Cap    Slew   Delay    Time   Description
-----------------------------------------------------------------------------
                          0.00    0.00   clock clk (rise edge)
                          0.00    0.00   clock source latency
                  0.04    0.03    0.03 ^ clk (in)
     1    0.01                           clk (net)
                  0.04    0.00    0.03 ^ clkbuf_0_clk/A (sky130_fd_sc_hd__clkbuf_16)
                  0.05    0.14    0.17 ^ clkbuf_0_clk/X (sky130_fd_sc_hd__clkbuf_16)
     4    0.03                           clknet_0_clk (net)
                  0.05    0.00    0.17 ^ clkbuf_2_0__f_clk/A (sky130_fd_sc_hd__clkbuf_16)
                  0.05    0.14    0.31 ^ clkbuf_2_0__f_clk/X (sky130_fd_sc_hd__clkbuf_16)
    15    0.03                           clknet_2_0__leaf_clk (net)
                  0.05    0.00    0.31 ^ _702_/CLK (sky130_fd_sc_hd__dfrtp_1)
                  0.04    0.38    0.69 v _702_/Q (sky130_fd_sc_hd__dfrtp_1)
     2    0.00                           net27 (net)
                  0.04    0.00    0.69 v output27/A (sky130_fd_sc_hd__clkbuf_4)
                  0.08    0.19    0.88 v output27/X (sky130_fd_sc_hd__clkbuf_4)
     1    0.03                           product[1] (net)
                  0.08    0.00    0.88 v product[1] (out)
                                  0.88   data arrival time

                         10.00   10.00   clock clk (rise edge)
                          0.00   10.00   clock network delay (propagated)
                         -0.25    9.75   clock uncertainty
                          0.00    9.75   clock reconvergence pessimism
                         -2.00    7.75   output external delay
                                  7.75   data required time
-----------------------------------------------------------------------------
                                  7.75   data required time
                                 -0.88   data arrival time
-----------------------------------------------------------------------------
                                  6.87   slack (MET)


Startpoint: _704_ (rising edge-triggered flip-flop clocked by clk)
Endpoint: product[3] (output port clocked by clk)
Path Group: clk
Path Type: max

Fanout     Cap    Slew   Delay    Time   Description
-----------------------------------------------------------------------------
                          0.00    0.00   clock clk (rise edge)
                          0.00    0.00   clock source latency
                  0.04    0.03    0.03 ^ clk (in)
     1    0.01                           clk (net)
                  0.04    0.00    0.03 ^ clkbuf_0_clk/A (sky130_fd_sc_hd__clkbuf_16)
                  0.05    0.14    0.17 ^ clkbuf_0_clk/X (sky130_fd_sc_hd__clkbuf_16)
     4    0.03                           clknet_0_clk (net)
                  0.05    0.00    0.17 ^ clkbuf_2_0__f_clk/A (sky130_fd_sc_hd__clkbuf_16)
                  0.05    0.14    0.31 ^ clkbuf_2_0__f_clk/X (sky130_fd_sc_hd__clkbuf_16)
    15    0.03                           clknet_2_0__leaf_clk (net)
                  0.05    0.00    0.31 ^ _704_/CLK (sky130_fd_sc_hd__dfrtp_1)
                  0.04    0.38    0.69 v _704_/Q (sky130_fd_sc_hd__dfrtp_1)
     2    0.00                           net29 (net)
                  0.04    0.00    0.69 v output29/A (sky130_fd_sc_hd__clkbuf_4)
                  0.08    0.19    0.88 v output29/X (sky130_fd_sc_hd__clkbuf_4)
     1    0.03                           product[3] (net)
                  0.08    0.00    0.88 v product[3] (out)
                                  0.88   data arrival time

                         10.00   10.00   clock clk (rise edge)
                          0.00   10.00   clock network delay (propagated)
                         -0.25    9.75   clock uncertainty
                          0.00    9.75   clock reconvergence pessimism
                         -2.00    7.75   output external delay
                                  7.75   data required time
-----------------------------------------------------------------------------
                                  7.75   data required time
                                 -0.88   data arrival time
-----------------------------------------------------------------------------
                                  6.87   slack (MET)


Startpoint: _710_ (rising edge-triggered flip-flop clocked by clk)
Endpoint: product[9] (output port clocked by clk)
Path Group: clk
Path Type: max

Fanout     Cap    Slew   Delay    Time   Description
-----------------------------------------------------------------------------
                          0.00    0.00   clock clk (rise edge)
                          0.00    0.00   clock source latency
                  0.04    0.03    0.03 ^ clk (in)
     1    0.01                           clk (net)
                  0.04    0.00    0.03 ^ clkbuf_0_clk/A (sky130_fd_sc_hd__clkbuf_16)
                  0.05    0.14    0.17 ^ clkbuf_0_clk/X (sky130_fd_sc_hd__clkbuf_16)
     4    0.03                           clknet_0_clk (net)
                  0.05    0.00    0.17 ^ clkbuf_2_0__f_clk/A (sky130_fd_sc_hd__clkbuf_16)
                  0.05    0.14    0.31 ^ clkbuf_2_0__f_clk/X (sky130_fd_sc_hd__clkbuf_16)
    15    0.03                           clknet_2_0__leaf_clk (net)
                  0.05    0.00    0.31 ^ _710_/CLK (sky130_fd_sc_hd__dfrtp_1)
                  0.04    0.38    0.69 v _710_/Q (sky130_fd_sc_hd__dfrtp_1)
     2    0.00                           net35 (net)
                  0.04    0.00    0.69 v output35/A (sky130_fd_sc_hd__clkbuf_4)
                  0.08    0.19    0.88 v output35/X (sky130_fd_sc_hd__clkbuf_4)
     1    0.03                           product[9] (net)
                  0.08    0.00    0.88 v product[9] (out)
                                  0.88   data arrival time

                         10.00   10.00   clock clk (rise edge)
                          0.00   10.00   clock network delay (propagated)
                         -0.25    9.75   clock uncertainty
                          0.00    9.75   clock reconvergence pessimism
                         -2.00    7.75   output external delay
                                  7.75   data required time
-----------------------------------------------------------------------------
                                  7.75   data required time
                                 -0.88   data arrival time
-----------------------------------------------------------------------------
                                  6.87   slack (MET)


Startpoint: _712_ (rising edge-triggered flip-flop clocked by clk)
Endpoint: product[11] (output port clocked by clk)
Path Group: clk
Path Type: max

Fanout     Cap    Slew   Delay    Time   Description
-----------------------------------------------------------------------------
                          0.00    0.00   clock clk (rise edge)
                          0.00    0.00   clock source latency
                  0.04    0.03    0.03 ^ clk (in)
     1    0.01                           clk (net)
                  0.04    0.00    0.03 ^ clkbuf_0_clk/A (sky130_fd_sc_hd__clkbuf_16)
                  0.05    0.14    0.17 ^ clkbuf_0_clk/X (sky130_fd_sc_hd__clkbuf_16)
     4    0.03                           clknet_0_clk (net)
                  0.05    0.00    0.17 ^ clkbuf_2_1__f_clk/A (sky130_fd_sc_hd__clkbuf_16)
                  0.05    0.14    0.31 ^ clkbuf_2_1__f_clk/X (sky130_fd_sc_hd__clkbuf_16)
    14    0.03                           clknet_2_1__leaf_clk (net)
                  0.05    0.00    0.31 ^ _712_/CLK (sky130_fd_sc_hd__dfrtp_1)
                  0.04    0.38    0.69 v _712_/Q (sky130_fd_sc_hd__dfrtp_1)
     2    0.00                           net22 (net)
                  0.04    0.00    0.69 v output22/A (sky130_fd_sc_hd__clkbuf_4)
                  0.08    0.19    0.88 v output22/X (sky130_fd_sc_hd__clkbuf_4)
     1    0.03                           product[11] (net)
                  0.08    0.00    0.88 v product[11] (out)
                                  0.88   data arrival time

                         10.00   10.00   clock clk (rise edge)
                          0.00   10.00   clock network delay (propagated)
                         -0.25    9.75   clock uncertainty
                          0.00    9.75   clock reconvergence pessimism
                         -2.00    7.75   output external delay
                                  7.75   data required time
-----------------------------------------------------------------------------
                                  7.75   data required time
                                 -0.88   data arrival time
-----------------------------------------------------------------------------
                                  6.87   slack (MET)


Startpoint: _703_ (rising edge-triggered flip-flop clocked by clk)
Endpoint: product[2] (output port clocked by clk)
Path Group: clk
Path Type: max

Fanout     Cap    Slew   Delay    Time   Description
-----------------------------------------------------------------------------
                          0.00    0.00   clock clk (rise edge)
                          0.00    0.00   clock source latency
                  0.04    0.03    0.03 ^ clk (in)
     1    0.01                           clk (net)
                  0.04    0.00    0.03 ^ clkbuf_0_clk/A (sky130_fd_sc_hd__clkbuf_16)
                  0.05    0.14    0.17 ^ clkbuf_0_clk/X (sky130_fd_sc_hd__clkbuf_16)
     4    0.03                           clknet_0_clk (net)
                  0.05    0.00    0.17 ^ clkbuf_2_1__f_clk/A (sky130_fd_sc_hd__clkbuf_16)
                  0.05    0.14    0.31 ^ clkbuf_2_1__f_clk/X (sky130_fd_sc_hd__clkbuf_16)
    14    0.03                           clknet_2_1__leaf_clk (net)
                  0.05    0.00    0.31 ^ _703_/CLK (sky130_fd_sc_hd__dfrtp_1)
                  0.04    0.38    0.69 v _703_/Q (sky130_fd_sc_hd__dfrtp_1)
     2    0.00                           net28 (net)
                  0.04    0.00    0.69 v output28/A (sky130_fd_sc_hd__clkbuf_4)
                  0.08    0.19    0.88 v output28/X (sky130_fd_sc_hd__clkbuf_4)
     1    0.03                           product[2] (net)
                  0.08    0.00    0.88 v product[2] (out)
                                  0.88   data arrival time

                         10.00   10.00   clock clk (rise edge)
                          0.00   10.00   clock network delay (propagated)
                         -0.25    9.75   clock uncertainty
                          0.00    9.75   clock reconvergence pessimism
                         -2.00    7.75   output external delay
                                  7.75   data required time
-----------------------------------------------------------------------------
                                  7.75   data required time
                                 -0.88   data arrival time
-----------------------------------------------------------------------------
                                  6.87   slack (MET)


Startpoint: _709_ (rising edge-triggered flip-flop clocked by clk)
Endpoint: product[8] (output port clocked by clk)
Path Group: clk
Path Type: max

Fanout     Cap    Slew   Delay    Time   Description
-----------------------------------------------------------------------------
                          0.00    0.00   clock clk (rise edge)
                          0.00    0.00   clock source latency
                  0.04    0.03    0.03 ^ clk (in)
     1    0.01                           clk (net)
                  0.04    0.00    0.03 ^ clkbuf_0_clk/A (sky130_fd_sc_hd__clkbuf_16)
                  0.05    0.14    0.17 ^ clkbuf_0_clk/X (sky130_fd_sc_hd__clkbuf_16)
     4    0.03                           clknet_0_clk (net)
                  0.05    0.00    0.17 ^ clkbuf_2_1__f_clk/A (sky130_fd_sc_hd__clkbuf_16)
                  0.05    0.14    0.31 ^ clkbuf_2_1__f_clk/X (sky130_fd_sc_hd__clkbuf_16)
    14    0.03                           clknet_2_1__leaf_clk (net)
                  0.05    0.00    0.31 ^ _709_/CLK (sky130_fd_sc_hd__dfrtp_1)
                  0.04    0.38    0.69 v _709_/Q (sky130_fd_sc_hd__dfrtp_1)
     2    0.00                           net34 (net)
                  0.04    0.00    0.69 v output34/A (sky130_fd_sc_hd__clkbuf_4)
                  0.08    0.19    0.88 v output34/X (sky130_fd_sc_hd__clkbuf_4)
     1    0.03                           product[8] (net)
                  0.08    0.00    0.88 v product[8] (out)
                                  0.88   data arrival time

                         10.00   10.00   clock clk (rise edge)
                          0.00   10.00   clock network delay (propagated)
                         -0.25    9.75   clock uncertainty
                          0.00    9.75   clock reconvergence pessimism
                         -2.00    7.75   output external delay
                                  7.75   data required time
-----------------------------------------------------------------------------
                                  7.75   data required time
                                 -0.88   data arrival time
-----------------------------------------------------------------------------
                                  6.87   slack (MET)


Startpoint: _701_ (rising edge-triggered flip-flop clocked by clk)
Endpoint: product[0] (output port clocked by clk)
Path Group: clk
Path Type: max

Fanout     Cap    Slew   Delay    Time   Description
-----------------------------------------------------------------------------
                          0.00    0.00   clock clk (rise edge)
                          0.00    0.00   clock source latency
                  0.04    0.03    0.03 ^ clk (in)
     1    0.01                           clk (net)
                  0.04    0.00    0.03 ^ clkbuf_0_clk/A (sky130_fd_sc_hd__clkbuf_16)
                  0.05    0.14    0.17 ^ clkbuf_0_clk/X (sky130_fd_sc_hd__clkbuf_16)
     4    0.03                           clknet_0_clk (net)
                  0.05    0.00    0.17 ^ clkbuf_2_2__f_clk/A (sky130_fd_sc_hd__clkbuf_16)
                  0.05    0.14    0.31 ^ clkbuf_2_2__f_clk/X (sky130_fd_sc_hd__clkbuf_16)
    13    0.02                           clknet_2_2__leaf_clk (net)
                  0.05    0.00    0.31 ^ _701_/CLK (sky130_fd_sc_hd__dfrtp_1)
                  0.04    0.38    0.69 v _701_/Q (sky130_fd_sc_hd__dfrtp_1)
     2    0.00                           net20 (net)
                  0.04    0.00    0.69 v output20/A (sky130_fd_sc_hd__clkbuf_4)
                  0.08    0.19    0.88 v output20/X (sky130_fd_sc_hd__clkbuf_4)
     1    0.03                           product[0] (net)
                  0.08    0.00    0.88 v product[0] (out)
                                  0.88   data arrival time

                         10.00   10.00   clock clk (rise edge)
                          0.00   10.00   clock network delay (propagated)
                         -0.25    9.75   clock uncertainty
                          0.00    9.75   clock reconvergence pessimism
                         -2.00    7.75   output external delay
                                  7.75   data required time
-----------------------------------------------------------------------------
                                  7.75   data required time
                                 -0.88   data arrival time
-----------------------------------------------------------------------------
                                  6.87   slack (MET)


Startpoint: _711_ (rising edge-triggered flip-flop clocked by clk)
Endpoint: product[10] (output port clocked by clk)
Path Group: clk
Path Type: max

Fanout     Cap    Slew   Delay    Time   Description
-----------------------------------------------------------------------------
                          0.00    0.00   clock clk (rise edge)
                          0.00    0.00   clock source latency
                  0.04    0.03    0.03 ^ clk (in)
     1    0.01                           clk (net)
                  0.04    0.00    0.03 ^ clkbuf_0_clk/A (sky130_fd_sc_hd__clkbuf_16)
                  0.05    0.14    0.17 ^ clkbuf_0_clk/X (sky130_fd_sc_hd__clkbuf_16)
     4    0.03                           clknet_0_clk (net)
                  0.05    0.00    0.17 ^ clkbuf_2_2__f_clk/A (sky130_fd_sc_hd__clkbuf_16)
                  0.05    0.14    0.31 ^ clkbuf_2_2__f_clk/X (sky130_fd_sc_hd__clkbuf_16)
    13    0.02                           clknet_2_2__leaf_clk (net)
                  0.05    0.00    0.31 ^ _711_/CLK (sky130_fd_sc_hd__dfrtp_1)
                  0.04    0.38    0.69 v _711_/Q (sky130_fd_sc_hd__dfrtp_1)
     2    0.00                           net21 (net)
                  0.04    0.00    0.69 v output21/A (sky130_fd_sc_hd__clkbuf_4)
                  0.08    0.19    0.88 v output21/X (sky130_fd_sc_hd__clkbuf_4)
     1    0.03                           product[10] (net)
                  0.08    0.00    0.88 v product[10] (out)
                                  0.88   data arrival time

                         10.00   10.00   clock clk (rise edge)
                          0.00   10.00   clock network delay (propagated)
                         -0.25    9.75   clock uncertainty
                          0.00    9.75   clock reconvergence pessimism
                         -2.00    7.75   output external delay
                                  7.75   data required time
-----------------------------------------------------------------------------
                                  7.75   data required time
                                 -0.88   data arrival time
-----------------------------------------------------------------------------
                                  6.87   slack (MET)


Startpoint: _705_ (rising edge-triggered flip-flop clocked by clk)
Endpoint: product[4] (output port clocked by clk)
Path Group: clk
Path Type: max

Fanout     Cap    Slew   Delay    Time   Description
-----------------------------------------------------------------------------
                          0.00    0.00   clock clk (rise edge)
                          0.00    0.00   clock source latency
                  0.04    0.03    0.03 ^ clk (in)
     1    0.01                           clk (net)
                  0.04    0.00    0.03 ^ clkbuf_0_clk/A (sky130_fd_sc_hd__clkbuf_16)
                  0.05    0.14    0.17 ^ clkbuf_0_clk/X (sky130_fd_sc_hd__clkbuf_16)
     4    0.03                           clknet_0_clk (net)
                  0.05    0.00    0.17 ^ clkbuf_2_2__f_clk/A (sky130_fd_sc_hd__clkbuf_16)
                  0.05    0.14    0.31 ^ clkbuf_2_2__f_clk/X (sky130_fd_sc_hd__clkbuf_16)
    13    0.02                           clknet_2_2__leaf_clk (net)
                  0.05    0.00    0.31 ^ _705_/CLK (sky130_fd_sc_hd__dfrtp_1)
                  0.04    0.38    0.69 v _705_/Q (sky130_fd_sc_hd__dfrtp_1)
     2    0.00                           net30 (net)
                  0.04    0.00    0.69 v output30/A (sky130_fd_sc_hd__clkbuf_4)
                  0.08    0.19    0.88 v output30/X (sky130_fd_sc_hd__clkbuf_4)
     1    0.03                           product[4] (net)
                  0.08    0.00    0.88 v product[4] (out)
                                  0.88   data arrival time

                         10.00   10.00   clock clk (rise edge)
                          0.00   10.00   clock network delay (propagated)
                         -0.25    9.75   clock uncertainty
                          0.00    9.75   clock reconvergence pessimism
                         -2.00    7.75   output external delay
                                  7.75   data required time
-----------------------------------------------------------------------------
                                  7.75   data required time
                                 -0.88   data arrival time
-----------------------------------------------------------------------------
                                  6.87   slack (MET)


Startpoint: _707_ (rising edge-triggered flip-flop clocked by clk)
Endpoint: product[6] (output port clocked by clk)
Path Group: clk
Path Type: max

Fanout     Cap    Slew   Delay    Time   Description
-----------------------------------------------------------------------------
                          0.00    0.00   clock clk (rise edge)
                          0.00    0.00   clock source latency
                  0.04    0.03    0.03 ^ clk (in)
     1    0.01                           clk (net)
                  0.04    0.00    0.03 ^ clkbuf_0_clk/A (sky130_fd_sc_hd__clkbuf_16)
                  0.05    0.14    0.17 ^ clkbuf_0_clk/X (sky130_fd_sc_hd__clkbuf_16)
     4    0.03                           clknet_0_clk (net)
                  0.05    0.00    0.17 ^ clkbuf_2_2__f_clk/A (sky130_fd_sc_hd__clkbuf_16)
                  0.05    0.14    0.31 ^ clkbuf_2_2__f_clk/X (sky130_fd_sc_hd__clkbuf_16)
    13    0.02                           clknet_2_2__leaf_clk (net)
                  0.05    0.00    0.31 ^ _707_/CLK (sky130_fd_sc_hd__dfrtp_1)
                  0.04    0.38    0.69 v _707_/Q (sky130_fd_sc_hd__dfrtp_1)
     2    0.00                           net32 (net)
                  0.04    0.00    0.69 v output32/A (sky130_fd_sc_hd__clkbuf_4)
                  0.08    0.19    0.88 v output32/X (sky130_fd_sc_hd__clkbuf_4)
     1    0.03                           product[6] (net)
                  0.08    0.00    0.88 v product[6] (out)
                                  0.88   data arrival time

                         10.00   10.00   clock clk (rise edge)
                          0.00   10.00   clock network delay (propagated)
                         -0.25    9.75   clock uncertainty
                          0.00    9.75   clock reconvergence pessimism
                         -2.00    7.75   output external delay
                                  7.75   data required time
-----------------------------------------------------------------------------
                                  7.75   data required time
                                 -0.88   data arrival time
-----------------------------------------------------------------------------
                                  6.87   slack (MET)


Startpoint: _708_ (rising edge-triggered flip-flop clocked by clk)
Endpoint: product[7] (output port clocked by clk)
Path Group: clk
Path Type: max

Fanout     Cap    Slew   Delay    Time   Description
-----------------------------------------------------------------------------
                          0.00    0.00   clock clk (rise edge)
                          0.00    0.00   clock source latency
                  0.04    0.03    0.03 ^ clk (in)
     1    0.01                           clk (net)
                  0.04    0.00    0.03 ^ clkbuf_0_clk/A (sky130_fd_sc_hd__clkbuf_16)
                  0.05    0.14    0.17 ^ clkbuf_0_clk/X (sky130_fd_sc_hd__clkbuf_16)
     4    0.03                           clknet_0_clk (net)
                  0.05    0.00    0.17 ^ clkbuf_2_2__f_clk/A (sky130_fd_sc_hd__clkbuf_16)
                  0.05    0.14    0.31 ^ clkbuf_2_2__f_clk/X (sky130_fd_sc_hd__clkbuf_16)
    13    0.02                           clknet_2_2__leaf_clk (net)
                  0.05    0.00    0.31 ^ _708_/CLK (sky130_fd_sc_hd__dfrtp_1)
                  0.04    0.38    0.69 v _708_/Q (sky130_fd_sc_hd__dfrtp_1)
     2    0.00                           net33 (net)
                  0.04    0.00    0.69 v output33/A (sky130_fd_sc_hd__clkbuf_4)
                  0.08    0.19    0.88 v output33/X (sky130_fd_sc_hd__clkbuf_4)
     1    0.03                           product[7] (net)
                  0.08    0.00    0.88 v product[7] (out)
                                  0.88   data arrival time

                         10.00   10.00   clock clk (rise edge)
                          0.00   10.00   clock network delay (propagated)
                         -0.25    9.75   clock uncertainty
                          0.00    9.75   clock reconvergence pessimism
                         -2.00    7.75   output external delay
                                  7.75   data required time
-----------------------------------------------------------------------------
                                  7.75   data required time
                                 -0.88   data arrival time
-----------------------------------------------------------------------------
                                  6.87   slack (MET)


Startpoint: _706_ (rising edge-triggered flip-flop clocked by clk)
Endpoint: product[5] (output port clocked by clk)
Path Group: clk
Path Type: max

Fanout     Cap    Slew   Delay    Time   Description
-----------------------------------------------------------------------------
                          0.00    0.00   clock clk (rise edge)
                          0.00    0.00   clock source latency
                  0.04    0.03    0.03 ^ clk (in)
     1    0.01                           clk (net)
                  0.04    0.00    0.03 ^ clkbuf_0_clk/A (sky130_fd_sc_hd__clkbuf_16)
                  0.05    0.14    0.17 ^ clkbuf_0_clk/X (sky130_fd_sc_hd__clkbuf_16)
     4    0.03                           clknet_0_clk (net)
                  0.05    0.00    0.17 ^ clkbuf_2_1__f_clk/A (sky130_fd_sc_hd__clkbuf_16)
                  0.05    0.14    0.31 ^ clkbuf_2_1__f_clk/X (sky130_fd_sc_hd__clkbuf_16)
    14    0.03                           clknet_2_1__leaf_clk (net)
                  0.05    0.00    0.31 ^ _706_/CLK (sky130_fd_sc_hd__dfrtp_1)
                  0.04    0.38    0.69 v _706_/Q (sky130_fd_sc_hd__dfrtp_1)
     2    0.00                           net31 (net)
                  0.04    0.00    0.69 v output31/A (sky130_fd_sc_hd__buf_2)
                  0.09    0.19    0.88 v output31/X (sky130_fd_sc_hd__buf_2)
     1    0.03                           product[5] (net)
                  0.09    0.00    0.88 v product[5] (out)
                                  0.88   data arrival time

                         10.00   10.00   clock clk (rise edge)
                          0.00   10.00   clock network delay (propagated)
                         -0.25    9.75   clock uncertainty
                          0.00    9.75   clock reconvergence pessimism
                         -2.00    7.75   output external delay
                                  7.75   data required time
-----------------------------------------------------------------------------
                                  7.75   data required time
                                 -0.88   data arrival time
-----------------------------------------------------------------------------
                                  6.87   slack (MET)


Startpoint: _700_ (rising edge-triggered flip-flop clocked by clk)
Endpoint: done (output port clocked by clk)
Path Group: clk
Path Type: max

Fanout     Cap    Slew   Delay    Time   Description
-----------------------------------------------------------------------------
                          0.00    0.00   clock clk (rise edge)
                          0.00    0.00   clock source latency
                  0.04    0.03    0.03 ^ clk (in)
     1    0.01                           clk (net)
                  0.04    0.00    0.03 ^ clkbuf_0_clk/A (sky130_fd_sc_hd__clkbuf_16)
                  0.05    0.14    0.17 ^ clkbuf_0_clk/X (sky130_fd_sc_hd__clkbuf_16)
     4    0.03                           clknet_0_clk (net)
                  0.05    0.00    0.17 ^ clkbuf_2_3__f_clk/A (sky130_fd_sc_hd__clkbuf_16)
                  0.05    0.14    0.31 ^ clkbuf_2_3__f_clk/X (sky130_fd_sc_hd__clkbuf_16)
    12    0.02                           clknet_2_3__leaf_clk (net)
                  0.05    0.00    0.31 ^ _700_/CLK (sky130_fd_sc_hd__dfrtp_1)
                  0.04    0.38    0.68 v _700_/Q (sky130_fd_sc_hd__dfrtp_1)
     2    0.00                           net19 (net)
                  0.04    0.00    0.68 v output19/A (sky130_fd_sc_hd__clkbuf_4)
                  0.08    0.19    0.87 v output19/X (sky130_fd_sc_hd__clkbuf_4)
     1    0.03                           done (net)
                  0.08    0.00    0.87 v done (out)
                                  0.87   data arrival time

                         10.00   10.00   clock clk (rise edge)
                          0.00   10.00   clock network delay (propagated)
                         -0.25    9.75   clock uncertainty
                          0.00    9.75   clock reconvergence pessimism
                         -2.00    7.75   output external delay
                                  7.75   data required time
-----------------------------------------------------------------------------
                                  7.75   data required time
                                 -0.87   data arrival time
-----------------------------------------------------------------------------
                                  6.88   slack (MET)


Startpoint: _713_ (rising edge-triggered flip-flop clocked by clk)
Endpoint: product[12] (output port clocked by clk)
Path Group: clk
Path Type: max

Fanout     Cap    Slew   Delay    Time   Description
-----------------------------------------------------------------------------
                          0.00    0.00   clock clk (rise edge)
                          0.00    0.00   clock source latency
                  0.04    0.03    0.03 ^ clk (in)
     1    0.01                           clk (net)
                  0.04    0.00    0.03 ^ clkbuf_0_clk/A (sky130_fd_sc_hd__clkbuf_16)
                  0.05    0.14    0.17 ^ clkbuf_0_clk/X (sky130_fd_sc_hd__clkbuf_16)
     4    0.03                           clknet_0_clk (net)
                  0.05    0.00    0.17 ^ clkbuf_2_3__f_clk/A (sky130_fd_sc_hd__clkbuf_16)
                  0.05    0.14    0.31 ^ clkbuf_2_3__f_clk/X (sky130_fd_sc_hd__clkbuf_16)
    12    0.02                           clknet_2_3__leaf_clk (net)
                  0.05    0.00    0.31 ^ _713_/CLK (sky130_fd_sc_hd__dfrtp_1)
                  0.04    0.38    0.68 v _713_/Q (sky130_fd_sc_hd__dfrtp_1)
     2    0.00                           net23 (net)
                  0.04    0.00    0.68 v output23/A (sky130_fd_sc_hd__clkbuf_4)
                  0.08    0.19    0.87 v output23/X (sky130_fd_sc_hd__clkbuf_4)
     1    0.03                           product[12] (net)
                  0.08    0.00    0.87 v product[12] (out)
                                  0.87   data arrival time

                         10.00   10.00   clock clk (rise edge)
                          0.00   10.00   clock network delay (propagated)
                         -0.25    9.75   clock uncertainty
                          0.00    9.75   clock reconvergence pessimism
                         -2.00    7.75   output external delay
                                  7.75   data required time
-----------------------------------------------------------------------------
                                  7.75   data required time
                                 -0.87   data arrival time
-----------------------------------------------------------------------------
                                  6.88   slack (MET)


Startpoint: _714_ (rising edge-triggered flip-flop clocked by clk)
Endpoint: product[13] (output port clocked by clk)
Path Group: clk
Path Type: max

Fanout     Cap    Slew   Delay    Time   Description
-----------------------------------------------------------------------------
                          0.00    0.00   clock clk (rise edge)
                          0.00    0.00   clock source latency
                  0.04    0.03    0.03 ^ clk (in)
     1    0.01                           clk (net)
                  0.04    0.00    0.03 ^ clkbuf_0_clk/A (sky130_fd_sc_hd__clkbuf_16)
                  0.05    0.14    0.17 ^ clkbuf_0_clk/X (sky130_fd_sc_hd__clkbuf_16)
     4    0.03                           clknet_0_clk (net)
                  0.05    0.00    0.17 ^ clkbuf_2_1__f_clk/A (sky130_fd_sc_hd__clkbuf_16)
                  0.05    0.14    0.31 ^ clkbuf_2_1__f_clk/X (sky130_fd_sc_hd__clkbuf_16)
    14    0.03                           clknet_2_1__leaf_clk (net)
                  0.05    0.00    0.31 ^ _714_/CLK (sky130_fd_sc_hd__dfrtp_1)
                  0.04    0.37    0.69 v _714_/Q (sky130_fd_sc_hd__dfrtp_1)
     2    0.00                           net24 (net)
                  0.04    0.00    0.69 v output24/A (sky130_fd_sc_hd__buf_2)
                  0.09    0.19    0.87 v output24/X (sky130_fd_sc_hd__buf_2)
     1    0.03                           product[13] (net)
                  0.09    0.00    0.87 v product[13] (out)
                                  0.87   data arrival time

                         10.00   10.00   clock clk (rise edge)
                          0.00   10.00   clock network delay (propagated)
                         -0.25    9.75   clock uncertainty
                          0.00    9.75   clock reconvergence pessimism
                         -2.00    7.75   output external delay
                                  7.75   data required time
-----------------------------------------------------------------------------
                                  7.75   data required time
                                 -0.87   data arrival time
-----------------------------------------------------------------------------
                                  6.88   slack (MET)


Startpoint: _725_ (rising edge-triggered flip-flop clocked by clk)
Endpoint: _747_ (rising edge-triggered flip-flop clocked by clk)
Path Group: clk
Path Type: max

Fanout     Cap    Slew   Delay    Time   Description
-----------------------------------------------------------------------------
                          0.00    0.00   clock clk (rise edge)
                          0.00    0.00   clock source latency
                  0.04    0.03    0.03 ^ clk (in)
     1    0.01                           clk (net)
                  0.04    0.00    0.03 ^ clkbuf_0_clk/A (sky130_fd_sc_hd__clkbuf_16)
                  0.05    0.14    0.17 ^ clkbuf_0_clk/X (sky130_fd_sc_hd__clkbuf_16)
     4    0.03                           clknet_0_clk (net)
                  0.05    0.00    0.17 ^ clkbuf_2_0__f_clk/A (sky130_fd_sc_hd__clkbuf_16)
                  0.05    0.14    0.31 ^ clkbuf_2_0__f_clk/X (sky130_fd_sc_hd__clkbuf_16)
    15    0.03                           clknet_2_0__leaf_clk (net)
                  0.05    0.00    0.31 ^ _725_/CLK (sky130_fd_sc_hd__dfrtp_4)
                  0.08    0.52    0.83 v _725_/Q (sky130_fd_sc_hd__dfrtp_4)
     6    0.02                           u_core.M[0] (net)
                  0.08    0.00    0.83 v _354_/B (sky130_fd_sc_hd__nor2_2)
                  0.24    0.22    1.05 ^ _354_/Y (sky130_fd_sc_hd__nor2_2)
     3    0.02                           _115_ (net)
                  0.24    0.00    1.05 ^ _366_/A (sky130_fd_sc_hd__clkbuf_4)
                  0.10    0.25    1.31 ^ _366_/X (sky130_fd_sc_hd__clkbuf_4)
    10    0.03                           _127_ (net)
                  0.10    0.00    1.31 ^ _381_/A (sky130_fd_sc_hd__nand2_2)
                  0.09    0.10    1.40 v _381_/Y (sky130_fd_sc_hd__nand2_2)
     6    0.02                           _142_ (net)
                  0.09    0.00    1.40 v _383_/A2 (sky130_fd_sc_hd__o21ai_1)
                  0.17    0.19    1.59 ^ _383_/Y (sky130_fd_sc_hd__o21ai_1)
     2    0.01                           _144_ (net)
                  0.17    0.00    1.59 ^ _384_/B1 (sky130_fd_sc_hd__o21ai_1)
                  0.08    0.12    1.71 v _384_/Y (sky130_fd_sc_hd__o21ai_1)
     2    0.01                           _145_ (net)
                  0.08    0.00    1.71 v _436_/A (sky130_fd_sc_hd__nand2_1)
                  0.08    0.10    1.81 ^ _436_/Y (sky130_fd_sc_hd__nand2_1)
     3    0.01                           _197_ (net)
                  0.08    0.00    1.81 ^ _437_/D1 (sky130_fd_sc_hd__o2111a_1)
                  0.09    0.21    2.02 ^ _437_/X (sky130_fd_sc_hd__o2111a_1)
     2    0.01                           _198_ (net)
                  0.09    0.00    2.02 ^ _438_/D (sky130_fd_sc_hd__nand4_2)
                  0.11    0.14    2.16 v _438_/Y (sky130_fd_sc_hd__nand4_2)
     3    0.01                           _199_ (net)
                  0.11    0.00    2.16 v _444_/A2 (sky130_fd_sc_hd__a21oi_1)
                  0.23    0.27    2.43 ^ _444_/Y (sky130_fd_sc_hd__a21oi_1)
     2    0.01                           _205_ (net)
                  0.23    0.00    2.43 ^ _450_/A2 (sky130_fd_sc_hd__o21bai_2)
                  0.06    0.10    2.53 v _450_/Y (sky130_fd_sc_hd__o21bai_2)
     3    0.01                           _211_ (net)
                  0.06    0.00    2.53 v _453_/B1 (sky130_fd_sc_hd__a22oi_1)
                  0.12    0.12    2.65 ^ _453_/Y (sky130_fd_sc_hd__a22oi_1)
     1    0.00                           _214_ (net)
                  0.12    0.00    2.65 ^ _459_/A2_N (sky130_fd_sc_hd__a2bb2o_1)
                  0.05    0.29    2.95 v _459_/X (sky130_fd_sc_hd__a2bb2o_1)
     1    0.00                           _107_ (net)
                  0.05    0.00    2.95 v _747_/D (sky130_fd_sc_hd__dfrtp_2)
                                  2.95   data arrival time

                         10.00   10.00   clock clk (rise edge)
                          0.00   10.00   clock source latency
                  0.04    0.03   10.03 ^ clk (in)
     1    0.01                           clk (net)
                  0.04    0.00   10.03 ^ clkbuf_0_clk/A (sky130_fd_sc_hd__clkbuf_16)
                  0.05    0.13   10.15 ^ clkbuf_0_clk/X (sky130_fd_sc_hd__clkbuf_16)
     4    0.03                           clknet_0_clk (net)
                  0.05    0.00   10.15 ^ clkbuf_2_3__f_clk/A (sky130_fd_sc_hd__clkbuf_16)
                  0.05    0.12   10.28 ^ clkbuf_2_3__f_clk/X (sky130_fd_sc_hd__clkbuf_16)
    12    0.02                           clknet_2_3__leaf_clk (net)
                  0.05    0.00   10.28 ^ _747_/CLK (sky130_fd_sc_hd__dfrtp_2)
                         -0.25   10.03   clock uncertainty
                          0.02   10.05   clock reconvergence pessimism
                         -0.12    9.93   library setup time
                                  9.93   data required time
-----------------------------------------------------------------------------
                                  9.93   data required time
                                 -2.95   data arrival time
-----------------------------------------------------------------------------
                                  6.98   slack (MET)


Startpoint: _725_ (rising edge-triggered flip-flop clocked by clk)
Endpoint: _714_ (rising edge-triggered flip-flop clocked by clk)
Path Group: clk
Path Type: max

Fanout     Cap    Slew   Delay    Time   Description
-----------------------------------------------------------------------------
                          0.00    0.00   clock clk (rise edge)
                          0.00    0.00   clock source latency
                  0.04    0.03    0.03 ^ clk (in)
     1    0.01                           clk (net)
                  0.04    0.00    0.03 ^ clkbuf_0_clk/A (sky130_fd_sc_hd__clkbuf_16)
                  0.05    0.14    0.17 ^ clkbuf_0_clk/X (sky130_fd_sc_hd__clkbuf_16)
     4    0.03                           clknet_0_clk (net)
                  0.05    0.00    0.17 ^ clkbuf_2_0__f_clk/A (sky130_fd_sc_hd__clkbuf_16)
                  0.05    0.14    0.31 ^ clkbuf_2_0__f_clk/X (sky130_fd_sc_hd__clkbuf_16)
    15    0.03                           clknet_2_0__leaf_clk (net)
                  0.05    0.00    0.31 ^ _725_/CLK (sky130_fd_sc_hd__dfrtp_4)
                  0.08    0.52    0.83 v _725_/Q (sky130_fd_sc_hd__dfrtp_4)
     6    0.02                           u_core.M[0] (net)
                  0.08    0.00    0.83 v _354_/B (sky130_fd_sc_hd__nor2_2)
                  0.24    0.22    1.05 ^ _354_/Y (sky130_fd_sc_hd__nor2_2)
     3    0.02                           _115_ (net)
                  0.24    0.00    1.05 ^ _366_/A (sky130_fd_sc_hd__clkbuf_4)
                  0.10    0.25    1.31 ^ _366_/X (sky130_fd_sc_hd__clkbuf_4)
    10    0.03                           _127_ (net)
                  0.10    0.00    1.31 ^ _381_/A (sky130_fd_sc_hd__nand2_2)
                  0.09    0.10    1.40 v _381_/Y (sky130_fd_sc_hd__nand2_2)
     6    0.02                           _142_ (net)
                  0.09    0.00    1.40 v _383_/A2 (sky130_fd_sc_hd__o21ai_1)
                  0.17    0.19    1.59 ^ _383_/Y (sky130_fd_sc_hd__o21ai_1)
     2    0.01                           _144_ (net)
                  0.17    0.00    1.59 ^ _384_/B1 (sky130_fd_sc_hd__o21ai_1)
                  0.08    0.12    1.71 v _384_/Y (sky130_fd_sc_hd__o21ai_1)
     2    0.01                           _145_ (net)
                  0.08    0.00    1.71 v _436_/A (sky130_fd_sc_hd__nand2_1)
                  0.08    0.10    1.81 ^ _436_/Y (sky130_fd_sc_hd__nand2_1)
     3    0.01                           _197_ (net)
                  0.08    0.00    1.81 ^ _437_/D1 (sky130_fd_sc_hd__o2111a_1)
                  0.09    0.21    2.02 ^ _437_/X (sky130_fd_sc_hd__o2111a_1)
     2    0.01                           _198_ (net)
                  0.09    0.00    2.02 ^ _515_/C (sky130_fd_sc_hd__nand3_1)
                  0.10    0.12    2.14 v _515_/Y (sky130_fd_sc_hd__nand3_1)
     3    0.01                           _268_ (net)
                  0.10    0.00    2.14 v _524_/A1 (sky130_fd_sc_hd__a21oi_1)
                  0.08    0.13    2.27 ^ _524_/Y (sky130_fd_sc_hd__a21oi_1)
     1    0.00                           _276_ (net)
                  0.08    0.00    2.27 ^ _526_/A1_N (sky130_fd_sc_hd__a2bb2o_1)
                  0.06    0.31    2.57 v _526_/X (sky130_fd_sc_hd__a2bb2o_1)
     2    0.00                           _278_ (net)
                  0.06    0.00    2.57 v _596_/A0 (sky130_fd_sc_hd__mux2_1)
                  0.05    0.29    2.86 v _596_/X (sky130_fd_sc_hd__mux2_1)
     1    0.00                           _324_ (net)
                  0.05    0.00    2.86 v _597_/A (sky130_fd_sc_hd__clkbuf_1)
                  0.02    0.09    2.95 v _597_/X (sky130_fd_sc_hd__clkbuf_1)
     1    0.00                           _074_ (net)
                  0.02    0.00    2.95 v _714_/D (sky130_fd_sc_hd__dfrtp_1)
                                  2.95   data arrival time

                         10.00   10.00   clock clk (rise edge)
                          0.00   10.00   clock source latency
                  0.04    0.03   10.03 ^ clk (in)
     1    0.01                           clk (net)
                  0.04    0.00   10.03 ^ clkbuf_0_clk/A (sky130_fd_sc_hd__clkbuf_16)
                  0.05    0.13   10.15 ^ clkbuf_0_clk/X (sky130_fd_sc_hd__clkbuf_16)
     4    0.03                           clknet_0_clk (net)
                  0.05    0.00   10.15 ^ clkbuf_2_1__f_clk/A (sky130_fd_sc_hd__clkbuf_16)
                  0.05    0.13   10.28 ^ clkbuf_2_1__f_clk/X (sky130_fd_sc_hd__clkbuf_16)
    14    0.03                           clknet_2_1__leaf_clk (net)
                  0.05    0.00   10.28 ^ _714_/CLK (sky130_fd_sc_hd__dfrtp_1)
                         -0.25   10.03   clock uncertainty
                          0.02   10.05   clock reconvergence pessimism
                         -0.10    9.94   library setup time
                                  9.94   data required time
-----------------------------------------------------------------------------
                                  9.94   data required time
                                 -2.95   data arrival time
-----------------------------------------------------------------------------
                                  7.00   slack (MET)


Startpoint: _725_ (rising edge-triggered flip-flop clocked by clk)
Endpoint: _744_ (rising edge-triggered flip-flop clocked by clk)
Path Group: clk
Path Type: max

Fanout     Cap    Slew   Delay    Time   Description
-----------------------------------------------------------------------------
                          0.00    0.00   clock clk (rise edge)
                          0.00    0.00   clock source latency
                  0.04    0.03    0.03 ^ clk (in)
     1    0.01                           clk (net)
                  0.04    0.00    0.03 ^ clkbuf_0_clk/A (sky130_fd_sc_hd__clkbuf_16)
                  0.05    0.14    0.17 ^ clkbuf_0_clk/X (sky130_fd_sc_hd__clkbuf_16)
     4    0.03                           clknet_0_clk (net)
                  0.05    0.00    0.17 ^ clkbuf_2_0__f_clk/A (sky130_fd_sc_hd__clkbuf_16)
                  0.05    0.14    0.31 ^ clkbuf_2_0__f_clk/X (sky130_fd_sc_hd__clkbuf_16)
    15    0.03                           clknet_2_0__leaf_clk (net)
                  0.05    0.00    0.31 ^ _725_/CLK (sky130_fd_sc_hd__dfrtp_4)
                  0.08    0.52    0.83 v _725_/Q (sky130_fd_sc_hd__dfrtp_4)
     6    0.02                           u_core.M[0] (net)
                  0.08    0.00    0.83 v _354_/B (sky130_fd_sc_hd__nor2_2)
                  0.24    0.22    1.05 ^ _354_/Y (sky130_fd_sc_hd__nor2_2)
     3    0.02                           _115_ (net)
                  0.24    0.00    1.05 ^ _366_/A (sky130_fd_sc_hd__clkbuf_4)
                  0.10    0.25    1.31 ^ _366_/X (sky130_fd_sc_hd__clkbuf_4)
    10    0.03                           _127_ (net)
                  0.10    0.00    1.31 ^ _381_/A (sky130_fd_sc_hd__nand2_2)
                  0.09    0.10    1.40 v _381_/Y (sky130_fd_sc_hd__nand2_2)
     6    0.02                           _142_ (net)
                  0.09    0.00    1.40 v _383_/A2 (sky130_fd_sc_hd__o21ai_1)
                  0.17    0.19    1.59 ^ _383_/Y (sky130_fd_sc_hd__o21ai_1)
     2    0.01                           _144_ (net)
                  0.17    0.00    1.59 ^ _384_/B1 (sky130_fd_sc_hd__o21ai_1)
                  0.08    0.12    1.71 v _384_/Y (sky130_fd_sc_hd__o21ai_1)
     2    0.01                           _145_ (net)
                  0.08    0.00    1.71 v _436_/A (sky130_fd_sc_hd__nand2_1)
                  0.08    0.10    1.81 ^ _436_/Y (sky130_fd_sc_hd__nand2_1)
     3    0.01                           _197_ (net)
                  0.08    0.00    1.81 ^ _437_/D1 (sky130_fd_sc_hd__o2111a_1)
                  0.09    0.21    2.02 ^ _437_/X (sky130_fd_sc_hd__o2111a_1)
     2    0.01                           _198_ (net)
                  0.09    0.00    2.02 ^ _438_/D (sky130_fd_sc_hd__nand4_2)
                  0.11    0.14    2.16 v _438_/Y (sky130_fd_sc_hd__nand4_2)
     3    0.01                           _199_ (net)
                  0.11    0.00    2.16 v _444_/A2 (sky130_fd_sc_hd__a21oi_1)
                  0.23    0.27    2.43 ^ _444_/Y (sky130_fd_sc_hd__a21oi_1)
     2    0.01                           _205_ (net)
                  0.23    0.00    2.43 ^ _471_/A2 (sky130_fd_sc_hd__o21bai_2)
                  0.06    0.10    2.53 v _471_/Y (sky130_fd_sc_hd__o21bai_2)
     3    0.01                           _230_ (net)
                  0.06    0.00    2.53 v _486_/B1 (sky130_fd_sc_hd__a22o_1)
                  0.04    0.18    2.71 v _486_/X (sky130_fd_sc_hd__a22o_1)
     1    0.00                           _244_ (net)
                  0.04    0.00    2.71 v _488_/B1 (sky130_fd_sc_hd__a22o_1)
                  0.04    0.17    2.89 v _488_/X (sky130_fd_sc_hd__a22o_1)
     1    0.00                           _104_ (net)
                  0.04    0.00    2.89 v _744_/D (sky130_fd_sc_hd__dfrtp_2)
                                  2.89   data arrival time

                         10.00   10.00   clock clk (rise edge)
                          0.00   10.00   clock source latency
                  0.04    0.03   10.03 ^ clk (in)
     1    0.01                           clk (net)
                  0.04    0.00   10.03 ^ clkbuf_0_clk/A (sky130_fd_sc_hd__clkbuf_16)
                  0.05    0.13   10.15 ^ clkbuf_0_clk/X (sky130_fd_sc_hd__clkbuf_16)
     4    0.03                           clknet_0_clk (net)
                  0.05    0.00   10.15 ^ clkbuf_2_2__f_clk/A (sky130_fd_sc_hd__clkbuf_16)
                  0.05    0.13   10.28 ^ clkbuf_2_2__f_clk/X (sky130_fd_sc_hd__clkbuf_16)
    13    0.02                           clknet_2_2__leaf_clk (net)
                  0.05    0.00   10.28 ^ _744_/CLK (sky130_fd_sc_hd__dfrtp_2)
                         -0.25   10.03   clock uncertainty
                          0.02   10.05   clock reconvergence pessimism
                         -0.11    9.94   library setup time
                                  9.94   data required time
-----------------------------------------------------------------------------
                                  9.94   data required time
                                 -2.89   data arrival time
-----------------------------------------------------------------------------
                                  7.05   slack (MET)


Startpoint: _725_ (rising edge-triggered flip-flop clocked by clk)
Endpoint: _745_ (rising edge-triggered flip-flop clocked by clk)
Path Group: clk
Path Type: max

Fanout     Cap    Slew   Delay    Time   Description
-----------------------------------------------------------------------------
                          0.00    0.00   clock clk (rise edge)
                          0.00    0.00   clock source latency
                  0.04    0.03    0.03 ^ clk (in)
     1    0.01                           clk (net)
                  0.04    0.00    0.03 ^ clkbuf_0_clk/A (sky130_fd_sc_hd__clkbuf_16)
                  0.05    0.14    0.17 ^ clkbuf_0_clk/X (sky130_fd_sc_hd__clkbuf_16)
     4    0.03                           clknet_0_clk (net)
                  0.05    0.00    0.17 ^ clkbuf_2_0__f_clk/A (sky130_fd_sc_hd__clkbuf_16)
                  0.05    0.14    0.31 ^ clkbuf_2_0__f_clk/X (sky130_fd_sc_hd__clkbuf_16)
    15    0.03                           clknet_2_0__leaf_clk (net)
                  0.05    0.00    0.31 ^ _725_/CLK (sky130_fd_sc_hd__dfrtp_4)
                  0.08    0.52    0.83 v _725_/Q (sky130_fd_sc_hd__dfrtp_4)
     6    0.02                           u_core.M[0] (net)
                  0.08    0.00    0.83 v _354_/B (sky130_fd_sc_hd__nor2_2)
                  0.24    0.22    1.05 ^ _354_/Y (sky130_fd_sc_hd__nor2_2)
     3    0.02                           _115_ (net)
                  0.24    0.00    1.05 ^ _366_/A (sky130_fd_sc_hd__clkbuf_4)
                  0.10    0.25    1.31 ^ _366_/X (sky130_fd_sc_hd__clkbuf_4)
    10    0.03                           _127_ (net)
                  0.10    0.00    1.31 ^ _381_/A (sky130_fd_sc_hd__nand2_2)
                  0.09    0.10    1.40 v _381_/Y (sky130_fd_sc_hd__nand2_2)
     6    0.02                           _142_ (net)
                  0.09    0.00    1.40 v _383_/A2 (sky130_fd_sc_hd__o21ai_1)
                  0.17    0.19    1.59 ^ _383_/Y (sky130_fd_sc_hd__o21ai_1)
     2    0.01                           _144_ (net)
                  0.17    0.00    1.59 ^ _384_/B1 (sky130_fd_sc_hd__o21ai_1)
                  0.08    0.12    1.71 v _384_/Y (sky130_fd_sc_hd__o21ai_1)
     2    0.01                           _145_ (net)
                  0.08    0.00    1.71 v _436_/A (sky130_fd_sc_hd__nand2_1)
                  0.08    0.10    1.81 ^ _436_/Y (sky130_fd_sc_hd__nand2_1)
     3    0.01                           _197_ (net)
                  0.08    0.00    1.81 ^ _437_/D1 (sky130_fd_sc_hd__o2111a_1)
                  0.09    0.21    2.02 ^ _437_/X (sky130_fd_sc_hd__o2111a_1)
     2    0.01                           _198_ (net)
                  0.09    0.00    2.02 ^ _438_/D (sky130_fd_sc_hd__nand4_2)
                  0.11    0.14    2.16 v _438_/Y (sky130_fd_sc_hd__nand4_2)
     3    0.01                           _199_ (net)
                  0.11    0.00    2.16 v _444_/A2 (sky130_fd_sc_hd__a21oi_1)
                  0.23    0.27    2.43 ^ _444_/Y (sky130_fd_sc_hd__a21oi_1)
     2    0.01                           _205_ (net)
                  0.23    0.00    2.43 ^ _471_/A2 (sky130_fd_sc_hd__o21bai_2)
                  0.06    0.10    2.53 v _471_/Y (sky130_fd_sc_hd__o21bai_2)
     3    0.01                           _230_ (net)
                  0.06    0.00    2.53 v _474_/C1 (sky130_fd_sc_hd__o211ai_1)
                  0.13    0.08    2.61 ^ _474_/Y (sky130_fd_sc_hd__o211ai_1)
     1    0.00                           _233_ (net)
                  0.13    0.00    2.61 ^ _475_/B1 (sky130_fd_sc_hd__o21ai_1)
                  0.05    0.08    2.69 v _475_/Y (sky130_fd_sc_hd__o21ai_1)
     1    0.00                           _234_ (net)
                  0.05    0.00    2.69 v _477_/A2 (sky130_fd_sc_hd__o21bai_1)
                  0.10    0.12    2.81 ^ _477_/Y (sky130_fd_sc_hd__o21bai_1)
     1    0.00                           _236_ (net)
                  0.10    0.00    2.81 ^ _479_/A (sky130_fd_sc_hd__nand2_1)
                  0.04    0.05    2.86 v _479_/Y (sky130_fd_sc_hd__nand2_1)
     1    0.00                           _105_ (net)
                  0.04    0.00    2.86 v _745_/D (sky130_fd_sc_hd__dfrtp_1)
                                  2.86   data arrival time

                         10.00   10.00   clock clk (rise edge)
                          0.00   10.00   clock source latency
                  0.04    0.03   10.03 ^ clk (in)
     1    0.01                           clk (net)
                  0.04    0.00   10.03 ^ clkbuf_0_clk/A (sky130_fd_sc_hd__clkbuf_16)
                  0.05    0.13   10.15 ^ clkbuf_0_clk/X (sky130_fd_sc_hd__clkbuf_16)
     4    0.03                           clknet_0_clk (net)
                  0.05    0.00   10.15 ^ clkbuf_2_3__f_clk/A (sky130_fd_sc_hd__clkbuf_16)
                  0.05    0.12   10.28 ^ clkbuf_2_3__f_clk/X (sky130_fd_sc_hd__clkbuf_16)
    12    0.02                           clknet_2_3__leaf_clk (net)
                  0.05    0.00   10.28 ^ _745_/CLK (sky130_fd_sc_hd__dfrtp_1)
                         -0.25   10.03   clock uncertainty
                          0.02   10.05   clock reconvergence pessimism
                         -0.11    9.93   library setup time
                                  9.93   data required time
-----------------------------------------------------------------------------
                                  9.93   data required time
                                 -2.86   data arrival time
-----------------------------------------------------------------------------
                                  7.07   slack (MET)


Startpoint: _725_ (rising edge-triggered flip-flop clocked by clk)
Endpoint: _715_ (rising edge-triggered flip-flop clocked by clk)
Path Group: clk
Path Type: max

Fanout     Cap    Slew   Delay    Time   Description
-----------------------------------------------------------------------------
                          0.00    0.00   clock clk (rise edge)
                          0.00    0.00   clock source latency
                  0.04    0.03    0.03 ^ clk (in)
     1    0.01                           clk (net)
                  0.04    0.00    0.03 ^ clkbuf_0_clk/A (sky130_fd_sc_hd__clkbuf_16)
                  0.05    0.14    0.17 ^ clkbuf_0_clk/X (sky130_fd_sc_hd__clkbuf_16)
     4    0.03                           clknet_0_clk (net)
                  0.05    0.00    0.17 ^ clkbuf_2_0__f_clk/A (sky130_fd_sc_hd__clkbuf_16)
                  0.05    0.14    0.31 ^ clkbuf_2_0__f_clk/X (sky130_fd_sc_hd__clkbuf_16)
    15    0.03                           clknet_2_0__leaf_clk (net)
                  0.05    0.00    0.31 ^ _725_/CLK (sky130_fd_sc_hd__dfrtp_4)
                  0.08    0.52    0.83 v _725_/Q (sky130_fd_sc_hd__dfrtp_4)
     6    0.02                           u_core.M[0] (net)
                  0.08    0.00    0.83 v _354_/B (sky130_fd_sc_hd__nor2_2)
                  0.24    0.22    1.05 ^ _354_/Y (sky130_fd_sc_hd__nor2_2)
     3    0.02                           _115_ (net)
                  0.24    0.00    1.05 ^ _366_/A (sky130_fd_sc_hd__clkbuf_4)
                  0.10    0.25    1.31 ^ _366_/X (sky130_fd_sc_hd__clkbuf_4)
    10    0.03                           _127_ (net)
                  0.10    0.00    1.31 ^ _381_/A (sky130_fd_sc_hd__nand2_2)
                  0.09    0.10    1.40 v _381_/Y (sky130_fd_sc_hd__nand2_2)
     6    0.02                           _142_ (net)
                  0.09    0.00    1.40 v _383_/A2 (sky130_fd_sc_hd__o21ai_1)
                  0.17    0.19    1.59 ^ _383_/Y (sky130_fd_sc_hd__o21ai_1)
     2    0.01                           _144_ (net)
                  0.17    0.00    1.59 ^ _384_/B1 (sky130_fd_sc_hd__o21ai_1)
                  0.08    0.12    1.71 v _384_/Y (sky130_fd_sc_hd__o21ai_1)
     2    0.01                           _145_ (net)
                  0.08    0.00    1.71 v _436_/A (sky130_fd_sc_hd__nand2_1)
                  0.08    0.10    1.81 ^ _436_/Y (sky130_fd_sc_hd__nand2_1)
     3    0.01                           _197_ (net)
                  0.08    0.00    1.81 ^ _437_/D1 (sky130_fd_sc_hd__o2111a_1)
                  0.09    0.21    2.02 ^ _437_/X (sky130_fd_sc_hd__o2111a_1)
     2    0.01                           _198_ (net)
                  0.09    0.00    2.02 ^ _515_/C (sky130_fd_sc_hd__nand3_1)
                  0.10    0.12    2.14 v _515_/Y (sky130_fd_sc_hd__nand3_1)
     3    0.01                           _268_ (net)
                  0.10    0.00    2.14 v _517_/A1 (sky130_fd_sc_hd__a21o_1)
                  0.04    0.19    2.33 v _517_/X (sky130_fd_sc_hd__a21o_1)
     2    0.00                           _270_ (net)
                  0.04    0.00    2.33 v _518_/A4 (sky130_fd_sc_hd__a41oi_1)
                  0.15    0.20    2.53 ^ _518_/Y (sky130_fd_sc_hd__a41oi_1)
     1    0.00                           _271_ (net)
                  0.15    0.00    2.53 ^ _520_/A (sky130_fd_sc_hd__nand2_1)
                  0.06    0.08    2.61 v _520_/Y (sky130_fd_sc_hd__nand2_1)
     2    0.00                           _273_ (net)
                  0.06    0.00    2.61 v _595_/A1 (sky130_fd_sc_hd__a32o_1)
                  0.04    0.22    2.84 v _595_/X (sky130_fd_sc_hd__a32o_1)
     1    0.00                           _075_ (net)
                  0.04    0.00    2.84 v _715_/D (sky130_fd_sc_hd__dfrtp_2)
                                  2.84   data arrival time

                         10.00   10.00   clock clk (rise edge)
                          0.00   10.00   clock source latency
                  0.04    0.03   10.03 ^ clk (in)
     1    0.01                           clk (net)
                  0.04    0.00   10.03 ^ clkbuf_0_clk/A (sky130_fd_sc_hd__clkbuf_16)
                  0.05    0.13   10.15 ^ clkbuf_0_clk/X (sky130_fd_sc_hd__clkbuf_16)
     4    0.03                           clknet_0_clk (net)
                  0.05    0.00   10.15 ^ clkbuf_2_3__f_clk/A (sky130_fd_sc_hd__clkbuf_16)
                  0.05    0.12   10.28 ^ clkbuf_2_3__f_clk/X (sky130_fd_sc_hd__clkbuf_16)
    12    0.02                           clknet_2_3__leaf_clk (net)
                  0.05    0.00   10.28 ^ _715_/CLK (sky130_fd_sc_hd__dfrtp_2)
                         -0.25   10.03   clock uncertainty
                          0.02   10.05   clock reconvergence pessimism
                         -0.11    9.93   library setup time
                                  9.93   data required time
-----------------------------------------------------------------------------
                                  9.93   data required time
                                 -2.84   data arrival time
-----------------------------------------------------------------------------
                                  7.10   slack (MET)


Startpoint: _725_ (rising edge-triggered flip-flop clocked by clk)
Endpoint: _746_ (rising edge-triggered flip-flop clocked by clk)
Path Group: clk
Path Type: max

Fanout     Cap    Slew   Delay    Time   Description
-----------------------------------------------------------------------------
                          0.00    0.00   clock clk (rise edge)
                          0.00    0.00   clock source latency
                  0.04    0.03    0.03 ^ clk (in)
     1    0.01                           clk (net)
                  0.04    0.00    0.03 ^ clkbuf_0_clk/A (sky130_fd_sc_hd__clkbuf_16)
                  0.05    0.14    0.17 ^ clkbuf_0_clk/X (sky130_fd_sc_hd__clkbuf_16)
     4    0.03                           clknet_0_clk (net)
                  0.05    0.00    0.17 ^ clkbuf_2_0__f_clk/A (sky130_fd_sc_hd__clkbuf_16)
                  0.05    0.14    0.31 ^ clkbuf_2_0__f_clk/X (sky130_fd_sc_hd__clkbuf_16)
    15    0.03                           clknet_2_0__leaf_clk (net)
                  0.05    0.00    0.31 ^ _725_/CLK (sky130_fd_sc_hd__dfrtp_4)
                  0.08    0.52    0.83 v _725_/Q (sky130_fd_sc_hd__dfrtp_4)
     6    0.02                           u_core.M[0] (net)
                  0.08    0.00    0.83 v _354_/B (sky130_fd_sc_hd__nor2_2)
                  0.24    0.22    1.05 ^ _354_/Y (sky130_fd_sc_hd__nor2_2)
     3    0.02                           _115_ (net)
                  0.24    0.00    1.05 ^ _366_/A (sky130_fd_sc_hd__clkbuf_4)
                  0.10    0.25    1.31 ^ _366_/X (sky130_fd_sc_hd__clkbuf_4)
    10    0.03                           _127_ (net)
                  0.10    0.00    1.31 ^ _381_/A (sky130_fd_sc_hd__nand2_2)
                  0.09    0.10    1.40 v _381_/Y (sky130_fd_sc_hd__nand2_2)
     6    0.02                           _142_ (net)
                  0.09    0.00    1.40 v _383_/A2 (sky130_fd_sc_hd__o21ai_1)
                  0.17    0.19    1.59 ^ _383_/Y (sky130_fd_sc_hd__o21ai_1)
     2    0.01                           _144_ (net)
                  0.17    0.00    1.59 ^ _384_/B1 (sky130_fd_sc_hd__o21ai_1)
                  0.08    0.12    1.71 v _384_/Y (sky130_fd_sc_hd__o21ai_1)
     2    0.01                           _145_ (net)
                  0.08    0.00    1.71 v _436_/A (sky130_fd_sc_hd__nand2_1)
                  0.08    0.10    1.81 ^ _436_/Y (sky130_fd_sc_hd__nand2_1)
     3    0.01                           _197_ (net)
                  0.08    0.00    1.81 ^ _437_/D1 (sky130_fd_sc_hd__o2111a_1)
                  0.09    0.21    2.02 ^ _437_/X (sky130_fd_sc_hd__o2111a_1)
     2    0.01                           _198_ (net)
                  0.09    0.00    2.02 ^ _438_/D (sky130_fd_sc_hd__nand4_2)
                  0.11    0.14    2.16 v _438_/Y (sky130_fd_sc_hd__nand4_2)
     3    0.01                           _199_ (net)
                  0.11    0.00    2.16 v _444_/A2 (sky130_fd_sc_hd__a21oi_1)
                  0.23    0.27    2.43 ^ _444_/Y (sky130_fd_sc_hd__a21oi_1)
     2    0.01                           _205_ (net)
                  0.23    0.00    2.43 ^ _450_/A2 (sky130_fd_sc_hd__o21bai_2)
                  0.06    0.10    2.53 v _450_/Y (sky130_fd_sc_hd__o21bai_2)
     3    0.01                           _211_ (net)
                  0.06    0.00    2.53 v _465_/A1 (sky130_fd_sc_hd__a31oi_1)
                  0.12    0.13    2.66 ^ _465_/Y (sky130_fd_sc_hd__a31oi_1)
     1    0.00                           _225_ (net)
                  0.12    0.00    2.66 ^ _466_/B (sky130_fd_sc_hd__nand2_1)
                  0.04    0.07    2.73 v _466_/Y (sky130_fd_sc_hd__nand2_1)
     1    0.00                           _226_ (net)
                  0.04    0.00    2.73 v _469_/A2_N (sky130_fd_sc_hd__o2bb2ai_1)
                  0.04    0.11    2.84 v _469_/Y (sky130_fd_sc_hd__o2bb2ai_1)
     1    0.00                           _106_ (net)
                  0.04    0.00    2.84 v _746_/D (sky130_fd_sc_hd__dfrtp_1)
                                  2.84   data arrival time

                         10.00   10.00   clock clk (rise edge)
                          0.00   10.00   clock source latency
                  0.04    0.03   10.03 ^ clk (in)
     1    0.01                           clk (net)
                  0.04    0.00   10.03 ^ clkbuf_0_clk/A (sky130_fd_sc_hd__clkbuf_16)
                  0.05    0.13   10.15 ^ clkbuf_0_clk/X (sky130_fd_sc_hd__clkbuf_16)
     4    0.03                           clknet_0_clk (net)
                  0.05    0.00   10.15 ^ clkbuf_2_3__f_clk/A (sky130_fd_sc_hd__clkbuf_16)
                  0.05    0.12   10.28 ^ clkbuf_2_3__f_clk/X (sky130_fd_sc_hd__clkbuf_16)
    12    0.02                           clknet_2_3__leaf_clk (net)
                  0.05    0.00   10.28 ^ _746_/CLK (sky130_fd_sc_hd__dfrtp_1)
                         -0.25   10.03   clock uncertainty
                          0.02   10.05   clock reconvergence pessimism
                         -0.11    9.93   library setup time
                                  9.93   data required time
-----------------------------------------------------------------------------
                                  9.93   data required time
                                 -2.84   data arrival time
-----------------------------------------------------------------------------
                                  7.10   slack (MET)


Startpoint: _725_ (rising edge-triggered flip-flop clocked by clk)
Endpoint: _740_ (rising edge-triggered flip-flop clocked by clk)
Path Group: clk
Path Type: max

Fanout     Cap    Slew   Delay    Time   Description
-----------------------------------------------------------------------------
                          0.00    0.00   clock clk (rise edge)
                          0.00    0.00   clock source latency
                  0.04    0.03    0.03 ^ clk (in)
     1    0.01                           clk (net)
                  0.04    0.00    0.03 ^ clkbuf_0_clk/A (sky130_fd_sc_hd__clkbuf_16)
                  0.05    0.14    0.17 ^ clkbuf_0_clk/X (sky130_fd_sc_hd__clkbuf_16)
     4    0.03                           clknet_0_clk (net)
                  0.05    0.00    0.17 ^ clkbuf_2_0__f_clk/A (sky130_fd_sc_hd__clkbuf_16)
                  0.05    0.14    0.31 ^ clkbuf_2_0__f_clk/X (sky130_fd_sc_hd__clkbuf_16)
    15    0.03                           clknet_2_0__leaf_clk (net)
                  0.05    0.00    0.31 ^ _725_/CLK (sky130_fd_sc_hd__dfrtp_4)
                  0.08    0.52    0.83 v _725_/Q (sky130_fd_sc_hd__dfrtp_4)
     6    0.02                           u_core.M[0] (net)
                  0.08    0.00    0.83 v _354_/B (sky130_fd_sc_hd__nor2_2)
                  0.24    0.22    1.05 ^ _354_/Y (sky130_fd_sc_hd__nor2_2)
     3    0.02                           _115_ (net)
                  0.24    0.00    1.05 ^ _366_/A (sky130_fd_sc_hd__clkbuf_4)
                  0.10    0.25    1.31 ^ _366_/X (sky130_fd_sc_hd__clkbuf_4)
    10    0.03                           _127_ (net)
                  0.10    0.00    1.31 ^ _381_/A (sky130_fd_sc_hd__nand2_2)
                  0.09    0.10    1.40 v _381_/Y (sky130_fd_sc_hd__nand2_2)
     6    0.02                           _142_ (net)
                  0.09    0.00    1.40 v _383_/A2 (sky130_fd_sc_hd__o21ai_1)
                  0.17    0.19    1.59 ^ _383_/Y (sky130_fd_sc_hd__o21ai_1)
     2    0.01                           _144_ (net)
                  0.17    0.00    1.59 ^ _384_/B1 (sky130_fd_sc_hd__o21ai_1)
                  0.08    0.12    1.71 v _384_/Y (sky130_fd_sc_hd__o21ai_1)
     2    0.01                           _145_ (net)
                  0.08    0.00    1.71 v _393_/A2 (sky130_fd_sc_hd__o21ai_2)
                  0.16    0.18    1.88 ^ _393_/Y (sky130_fd_sc_hd__o21ai_2)
     4    0.01                           _154_ (net)
                  0.16    0.00    1.88 ^ _405_/B1 (sky130_fd_sc_hd__o22a_1)
                  0.10    0.21    2.10 ^ _405_/X (sky130_fd_sc_hd__o22a_1)
     3    0.01                           _166_ (net)
                  0.10    0.00    2.10 ^ _482_/A (sky130_fd_sc_hd__nand2_2)
                  0.06    0.08    2.18 v _482_/Y (sky130_fd_sc_hd__nand2_2)
     5    0.01                           _240_ (net)
                  0.06    0.00    2.18 v _511_/B (sky130_fd_sc_hd__or2_1)
                  0.06    0.23    2.40 v _511_/X (sky130_fd_sc_hd__or2_1)
     1    0.00                           _265_ (net)
                  0.06    0.00    2.40 v _513_/B1 (sky130_fd_sc_hd__a22oi_2)
                  0.14    0.13    2.53 ^ _513_/Y (sky130_fd_sc_hd__a22oi_2)
     2    0.00                           _267_ (net)
                  0.14    0.00    2.53 ^ _514_/A2_N (sky130_fd_sc_hd__a2bb2o_1)
                  0.05    0.30    2.83 v _514_/X (sky130_fd_sc_hd__a2bb2o_1)
     1    0.00                           _100_ (net)
                  0.05    0.00    2.83 v _740_/D (sky130_fd_sc_hd__dfrtp_4)
                                  2.83   data arrival time

                         10.00   10.00   clock clk (rise edge)
                          0.00   10.00   clock source latency
                  0.04    0.03   10.03 ^ clk (in)
     1    0.01                           clk (net)
                  0.04    0.00   10.03 ^ clkbuf_0_clk/A (sky130_fd_sc_hd__clkbuf_16)
                  0.05    0.13   10.15 ^ clkbuf_0_clk/X (sky130_fd_sc_hd__clkbuf_16)
     4    0.03                           clknet_0_clk (net)
                  0.05    0.00   10.15 ^ clkbuf_2_2__f_clk/A (sky130_fd_sc_hd__clkbuf_16)
                  0.05    0.13   10.28 ^ clkbuf_2_2__f_clk/X (sky130_fd_sc_hd__clkbuf_16)
    13    0.02                           clknet_2_2__leaf_clk (net)
                  0.05    0.00   10.28 ^ _740_/CLK (sky130_fd_sc_hd__dfrtp_4)
                         -0.25   10.03   clock uncertainty
                          0.02   10.05   clock reconvergence pessimism
                         -0.11    9.93   library setup time
                                  9.93   data required time
-----------------------------------------------------------------------------
                                  9.93   data required time
                                 -2.83   data arrival time
-----------------------------------------------------------------------------
                                  7.10   slack (MET)


Startpoint: _725_ (rising edge-triggered flip-flop clocked by clk)
Endpoint: _742_ (rising edge-triggered flip-flop clocked by clk)
Path Group: clk
Path Type: max

Fanout     Cap    Slew   Delay    Time   Description
-----------------------------------------------------------------------------
                          0.00    0.00   clock clk (rise edge)
                          0.00    0.00   clock source latency
                  0.04    0.03    0.03 ^ clk (in)
     1    0.01                           clk (net)
                  0.04    0.00    0.03 ^ clkbuf_0_clk/A (sky130_fd_sc_hd__clkbuf_16)
                  0.05    0.14    0.17 ^ clkbuf_0_clk/X (sky130_fd_sc_hd__clkbuf_16)
     4    0.03                           clknet_0_clk (net)
                  0.05    0.00    0.17 ^ clkbuf_2_0__f_clk/A (sky130_fd_sc_hd__clkbuf_16)
                  0.05    0.14    0.31 ^ clkbuf_2_0__f_clk/X (sky130_fd_sc_hd__clkbuf_16)
    15    0.03                           clknet_2_0__leaf_clk (net)
                  0.05    0.00    0.31 ^ _725_/CLK (sky130_fd_sc_hd__dfrtp_4)
                  0.08    0.52    0.83 v _725_/Q (sky130_fd_sc_hd__dfrtp_4)
     6    0.02                           u_core.M[0] (net)
                  0.08    0.00    0.83 v _354_/B (sky130_fd_sc_hd__nor2_2)
                  0.24    0.22    1.05 ^ _354_/Y (sky130_fd_sc_hd__nor2_2)
     3    0.02                           _115_ (net)
                  0.24    0.00    1.05 ^ _366_/A (sky130_fd_sc_hd__clkbuf_4)
                  0.10    0.25    1.31 ^ _366_/X (sky130_fd_sc_hd__clkbuf_4)
    10    0.03                           _127_ (net)
                  0.10    0.00    1.31 ^ _381_/A (sky130_fd_sc_hd__nand2_2)
                  0.09    0.10    1.40 v _381_/Y (sky130_fd_sc_hd__nand2_2)
     6    0.02                           _142_ (net)
                  0.09    0.00    1.40 v _383_/A2 (sky130_fd_sc_hd__o21ai_1)
                  0.17    0.19    1.59 ^ _383_/Y (sky130_fd_sc_hd__o21ai_1)
     2    0.01                           _144_ (net)
                  0.17    0.00    1.59 ^ _384_/B1 (sky130_fd_sc_hd__o21ai_1)
                  0.08    0.12    1.71 v _384_/Y (sky130_fd_sc_hd__o21ai_1)
     2    0.01                           _145_ (net)
                  0.08    0.00    1.71 v _393_/A2 (sky130_fd_sc_hd__o21ai_2)
                  0.16    0.18    1.88 ^ _393_/Y (sky130_fd_sc_hd__o21ai_2)
     4    0.01                           _154_ (net)
                  0.16    0.00    1.88 ^ _405_/B1 (sky130_fd_sc_hd__o22a_1)
                  0.10    0.21    2.10 ^ _405_/X (sky130_fd_sc_hd__o22a_1)
     3    0.01                           _166_ (net)
                  0.10    0.00    2.10 ^ _482_/A (sky130_fd_sc_hd__nand2_2)
                  0.06    0.08    2.18 v _482_/Y (sky130_fd_sc_hd__nand2_2)
     5    0.01                           _240_ (net)
                  0.06    0.00    2.18 v _500_/A1 (sky130_fd_sc_hd__a211o_1)
                  0.04    0.26    2.44 v _500_/X (sky130_fd_sc_hd__a211o_1)
     1    0.00                           _256_ (net)
                  0.04    0.00    2.44 v _501_/B2 (sky130_fd_sc_hd__a22o_1)
                  0.04    0.20    2.64 v _501_/X (sky130_fd_sc_hd__a22o_1)
     1    0.00                           _257_ (net)
                  0.04    0.00    2.64 v _503_/B1 (sky130_fd_sc_hd__a22o_1)
                  0.04    0.17    2.81 v _503_/X (sky130_fd_sc_hd__a22o_1)
     1    0.00                           _102_ (net)
                  0.04    0.00    2.81 v _742_/D (sky130_fd_sc_hd__dfrtp_4)
                                  2.81   data arrival time

                         10.00   10.00   clock clk (rise edge)
                          0.00   10.00   clock source latency
                  0.04    0.03   10.03 ^ clk (in)
     1    0.01                           clk (net)
                  0.04    0.00   10.03 ^ clkbuf_0_clk/A (sky130_fd_sc_hd__clkbuf_16)
                  0.05    0.13   10.15 ^ clkbuf_0_clk/X (sky130_fd_sc_hd__clkbuf_16)
     4    0.03                           clknet_0_clk (net)
                  0.05    0.00   10.15 ^ clkbuf_2_2__f_clk/A (sky130_fd_sc_hd__clkbuf_16)
                  0.05    0.13   10.28 ^ clkbuf_2_2__f_clk/X (sky130_fd_sc_hd__clkbuf_16)
    13    0.02                           clknet_2_2__leaf_clk (net)
                  0.05    0.00   10.28 ^ _742_/CLK (sky130_fd_sc_hd__dfrtp_4)
                         -0.25   10.03   clock uncertainty
                          0.02   10.05   clock reconvergence pessimism
                         -0.11    9.94   library setup time
                                  9.94   data required time
-----------------------------------------------------------------------------
                                  9.94   data required time
                                 -2.81   data arrival time
-----------------------------------------------------------------------------
                                  7.13   slack (MET)


Startpoint: start (input port clocked by clk)
Endpoint: _719_ (rising edge-triggered flip-flop clocked by clk)
Path Group: clk
Path Type: max

Fanout     Cap    Slew   Delay    Time   Description
-----------------------------------------------------------------------------
                          0.00    0.00   clock clk (rise edge)
                          0.00    0.00   clock network delay (propagated)
                          2.00    2.00 ^ input external delay
                  0.02    0.01    2.01 ^ start (in)
     1    0.00                           start (net)
                  0.02    0.00    2.01 ^ input18/A (sky130_fd_sc_hd__clkbuf_4)
                  0.09    0.17    2.17 ^ input18/X (sky130_fd_sc_hd__clkbuf_4)
     5    0.03                           net18 (net)
                  0.09    0.00    2.17 ^ _480_/B (sky130_fd_sc_hd__nor2_1)
                  0.05    0.07    2.25 v _480_/Y (sky130_fd_sc_hd__nor2_1)
     4    0.01                           _238_ (net)
                  0.05    0.00    2.25 v _523_/A (sky130_fd_sc_hd__clkbuf_4)
                  0.06    0.18    2.43 v _523_/X (sky130_fd_sc_hd__clkbuf_4)
    10    0.02                           _275_ (net)
                  0.06    0.00    2.43 v _583_/B1 (sky130_fd_sc_hd__a22o_1)
                  0.04    0.18    2.61 v _583_/X (sky130_fd_sc_hd__a22o_1)
     1    0.00                           _316_ (net)
                  0.04    0.00    2.61 v _584_/B1 (sky130_fd_sc_hd__a31o_1)
                  0.03    0.18    2.79 v _584_/X (sky130_fd_sc_hd__a31o_1)
     1    0.00                           _079_ (net)
                  0.03    0.00    2.79 v _719_/D (sky130_fd_sc_hd__dfrtp_1)
                                  2.79   data arrival time

                         10.00   10.00   clock clk (rise edge)
                          0.00   10.00   clock source latency
                  0.04    0.03   10.03 ^ clk (in)
     1    0.01                           clk (net)
                  0.04    0.00   10.03 ^ clkbuf_0_clk/A (sky130_fd_sc_hd__clkbuf_16)
                  0.05    0.13   10.15 ^ clkbuf_0_clk/X (sky130_fd_sc_hd__clkbuf_16)
     4    0.03                           clknet_0_clk (net)
                  0.05    0.00   10.15 ^ clkbuf_2_1__f_clk/A (sky130_fd_sc_hd__clkbuf_16)
                  0.05    0.13   10.28 ^ clkbuf_2_1__f_clk/X (sky130_fd_sc_hd__clkbuf_16)
    14    0.03                           clknet_2_1__leaf_clk (net)
                  0.05    0.00   10.28 ^ _719_/CLK (sky130_fd_sc_hd__dfrtp_1)
                         -0.25   10.03   clock uncertainty
                          0.00   10.03   clock reconvergence pessimism
                         -0.11    9.92   library setup time
                                  9.92   data required time
-----------------------------------------------------------------------------
                                  9.92   data required time
                                 -2.79   data arrival time
-----------------------------------------------------------------------------
                                  7.14   slack (MET)


Startpoint: start (input port clocked by clk)
Endpoint: _723_ (rising edge-triggered flip-flop clocked by clk)
Path Group: clk
Path Type: max

Fanout     Cap    Slew   Delay    Time   Description
-----------------------------------------------------------------------------
                          0.00    0.00   clock clk (rise edge)
                          0.00    0.00   clock network delay (propagated)
                          2.00    2.00 ^ input external delay
                  0.02    0.01    2.01 ^ start (in)
     1    0.00                           start (net)
                  0.02    0.00    2.01 ^ input18/A (sky130_fd_sc_hd__clkbuf_4)
                  0.09    0.17    2.17 ^ input18/X (sky130_fd_sc_hd__clkbuf_4)
     5    0.03                           net18 (net)
                  0.09    0.00    2.17 ^ _480_/B (sky130_fd_sc_hd__nor2_1)
                  0.05    0.07    2.25 v _480_/Y (sky130_fd_sc_hd__nor2_1)
     4    0.01                           _238_ (net)
                  0.05    0.00    2.25 v _523_/A (sky130_fd_sc_hd__clkbuf_4)
                  0.06    0.18    2.43 v _523_/X (sky130_fd_sc_hd__clkbuf_4)
    10    0.02                           _275_ (net)
                  0.06    0.00    2.43 v _575_/B1 (sky130_fd_sc_hd__a22o_1)
                  0.04    0.18    2.61 v _575_/X (sky130_fd_sc_hd__a22o_1)
     1    0.00                           _312_ (net)
                  0.04    0.00    2.61 v _576_/B1 (sky130_fd_sc_hd__a31o_1)
                  0.03    0.18    2.79 v _576_/X (sky130_fd_sc_hd__a31o_1)
     1    0.00                           _083_ (net)
                  0.03    0.00    2.79 v _723_/D (sky130_fd_sc_hd__dfrtp_1)
                                  2.79   data arrival time

                         10.00   10.00   clock clk (rise edge)
                          0.00   10.00   clock source latency
                  0.04    0.03   10.03 ^ clk (in)
     1    0.01                           clk (net)
                  0.04    0.00   10.03 ^ clkbuf_0_clk/A (sky130_fd_sc_hd__clkbuf_16)
                  0.05    0.13   10.15 ^ clkbuf_0_clk/X (sky130_fd_sc_hd__clkbuf_16)
     4    0.03                           clknet_0_clk (net)
                  0.05    0.00   10.15 ^ clkbuf_2_1__f_clk/A (sky130_fd_sc_hd__clkbuf_16)
                  0.05    0.13   10.28 ^ clkbuf_2_1__f_clk/X (sky130_fd_sc_hd__clkbuf_16)
    14    0.03                           clknet_2_1__leaf_clk (net)
                  0.05    0.00   10.28 ^ _723_/CLK (sky130_fd_sc_hd__dfrtp_1)
                         -0.25   10.03   clock uncertainty
                          0.00   10.03   clock reconvergence pessimism
                         -0.11    9.92   library setup time
                                  9.92   data required time
-----------------------------------------------------------------------------
                                  9.92   data required time
                                 -2.79   data arrival time
-----------------------------------------------------------------------------
                                  7.14   slack (MET)


Startpoint: start (input port clocked by clk)
Endpoint: _724_ (rising edge-triggered flip-flop clocked by clk)
Path Group: clk
Path Type: max

Fanout     Cap    Slew   Delay    Time   Description
-----------------------------------------------------------------------------
                          0.00    0.00   clock clk (rise edge)
                          0.00    0.00   clock network delay (propagated)
                          2.00    2.00 ^ input external delay
                  0.02    0.01    2.01 ^ start (in)
     1    0.00                           start (net)
                  0.02    0.00    2.01 ^ input18/A (sky130_fd_sc_hd__clkbuf_4)
                  0.09    0.17    2.17 ^ input18/X (sky130_fd_sc_hd__clkbuf_4)
     5    0.03                           net18 (net)
                  0.09    0.00    2.17 ^ _480_/B (sky130_fd_sc_hd__nor2_1)
                  0.05    0.07    2.25 v _480_/Y (sky130_fd_sc_hd__nor2_1)
     4    0.01                           _238_ (net)
                  0.05    0.00    2.25 v _523_/A (sky130_fd_sc_hd__clkbuf_4)
                  0.06    0.18    2.43 v _523_/X (sky130_fd_sc_hd__clkbuf_4)
    10    0.02                           _275_ (net)
                  0.06    0.00    2.43 v _574_/A2 (sky130_fd_sc_hd__a221o_1)
                  0.05    0.35    2.78 v _574_/X (sky130_fd_sc_hd__a221o_1)
     1    0.00                           _084_ (net)
                  0.05    0.00    2.78 v _724_/D (sky130_fd_sc_hd__dfrtp_2)
                                  2.78   data arrival time

                         10.00   10.00   clock clk (rise edge)
                          0.00   10.00   clock source latency
                  0.04    0.03   10.03 ^ clk (in)
     1    0.01                           clk (net)
                  0.04    0.00   10.03 ^ clkbuf_0_clk/A (sky130_fd_sc_hd__clkbuf_16)
                  0.05    0.13   10.15 ^ clkbuf_0_clk/X (sky130_fd_sc_hd__clkbuf_16)
     4    0.03                           clknet_0_clk (net)
                  0.05    0.00   10.15 ^ clkbuf_2_2__f_clk/A (sky130_fd_sc_hd__clkbuf_16)
                  0.05    0.13   10.28 ^ clkbuf_2_2__f_clk/X (sky130_fd_sc_hd__clkbuf_16)
    13    0.02                           clknet_2_2__leaf_clk (net)
                  0.05    0.00   10.28 ^ _724_/CLK (sky130_fd_sc_hd__dfrtp_2)
                         -0.25   10.03   clock uncertainty
                          0.00   10.03   clock reconvergence pessimism
                         -0.12    9.91   library setup time
                                  9.91   data required time
-----------------------------------------------------------------------------
                                  9.91   data required time
                                 -2.78   data arrival time
-----------------------------------------------------------------------------
                                  7.14   slack (MET)


Startpoint: _725_ (rising edge-triggered flip-flop clocked by clk)
Endpoint: _739_ (rising edge-triggered flip-flop clocked by clk)
Path Group: clk
Path Type: max

Fanout     Cap    Slew   Delay    Time   Description
-----------------------------------------------------------------------------
                          0.00    0.00   clock clk (rise edge)
                          0.00    0.00   clock source latency
                  0.04    0.03    0.03 ^ clk (in)
     1    0.01                           clk (net)
                  0.04    0.00    0.03 ^ clkbuf_0_clk/A (sky130_fd_sc_hd__clkbuf_16)
                  0.05    0.14    0.17 ^ clkbuf_0_clk/X (sky130_fd_sc_hd__clkbuf_16)
     4    0.03                           clknet_0_clk (net)
                  0.05    0.00    0.17 ^ clkbuf_2_0__f_clk/A (sky130_fd_sc_hd__clkbuf_16)
                  0.05    0.14    0.31 ^ clkbuf_2_0__f_clk/X (sky130_fd_sc_hd__clkbuf_16)
    15    0.03                           clknet_2_0__leaf_clk (net)
                  0.05    0.00    0.31 ^ _725_/CLK (sky130_fd_sc_hd__dfrtp_4)
                  0.08    0.52    0.83 v _725_/Q (sky130_fd_sc_hd__dfrtp_4)
     6    0.02                           u_core.M[0] (net)
                  0.08    0.00    0.83 v _354_/B (sky130_fd_sc_hd__nor2_2)
                  0.24    0.22    1.05 ^ _354_/Y (sky130_fd_sc_hd__nor2_2)
     3    0.02                           _115_ (net)
                  0.24    0.00    1.05 ^ _366_/A (sky130_fd_sc_hd__clkbuf_4)
                  0.10    0.25    1.31 ^ _366_/X (sky130_fd_sc_hd__clkbuf_4)
    10    0.03                           _127_ (net)
                  0.10    0.00    1.31 ^ _381_/A (sky130_fd_sc_hd__nand2_2)
                  0.09    0.10    1.40 v _381_/Y (sky130_fd_sc_hd__nand2_2)
     6    0.02                           _142_ (net)
                  0.09    0.00    1.40 v _383_/A2 (sky130_fd_sc_hd__o21ai_1)
                  0.17    0.19    1.59 ^ _383_/Y (sky130_fd_sc_hd__o21ai_1)
     2    0.01                           _144_ (net)
                  0.17    0.00    1.59 ^ _384_/B1 (sky130_fd_sc_hd__o21ai_1)
                  0.08    0.12    1.71 v _384_/Y (sky130_fd_sc_hd__o21ai_1)
     2    0.01                           _145_ (net)
                  0.08    0.00    1.71 v _436_/A (sky130_fd_sc_hd__nand2_1)
                  0.08    0.10    1.81 ^ _436_/Y (sky130_fd_sc_hd__nand2_1)
     3    0.01                           _197_ (net)
                  0.08    0.00    1.81 ^ _437_/D1 (sky130_fd_sc_hd__o2111a_1)
                  0.09    0.21    2.02 ^ _437_/X (sky130_fd_sc_hd__o2111a_1)
     2    0.01                           _198_ (net)
                  0.09    0.00    2.02 ^ _515_/C (sky130_fd_sc_hd__nand3_1)
                  0.10    0.12    2.14 v _515_/Y (sky130_fd_sc_hd__nand3_1)
     3    0.01                           _268_ (net)
                  0.10    0.00    2.14 v _517_/A1 (sky130_fd_sc_hd__a21o_1)
                  0.04    0.19    2.33 v _517_/X (sky130_fd_sc_hd__a21o_1)
     2    0.00                           _270_ (net)
                  0.04    0.00    2.33 v _518_/A4 (sky130_fd_sc_hd__a41oi_1)
                  0.15    0.20    2.53 ^ _518_/Y (sky130_fd_sc_hd__a41oi_1)
     1    0.00                           _271_ (net)
                  0.15    0.00    2.53 ^ _520_/A (sky130_fd_sc_hd__nand2_1)
                  0.06    0.08    2.61 v _520_/Y (sky130_fd_sc_hd__nand2_1)
     2    0.00                           _273_ (net)
                  0.06    0.00    2.61 v _522_/B1 (sky130_fd_sc_hd__a22o_1)
                  0.04    0.18    2.80 v _522_/X (sky130_fd_sc_hd__a22o_1)
     1    0.00                           _099_ (net)
                  0.04    0.00    2.80 v _739_/D (sky130_fd_sc_hd__dfrtp_2)
                                  2.80   data arrival time

                         10.00   10.00   clock clk (rise edge)
                          0.00   10.00   clock source latency
                  0.04    0.03   10.03 ^ clk (in)
     1    0.01                           clk (net)
                  0.04    0.00   10.03 ^ clkbuf_0_clk/A (sky130_fd_sc_hd__clkbuf_16)
                  0.05    0.13   10.15 ^ clkbuf_0_clk/X (sky130_fd_sc_hd__clkbuf_16)
     4    0.03                           clknet_0_clk (net)
                  0.05    0.00   10.15 ^ clkbuf_2_3__f_clk/A (sky130_fd_sc_hd__clkbuf_16)
                  0.05    0.12   10.28 ^ clkbuf_2_3__f_clk/X (sky130_fd_sc_hd__clkbuf_16)
    12    0.02                           clknet_2_3__leaf_clk (net)
                  0.05    0.00   10.28 ^ _739_/CLK (sky130_fd_sc_hd__dfrtp_2)
                         -0.25   10.03   clock uncertainty
                          0.02   10.05   clock reconvergence pessimism
                         -0.11    9.93   library setup time
                                  9.93   data required time
-----------------------------------------------------------------------------
                                  9.93   data required time
                                 -2.80   data arrival time
-----------------------------------------------------------------------------
                                  7.14   slack (MET)


Startpoint: start (input port clocked by clk)
Endpoint: _720_ (rising edge-triggered flip-flop clocked by clk)
Path Group: clk
Path Type: max

Fanout     Cap    Slew   Delay    Time   Description
-----------------------------------------------------------------------------
                          0.00    0.00   clock clk (rise edge)
                          0.00    0.00   clock network delay (propagated)
                          2.00    2.00 ^ input external delay
                  0.02    0.01    2.01 ^ start (in)
     1    0.00                           start (net)
                  0.02    0.00    2.01 ^ input18/A (sky130_fd_sc_hd__clkbuf_4)
                  0.09    0.17    2.17 ^ input18/X (sky130_fd_sc_hd__clkbuf_4)
     5    0.03                           net18 (net)
                  0.09    0.00    2.17 ^ _480_/B (sky130_fd_sc_hd__nor2_1)
                  0.05    0.07    2.25 v _480_/Y (sky130_fd_sc_hd__nor2_1)
     4    0.01                           _238_ (net)
                  0.05    0.00    2.25 v _523_/A (sky130_fd_sc_hd__clkbuf_4)
                  0.06    0.18    2.43 v _523_/X (sky130_fd_sc_hd__clkbuf_4)
    10    0.02                           _275_ (net)
                  0.06    0.00    2.43 v _581_/B1 (sky130_fd_sc_hd__a22o_1)
                  0.04    0.18    2.61 v _581_/X (sky130_fd_sc_hd__a22o_1)
     1    0.00                           _315_ (net)
                  0.04    0.00    2.61 v _582_/B1 (sky130_fd_sc_hd__a31o_1)
                  0.03    0.18    2.79 v _582_/X (sky130_fd_sc_hd__a31o_1)
     1    0.00                           _080_ (net)
                  0.03    0.00    2.79 v _720_/D (sky130_fd_sc_hd__dfrtp_1)
                                  2.79   data arrival time

                         10.00   10.00   clock clk (rise edge)
                          0.00   10.00   clock source latency
                  0.04    0.03   10.03 ^ clk (in)
     1    0.01                           clk (net)
                  0.04    0.00   10.03 ^ clkbuf_0_clk/A (sky130_fd_sc_hd__clkbuf_16)
                  0.05    0.13   10.15 ^ clkbuf_0_clk/X (sky130_fd_sc_hd__clkbuf_16)
     4    0.03                           clknet_0_clk (net)
                  0.05    0.00   10.15 ^ clkbuf_2_0__f_clk/A (sky130_fd_sc_hd__clkbuf_16)
                  0.05    0.13   10.28 ^ clkbuf_2_0__f_clk/X (sky130_fd_sc_hd__clkbuf_16)
    15    0.03                           clknet_2_0__leaf_clk (net)
                  0.05    0.00   10.28 ^ _720_/CLK (sky130_fd_sc_hd__dfrtp_1)
                         -0.25   10.03   clock uncertainty
                          0.00   10.03   clock reconvergence pessimism
                         -0.11    9.93   library setup time
                                  9.93   data required time
-----------------------------------------------------------------------------
                                  9.93   data required time
                                 -2.79   data arrival time
-----------------------------------------------------------------------------
                                  7.14   slack (MET)


Startpoint: start (input port clocked by clk)
Endpoint: _721_ (rising edge-triggered flip-flop clocked by clk)
Path Group: clk
Path Type: max

Fanout     Cap    Slew   Delay    Time   Description
-----------------------------------------------------------------------------
                          0.00    0.00   clock clk (rise edge)
                          0.00    0.00   clock network delay (propagated)
                          2.00    2.00 ^ input external delay
                  0.02    0.01    2.01 ^ start (in)
     1    0.00                           start (net)
                  0.02    0.00    2.01 ^ input18/A (sky130_fd_sc_hd__clkbuf_4)
                  0.09    0.17    2.17 ^ input18/X (sky130_fd_sc_hd__clkbuf_4)
     5    0.03                           net18 (net)
                  0.09    0.00    2.17 ^ _480_/B (sky130_fd_sc_hd__nor2_1)
                  0.05    0.07    2.25 v _480_/Y (sky130_fd_sc_hd__nor2_1)
     4    0.01                           _238_ (net)
                  0.05    0.00    2.25 v _523_/A (sky130_fd_sc_hd__clkbuf_4)
                  0.06    0.18    2.43 v _523_/X (sky130_fd_sc_hd__clkbuf_4)
    10    0.02                           _275_ (net)
                  0.06    0.00    2.43 v _579_/B1 (sky130_fd_sc_hd__a22o_1)
                  0.04    0.18    2.61 v _579_/X (sky130_fd_sc_hd__a22o_1)
     1    0.00                           _314_ (net)
                  0.04    0.00    2.61 v _580_/B1 (sky130_fd_sc_hd__a31o_1)
                  0.03    0.18    2.79 v _580_/X (sky130_fd_sc_hd__a31o_1)
     1    0.00                           _081_ (net)
                  0.03    0.00    2.79 v _721_/D (sky130_fd_sc_hd__dfrtp_1)
                                  2.79   data arrival time

                         10.00   10.00   clock clk (rise edge)
                          0.00   10.00   clock source latency
                  0.04    0.03   10.03 ^ clk (in)
     1    0.01                           clk (net)
                  0.04    0.00   10.03 ^ clkbuf_0_clk/A (sky130_fd_sc_hd__clkbuf_16)
                  0.05    0.13   10.15 ^ clkbuf_0_clk/X (sky130_fd_sc_hd__clkbuf_16)
     4    0.03                           clknet_0_clk (net)
                  0.05    0.00   10.15 ^ clkbuf_2_0__f_clk/A (sky130_fd_sc_hd__clkbuf_16)
                  0.05    0.13   10.28 ^ clkbuf_2_0__f_clk/X (sky130_fd_sc_hd__clkbuf_16)
    15    0.03                           clknet_2_0__leaf_clk (net)
                  0.05    0.00   10.28 ^ _721_/CLK (sky130_fd_sc_hd__dfrtp_1)
                         -0.25   10.03   clock uncertainty
                          0.00   10.03   clock reconvergence pessimism
                         -0.11    9.93   library setup time
                                  9.93   data required time
-----------------------------------------------------------------------------
                                  9.93   data required time
                                 -2.79   data arrival time
-----------------------------------------------------------------------------
                                  7.14   slack (MET)


Startpoint: start (input port clocked by clk)
Endpoint: _722_ (rising edge-triggered flip-flop clocked by clk)
Path Group: clk
Path Type: max

Fanout     Cap    Slew   Delay    Time   Description
-----------------------------------------------------------------------------
                          0.00    0.00   clock clk (rise edge)
                          0.00    0.00   clock network delay (propagated)
                          2.00    2.00 ^ input external delay
                  0.02    0.01    2.01 ^ start (in)
     1    0.00                           start (net)
                  0.02    0.00    2.01 ^ input18/A (sky130_fd_sc_hd__clkbuf_4)
                  0.09    0.17    2.17 ^ input18/X (sky130_fd_sc_hd__clkbuf_4)
     5    0.03                           net18 (net)
                  0.09    0.00    2.17 ^ _480_/B (sky130_fd_sc_hd__nor2_1)
                  0.05    0.07    2.25 v _480_/Y (sky130_fd_sc_hd__nor2_1)
     4    0.01                           _238_ (net)
                  0.05    0.00    2.25 v _523_/A (sky130_fd_sc_hd__clkbuf_4)
                  0.06    0.18    2.43 v _523_/X (sky130_fd_sc_hd__clkbuf_4)
    10    0.02                           _275_ (net)
                  0.06    0.00    2.43 v _577_/B1 (sky130_fd_sc_hd__a22o_1)
                  0.04    0.18    2.61 v _577_/X (sky130_fd_sc_hd__a22o_1)
     1    0.00                           _313_ (net)
                  0.04    0.00    2.61 v _578_/B1 (sky130_fd_sc_hd__a31o_1)
                  0.03    0.18    2.79 v _578_/X (sky130_fd_sc_hd__a31o_1)
     1    0.00                           _082_ (net)
                  0.03    0.00    2.79 v _722_/D (sky130_fd_sc_hd__dfrtp_1)
                                  2.79   data arrival time

                         10.00   10.00   clock clk (rise edge)
                          0.00   10.00   clock source latency
                  0.04    0.03   10.03 ^ clk (in)
     1    0.01                           clk (net)
                  0.04    0.00   10.03 ^ clkbuf_0_clk/A (sky130_fd_sc_hd__clkbuf_16)
                  0.05    0.13   10.15 ^ clkbuf_0_clk/X (sky130_fd_sc_hd__clkbuf_16)
     4    0.03                           clknet_0_clk (net)
                  0.05    0.00   10.15 ^ clkbuf_2_0__f_clk/A (sky130_fd_sc_hd__clkbuf_16)
                  0.05    0.13   10.28 ^ clkbuf_2_0__f_clk/X (sky130_fd_sc_hd__clkbuf_16)
    15    0.03                           clknet_2_0__leaf_clk (net)
                  0.05    0.00   10.28 ^ _722_/CLK (sky130_fd_sc_hd__dfrtp_1)
                         -0.25   10.03   clock uncertainty
                          0.00   10.03   clock reconvergence pessimism
                         -0.11    9.93   library setup time
                                  9.93   data required time
-----------------------------------------------------------------------------
                                  9.93   data required time
                                 -2.79   data arrival time
-----------------------------------------------------------------------------
                                  7.14   slack (MET)


Startpoint: _725_ (rising edge-triggered flip-flop clocked by clk)
Endpoint: _738_ (rising edge-triggered flip-flop clocked by clk)
Path Group: clk
Path Type: max

Fanout     Cap    Slew   Delay    Time   Description
-----------------------------------------------------------------------------
                          0.00    0.00   clock clk (rise edge)
                          0.00    0.00   clock source latency
                  0.04    0.03    0.03 ^ clk (in)
     1    0.01                           clk (net)
                  0.04    0.00    0.03 ^ clkbuf_0_clk/A (sky130_fd_sc_hd__clkbuf_16)
                  0.05    0.14    0.17 ^ clkbuf_0_clk/X (sky130_fd_sc_hd__clkbuf_16)
     4    0.03                           clknet_0_clk (net)
                  0.05    0.00    0.17 ^ clkbuf_2_0__f_clk/A (sky130_fd_sc_hd__clkbuf_16)
                  0.05    0.14    0.31 ^ clkbuf_2_0__f_clk/X (sky130_fd_sc_hd__clkbuf_16)
    15    0.03                           clknet_2_0__leaf_clk (net)
                  0.05    0.00    0.31 ^ _725_/CLK (sky130_fd_sc_hd__dfrtp_4)
                  0.08    0.52    0.83 v _725_/Q (sky130_fd_sc_hd__dfrtp_4)
     6    0.02                           u_core.M[0] (net)
                  0.08    0.00    0.83 v _354_/B (sky130_fd_sc_hd__nor2_2)
                  0.24    0.22    1.05 ^ _354_/Y (sky130_fd_sc_hd__nor2_2)
     3    0.02                           _115_ (net)
                  0.24    0.00    1.05 ^ _366_/A (sky130_fd_sc_hd__clkbuf_4)
                  0.10    0.25    1.31 ^ _366_/X (sky130_fd_sc_hd__clkbuf_4)
    10    0.03                           _127_ (net)
                  0.10    0.00    1.31 ^ _381_/A (sky130_fd_sc_hd__nand2_2)
                  0.09    0.10    1.40 v _381_/Y (sky130_fd_sc_hd__nand2_2)
     6    0.02                           _142_ (net)
                  0.09    0.00    1.40 v _383_/A2 (sky130_fd_sc_hd__o21ai_1)
                  0.17    0.19    1.59 ^ _383_/Y (sky130_fd_sc_hd__o21ai_1)
     2    0.01                           _144_ (net)
                  0.17    0.00    1.59 ^ _384_/B1 (sky130_fd_sc_hd__o21ai_1)
                  0.08    0.12    1.71 v _384_/Y (sky130_fd_sc_hd__o21ai_1)
     2    0.01                           _145_ (net)
                  0.08    0.00    1.71 v _436_/A (sky130_fd_sc_hd__nand2_1)
                  0.08    0.10    1.81 ^ _436_/Y (sky130_fd_sc_hd__nand2_1)
     3    0.01                           _197_ (net)
                  0.08    0.00    1.81 ^ _437_/D1 (sky130_fd_sc_hd__o2111a_1)
                  0.09    0.21    2.02 ^ _437_/X (sky130_fd_sc_hd__o2111a_1)
     2    0.01                           _198_ (net)
                  0.09    0.00    2.02 ^ _515_/C (sky130_fd_sc_hd__nand3_1)
                  0.10    0.12    2.14 v _515_/Y (sky130_fd_sc_hd__nand3_1)
     3    0.01                           _268_ (net)
                  0.10    0.00    2.14 v _524_/A1 (sky130_fd_sc_hd__a21oi_1)
                  0.08    0.13    2.27 ^ _524_/Y (sky130_fd_sc_hd__a21oi_1)
     1    0.00                           _276_ (net)
                  0.08    0.00    2.27 ^ _526_/A1_N (sky130_fd_sc_hd__a2bb2o_1)
                  0.06    0.31    2.57 v _526_/X (sky130_fd_sc_hd__a2bb2o_1)
     2    0.00                           _278_ (net)
                  0.06    0.00    2.57 v _527_/B1 (sky130_fd_sc_hd__a22o_1)
                  0.04    0.18    2.75 v _527_/X (sky130_fd_sc_hd__a22o_1)
     1    0.00                           _098_ (net)
                  0.04    0.00    2.75 v _738_/D (sky130_fd_sc_hd__dfrtp_2)
                                  2.75   data arrival time

                         10.00   10.00   clock clk (rise edge)
                          0.00   10.00   clock source latency
                  0.04    0.03   10.03 ^ clk (in)
     1    0.01                           clk (net)
                  0.04    0.00   10.03 ^ clkbuf_0_clk/A (sky130_fd_sc_hd__clkbuf_16)
                  0.05    0.13   10.15 ^ clkbuf_0_clk/X (sky130_fd_sc_hd__clkbuf_16)
     4    0.03                           clknet_0_clk (net)
                  0.05    0.00   10.15 ^ clkbuf_2_1__f_clk/A (sky130_fd_sc_hd__clkbuf_16)
                  0.05    0.13   10.28 ^ clkbuf_2_1__f_clk/X (sky130_fd_sc_hd__clkbuf_16)
    14    0.03                           clknet_2_1__leaf_clk (net)
                  0.05    0.00   10.28 ^ _738_/CLK (sky130_fd_sc_hd__dfrtp_2)
                         -0.25   10.03   clock uncertainty
                          0.02   10.05   clock reconvergence pessimism
                         -0.11    9.94   library setup time
                                  9.94   data required time
-----------------------------------------------------------------------------
                                  9.94   data required time
                                 -2.75   data arrival time
-----------------------------------------------------------------------------
                                  7.19   slack (MET)


Startpoint: _725_ (rising edge-triggered flip-flop clocked by clk)
Endpoint: _741_ (rising edge-triggered flip-flop clocked by clk)
Path Group: clk
Path Type: max

Fanout     Cap    Slew   Delay    Time   Description
-----------------------------------------------------------------------------
                          0.00    0.00   clock clk (rise edge)
                          0.00    0.00   clock source latency
                  0.04    0.03    0.03 ^ clk (in)
     1    0.01                           clk (net)
                  0.04    0.00    0.03 ^ clkbuf_0_clk/A (sky130_fd_sc_hd__clkbuf_16)
                  0.05    0.14    0.17 ^ clkbuf_0_clk/X (sky130_fd_sc_hd__clkbuf_16)
     4    0.03                           clknet_0_clk (net)
                  0.05    0.00    0.17 ^ clkbuf_2_0__f_clk/A (sky130_fd_sc_hd__clkbuf_16)
                  0.05    0.14    0.31 ^ clkbuf_2_0__f_clk/X (sky130_fd_sc_hd__clkbuf_16)
    15    0.03                           clknet_2_0__leaf_clk (net)
                  0.05    0.00    0.31 ^ _725_/CLK (sky130_fd_sc_hd__dfrtp_4)
                  0.08    0.52    0.83 v _725_/Q (sky130_fd_sc_hd__dfrtp_4)
     6    0.02                           u_core.M[0] (net)
                  0.08    0.00    0.83 v _354_/B (sky130_fd_sc_hd__nor2_2)
                  0.24    0.22    1.05 ^ _354_/Y (sky130_fd_sc_hd__nor2_2)
     3    0.02                           _115_ (net)
                  0.24    0.00    1.05 ^ _366_/A (sky130_fd_sc_hd__clkbuf_4)
                  0.10    0.25    1.31 ^ _366_/X (sky130_fd_sc_hd__clkbuf_4)
    10    0.03                           _127_ (net)
                  0.10    0.00    1.31 ^ _381_/A (sky130_fd_sc_hd__nand2_2)
                  0.09    0.10    1.40 v _381_/Y (sky130_fd_sc_hd__nand2_2)
     6    0.02                           _142_ (net)
                  0.09    0.00    1.40 v _383_/A2 (sky130_fd_sc_hd__o21ai_1)
                  0.17    0.19    1.59 ^ _383_/Y (sky130_fd_sc_hd__o21ai_1)
     2    0.01                           _144_ (net)
                  0.17    0.00    1.59 ^ _384_/B1 (sky130_fd_sc_hd__o21ai_1)
                  0.08    0.12    1.71 v _384_/Y (sky130_fd_sc_hd__o21ai_1)
     2    0.01                           _145_ (net)
                  0.08    0.00    1.71 v _436_/A (sky130_fd_sc_hd__nand2_1)
                  0.08    0.10    1.81 ^ _436_/Y (sky130_fd_sc_hd__nand2_1)
     3    0.01                           _197_ (net)
                  0.08    0.00    1.81 ^ _437_/D1 (sky130_fd_sc_hd__o2111a_1)
                  0.09    0.21    2.02 ^ _437_/X (sky130_fd_sc_hd__o2111a_1)
     2    0.01                           _198_ (net)
                  0.09    0.00    2.02 ^ _438_/D (sky130_fd_sc_hd__nand4_2)
                  0.11    0.14    2.16 v _438_/Y (sky130_fd_sc_hd__nand4_2)
     3    0.01                           _199_ (net)
                  0.11    0.00    2.16 v _482_/B (sky130_fd_sc_hd__nand2_2)
                  0.08    0.12    2.28 ^ _482_/Y (sky130_fd_sc_hd__nand2_2)
     5    0.01                           _240_ (net)
                  0.08    0.00    2.28 ^ _505_/A (sky130_fd_sc_hd__nand2_1)
                  0.06    0.07    2.35 v _505_/Y (sky130_fd_sc_hd__nand2_1)
     2    0.00                           _260_ (net)
                  0.06    0.00    2.35 v _507_/A2 (sky130_fd_sc_hd__a31o_1)
                  0.04    0.21    2.56 v _507_/X (sky130_fd_sc_hd__a31o_1)
     1    0.00                           _262_ (net)
                  0.04    0.00    2.56 v _508_/B2 (sky130_fd_sc_hd__o22ai_1)
                  0.12    0.10    2.66 ^ _508_/Y (sky130_fd_sc_hd__o22ai_1)
     1    0.00                           _263_ (net)
                  0.12    0.00    2.66 ^ _510_/B1 (sky130_fd_sc_hd__o2bb2ai_1)
                  0.04    0.08    2.74 v _510_/Y (sky130_fd_sc_hd__o2bb2ai_1)
     1    0.00                           _101_ (net)
                  0.04    0.00    2.74 v _741_/D (sky130_fd_sc_hd__dfrtp_4)
                                  2.74   data arrival time

                         10.00   10.00   clock clk (rise edge)
                          0.00   10.00   clock source latency
                  0.04    0.03   10.03 ^ clk (in)
     1    0.01                           clk (net)
                  0.04    0.00   10.03 ^ clkbuf_0_clk/A (sky130_fd_sc_hd__clkbuf_16)
                  0.05    0.13   10.15 ^ clkbuf_0_clk/X (sky130_fd_sc_hd__clkbuf_16)
     4    0.03                           clknet_0_clk (net)
                  0.05    0.00   10.15 ^ clkbuf_2_2__f_clk/A (sky130_fd_sc_hd__clkbuf_16)
                  0.05    0.13   10.28 ^ clkbuf_2_2__f_clk/X (sky130_fd_sc_hd__clkbuf_16)
    13    0.02                           clknet_2_2__leaf_clk (net)
                  0.05    0.00   10.28 ^ _741_/CLK (sky130_fd_sc_hd__dfrtp_4)
                         -0.25   10.03   clock uncertainty
                          0.02   10.05   clock reconvergence pessimism
                         -0.11    9.93   library setup time
                                  9.93   data required time
-----------------------------------------------------------------------------
                                  9.93   data required time
                                 -2.74   data arrival time
-----------------------------------------------------------------------------
                                  7.20   slack (MET)


Startpoint: start (input port clocked by clk)
Endpoint: _743_ (rising edge-triggered flip-flop clocked by clk)
Path Group: clk
Path Type: max

Fanout     Cap    Slew   Delay    Time   Description
-----------------------------------------------------------------------------
                          0.00    0.00   clock clk (rise edge)
                          0.00    0.00   clock network delay (propagated)
                          2.00    2.00 v input external delay
                  0.01    0.00    2.00 v start (in)
     1    0.00                           start (net)
                  0.01    0.00    2.00 v input18/A (sky130_fd_sc_hd__clkbuf_4)
                  0.06    0.16    2.16 v input18/X (sky130_fd_sc_hd__clkbuf_4)
     5    0.02                           net18 (net)
                  0.06    0.00    2.16 v _467_/A (sky130_fd_sc_hd__clkbuf_4)
                  0.06    0.18    2.34 v _467_/X (sky130_fd_sc_hd__clkbuf_4)
    10    0.02                           _227_ (net)
                  0.06    0.00    2.34 v _498_/B (sky130_fd_sc_hd__or3b_1)
                  0.06    0.36    2.69 v _498_/X (sky130_fd_sc_hd__or3b_1)
     1    0.00                           _255_ (net)
                  0.06    0.00    2.69 v _499_/B (sky130_fd_sc_hd__nand2_1)
                  0.04    0.07    2.76 ^ _499_/Y (sky130_fd_sc_hd__nand2_1)
     1    0.00                           _103_ (net)
                  0.04    0.00    2.76 ^ _743_/D (sky130_fd_sc_hd__dfrtp_2)
                                  2.76   data arrival time

                         10.00   10.00   clock clk (rise edge)
                          0.00   10.00   clock source latency
                  0.04    0.03   10.03 ^ clk (in)
     1    0.01                           clk (net)
                  0.04    0.00   10.03 ^ clkbuf_0_clk/A (sky130_fd_sc_hd__clkbuf_16)
                  0.05    0.13   10.15 ^ clkbuf_0_clk/X (sky130_fd_sc_hd__clkbuf_16)
     4    0.03                           clknet_0_clk (net)
                  0.05    0.00   10.15 ^ clkbuf_2_2__f_clk/A (sky130_fd_sc_hd__clkbuf_16)
                  0.05    0.13   10.28 ^ clkbuf_2_2__f_clk/X (sky130_fd_sc_hd__clkbuf_16)
    13    0.02                           clknet_2_2__leaf_clk (net)
                  0.05    0.00   10.28 ^ _743_/CLK (sky130_fd_sc_hd__dfrtp_2)
                         -0.25   10.03   clock uncertainty
                          0.00   10.03   clock reconvergence pessimism
                         -0.06    9.97   library setup time
                                  9.97   data required time
-----------------------------------------------------------------------------
                                  9.97   data required time
                                 -2.76   data arrival time
-----------------------------------------------------------------------------
                                  7.21   slack (MET)


Startpoint: _725_ (rising edge-triggered flip-flop clocked by clk)
Endpoint: _712_ (rising edge-triggered flip-flop clocked by clk)
Path Group: clk
Path Type: max

Fanout     Cap    Slew   Delay    Time   Description
-----------------------------------------------------------------------------
                          0.00    0.00   clock clk (rise edge)
                          0.00    0.00   clock source latency
                  0.04    0.03    0.03 ^ clk (in)
     1    0.01                           clk (net)
                  0.04    0.00    0.03 ^ clkbuf_0_clk/A (sky130_fd_sc_hd__clkbuf_16)
                  0.05    0.14    0.17 ^ clkbuf_0_clk/X (sky130_fd_sc_hd__clkbuf_16)
     4    0.03                           clknet_0_clk (net)
                  0.05    0.00    0.17 ^ clkbuf_2_0__f_clk/A (sky130_fd_sc_hd__clkbuf_16)
                  0.05    0.14    0.31 ^ clkbuf_2_0__f_clk/X (sky130_fd_sc_hd__clkbuf_16)
    15    0.03                           clknet_2_0__leaf_clk (net)
                  0.05    0.00    0.31 ^ _725_/CLK (sky130_fd_sc_hd__dfrtp_4)
                  0.08    0.52    0.83 v _725_/Q (sky130_fd_sc_hd__dfrtp_4)
     6    0.02                           u_core.M[0] (net)
                  0.08    0.00    0.83 v _354_/B (sky130_fd_sc_hd__nor2_2)
                  0.24    0.22    1.05 ^ _354_/Y (sky130_fd_sc_hd__nor2_2)
     3    0.02                           _115_ (net)
                  0.24    0.00    1.05 ^ _366_/A (sky130_fd_sc_hd__clkbuf_4)
                  0.10    0.25    1.31 ^ _366_/X (sky130_fd_sc_hd__clkbuf_4)
    10    0.03                           _127_ (net)
                  0.10    0.00    1.31 ^ _381_/A (sky130_fd_sc_hd__nand2_2)
                  0.09    0.10    1.40 v _381_/Y (sky130_fd_sc_hd__nand2_2)
     6    0.02                           _142_ (net)
                  0.09    0.00    1.40 v _431_/A1 (sky130_fd_sc_hd__a31o_1)
                  0.06    0.23    1.63 v _431_/X (sky130_fd_sc_hd__a31o_1)
     3    0.01                           _192_ (net)
                  0.06    0.00    1.63 v _533_/A2 (sky130_fd_sc_hd__o22a_1)
                  0.04    0.20    1.83 v _533_/X (sky130_fd_sc_hd__o22a_1)
     1    0.00                           _283_ (net)
                  0.04    0.00    1.83 v _534_/B1 (sky130_fd_sc_hd__a21o_1)
                  0.03    0.14    1.98 v _534_/X (sky130_fd_sc_hd__a21o_1)
     1    0.00                           _284_ (net)
                  0.03    0.00    1.98 v _535_/C (sky130_fd_sc_hd__and3_1)
                  0.03    0.17    2.15 v _535_/X (sky130_fd_sc_hd__and3_1)
     1    0.00                           _285_ (net)
                  0.03    0.00    2.15 v _536_/B1 (sky130_fd_sc_hd__a31o_1)
                  0.04    0.19    2.34 v _536_/X (sky130_fd_sc_hd__a31o_1)
     2    0.00                           _286_ (net)
                  0.04    0.00    2.34 v _599_/A0 (sky130_fd_sc_hd__mux2_1)
                  0.05    0.28    2.62 v _599_/X (sky130_fd_sc_hd__mux2_1)
     1    0.00                           _325_ (net)
                  0.05    0.00    2.62 v _600_/A (sky130_fd_sc_hd__clkbuf_1)
                  0.02    0.09    2.71 v _600_/X (sky130_fd_sc_hd__clkbuf_1)
     1    0.00                           _072_ (net)
                  0.02    0.00    2.71 v _712_/D (sky130_fd_sc_hd__dfrtp_1)
                                  2.71   data arrival time

                         10.00   10.00   clock clk (rise edge)
                          0.00   10.00   clock source latency
                  0.04    0.03   10.03 ^ clk (in)
     1    0.01                           clk (net)
                  0.04    0.00   10.03 ^ clkbuf_0_clk/A (sky130_fd_sc_hd__clkbuf_16)
                  0.05    0.13   10.15 ^ clkbuf_0_clk/X (sky130_fd_sc_hd__clkbuf_16)
     4    0.03                           clknet_0_clk (net)
                  0.05    0.00   10.15 ^ clkbuf_2_1__f_clk/A (sky130_fd_sc_hd__clkbuf_16)
                  0.05    0.13   10.28 ^ clkbuf_2_1__f_clk/X (sky130_fd_sc_hd__clkbuf_16)
    14    0.03                           clknet_2_1__leaf_clk (net)
                  0.05    0.00   10.28 ^ _712_/CLK (sky130_fd_sc_hd__dfrtp_1)
                         -0.25   10.03   clock uncertainty
                          0.02   10.05   clock reconvergence pessimism
                         -0.10    9.94   library setup time
                                  9.94   data required time
-----------------------------------------------------------------------------
                                  9.94   data required time
                                 -2.71   data arrival time
-----------------------------------------------------------------------------
                                  7.24   slack (MET)


Startpoint: start (input port clocked by clk)
Endpoint: _732_ (rising edge-triggered flip-flop clocked by clk)
Path Group: clk
Path Type: max

Fanout     Cap    Slew   Delay    Time   Description
-----------------------------------------------------------------------------
                          0.00    0.00   clock clk (rise edge)
                          0.00    0.00   clock network delay (propagated)
                          2.00    2.00 v input external delay
                  0.01    0.00    2.00 v start (in)
     1    0.00                           start (net)
                  0.01    0.00    2.00 v input18/A (sky130_fd_sc_hd__clkbuf_4)
                  0.06    0.16    2.16 v input18/X (sky130_fd_sc_hd__clkbuf_4)
     5    0.02                           net18 (net)
                  0.06    0.00    2.16 v _554_/B (sky130_fd_sc_hd__nand2_8)
                  0.08    0.10    2.26 ^ _554_/Y (sky130_fd_sc_hd__nand2_8)
    10    0.03                           _300_ (net)
                  0.08    0.00    2.26 ^ _555_/S (sky130_fd_sc_hd__mux2_1)
                  0.05    0.33    2.59 v _555_/X (sky130_fd_sc_hd__mux2_1)
     1    0.00                           _301_ (net)
                  0.05    0.00    2.59 v _556_/A (sky130_fd_sc_hd__clkbuf_1)
                  0.02    0.09    2.68 v _556_/X (sky130_fd_sc_hd__clkbuf_1)
     1    0.00                           _092_ (net)
                  0.02    0.00    2.68 v _732_/D (sky130_fd_sc_hd__dfrtp_4)
                                  2.68   data arrival time

                         10.00   10.00   clock clk (rise edge)
                          0.00   10.00   clock source latency
                  0.04    0.03   10.03 ^ clk (in)
     1    0.01                           clk (net)
                  0.04    0.00   10.03 ^ clkbuf_0_clk/A (sky130_fd_sc_hd__clkbuf_16)
                  0.05    0.13   10.15 ^ clkbuf_0_clk/X (sky130_fd_sc_hd__clkbuf_16)
     4    0.03                           clknet_0_clk (net)
                  0.05    0.00   10.15 ^ clkbuf_2_3__f_clk/A (sky130_fd_sc_hd__clkbuf_16)
                  0.05    0.12   10.28 ^ clkbuf_2_3__f_clk/X (sky130_fd_sc_hd__clkbuf_16)
    12    0.02                           clknet_2_3__leaf_clk (net)
                  0.05    0.00   10.28 ^ _732_/CLK (sky130_fd_sc_hd__dfrtp_4)
                         -0.25   10.03   clock uncertainty
                          0.00   10.03   clock reconvergence pessimism
                         -0.10    9.92   library setup time
                                  9.92   data required time
-----------------------------------------------------------------------------
                                  9.92   data required time
                                 -2.68   data arrival time
-----------------------------------------------------------------------------
                                  7.24   slack (MET)


Startpoint: start (input port clocked by clk)
Endpoint: _728_ (rising edge-triggered flip-flop clocked by clk)
Path Group: clk
Path Type: max

Fanout     Cap    Slew   Delay    Time   Description
-----------------------------------------------------------------------------
                          0.00    0.00   clock clk (rise edge)
                          0.00    0.00   clock network delay (propagated)
                          2.00    2.00 v input external delay
                  0.01    0.00    2.00 v start (in)
     1    0.00                           start (net)
                  0.01    0.00    2.00 v input18/A (sky130_fd_sc_hd__clkbuf_4)
                  0.06    0.16    2.16 v input18/X (sky130_fd_sc_hd__clkbuf_4)
     5    0.02                           net18 (net)
                  0.06    0.00    2.16 v _554_/B (sky130_fd_sc_hd__nand2_8)
                  0.08    0.10    2.26 ^ _554_/Y (sky130_fd_sc_hd__nand2_8)
    10    0.03                           _300_ (net)
                  0.08    0.00    2.26 ^ _563_/S (sky130_fd_sc_hd__mux2_1)
                  0.05    0.33    2.59 v _563_/X (sky130_fd_sc_hd__mux2_1)
     1    0.00                           _305_ (net)
                  0.05    0.00    2.59 v _564_/A (sky130_fd_sc_hd__clkbuf_1)
                  0.02    0.09    2.68 v _564_/X (sky130_fd_sc_hd__clkbuf_1)
     1    0.00                           _088_ (net)
                  0.02    0.00    2.68 v _728_/D (sky130_fd_sc_hd__dfrtp_4)
                                  2.68   data arrival time

                         10.00   10.00   clock clk (rise edge)
                          0.00   10.00   clock source latency
                  0.04    0.03   10.03 ^ clk (in)
     1    0.01                           clk (net)
                  0.04    0.00   10.03 ^ clkbuf_0_clk/A (sky130_fd_sc_hd__clkbuf_16)
                  0.05    0.13   10.15 ^ clkbuf_0_clk/X (sky130_fd_sc_hd__clkbuf_16)
     4    0.03                           clknet_0_clk (net)
                  0.05    0.00   10.15 ^ clkbuf_2_3__f_clk/A (sky130_fd_sc_hd__clkbuf_16)
                  0.05    0.12   10.28 ^ clkbuf_2_3__f_clk/X (sky130_fd_sc_hd__clkbuf_16)
    12    0.02                           clknet_2_3__leaf_clk (net)
                  0.05    0.00   10.28 ^ _728_/CLK (sky130_fd_sc_hd__dfrtp_4)
                         -0.25   10.03   clock uncertainty
                          0.00   10.03   clock reconvergence pessimism
                         -0.10    9.92   library setup time
                                  9.92   data required time
-----------------------------------------------------------------------------
                                  9.92   data required time
                                 -2.68   data arrival time
-----------------------------------------------------------------------------
                                  7.24   slack (MET)


Startpoint: start (input port clocked by clk)
Endpoint: _731_ (rising edge-triggered flip-flop clocked by clk)
Path Group: clk
Path Type: max

Fanout     Cap    Slew   Delay    Time   Description
-----------------------------------------------------------------------------
                          0.00    0.00   clock clk (rise edge)
                          0.00    0.00   clock network delay (propagated)
                          2.00    2.00 v input external delay
                  0.01    0.00    2.00 v start (in)
     1    0.00                           start (net)
                  0.01    0.00    2.00 v input18/A (sky130_fd_sc_hd__clkbuf_4)
                  0.06    0.16    2.16 v input18/X (sky130_fd_sc_hd__clkbuf_4)
     5    0.02                           net18 (net)
                  0.06    0.00    2.16 v _554_/B (sky130_fd_sc_hd__nand2_8)
                  0.08    0.10    2.26 ^ _554_/Y (sky130_fd_sc_hd__nand2_8)
    10    0.03                           _300_ (net)
                  0.08    0.00    2.26 ^ _557_/S (sky130_fd_sc_hd__mux2_1)
                  0.05    0.33    2.59 v _557_/X (sky130_fd_sc_hd__mux2_1)
     1    0.00                           _302_ (net)
                  0.05    0.00    2.59 v _558_/A (sky130_fd_sc_hd__clkbuf_1)
                  0.02    0.09    2.68 v _558_/X (sky130_fd_sc_hd__clkbuf_1)
     1    0.00                           _091_ (net)
                  0.02    0.00    2.68 v _731_/D (sky130_fd_sc_hd__dfrtp_4)
                                  2.68   data arrival time

                         10.00   10.00   clock clk (rise edge)
                          0.00   10.00   clock source latency
                  0.04    0.03   10.03 ^ clk (in)
     1    0.01                           clk (net)
                  0.04    0.00   10.03 ^ clkbuf_0_clk/A (sky130_fd_sc_hd__clkbuf_16)
                  0.05    0.13   10.15 ^ clkbuf_0_clk/X (sky130_fd_sc_hd__clkbuf_16)
     4    0.03                           clknet_0_clk (net)
                  0.05    0.00   10.15 ^ clkbuf_2_1__f_clk/A (sky130_fd_sc_hd__clkbuf_16)
                  0.05    0.13   10.28 ^ clkbuf_2_1__f_clk/X (sky130_fd_sc_hd__clkbuf_16)
    14    0.03                           clknet_2_1__leaf_clk (net)
                  0.05    0.00   10.28 ^ _731_/CLK (sky130_fd_sc_hd__dfrtp_4)
                         -0.25   10.03   clock uncertainty
                          0.00   10.03   clock reconvergence pessimism
                         -0.10    9.93   library setup time
                                  9.93   data required time
-----------------------------------------------------------------------------
                                  9.93   data required time
                                 -2.68   data arrival time
-----------------------------------------------------------------------------
                                  7.25   slack (MET)


Startpoint: start (input port clocked by clk)
Endpoint: _726_ (rising edge-triggered flip-flop clocked by clk)
Path Group: clk
Path Type: max

Fanout     Cap    Slew   Delay    Time   Description
-----------------------------------------------------------------------------
                          0.00    0.00   clock clk (rise edge)
                          0.00    0.00   clock network delay (propagated)
                          2.00    2.00 v input external delay
                  0.01    0.00    2.00 v start (in)
     1    0.00                           start (net)
                  0.01    0.00    2.00 v input18/A (sky130_fd_sc_hd__clkbuf_4)
                  0.06    0.16    2.16 v input18/X (sky130_fd_sc_hd__clkbuf_4)
     5    0.02                           net18 (net)
                  0.06    0.00    2.16 v _554_/B (sky130_fd_sc_hd__nand2_8)
                  0.08    0.10    2.26 ^ _554_/Y (sky130_fd_sc_hd__nand2_8)
    10    0.03                           _300_ (net)
                  0.08    0.00    2.26 ^ _567_/S (sky130_fd_sc_hd__mux2_1)
                  0.05    0.33    2.59 v _567_/X (sky130_fd_sc_hd__mux2_1)
     1    0.00                           _307_ (net)
                  0.05    0.00    2.59 v _568_/A (sky130_fd_sc_hd__clkbuf_1)
                  0.02    0.09    2.68 v _568_/X (sky130_fd_sc_hd__clkbuf_1)
     1    0.00                           _086_ (net)
                  0.02    0.00    2.68 v _726_/D (sky130_fd_sc_hd__dfrtp_2)
                                  2.68   data arrival time

                         10.00   10.00   clock clk (rise edge)
                          0.00   10.00   clock source latency
                  0.04    0.03   10.03 ^ clk (in)
     1    0.01                           clk (net)
                  0.04    0.00   10.03 ^ clkbuf_0_clk/A (sky130_fd_sc_hd__clkbuf_16)
                  0.05    0.13   10.15 ^ clkbuf_0_clk/X (sky130_fd_sc_hd__clkbuf_16)
     4    0.03                           clknet_0_clk (net)
                  0.05    0.00   10.15 ^ clkbuf_2_0__f_clk/A (sky130_fd_sc_hd__clkbuf_16)
                  0.05    0.13   10.28 ^ clkbuf_2_0__f_clk/X (sky130_fd_sc_hd__clkbuf_16)
    15    0.03                           clknet_2_0__leaf_clk (net)
                  0.05    0.00   10.28 ^ _726_/CLK (sky130_fd_sc_hd__dfrtp_2)
                         -0.25   10.03   clock uncertainty
                          0.00   10.03   clock reconvergence pessimism
                         -0.10    9.93   library setup time
                                  9.93   data required time
-----------------------------------------------------------------------------
                                  9.93   data required time
                                 -2.68   data arrival time
-----------------------------------------------------------------------------
                                  7.25   slack (MET)


Startpoint: start (input port clocked by clk)
Endpoint: _729_ (rising edge-triggered flip-flop clocked by clk)
Path Group: clk
Path Type: max

Fanout     Cap    Slew   Delay    Time   Description
-----------------------------------------------------------------------------
                          0.00    0.00   clock clk (rise edge)
                          0.00    0.00   clock network delay (propagated)
                          2.00    2.00 v input external delay
                  0.01    0.00    2.00 v start (in)
     1    0.00                           start (net)
                  0.01    0.00    2.00 v input18/A (sky130_fd_sc_hd__clkbuf_4)
                  0.06    0.16    2.16 v input18/X (sky130_fd_sc_hd__clkbuf_4)
     5    0.02                           net18 (net)
                  0.06    0.00    2.16 v _554_/B (sky130_fd_sc_hd__nand2_8)
                  0.08    0.10    2.26 ^ _554_/Y (sky130_fd_sc_hd__nand2_8)
    10    0.03                           _300_ (net)
                  0.08    0.00    2.26 ^ _561_/S (sky130_fd_sc_hd__mux2_1)
                  0.05    0.33    2.59 v _561_/X (sky130_fd_sc_hd__mux2_1)
     1    0.00                           _304_ (net)
                  0.05    0.00    2.59 v _562_/A (sky130_fd_sc_hd__clkbuf_1)
                  0.02    0.09    2.68 v _562_/X (sky130_fd_sc_hd__clkbuf_1)
     1    0.00                           _089_ (net)
                  0.02    0.00    2.68 v _729_/D (sky130_fd_sc_hd__dfrtp_4)
                                  2.68   data arrival time

                         10.00   10.00   clock clk (rise edge)
                          0.00   10.00   clock source latency
                  0.04    0.03   10.03 ^ clk (in)
     1    0.01                           clk (net)
                  0.04    0.00   10.03 ^ clkbuf_0_clk/A (sky130_fd_sc_hd__clkbuf_16)
                  0.05    0.13   10.15 ^ clkbuf_0_clk/X (sky130_fd_sc_hd__clkbuf_16)
     4    0.03                           clknet_0_clk (net)
                  0.05    0.00   10.15 ^ clkbuf_2_0__f_clk/A (sky130_fd_sc_hd__clkbuf_16)
                  0.05    0.13   10.28 ^ clkbuf_2_0__f_clk/X (sky130_fd_sc_hd__clkbuf_16)
    15    0.03                           clknet_2_0__leaf_clk (net)
                  0.05    0.00   10.28 ^ _729_/CLK (sky130_fd_sc_hd__dfrtp_4)
                         -0.25   10.03   clock uncertainty
                          0.00   10.03   clock reconvergence pessimism
                         -0.10    9.93   library setup time
                                  9.93   data required time
-----------------------------------------------------------------------------
                                  9.93   data required time
                                 -2.68   data arrival time
-----------------------------------------------------------------------------
                                  7.25   slack (MET)


Startpoint: start (input port clocked by clk)
Endpoint: _727_ (rising edge-triggered flip-flop clocked by clk)
Path Group: clk
Path Type: max

Fanout     Cap    Slew   Delay    Time   Description
-----------------------------------------------------------------------------
                          0.00    0.00   clock clk (rise edge)
                          0.00    0.00   clock network delay (propagated)
                          2.00    2.00 v input external delay
                  0.01    0.00    2.00 v start (in)
     1    0.00                           start (net)
                  0.01    0.00    2.00 v input18/A (sky130_fd_sc_hd__clkbuf_4)
                  0.06    0.16    2.16 v input18/X (sky130_fd_sc_hd__clkbuf_4)
     5    0.02                           net18 (net)
                  0.06    0.00    2.16 v _554_/B (sky130_fd_sc_hd__nand2_8)
                  0.08    0.10    2.26 ^ _554_/Y (sky130_fd_sc_hd__nand2_8)
    10    0.03                           _300_ (net)
                  0.08    0.00    2.26 ^ _565_/S (sky130_fd_sc_hd__mux2_1)
                  0.05    0.33    2.59 v _565_/X (sky130_fd_sc_hd__mux2_1)
     1    0.00                           _306_ (net)
                  0.05    0.00    2.59 v _566_/A (sky130_fd_sc_hd__clkbuf_1)
                  0.02    0.09    2.68 v _566_/X (sky130_fd_sc_hd__clkbuf_1)
     1    0.00                           _087_ (net)
                  0.02    0.00    2.68 v _727_/D (sky130_fd_sc_hd__dfrtp_4)
                                  2.68   data arrival time

                         10.00   10.00   clock clk (rise edge)
                          0.00   10.00   clock source latency
                  0.04    0.03   10.03 ^ clk (in)
     1    0.01                           clk (net)
                  0.04    0.00   10.03 ^ clkbuf_0_clk/A (sky130_fd_sc_hd__clkbuf_16)
                  0.05    0.13   10.15 ^ clkbuf_0_clk/X (sky130_fd_sc_hd__clkbuf_16)
     4    0.03                           clknet_0_clk (net)
                  0.05    0.00   10.15 ^ clkbuf_2_0__f_clk/A (sky130_fd_sc_hd__clkbuf_16)
                  0.05    0.13   10.28 ^ clkbuf_2_0__f_clk/X (sky130_fd_sc_hd__clkbuf_16)
    15    0.03                           clknet_2_0__leaf_clk (net)
                  0.05    0.00   10.28 ^ _727_/CLK (sky130_fd_sc_hd__dfrtp_4)
                         -0.25   10.03   clock uncertainty
                          0.00   10.03   clock reconvergence pessimism
                         -0.10    9.93   library setup time
                                  9.93   data required time
-----------------------------------------------------------------------------
                                  9.93   data required time
                                 -2.68   data arrival time
-----------------------------------------------------------------------------
                                  7.25   slack (MET)


Startpoint: start (input port clocked by clk)
Endpoint: _725_ (rising edge-triggered flip-flop clocked by clk)
Path Group: clk
Path Type: max

Fanout     Cap    Slew   Delay    Time   Description
-----------------------------------------------------------------------------
                          0.00    0.00   clock clk (rise edge)
                          0.00    0.00   clock network delay (propagated)
                          2.00    2.00 v input external delay
                  0.01    0.00    2.00 v start (in)
     1    0.00                           start (net)
                  0.01    0.00    2.00 v input18/A (sky130_fd_sc_hd__clkbuf_4)
                  0.06    0.16    2.16 v input18/X (sky130_fd_sc_hd__clkbuf_4)
     5    0.02                           net18 (net)
                  0.06    0.00    2.16 v _554_/B (sky130_fd_sc_hd__nand2_8)
                  0.08    0.10    2.26 ^ _554_/Y (sky130_fd_sc_hd__nand2_8)
    10    0.03                           _300_ (net)
                  0.08    0.00    2.26 ^ _569_/S (sky130_fd_sc_hd__mux2_1)
                  0.05    0.33    2.59 v _569_/X (sky130_fd_sc_hd__mux2_1)
     1    0.00                           _308_ (net)
                  0.05    0.00    2.59 v _570_/A (sky130_fd_sc_hd__clkbuf_1)
                  0.02    0.09    2.68 v _570_/X (sky130_fd_sc_hd__clkbuf_1)
     1    0.00                           _085_ (net)
                  0.02    0.00    2.68 v _725_/D (sky130_fd_sc_hd__dfrtp_4)
                                  2.68   data arrival time

                         10.00   10.00   clock clk (rise edge)
                          0.00   10.00   clock source latency
                  0.04    0.03   10.03 ^ clk (in)
     1    0.01                           clk (net)
                  0.04    0.00   10.03 ^ clkbuf_0_clk/A (sky130_fd_sc_hd__clkbuf_16)
                  0.05    0.13   10.15 ^ clkbuf_0_clk/X (sky130_fd_sc_hd__clkbuf_16)
     4    0.03                           clknet_0_clk (net)
                  0.05    0.00   10.15 ^ clkbuf_2_0__f_clk/A (sky130_fd_sc_hd__clkbuf_16)
                  0.05    0.13   10.28 ^ clkbuf_2_0__f_clk/X (sky130_fd_sc_hd__clkbuf_16)
    15    0.03                           clknet_2_0__leaf_clk (net)
                  0.05    0.00   10.28 ^ _725_/CLK (sky130_fd_sc_hd__dfrtp_4)
                         -0.25   10.03   clock uncertainty
                          0.00   10.03   clock reconvergence pessimism
                         -0.10    9.93   library setup time
                                  9.93   data required time
-----------------------------------------------------------------------------
                                  9.93   data required time
                                 -2.68   data arrival time
-----------------------------------------------------------------------------
                                  7.25   slack (MET)


Startpoint: start (input port clocked by clk)
Endpoint: _730_ (rising edge-triggered flip-flop clocked by clk)
Path Group: clk
Path Type: max

Fanout     Cap    Slew   Delay    Time   Description
-----------------------------------------------------------------------------
                          0.00    0.00   clock clk (rise edge)
                          0.00    0.00   clock network delay (propagated)
                          2.00    2.00 v input external delay
                  0.01    0.00    2.00 v start (in)
     1    0.00                           start (net)
                  0.01    0.00    2.00 v input18/A (sky130_fd_sc_hd__clkbuf_4)
                  0.06    0.16    2.16 v input18/X (sky130_fd_sc_hd__clkbuf_4)
     5    0.02                           net18 (net)
                  0.06    0.00    2.16 v _554_/B (sky130_fd_sc_hd__nand2_8)
                  0.08    0.10    2.26 ^ _554_/Y (sky130_fd_sc_hd__nand2_8)
    10    0.03                           _300_ (net)
                  0.08    0.00    2.26 ^ _559_/S (sky130_fd_sc_hd__mux2_1)
                  0.05    0.33    2.59 v _559_/X (sky130_fd_sc_hd__mux2_1)
     1    0.00                           _303_ (net)
                  0.05    0.00    2.59 v _560_/A (sky130_fd_sc_hd__clkbuf_1)
                  0.02    0.09    2.68 v _560_/X (sky130_fd_sc_hd__clkbuf_1)
     1    0.00                           _090_ (net)
                  0.02    0.00    2.68 v _730_/D (sky130_fd_sc_hd__dfrtp_4)
                                  2.68   data arrival time

                         10.00   10.00   clock clk (rise edge)
                          0.00   10.00   clock source latency
                  0.04    0.03   10.03 ^ clk (in)
     1    0.01                           clk (net)
                  0.04    0.00   10.03 ^ clkbuf_0_clk/A (sky130_fd_sc_hd__clkbuf_16)
                  0.05    0.13   10.15 ^ clkbuf_0_clk/X (sky130_fd_sc_hd__clkbuf_16)
     4    0.03                           clknet_0_clk (net)
                  0.05    0.00   10.15 ^ clkbuf_2_0__f_clk/A (sky130_fd_sc_hd__clkbuf_16)
                  0.05    0.13   10.28 ^ clkbuf_2_0__f_clk/X (sky130_fd_sc_hd__clkbuf_16)
    15    0.03                           clknet_2_0__leaf_clk (net)
                  0.05    0.00   10.28 ^ _730_/CLK (sky130_fd_sc_hd__dfrtp_4)
                         -0.25   10.03   clock uncertainty
                          0.00   10.03   clock reconvergence pessimism
                         -0.10    9.93   library setup time
                                  9.93   data required time
-----------------------------------------------------------------------------
                                  9.93   data required time
                                 -2.68   data arrival time
-----------------------------------------------------------------------------
                                  7.25   slack (MET)


Startpoint: start (input port clocked by clk)
Endpoint: _736_ (rising edge-triggered flip-flop clocked by clk)
Path Group: clk
Path Type: max

Fanout     Cap    Slew   Delay    Time   Description
-----------------------------------------------------------------------------
                          0.00    0.00   clock clk (rise edge)
                          0.00    0.00   clock network delay (propagated)
                          2.00    2.00 v input external delay
                  0.01    0.00    2.00 v start (in)
     1    0.00                           start (net)
                  0.01    0.00    2.00 v input18/A (sky130_fd_sc_hd__clkbuf_4)
                  0.06    0.16    2.16 v input18/X (sky130_fd_sc_hd__clkbuf_4)
     5    0.02                           net18 (net)
                  0.06    0.00    2.16 v _480_/B (sky130_fd_sc_hd__nor2_1)
                  0.19    0.18    2.34 ^ _480_/Y (sky130_fd_sc_hd__nor2_1)
     4    0.01                           _238_ (net)
                  0.19    0.00    2.34 ^ _523_/A (sky130_fd_sc_hd__clkbuf_4)
                  0.09    0.23    2.57 ^ _523_/X (sky130_fd_sc_hd__clkbuf_4)
    10    0.03                           _275_ (net)
                  0.09    0.00    2.57 ^ _537_/A2 (sky130_fd_sc_hd__a22o_1)
                  0.04    0.14    2.71 ^ _537_/X (sky130_fd_sc_hd__a22o_1)
     1    0.00                           _096_ (net)
                  0.04    0.00    2.71 ^ _736_/D (sky130_fd_sc_hd__dfrtp_2)
                                  2.71   data arrival time

                         10.00   10.00   clock clk (rise edge)
                          0.00   10.00   clock source latency
                  0.04    0.03   10.03 ^ clk (in)
     1    0.01                           clk (net)
                  0.04    0.00   10.03 ^ clkbuf_0_clk/A (sky130_fd_sc_hd__clkbuf_16)
                  0.05    0.13   10.15 ^ clkbuf_0_clk/X (sky130_fd_sc_hd__clkbuf_16)
     4    0.03                           clknet_0_clk (net)
                  0.05    0.00   10.15 ^ clkbuf_2_1__f_clk/A (sky130_fd_sc_hd__clkbuf_16)
                  0.05    0.13   10.28 ^ clkbuf_2_1__f_clk/X (sky130_fd_sc_hd__clkbuf_16)
    14    0.03                           clknet_2_1__leaf_clk (net)
                  0.05    0.00   10.28 ^ _736_/CLK (sky130_fd_sc_hd__dfrtp_2)
                         -0.25   10.03   clock uncertainty
                          0.00   10.03   clock reconvergence pessimism
                         -0.06    9.97   library setup time
                                  9.97   data required time
-----------------------------------------------------------------------------
                                  9.97   data required time
                                 -2.71   data arrival time
-----------------------------------------------------------------------------
                                  7.26   slack (MET)


Startpoint: start (input port clocked by clk)
Endpoint: _733_ (rising edge-triggered flip-flop clocked by clk)
Path Group: clk
Path Type: max

Fanout     Cap    Slew   Delay    Time   Description
-----------------------------------------------------------------------------
                          0.00    0.00   clock clk (rise edge)
                          0.00    0.00   clock network delay (propagated)
                          2.00    2.00 ^ input external delay
                  0.02    0.01    2.01 ^ start (in)
     1    0.00                           start (net)
                  0.02    0.00    2.01 ^ input18/A (sky130_fd_sc_hd__clkbuf_4)
                  0.09    0.17    2.17 ^ input18/X (sky130_fd_sc_hd__clkbuf_4)
     5    0.03                           net18 (net)
                  0.09    0.00    2.17 ^ _480_/B (sky130_fd_sc_hd__nor2_1)
                  0.05    0.07    2.25 v _480_/Y (sky130_fd_sc_hd__nor2_1)
     4    0.01                           _238_ (net)
                  0.05    0.00    2.25 v _523_/A (sky130_fd_sc_hd__clkbuf_4)
                  0.06    0.18    2.43 v _523_/X (sky130_fd_sc_hd__clkbuf_4)
    10    0.02                           _275_ (net)
                  0.06    0.00    2.43 v _553_/A2 (sky130_fd_sc_hd__a22o_1)
                  0.04    0.23    2.66 v _553_/X (sky130_fd_sc_hd__a22o_1)
     1    0.00                           _093_ (net)
                  0.04    0.00    2.66 v _733_/D (sky130_fd_sc_hd__dfrtp_1)
                                  2.66   data arrival time

                         10.00   10.00   clock clk (rise edge)
                          0.00   10.00   clock source latency
                  0.04    0.03   10.03 ^ clk (in)
     1    0.01                           clk (net)
                  0.04    0.00   10.03 ^ clkbuf_0_clk/A (sky130_fd_sc_hd__clkbuf_16)
                  0.05    0.13   10.15 ^ clkbuf_0_clk/X (sky130_fd_sc_hd__clkbuf_16)
     4    0.03                           clknet_0_clk (net)
                  0.05    0.00   10.15 ^ clkbuf_2_0__f_clk/A (sky130_fd_sc_hd__clkbuf_16)
                  0.05    0.13   10.28 ^ clkbuf_2_0__f_clk/X (sky130_fd_sc_hd__clkbuf_16)
    15    0.03                           clknet_2_0__leaf_clk (net)
                  0.05    0.00   10.28 ^ _733_/CLK (sky130_fd_sc_hd__dfrtp_1)
                         -0.25   10.03   clock uncertainty
                          0.00   10.03   clock reconvergence pessimism
                         -0.11    9.92   library setup time
                                  9.92   data required time
-----------------------------------------------------------------------------
                                  9.92   data required time
                                 -2.66   data arrival time
-----------------------------------------------------------------------------
                                  7.27   slack (MET)


Startpoint: start (input port clocked by clk)
Endpoint: _734_ (rising edge-triggered flip-flop clocked by clk)
Path Group: clk
Path Type: max

Fanout     Cap    Slew   Delay    Time   Description
-----------------------------------------------------------------------------
                          0.00    0.00   clock clk (rise edge)
                          0.00    0.00   clock network delay (propagated)
                          2.00    2.00 ^ input external delay
                  0.02    0.01    2.01 ^ start (in)
     1    0.00                           start (net)
                  0.02    0.00    2.01 ^ input18/A (sky130_fd_sc_hd__clkbuf_4)
                  0.09    0.17    2.17 ^ input18/X (sky130_fd_sc_hd__clkbuf_4)
     5    0.03                           net18 (net)
                  0.09    0.00    2.17 ^ _480_/B (sky130_fd_sc_hd__nor2_1)
                  0.05    0.07    2.25 v _480_/Y (sky130_fd_sc_hd__nor2_1)
     4    0.01                           _238_ (net)
                  0.05    0.00    2.25 v _523_/A (sky130_fd_sc_hd__clkbuf_4)
                  0.06    0.18    2.43 v _523_/X (sky130_fd_sc_hd__clkbuf_4)
    10    0.02                           _275_ (net)
                  0.06    0.00    2.43 v _548_/A2 (sky130_fd_sc_hd__a22o_1)
                  0.04    0.23    2.66 v _548_/X (sky130_fd_sc_hd__a22o_1)
     1    0.00                           _094_ (net)
                  0.04    0.00    2.66 v _734_/D (sky130_fd_sc_hd__dfrtp_1)
                                  2.66   data arrival time

                         10.00   10.00   clock clk (rise edge)
                          0.00   10.00   clock source latency
                  0.04    0.03   10.03 ^ clk (in)
     1    0.01                           clk (net)
                  0.04    0.00   10.03 ^ clkbuf_0_clk/A (sky130_fd_sc_hd__clkbuf_16)
                  0.05    0.13   10.15 ^ clkbuf_0_clk/X (sky130_fd_sc_hd__clkbuf_16)
     4    0.03                           clknet_0_clk (net)
                  0.05    0.00   10.15 ^ clkbuf_2_0__f_clk/A (sky130_fd_sc_hd__clkbuf_16)
                  0.05    0.13   10.28 ^ clkbuf_2_0__f_clk/X (sky130_fd_sc_hd__clkbuf_16)
    15    0.03                           clknet_2_0__leaf_clk (net)
                  0.05    0.00   10.28 ^ _734_/CLK (sky130_fd_sc_hd__dfrtp_1)
                         -0.25   10.03   clock uncertainty
                          0.00   10.03   clock reconvergence pessimism
                         -0.11    9.92   library setup time
                                  9.92   data required time
-----------------------------------------------------------------------------
                                  9.92   data required time
                                 -2.66   data arrival time
-----------------------------------------------------------------------------
                                  7.27   slack (MET)


Startpoint: start (input port clocked by clk)
Endpoint: _699_ (rising edge-triggered flip-flop clocked by clk)
Path Group: clk
Path Type: max

Fanout     Cap    Slew   Delay    Time   Description
-----------------------------------------------------------------------------
                          0.00    0.00   clock clk (rise edge)
                          0.00    0.00   clock network delay (propagated)
                          2.00    2.00 v input external delay
                  0.01    0.00    2.00 v start (in)
     1    0.00                           start (net)
                  0.01    0.00    2.00 v input18/A (sky130_fd_sc_hd__clkbuf_4)
                  0.06    0.16    2.16 v input18/X (sky130_fd_sc_hd__clkbuf_4)
     5    0.02                           net18 (net)
                  0.06    0.00    2.16 v _480_/B (sky130_fd_sc_hd__nor2_1)
                  0.19    0.18    2.34 ^ _480_/Y (sky130_fd_sc_hd__nor2_1)
     4    0.01                           _238_ (net)
                  0.19    0.00    2.34 ^ _481_/A (sky130_fd_sc_hd__clkbuf_4)
                  0.09    0.23    2.57 ^ _481_/X (sky130_fd_sc_hd__clkbuf_4)
    10    0.02                           _239_ (net)
                  0.09    0.00    2.57 ^ _623_/B1 (sky130_fd_sc_hd__a22o_1)
                  0.04    0.12    2.69 ^ _623_/X (sky130_fd_sc_hd__a22o_1)
     1    0.00                           _059_ (net)
                  0.04    0.00    2.69 ^ _699_/D (sky130_fd_sc_hd__dfrtp_4)
                                  2.69   data arrival time

                         10.00   10.00   clock clk (rise edge)
                          0.00   10.00   clock source latency
                  0.04    0.03   10.03 ^ clk (in)
     1    0.01                           clk (net)
                  0.04    0.00   10.03 ^ clkbuf_0_clk/A (sky130_fd_sc_hd__clkbuf_16)
                  0.05    0.13   10.15 ^ clkbuf_0_clk/X (sky130_fd_sc_hd__clkbuf_16)
     4    0.03                           clknet_0_clk (net)
                  0.05    0.00   10.15 ^ clkbuf_2_1__f_clk/A (sky130_fd_sc_hd__clkbuf_16)
                  0.05    0.13   10.28 ^ clkbuf_2_1__f_clk/X (sky130_fd_sc_hd__clkbuf_16)
    14    0.03                           clknet_2_1__leaf_clk (net)
                  0.05    0.00   10.28 ^ _699_/CLK (sky130_fd_sc_hd__dfrtp_4)
                         -0.25   10.03   clock uncertainty
                          0.00   10.03   clock reconvergence pessimism
                         -0.06    9.97   library setup time
                                  9.97   data required time
-----------------------------------------------------------------------------
                                  9.97   data required time
                                 -2.69   data arrival time
-----------------------------------------------------------------------------
                                  7.28   slack (MET)


Startpoint: start (input port clocked by clk)
Endpoint: _737_ (rising edge-triggered flip-flop clocked by clk)
Path Group: clk
Path Type: max

Fanout     Cap    Slew   Delay    Time   Description
-----------------------------------------------------------------------------
                          0.00    0.00   clock clk (rise edge)
                          0.00    0.00   clock network delay (propagated)
                          2.00    2.00 v input external delay
                  0.01    0.00    2.00 v start (in)
     1    0.00                           start (net)
                  0.01    0.00    2.00 v input18/A (sky130_fd_sc_hd__clkbuf_4)
                  0.06    0.16    2.16 v input18/X (sky130_fd_sc_hd__clkbuf_4)
     5    0.02                           net18 (net)
                  0.06    0.00    2.16 v _480_/B (sky130_fd_sc_hd__nor2_1)
                  0.19    0.18    2.34 ^ _480_/Y (sky130_fd_sc_hd__nor2_1)
     4    0.01                           _238_ (net)
                  0.19    0.00    2.34 ^ _481_/A (sky130_fd_sc_hd__clkbuf_4)
                  0.09    0.23    2.57 ^ _481_/X (sky130_fd_sc_hd__clkbuf_4)
    10    0.02                           _239_ (net)
                  0.09    0.00    2.57 ^ _532_/A2 (sky130_fd_sc_hd__a21o_1)
                  0.03    0.12    2.68 ^ _532_/X (sky130_fd_sc_hd__a21o_1)
     1    0.00                           _097_ (net)
                  0.03    0.00    2.68 ^ _737_/D (sky130_fd_sc_hd__dfrtp_2)
                                  2.68   data arrival time

                         10.00   10.00   clock clk (rise edge)
                          0.00   10.00   clock source latency
                  0.04    0.03   10.03 ^ clk (in)
     1    0.01                           clk (net)
                  0.04    0.00   10.03 ^ clkbuf_0_clk/A (sky130_fd_sc_hd__clkbuf_16)
                  0.05    0.13   10.15 ^ clkbuf_0_clk/X (sky130_fd_sc_hd__clkbuf_16)
     4    0.03                           clknet_0_clk (net)
                  0.05    0.00   10.15 ^ clkbuf_2_1__f_clk/A (sky130_fd_sc_hd__clkbuf_16)
                  0.05    0.13   10.28 ^ clkbuf_2_1__f_clk/X (sky130_fd_sc_hd__clkbuf_16)
    14    0.03                           clknet_2_1__leaf_clk (net)
                  0.05    0.00   10.28 ^ _737_/CLK (sky130_fd_sc_hd__dfrtp_2)
                         -0.25   10.03   clock uncertainty
                          0.00   10.03   clock reconvergence pessimism
                         -0.06    9.97   library setup time
                                  9.97   data required time
-----------------------------------------------------------------------------
                                  9.97   data required time
                                 -2.68   data arrival time
-----------------------------------------------------------------------------
                                  7.29   slack (MET)


Startpoint: start (input port clocked by clk)
Endpoint: _694_ (rising edge-triggered flip-flop clocked by clk)
Path Group: clk
Path Type: max

Fanout     Cap    Slew   Delay    Time   Description
-----------------------------------------------------------------------------
                          0.00    0.00   clock clk (rise edge)
                          0.00    0.00   clock network delay (propagated)
                          2.00    2.00 v input external delay
                  0.01    0.00    2.00 v start (in)
     1    0.00                           start (net)
                  0.01    0.00    2.00 v input18/A (sky130_fd_sc_hd__clkbuf_4)
                  0.06    0.16    2.16 v input18/X (sky130_fd_sc_hd__clkbuf_4)
     5    0.02                           net18 (net)
                  0.06    0.00    2.16 v _480_/B (sky130_fd_sc_hd__nor2_1)
                  0.19    0.18    2.34 ^ _480_/Y (sky130_fd_sc_hd__nor2_1)
     4    0.01                           _238_ (net)
                  0.19    0.00    2.34 ^ _481_/A (sky130_fd_sc_hd__clkbuf_4)
                  0.09    0.23    2.57 ^ _481_/X (sky130_fd_sc_hd__clkbuf_4)
    10    0.02                           _239_ (net)
                  0.09    0.00    2.57 ^ _632_/A2 (sky130_fd_sc_hd__a21bo_1)
                  0.03    0.11    2.68 ^ _632_/X (sky130_fd_sc_hd__a21bo_1)
     1    0.00                           _055_ (net)
                  0.03    0.00    2.68 ^ _694_/D (sky130_fd_sc_hd__dfrtp_1)
                                  2.68   data arrival time

                         10.00   10.00   clock clk (rise edge)
                          0.00   10.00   clock source latency
                  0.04    0.03   10.03 ^ clk (in)
     1    0.01                           clk (net)
                  0.04    0.00   10.03 ^ clkbuf_0_clk/A (sky130_fd_sc_hd__clkbuf_16)
                  0.05    0.13   10.15 ^ clkbuf_0_clk/X (sky130_fd_sc_hd__clkbuf_16)
     4    0.03                           clknet_0_clk (net)
                  0.05    0.00   10.15 ^ clkbuf_2_1__f_clk/A (sky130_fd_sc_hd__clkbuf_16)
                  0.05    0.13   10.28 ^ clkbuf_2_1__f_clk/X (sky130_fd_sc_hd__clkbuf_16)
    14    0.03                           clknet_2_1__leaf_clk (net)
                  0.05    0.00   10.28 ^ _694_/CLK (sky130_fd_sc_hd__dfrtp_1)
                         -0.25   10.03   clock uncertainty
                          0.00   10.03   clock reconvergence pessimism
                         -0.06    9.98   library setup time
                                  9.98   data required time
-----------------------------------------------------------------------------
                                  9.98   data required time
                                 -2.68   data arrival time
-----------------------------------------------------------------------------
                                  7.30   slack (MET)


Startpoint: start (input port clocked by clk)
Endpoint: _735_ (rising edge-triggered flip-flop clocked by clk)
Path Group: clk
Path Type: max

Fanout     Cap    Slew   Delay    Time   Description
-----------------------------------------------------------------------------
                          0.00    0.00   clock clk (rise edge)
                          0.00    0.00   clock network delay (propagated)
                          2.00    2.00 v input external delay
                  0.01    0.00    2.00 v start (in)
     1    0.00                           start (net)
                  0.01    0.00    2.00 v input18/A (sky130_fd_sc_hd__clkbuf_4)
                  0.06    0.16    2.16 v input18/X (sky130_fd_sc_hd__clkbuf_4)
     5    0.02                           net18 (net)
                  0.06    0.00    2.16 v _480_/B (sky130_fd_sc_hd__nor2_1)
                  0.19    0.18    2.34 ^ _480_/Y (sky130_fd_sc_hd__nor2_1)
     4    0.01                           _238_ (net)
                  0.19    0.00    2.34 ^ _481_/A (sky130_fd_sc_hd__clkbuf_4)
                  0.09    0.23    2.57 ^ _481_/X (sky130_fd_sc_hd__clkbuf_4)
    10    0.02                           _239_ (net)
                  0.09    0.00    2.57 ^ _544_/A2 (sky130_fd_sc_hd__a21bo_1)
                  0.03    0.11    2.68 ^ _544_/X (sky130_fd_sc_hd__a21bo_1)
     1    0.00                           _095_ (net)
                  0.03    0.00    2.68 ^ _735_/D (sky130_fd_sc_hd__dfrtp_1)
                                  2.68   data arrival time

                         10.00   10.00   clock clk (rise edge)
                          0.00   10.00   clock source latency
                  0.04    0.03   10.03 ^ clk (in)
     1    0.01                           clk (net)
                  0.04    0.00   10.03 ^ clkbuf_0_clk/A (sky130_fd_sc_hd__clkbuf_16)
                  0.05    0.13   10.15 ^ clkbuf_0_clk/X (sky130_fd_sc_hd__clkbuf_16)
     4    0.03                           clknet_0_clk (net)
                  0.05    0.00   10.15 ^ clkbuf_2_0__f_clk/A (sky130_fd_sc_hd__clkbuf_16)
                  0.05    0.13   10.28 ^ clkbuf_2_0__f_clk/X (sky130_fd_sc_hd__clkbuf_16)
    15    0.03                           clknet_2_0__leaf_clk (net)
                  0.05    0.00   10.28 ^ _735_/CLK (sky130_fd_sc_hd__dfrtp_1)
                         -0.25   10.03   clock uncertainty
                          0.00   10.03   clock reconvergence pessimism
                         -0.06    9.98   library setup time
                                  9.98   data required time
-----------------------------------------------------------------------------
                                  9.98   data required time
                                 -2.68   data arrival time
-----------------------------------------------------------------------------
                                  7.30   slack (MET)


Startpoint: start (input port clocked by clk)
Endpoint: _698_ (rising edge-triggered flip-flop clocked by clk)
Path Group: clk
Path Type: max

Fanout     Cap    Slew   Delay    Time   Description
-----------------------------------------------------------------------------
                          0.00    0.00   clock clk (rise edge)
                          0.00    0.00   clock network delay (propagated)
                          2.00    2.00 v input external delay
                  0.01    0.00    2.00 v start (in)
     1    0.00                           start (net)
                  0.01    0.00    2.00 v input18/A (sky130_fd_sc_hd__clkbuf_4)
                  0.06    0.16    2.16 v input18/X (sky130_fd_sc_hd__clkbuf_4)
     5    0.02                           net18 (net)
                  0.06    0.00    2.16 v _480_/B (sky130_fd_sc_hd__nor2_1)
                  0.19    0.18    2.34 ^ _480_/Y (sky130_fd_sc_hd__nor2_1)
     4    0.01                           _238_ (net)
                  0.19    0.00    2.34 ^ _481_/A (sky130_fd_sc_hd__clkbuf_4)
                  0.09    0.23    2.57 ^ _481_/X (sky130_fd_sc_hd__clkbuf_4)
    10    0.02                           _239_ (net)
                  0.09    0.00    2.57 ^ _633_/B1 (sky130_fd_sc_hd__a21oi_1)
                  0.04    0.04    2.61 v _633_/Y (sky130_fd_sc_hd__a21oi_1)
     1    0.00                           _000_ (net)
                  0.04    0.00    2.61 v _698_/D (sky130_fd_sc_hd__dfrtp_2)
                                  2.61   data arrival time

                         10.00   10.00   clock clk (rise edge)
                          0.00   10.00   clock source latency
                  0.04    0.03   10.03 ^ clk (in)
     1    0.01                           clk (net)
                  0.04    0.00   10.03 ^ clkbuf_0_clk/A (sky130_fd_sc_hd__clkbuf_16)
                  0.05    0.13   10.15 ^ clkbuf_0_clk/X (sky130_fd_sc_hd__clkbuf_16)
     4    0.03                           clknet_0_clk (net)
                  0.05    0.00   10.15 ^ clkbuf_2_3__f_clk/A (sky130_fd_sc_hd__clkbuf_16)
                  0.05    0.12   10.28 ^ clkbuf_2_3__f_clk/X (sky130_fd_sc_hd__clkbuf_16)
    12    0.02                           clknet_2_3__leaf_clk (net)
                  0.05    0.00   10.28 ^ _698_/CLK (sky130_fd_sc_hd__dfrtp_2)
                         -0.25   10.03   clock uncertainty
                          0.00   10.03   clock reconvergence pessimism
                         -0.11    9.92   library setup time
                                  9.92   data required time
-----------------------------------------------------------------------------
                                  9.92   data required time
                                 -2.61   data arrival time
-----------------------------------------------------------------------------
                                  7.30   slack (MET)


Startpoint: start (input port clocked by clk)
Endpoint: _717_ (rising edge-triggered flip-flop clocked by clk)
Path Group: clk
Path Type: max

Fanout     Cap    Slew   Delay    Time   Description
-----------------------------------------------------------------------------
                          0.00    0.00   clock clk (rise edge)
                          0.00    0.00   clock network delay (propagated)
                          2.00    2.00 ^ input external delay
                  0.02    0.01    2.01 ^ start (in)
     1    0.00                           start (net)
                  0.02    0.00    2.01 ^ input18/A (sky130_fd_sc_hd__clkbuf_4)
                  0.09    0.17    2.17 ^ input18/X (sky130_fd_sc_hd__clkbuf_4)
     5    0.03                           net18 (net)
                  0.09    0.00    2.17 ^ _480_/B (sky130_fd_sc_hd__nor2_1)
                  0.05    0.07    2.25 v _480_/Y (sky130_fd_sc_hd__nor2_1)
     4    0.01                           _238_ (net)
                  0.05    0.00    2.25 v _587_/B1 (sky130_fd_sc_hd__a22o_1)
                  0.04    0.18    2.43 v _587_/X (sky130_fd_sc_hd__a22o_1)
     1    0.00                           _318_ (net)
                  0.04    0.00    2.43 v _588_/B1 (sky130_fd_sc_hd__a31o_1)
                  0.03    0.18    2.61 v _588_/X (sky130_fd_sc_hd__a31o_1)
     1    0.00                           _077_ (net)
                  0.03    0.00    2.61 v _717_/D (sky130_fd_sc_hd__dfrtp_1)
                                  2.61   data arrival time

                         10.00   10.00   clock clk (rise edge)
                          0.00   10.00   clock source latency
                  0.04    0.03   10.03 ^ clk (in)
     1    0.01                           clk (net)
                  0.04    0.00   10.03 ^ clkbuf_0_clk/A (sky130_fd_sc_hd__clkbuf_16)
                  0.05    0.13   10.15 ^ clkbuf_0_clk/X (sky130_fd_sc_hd__clkbuf_16)
     4    0.03                           clknet_0_clk (net)
                  0.05    0.00   10.15 ^ clkbuf_2_2__f_clk/A (sky130_fd_sc_hd__clkbuf_16)
                  0.05    0.13   10.28 ^ clkbuf_2_2__f_clk/X (sky130_fd_sc_hd__clkbuf_16)
    13    0.02                           clknet_2_2__leaf_clk (net)
                  0.05    0.00   10.28 ^ _717_/CLK (sky130_fd_sc_hd__dfrtp_1)
                         -0.25   10.03   clock uncertainty
                          0.00   10.03   clock reconvergence pessimism
                         -0.11    9.92   library setup time
                                  9.92   data required time
-----------------------------------------------------------------------------
                                  9.92   data required time
                                 -2.61   data arrival time
-----------------------------------------------------------------------------
                                  7.31   slack (MET)


Startpoint: start (input port clocked by clk)
Endpoint: _718_ (rising edge-triggered flip-flop clocked by clk)
Path Group: clk
Path Type: max

Fanout     Cap    Slew   Delay    Time   Description
-----------------------------------------------------------------------------
                          0.00    0.00   clock clk (rise edge)
                          0.00    0.00   clock network delay (propagated)
                          2.00    2.00 ^ input external delay
                  0.02    0.01    2.01 ^ start (in)
     1    0.00                           start (net)
                  0.02    0.00    2.01 ^ input18/A (sky130_fd_sc_hd__clkbuf_4)
                  0.09    0.17    2.17 ^ input18/X (sky130_fd_sc_hd__clkbuf_4)
     5    0.03                           net18 (net)
                  0.09    0.00    2.17 ^ _480_/B (sky130_fd_sc_hd__nor2_1)
                  0.05    0.07    2.25 v _480_/Y (sky130_fd_sc_hd__nor2_1)
     4    0.01                           _238_ (net)
                  0.05    0.00    2.25 v _585_/B1 (sky130_fd_sc_hd__a22o_1)
                  0.04    0.18    2.43 v _585_/X (sky130_fd_sc_hd__a22o_1)
     1    0.00                           _317_ (net)
                  0.04    0.00    2.43 v _586_/B1 (sky130_fd_sc_hd__a31o_1)
                  0.03    0.18    2.61 v _586_/X (sky130_fd_sc_hd__a31o_1)
     1    0.00                           _078_ (net)
                  0.03    0.00    2.61 v _718_/D (sky130_fd_sc_hd__dfrtp_1)
                                  2.61   data arrival time

                         10.00   10.00   clock clk (rise edge)
                          0.00   10.00   clock source latency
                  0.04    0.03   10.03 ^ clk (in)
     1    0.01                           clk (net)
                  0.04    0.00   10.03 ^ clkbuf_0_clk/A (sky130_fd_sc_hd__clkbuf_16)
                  0.05    0.13   10.15 ^ clkbuf_0_clk/X (sky130_fd_sc_hd__clkbuf_16)
     4    0.03                           clknet_0_clk (net)
                  0.05    0.00   10.15 ^ clkbuf_2_2__f_clk/A (sky130_fd_sc_hd__clkbuf_16)
                  0.05    0.13   10.28 ^ clkbuf_2_2__f_clk/X (sky130_fd_sc_hd__clkbuf_16)
    13    0.02                           clknet_2_2__leaf_clk (net)
                  0.05    0.00   10.28 ^ _718_/CLK (sky130_fd_sc_hd__dfrtp_1)
                         -0.25   10.03   clock uncertainty
                          0.00   10.03   clock reconvergence pessimism
                         -0.11    9.92   library setup time
                                  9.92   data required time
-----------------------------------------------------------------------------
                                  9.92   data required time
                                 -2.61   data arrival time
-----------------------------------------------------------------------------
                                  7.31   slack (MET)


Startpoint: _725_ (rising edge-triggered flip-flop clocked by clk)
Endpoint: _713_ (rising edge-triggered flip-flop clocked by clk)
Path Group: clk
Path Type: max

Fanout     Cap    Slew   Delay    Time   Description
-----------------------------------------------------------------------------
                          0.00    0.00   clock clk (rise edge)
                          0.00    0.00   clock source latency
                  0.04    0.03    0.03 ^ clk (in)
     1    0.01                           clk (net)
                  0.04    0.00    0.03 ^ clkbuf_0_clk/A (sky130_fd_sc_hd__clkbuf_16)
                  0.05    0.14    0.17 ^ clkbuf_0_clk/X (sky130_fd_sc_hd__clkbuf_16)
     4    0.03                           clknet_0_clk (net)
                  0.05    0.00    0.17 ^ clkbuf_2_0__f_clk/A (sky130_fd_sc_hd__clkbuf_16)
                  0.05    0.14    0.31 ^ clkbuf_2_0__f_clk/X (sky130_fd_sc_hd__clkbuf_16)
    15    0.03                           clknet_2_0__leaf_clk (net)
                  0.05    0.00    0.31 ^ _725_/CLK (sky130_fd_sc_hd__dfrtp_4)
                  0.08    0.52    0.83 v _725_/Q (sky130_fd_sc_hd__dfrtp_4)
     6    0.02                           u_core.M[0] (net)
                  0.08    0.00    0.83 v _354_/B (sky130_fd_sc_hd__nor2_2)
                  0.24    0.22    1.05 ^ _354_/Y (sky130_fd_sc_hd__nor2_2)
     3    0.02                           _115_ (net)
                  0.24    0.00    1.05 ^ _366_/A (sky130_fd_sc_hd__clkbuf_4)
                  0.10    0.25    1.31 ^ _366_/X (sky130_fd_sc_hd__clkbuf_4)
    10    0.03                           _127_ (net)
                  0.10    0.00    1.31 ^ _407_/A2 (sky130_fd_sc_hd__o21ai_1)
                  0.06    0.07    1.38 v _407_/Y (sky130_fd_sc_hd__o21ai_1)
     2    0.00                           _168_ (net)
                  0.06    0.00    1.38 v _409_/A (sky130_fd_sc_hd__nand3_1)
                  0.12    0.12    1.50 ^ _409_/Y (sky130_fd_sc_hd__nand3_1)
     3    0.01                           _170_ (net)
                  0.12    0.00    1.50 ^ _414_/A (sky130_fd_sc_hd__nand2_2)
                  0.07    0.10    1.59 v _414_/Y (sky130_fd_sc_hd__nand2_2)
     3    0.01                           _175_ (net)
                  0.07    0.00    1.59 v _428_/A1 (sky130_fd_sc_hd__o21bai_4)
                  0.16    0.20    1.79 ^ _428_/Y (sky130_fd_sc_hd__o21bai_4)
     5    0.02                           _189_ (net)
                  0.16    0.00    1.79 ^ _528_/C1 (sky130_fd_sc_hd__o2111ai_2)
                  0.11    0.15    1.95 v _528_/Y (sky130_fd_sc_hd__o2111ai_2)
     3    0.01                           _279_ (net)
                  0.11    0.00    1.95 v _530_/A4 (sky130_fd_sc_hd__a41o_1)
                  0.04    0.26    2.21 v _530_/X (sky130_fd_sc_hd__a41o_1)
     1    0.00                           _281_ (net)
                  0.04    0.00    2.21 v _531_/B2 (sky130_fd_sc_hd__o221a_1)
                  0.06    0.22    2.43 v _531_/X (sky130_fd_sc_hd__o221a_1)
     2    0.00                           _282_ (net)
                  0.06    0.00    2.43 v _598_/B1 (sky130_fd_sc_hd__a22o_1)
                  0.04    0.18    2.61 v _598_/X (sky130_fd_sc_hd__a22o_1)
     1    0.00                           _073_ (net)
                  0.04    0.00    2.61 v _713_/D (sky130_fd_sc_hd__dfrtp_1)
                                  2.61   data arrival time

                         10.00   10.00   clock clk (rise edge)
                          0.00   10.00   clock source latency
                  0.04    0.03   10.03 ^ clk (in)
     1    0.01                           clk (net)
                  0.04    0.00   10.03 ^ clkbuf_0_clk/A (sky130_fd_sc_hd__clkbuf_16)
                  0.05    0.13   10.15 ^ clkbuf_0_clk/X (sky130_fd_sc_hd__clkbuf_16)
     4    0.03                           clknet_0_clk (net)
                  0.05    0.00   10.15 ^ clkbuf_2_3__f_clk/A (sky130_fd_sc_hd__clkbuf_16)
                  0.05    0.12   10.28 ^ clkbuf_2_3__f_clk/X (sky130_fd_sc_hd__clkbuf_16)
    12    0.02                           clknet_2_3__leaf_clk (net)
                  0.05    0.00   10.28 ^ _713_/CLK (sky130_fd_sc_hd__dfrtp_1)
                         -0.25   10.03   clock uncertainty
                          0.02   10.05   clock reconvergence pessimism
                         -0.11    9.93   library setup time
                                  9.93   data required time
-----------------------------------------------------------------------------
                                  9.93   data required time
                                 -2.61   data arrival time
-----------------------------------------------------------------------------
                                  7.33   slack (MET)


Startpoint: _725_ (rising edge-triggered flip-flop clocked by clk)
Endpoint: _716_ (rising edge-triggered flip-flop clocked by clk)
Path Group: clk
Path Type: max

Fanout     Cap    Slew   Delay    Time   Description
-----------------------------------------------------------------------------
                          0.00    0.00   clock clk (rise edge)
                          0.00    0.00   clock source latency
                  0.04    0.03    0.03 ^ clk (in)
     1    0.01                           clk (net)
                  0.04    0.00    0.03 ^ clkbuf_0_clk/A (sky130_fd_sc_hd__clkbuf_16)
                  0.05    0.14    0.17 ^ clkbuf_0_clk/X (sky130_fd_sc_hd__clkbuf_16)
     4    0.03                           clknet_0_clk (net)
                  0.05    0.00    0.17 ^ clkbuf_2_0__f_clk/A (sky130_fd_sc_hd__clkbuf_16)
                  0.05    0.14    0.31 ^ clkbuf_2_0__f_clk/X (sky130_fd_sc_hd__clkbuf_16)
    15    0.03                           clknet_2_0__leaf_clk (net)
                  0.05    0.00    0.31 ^ _725_/CLK (sky130_fd_sc_hd__dfrtp_4)
                  0.08    0.52    0.83 v _725_/Q (sky130_fd_sc_hd__dfrtp_4)
     6    0.02                           u_core.M[0] (net)
                  0.08    0.00    0.83 v _354_/B (sky130_fd_sc_hd__nor2_2)
                  0.24    0.22    1.05 ^ _354_/Y (sky130_fd_sc_hd__nor2_2)
     3    0.02                           _115_ (net)
                  0.24    0.00    1.05 ^ _366_/A (sky130_fd_sc_hd__clkbuf_4)
                  0.10    0.25    1.31 ^ _366_/X (sky130_fd_sc_hd__clkbuf_4)
    10    0.03                           _127_ (net)
                  0.10    0.00    1.31 ^ _381_/A (sky130_fd_sc_hd__nand2_2)
                  0.09    0.10    1.40 v _381_/Y (sky130_fd_sc_hd__nand2_2)
     6    0.02                           _142_ (net)
                  0.09    0.00    1.40 v _383_/A2 (sky130_fd_sc_hd__o21ai_1)
                  0.17    0.19    1.59 ^ _383_/Y (sky130_fd_sc_hd__o21ai_1)
     2    0.01                           _144_ (net)
                  0.17    0.00    1.59 ^ _384_/B1 (sky130_fd_sc_hd__o21ai_1)
                  0.08    0.12    1.71 v _384_/Y (sky130_fd_sc_hd__o21ai_1)
     2    0.01                           _145_ (net)
                  0.08    0.00    1.71 v _393_/A2 (sky130_fd_sc_hd__o21ai_2)
                  0.16    0.18    1.88 ^ _393_/Y (sky130_fd_sc_hd__o21ai_2)
     4    0.01                           _154_ (net)
                  0.16    0.00    1.88 ^ _405_/B1 (sky130_fd_sc_hd__o22a_1)
                  0.10    0.21    2.10 ^ _405_/X (sky130_fd_sc_hd__o22a_1)
     3    0.01                           _166_ (net)
                  0.10    0.00    2.10 ^ _482_/A (sky130_fd_sc_hd__nand2_2)
                  0.06    0.08    2.18 v _482_/Y (sky130_fd_sc_hd__nand2_2)
     5    0.01                           _240_ (net)
                  0.06    0.00    2.18 v _511_/B (sky130_fd_sc_hd__or2_1)
                  0.06    0.23    2.40 v _511_/X (sky130_fd_sc_hd__or2_1)
     1    0.00                           _265_ (net)
                  0.06    0.00    2.40 v _513_/B1 (sky130_fd_sc_hd__a22oi_2)
                  0.14    0.13    2.53 ^ _513_/Y (sky130_fd_sc_hd__a22oi_2)
     2    0.00                           _267_ (net)
                  0.14    0.00    2.53 ^ _594_/A2 (sky130_fd_sc_hd__o21ai_1)
                  0.04    0.07    2.60 v _594_/Y (sky130_fd_sc_hd__o21ai_1)
     1    0.00                           _076_ (net)
                  0.04    0.00    2.60 v _716_/D (sky130_fd_sc_hd__dfrtp_1)
                                  2.60   data arrival time

                         10.00   10.00   clock clk (rise edge)
                          0.00   10.00   clock source latency
                  0.04    0.03   10.03 ^ clk (in)
     1    0.01                           clk (net)
                  0.04    0.00   10.03 ^ clkbuf_0_clk/A (sky130_fd_sc_hd__clkbuf_16)
                  0.05    0.13   10.15 ^ clkbuf_0_clk/X (sky130_fd_sc_hd__clkbuf_16)
     4    0.03                           clknet_0_clk (net)
                  0.05    0.00   10.15 ^ clkbuf_2_0__f_clk/A (sky130_fd_sc_hd__clkbuf_16)
                  0.05    0.13   10.28 ^ clkbuf_2_0__f_clk/X (sky130_fd_sc_hd__clkbuf_16)
    15    0.03                           clknet_2_0__leaf_clk (net)
                  0.05    0.00   10.28 ^ _716_/CLK (sky130_fd_sc_hd__dfrtp_1)
                         -0.25   10.03   clock uncertainty
                          0.03   10.06   clock reconvergence pessimism
                         -0.11    9.95   library setup time
                                  9.95   data required time
-----------------------------------------------------------------------------
                                  9.95   data required time
                                 -2.60   data arrival time
-----------------------------------------------------------------------------
                                  7.35   slack (MET)


Startpoint: start (input port clocked by clk)
Endpoint: _697_ (rising edge-triggered flip-flop clocked by clk)
Path Group: clk
Path Type: max

Fanout     Cap    Slew   Delay    Time   Description
-----------------------------------------------------------------------------
                          0.00    0.00   clock clk (rise edge)
                          0.00    0.00   clock network delay (propagated)
                          2.00    2.00 v input external delay
                  0.01    0.00    2.00 v start (in)
     1    0.00                           start (net)
                  0.01    0.00    2.00 v input18/A (sky130_fd_sc_hd__clkbuf_4)
                  0.06    0.16    2.16 v input18/X (sky130_fd_sc_hd__clkbuf_4)
     5    0.02                           net18 (net)
                  0.06    0.00    2.16 v _457_/B (sky130_fd_sc_hd__and2_1)
                  0.04    0.17    2.33 v _457_/X (sky130_fd_sc_hd__and2_1)
     2    0.00                           _218_ (net)
                  0.04    0.00    2.33 v _625_/A2 (sky130_fd_sc_hd__o21ai_1)
                  0.09    0.10    2.44 ^ _625_/Y (sky130_fd_sc_hd__o21ai_1)
     1    0.00                           _337_ (net)
                  0.09    0.00    2.44 ^ _626_/B1 (sky130_fd_sc_hd__o21ai_1)
                  0.04    0.07    2.51 v _626_/Y (sky130_fd_sc_hd__o21ai_1)
     1    0.00                           _058_ (net)
                  0.04    0.00    2.51 v _697_/D (sky130_fd_sc_hd__dfrtp_1)
                                  2.51   data arrival time

                         10.00   10.00   clock clk (rise edge)
                          0.00   10.00   clock source latency
                  0.04    0.03   10.03 ^ clk (in)
     1    0.01                           clk (net)
                  0.04    0.00   10.03 ^ clkbuf_0_clk/A (sky130_fd_sc_hd__clkbuf_16)
                  0.05    0.13   10.15 ^ clkbuf_0_clk/X (sky130_fd_sc_hd__clkbuf_16)
     4    0.03                           clknet_0_clk (net)
                  0.05    0.00   10.15 ^ clkbuf_2_3__f_clk/A (sky130_fd_sc_hd__clkbuf_16)
                  0.05    0.12   10.28 ^ clkbuf_2_3__f_clk/X (sky130_fd_sc_hd__clkbuf_16)
    12    0.02                           clknet_2_3__leaf_clk (net)
                  0.05    0.00   10.28 ^ _697_/CLK (sky130_fd_sc_hd__dfrtp_1)
                         -0.25   10.03   clock uncertainty
                          0.00   10.03   clock reconvergence pessimism
                         -0.11    9.92   library setup time
                                  9.92   data required time
-----------------------------------------------------------------------------
                                  9.92   data required time
                                 -2.51   data arrival time
-----------------------------------------------------------------------------
                                  7.41   slack (MET)


Startpoint: _699_ (rising edge-triggered flip-flop clocked by clk)
Endpoint: _709_ (rising edge-triggered flip-flop clocked by clk)
Path Group: clk
Path Type: max

Fanout     Cap    Slew   Delay    Time   Description
-----------------------------------------------------------------------------
                          0.00    0.00   clock clk (rise edge)
                          0.00    0.00   clock source latency
                  0.04    0.03    0.03 ^ clk (in)
     1    0.01                           clk (net)
                  0.04    0.00    0.03 ^ clkbuf_0_clk/A (sky130_fd_sc_hd__clkbuf_16)
                  0.05    0.14    0.17 ^ clkbuf_0_clk/X (sky130_fd_sc_hd__clkbuf_16)
     4    0.03                           clknet_0_clk (net)
                  0.05    0.00    0.17 ^ clkbuf_2_1__f_clk/A (sky130_fd_sc_hd__clkbuf_16)
                  0.05    0.14    0.31 ^ clkbuf_2_1__f_clk/X (sky130_fd_sc_hd__clkbuf_16)
    14    0.03                           clknet_2_1__leaf_clk (net)
                  0.05    0.00    0.31 ^ _699_/CLK (sky130_fd_sc_hd__dfrtp_4)
                  0.09    0.54    0.85 v _699_/Q (sky130_fd_sc_hd__dfrtp_4)
     9    0.03                           u_core.Q_1 (net)
                  0.09    0.00    0.85 v _347_/A_N (sky130_fd_sc_hd__and2b_1)
                  0.06    0.23    1.08 ^ _347_/X (sky130_fd_sc_hd__and2b_1)
     2    0.00                           _108_ (net)
                  0.06    0.00    1.08 ^ _418_/A2 (sky130_fd_sc_hd__o21bai_1)
                  0.06    0.07    1.15 v _418_/Y (sky130_fd_sc_hd__o21bai_1)
     2    0.00                           _179_ (net)
                  0.06    0.00    1.15 v _421_/A2 (sky130_fd_sc_hd__a21oi_1)
                  0.22    0.24    1.39 ^ _421_/Y (sky130_fd_sc_hd__a21oi_1)
     3    0.01                           _182_ (net)
                  0.22    0.00    1.39 ^ _549_/A_N (sky130_fd_sc_hd__and2b_1)
                  0.04    0.23    1.61 v _549_/X (sky130_fd_sc_hd__and2b_1)
     2    0.00                           _296_ (net)
                  0.04    0.00    1.61 v _550_/A3 (sky130_fd_sc_hd__o32a_1)
                  0.05    0.29    1.90 v _550_/X (sky130_fd_sc_hd__o32a_1)
     1    0.00                           _297_ (net)
                  0.05    0.00    1.90 v _552_/B1 (sky130_fd_sc_hd__a32o_1)
                  0.05    0.21    2.11 v _552_/X (sky130_fd_sc_hd__a32o_1)
     2    0.00                           _299_ (net)
                  0.05    0.00    2.11 v _604_/A0 (sky130_fd_sc_hd__mux2_1)
                  0.05    0.28    2.40 v _604_/X (sky130_fd_sc_hd__mux2_1)
     1    0.00                           _327_ (net)
                  0.05    0.00    2.40 v _605_/A (sky130_fd_sc_hd__clkbuf_1)
                  0.02    0.09    2.49 v _605_/X (sky130_fd_sc_hd__clkbuf_1)
     1    0.00                           _069_ (net)
                  0.02    0.00    2.49 v _709_/D (sky130_fd_sc_hd__dfrtp_1)
                                  2.49   data arrival time

                         10.00   10.00   clock clk (rise edge)
                          0.00   10.00   clock source latency
                  0.04    0.03   10.03 ^ clk (in)
     1    0.01                           clk (net)
                  0.04    0.00   10.03 ^ clkbuf_0_clk/A (sky130_fd_sc_hd__clkbuf_16)
                  0.05    0.13   10.15 ^ clkbuf_0_clk/X (sky130_fd_sc_hd__clkbuf_16)
     4    0.03                           clknet_0_clk (net)
                  0.05    0.00   10.15 ^ clkbuf_2_1__f_clk/A (sky130_fd_sc_hd__clkbuf_16)
                  0.05    0.13   10.28 ^ clkbuf_2_1__f_clk/X (sky130_fd_sc_hd__clkbuf_16)
    14    0.03                           clknet_2_1__leaf_clk (net)
                  0.05    0.00   10.28 ^ _709_/CLK (sky130_fd_sc_hd__dfrtp_1)
                         -0.25   10.03   clock uncertainty
                          0.03   10.06   clock reconvergence pessimism
                         -0.10    9.96   library setup time
                                  9.96   data required time
-----------------------------------------------------------------------------
                                  9.96   data required time
                                 -2.49   data arrival time
-----------------------------------------------------------------------------
                                  7.47   slack (MET)


Startpoint: _725_ (rising edge-triggered flip-flop clocked by clk)
Endpoint: _711_ (rising edge-triggered flip-flop clocked by clk)
Path Group: clk
Path Type: max

Fanout     Cap    Slew   Delay    Time   Description
-----------------------------------------------------------------------------
                          0.00    0.00   clock clk (rise edge)
                          0.00    0.00   clock source latency
                  0.04    0.03    0.03 ^ clk (in)
     1    0.01                           clk (net)
                  0.04    0.00    0.03 ^ clkbuf_0_clk/A (sky130_fd_sc_hd__clkbuf_16)
                  0.05    0.14    0.17 ^ clkbuf_0_clk/X (sky130_fd_sc_hd__clkbuf_16)
     4    0.03                           clknet_0_clk (net)
                  0.05    0.00    0.17 ^ clkbuf_2_0__f_clk/A (sky130_fd_sc_hd__clkbuf_16)
                  0.05    0.14    0.31 ^ clkbuf_2_0__f_clk/X (sky130_fd_sc_hd__clkbuf_16)
    15    0.03                           clknet_2_0__leaf_clk (net)
                  0.05    0.00    0.31 ^ _725_/CLK (sky130_fd_sc_hd__dfrtp_4)
                  0.08    0.52    0.83 v _725_/Q (sky130_fd_sc_hd__dfrtp_4)
     6    0.02                           u_core.M[0] (net)
                  0.08    0.00    0.83 v _354_/B (sky130_fd_sc_hd__nor2_2)
                  0.24    0.22    1.05 ^ _354_/Y (sky130_fd_sc_hd__nor2_2)
     3    0.02                           _115_ (net)
                  0.24    0.00    1.05 ^ _366_/A (sky130_fd_sc_hd__clkbuf_4)
                  0.10    0.25    1.31 ^ _366_/X (sky130_fd_sc_hd__clkbuf_4)
    10    0.03                           _127_ (net)
                  0.10    0.00    1.31 ^ _408_/C1 (sky130_fd_sc_hd__a211o_1)
                  0.05    0.12    1.42 ^ _408_/X (sky130_fd_sc_hd__a211o_1)
     2    0.00                           _169_ (net)
                  0.05    0.00    1.42 ^ _409_/B (sky130_fd_sc_hd__nand3_1)
                  0.11    0.12    1.54 v _409_/Y (sky130_fd_sc_hd__nand3_1)
     3    0.01                           _170_ (net)
                  0.11    0.00    1.54 v _414_/A (sky130_fd_sc_hd__nand2_2)
                  0.09    0.12    1.66 ^ _414_/Y (sky130_fd_sc_hd__nand2_2)
     3    0.01                           _175_ (net)
                  0.09    0.00    1.66 ^ _540_/A (sky130_fd_sc_hd__nor2_1)
                  0.04    0.05    1.71 v _540_/Y (sky130_fd_sc_hd__nor2_1)
     1    0.00                           _289_ (net)
                  0.04    0.00    1.71 v _541_/A2_N (sky130_fd_sc_hd__a2bb2o_1)
                  0.04    0.24    1.95 ^ _541_/X (sky130_fd_sc_hd__a2bb2o_1)
     1    0.00                           _290_ (net)
                  0.04    0.00    1.95 ^ _542_/C1 (sky130_fd_sc_hd__o221ai_1)
                  0.08    0.09    2.05 v _542_/Y (sky130_fd_sc_hd__o221ai_1)
     1    0.00                           _291_ (net)
                  0.08    0.00    2.05 v _543_/C1 (sky130_fd_sc_hd__o211ai_1)
                  0.15    0.10    2.15 ^ _543_/Y (sky130_fd_sc_hd__o211ai_1)
     2    0.00                           _292_ (net)
                  0.15    0.00    2.15 ^ _601_/A1_N (sky130_fd_sc_hd__a2bb2o_1)
                  0.05    0.31    2.45 v _601_/X (sky130_fd_sc_hd__a2bb2o_1)
     1    0.00                           _071_ (net)
                  0.05    0.00    2.45 v _711_/D (sky130_fd_sc_hd__dfrtp_1)
                                  2.45   data arrival time

                         10.00   10.00   clock clk (rise edge)
                          0.00   10.00   clock source latency
                  0.04    0.03   10.03 ^ clk (in)
     1    0.01                           clk (net)
                  0.04    0.00   10.03 ^ clkbuf_0_clk/A (sky130_fd_sc_hd__clkbuf_16)
                  0.05    0.13   10.15 ^ clkbuf_0_clk/X (sky130_fd_sc_hd__clkbuf_16)
     4    0.03                           clknet_0_clk (net)
                  0.05    0.00   10.15 ^ clkbuf_2_2__f_clk/A (sky130_fd_sc_hd__clkbuf_16)
                  0.05    0.13   10.28 ^ clkbuf_2_2__f_clk/X (sky130_fd_sc_hd__clkbuf_16)
    13    0.02                           clknet_2_2__leaf_clk (net)
                  0.05    0.00   10.28 ^ _711_/CLK (sky130_fd_sc_hd__dfrtp_1)
                         -0.25   10.03   clock uncertainty
                          0.02   10.05   clock reconvergence pessimism
                         -0.11    9.93   library setup time
                                  9.93   data required time
-----------------------------------------------------------------------------
                                  9.93   data required time
                                 -2.45   data arrival time
-----------------------------------------------------------------------------
                                  7.48   slack (MET)


Startpoint: _725_ (rising edge-triggered flip-flop clocked by clk)
Endpoint: _710_ (rising edge-triggered flip-flop clocked by clk)
Path Group: clk
Path Type: max

Fanout     Cap    Slew   Delay    Time   Description
-----------------------------------------------------------------------------
                          0.00    0.00   clock clk (rise edge)
                          0.00    0.00   clock source latency
                  0.04    0.03    0.03 ^ clk (in)
     1    0.01                           clk (net)
                  0.04    0.00    0.03 ^ clkbuf_0_clk/A (sky130_fd_sc_hd__clkbuf_16)
                  0.05    0.14    0.17 ^ clkbuf_0_clk/X (sky130_fd_sc_hd__clkbuf_16)
     4    0.03                           clknet_0_clk (net)
                  0.05    0.00    0.17 ^ clkbuf_2_0__f_clk/A (sky130_fd_sc_hd__clkbuf_16)
                  0.05    0.14    0.31 ^ clkbuf_2_0__f_clk/X (sky130_fd_sc_hd__clkbuf_16)
    15    0.03                           clknet_2_0__leaf_clk (net)
                  0.05    0.00    0.31 ^ _725_/CLK (sky130_fd_sc_hd__dfrtp_4)
                  0.08    0.52    0.83 v _725_/Q (sky130_fd_sc_hd__dfrtp_4)
     6    0.02                           u_core.M[0] (net)
                  0.08    0.00    0.83 v _354_/B (sky130_fd_sc_hd__nor2_2)
                  0.24    0.22    1.05 ^ _354_/Y (sky130_fd_sc_hd__nor2_2)
     3    0.02                           _115_ (net)
                  0.24    0.00    1.05 ^ _366_/A (sky130_fd_sc_hd__clkbuf_4)
                  0.10    0.25    1.31 ^ _366_/X (sky130_fd_sc_hd__clkbuf_4)
    10    0.03                           _127_ (net)
                  0.10    0.00    1.31 ^ _408_/C1 (sky130_fd_sc_hd__a211o_1)
                  0.05    0.12    1.42 ^ _408_/X (sky130_fd_sc_hd__a211o_1)
     2    0.00                           _169_ (net)
                  0.05    0.00    1.42 ^ _409_/B (sky130_fd_sc_hd__nand3_1)
                  0.11    0.12    1.54 v _409_/Y (sky130_fd_sc_hd__nand3_1)
     3    0.01                           _170_ (net)
                  0.11    0.00    1.54 v _546_/A1 (sky130_fd_sc_hd__a221o_1)
                  0.05    0.34    1.88 v _546_/X (sky130_fd_sc_hd__a221o_1)
     1    0.00                           _294_ (net)
                  0.05    0.00    1.88 v _547_/B2 (sky130_fd_sc_hd__a32o_1)
                  0.05    0.23    2.10 v _547_/X (sky130_fd_sc_hd__a32o_1)
     2    0.00                           _295_ (net)
                  0.05    0.00    2.10 v _602_/A0 (sky130_fd_sc_hd__mux2_1)
                  0.05    0.28    2.39 v _602_/X (sky130_fd_sc_hd__mux2_1)
     1    0.00                           _326_ (net)
                  0.05    0.00    2.39 v _603_/A (sky130_fd_sc_hd__clkbuf_1)
                  0.02    0.09    2.48 v _603_/X (sky130_fd_sc_hd__clkbuf_1)
     1    0.00                           _070_ (net)
                  0.02    0.00    2.48 v _710_/D (sky130_fd_sc_hd__dfrtp_1)
                                  2.48   data arrival time

                         10.00   10.00   clock clk (rise edge)
                          0.00   10.00   clock source latency
                  0.04    0.03   10.03 ^ clk (in)
     1    0.01                           clk (net)
                  0.04    0.00   10.03 ^ clkbuf_0_clk/A (sky130_fd_sc_hd__clkbuf_16)
                  0.05    0.13   10.15 ^ clkbuf_0_clk/X (sky130_fd_sc_hd__clkbuf_16)
     4    0.03                           clknet_0_clk (net)
                  0.05    0.00   10.15 ^ clkbuf_2_0__f_clk/A (sky130_fd_sc_hd__clkbuf_16)
                  0.05    0.13   10.28 ^ clkbuf_2_0__f_clk/X (sky130_fd_sc_hd__clkbuf_16)
    15    0.03                           clknet_2_0__leaf_clk (net)
                  0.05    0.00   10.28 ^ _710_/CLK (sky130_fd_sc_hd__dfrtp_1)
                         -0.25   10.03   clock uncertainty
                          0.03   10.06   clock reconvergence pessimism
                         -0.10    9.96   library setup time
                                  9.96   data required time
-----------------------------------------------------------------------------
                                  9.96   data required time
                                 -2.48   data arrival time
-----------------------------------------------------------------------------
                                  7.48   slack (MET)


Startpoint: start (input port clocked by clk)
Endpoint: _696_ (rising edge-triggered flip-flop clocked by clk)
Path Group: clk
Path Type: max

Fanout     Cap    Slew   Delay    Time   Description
-----------------------------------------------------------------------------
                          0.00    0.00   clock clk (rise edge)
                          0.00    0.00   clock network delay (propagated)
                          2.00    2.00 ^ input external delay
                  0.02    0.01    2.01 ^ start (in)
     1    0.00                           start (net)
                  0.02    0.00    2.01 ^ input18/A (sky130_fd_sc_hd__clkbuf_4)
                  0.09    0.17    2.17 ^ input18/X (sky130_fd_sc_hd__clkbuf_4)
     5    0.03                           net18 (net)
                  0.09    0.00    2.17 ^ _554_/B (sky130_fd_sc_hd__nand2_8)
                  0.07    0.08    2.25 v _554_/Y (sky130_fd_sc_hd__nand2_8)
    10    0.03                           _300_ (net)
                  0.07    0.00    2.25 v _628_/B1 (sky130_fd_sc_hd__o211ai_1)
                  0.14    0.10    2.35 ^ _628_/Y (sky130_fd_sc_hd__o211ai_1)
     1    0.00                           _339_ (net)
                  0.14    0.00    2.35 ^ _629_/B (sky130_fd_sc_hd__nand2_1)
                  0.04    0.07    2.42 v _629_/Y (sky130_fd_sc_hd__nand2_1)
     1    0.00                           _057_ (net)
                  0.04    0.00    2.42 v _696_/D (sky130_fd_sc_hd__dfrtp_1)
                                  2.42   data arrival time

                         10.00   10.00   clock clk (rise edge)
                          0.00   10.00   clock source latency
                  0.04    0.03   10.03 ^ clk (in)
     1    0.01                           clk (net)
                  0.04    0.00   10.03 ^ clkbuf_0_clk/A (sky130_fd_sc_hd__clkbuf_16)
                  0.05    0.13   10.15 ^ clkbuf_0_clk/X (sky130_fd_sc_hd__clkbuf_16)
     4    0.03                           clknet_0_clk (net)
                  0.05    0.00   10.15 ^ clkbuf_2_3__f_clk/A (sky130_fd_sc_hd__clkbuf_16)
                  0.05    0.12   10.28 ^ clkbuf_2_3__f_clk/X (sky130_fd_sc_hd__clkbuf_16)
    12    0.02                           clknet_2_3__leaf_clk (net)
                  0.05    0.00   10.28 ^ _696_/CLK (sky130_fd_sc_hd__dfrtp_1)
                         -0.25   10.03   clock uncertainty
                          0.00   10.03   clock reconvergence pessimism
                         -0.11    9.92   library setup time
                                  9.92   data required time
-----------------------------------------------------------------------------
                                  9.92   data required time
                                 -2.42   data arrival time
-----------------------------------------------------------------------------
                                  7.50   slack (MET)


Startpoint: start (input port clocked by clk)
Endpoint: _695_ (rising edge-triggered flip-flop clocked by clk)
Path Group: clk
Path Type: max

Fanout     Cap    Slew   Delay    Time   Description
-----------------------------------------------------------------------------
                          0.00    0.00   clock clk (rise edge)
                          0.00    0.00   clock network delay (propagated)
                          2.00    2.00 ^ input external delay
                  0.02    0.01    2.01 ^ start (in)
     1    0.00                           start (net)
                  0.02    0.00    2.01 ^ input18/A (sky130_fd_sc_hd__clkbuf_4)
                  0.09    0.17    2.17 ^ input18/X (sky130_fd_sc_hd__clkbuf_4)
     5    0.03                           net18 (net)
                  0.09    0.00    2.17 ^ _554_/B (sky130_fd_sc_hd__nand2_8)
                  0.07    0.08    2.25 v _554_/Y (sky130_fd_sc_hd__nand2_8)
    10    0.03                           _300_ (net)
                  0.07    0.00    2.25 v _630_/C1 (sky130_fd_sc_hd__o211ai_1)
                  0.13    0.08    2.34 ^ _630_/Y (sky130_fd_sc_hd__o211ai_1)
     1    0.00                           _340_ (net)
                  0.13    0.00    2.34 ^ _631_/B1 (sky130_fd_sc_hd__o21ai_1)
                  0.05    0.08    2.42 v _631_/Y (sky130_fd_sc_hd__o21ai_1)
     1    0.00                           _056_ (net)
                  0.05    0.00    2.42 v _695_/D (sky130_fd_sc_hd__dfrtp_1)
                                  2.42   data arrival time

                         10.00   10.00   clock clk (rise edge)
                          0.00   10.00   clock source latency
                  0.04    0.03   10.03 ^ clk (in)
     1    0.01                           clk (net)
                  0.04    0.00   10.03 ^ clkbuf_0_clk/A (sky130_fd_sc_hd__clkbuf_16)
                  0.05    0.13   10.15 ^ clkbuf_0_clk/X (sky130_fd_sc_hd__clkbuf_16)
     4    0.03                           clknet_0_clk (net)
                  0.05    0.00   10.15 ^ clkbuf_2_1__f_clk/A (sky130_fd_sc_hd__clkbuf_16)
                  0.05    0.13   10.28 ^ clkbuf_2_1__f_clk/X (sky130_fd_sc_hd__clkbuf_16)
    14    0.03                           clknet_2_1__leaf_clk (net)
                  0.05    0.00   10.28 ^ _695_/CLK (sky130_fd_sc_hd__dfrtp_1)
                         -0.25   10.03   clock uncertainty
                          0.00   10.03   clock reconvergence pessimism
                         -0.12    9.92   library setup time
                                  9.92   data required time
-----------------------------------------------------------------------------
                                  9.92   data required time
                                 -2.42   data arrival time
-----------------------------------------------------------------------------
                                  7.50   slack (MET)


Startpoint: _699_ (rising edge-triggered flip-flop clocked by clk)
Endpoint: _708_ (rising edge-triggered flip-flop clocked by clk)
Path Group: clk
Path Type: max

Fanout     Cap    Slew   Delay    Time   Description
-----------------------------------------------------------------------------
                          0.00    0.00   clock clk (rise edge)
                          0.00    0.00   clock source latency
                  0.04    0.03    0.03 ^ clk (in)
     1    0.01                           clk (net)
                  0.04    0.00    0.03 ^ clkbuf_0_clk/A (sky130_fd_sc_hd__clkbuf_16)
                  0.05    0.14    0.17 ^ clkbuf_0_clk/X (sky130_fd_sc_hd__clkbuf_16)
     4    0.03                           clknet_0_clk (net)
                  0.05    0.00    0.17 ^ clkbuf_2_1__f_clk/A (sky130_fd_sc_hd__clkbuf_16)
                  0.05    0.14    0.31 ^ clkbuf_2_1__f_clk/X (sky130_fd_sc_hd__clkbuf_16)
    14    0.03                           clknet_2_1__leaf_clk (net)
                  0.05    0.00    0.31 ^ _699_/CLK (sky130_fd_sc_hd__dfrtp_4)
                  0.09    0.54    0.85 v _699_/Q (sky130_fd_sc_hd__dfrtp_4)
     9    0.03                           u_core.Q_1 (net)
                  0.09    0.00    0.85 v _347_/A_N (sky130_fd_sc_hd__and2b_1)
                  0.06    0.23    1.08 ^ _347_/X (sky130_fd_sc_hd__and2b_1)
     2    0.00                           _108_ (net)
                  0.06    0.00    1.08 ^ _348_/A (sky130_fd_sc_hd__clkbuf_4)
                  0.11    0.20    1.28 ^ _348_/X (sky130_fd_sc_hd__clkbuf_4)
    10    0.03                           _109_ (net)
                  0.11    0.00    1.28 ^ _349_/A (sky130_fd_sc_hd__clkbuf_4)
                  0.09    0.20    1.48 ^ _349_/X (sky130_fd_sc_hd__clkbuf_4)
    10    0.02                           _110_ (net)
                  0.09    0.00    1.48 ^ _571_/A1 (sky130_fd_sc_hd__o21ai_1)
                  0.04    0.07    1.54 v _571_/Y (sky130_fd_sc_hd__o21ai_1)
     1    0.00                           _309_ (net)
                  0.04    0.00    1.54 v _572_/B1 (sky130_fd_sc_hd__a2bb2o_1)
                  0.06    0.29    1.83 v _572_/X (sky130_fd_sc_hd__a2bb2o_1)
     2    0.00                           _310_ (net)
                  0.06    0.00    1.83 v _606_/A0 (sky130_fd_sc_hd__mux2_1)
                  0.05    0.29    2.12 v _606_/X (sky130_fd_sc_hd__mux2_1)
     1    0.00                           _328_ (net)
                  0.05    0.00    2.12 v _607_/A (sky130_fd_sc_hd__clkbuf_1)
                  0.02    0.09    2.21 v _607_/X (sky130_fd_sc_hd__clkbuf_1)
     1    0.00                           _068_ (net)
                  0.02    0.00    2.21 v _708_/D (sky130_fd_sc_hd__dfrtp_1)
                                  2.21   data arrival time

                         10.00   10.00   clock clk (rise edge)
                          0.00   10.00   clock source latency
                  0.04    0.03   10.03 ^ clk (in)
     1    0.01                           clk (net)
                  0.04    0.00   10.03 ^ clkbuf_0_clk/A (sky130_fd_sc_hd__clkbuf_16)
                  0.05    0.13   10.15 ^ clkbuf_0_clk/X (sky130_fd_sc_hd__clkbuf_16)
     4    0.03                           clknet_0_clk (net)
                  0.05    0.00   10.15 ^ clkbuf_2_2__f_clk/A (sky130_fd_sc_hd__clkbuf_16)
                  0.05    0.13   10.28 ^ clkbuf_2_2__f_clk/X (sky130_fd_sc_hd__clkbuf_16)
    13    0.02                           clknet_2_2__leaf_clk (net)
                  0.05    0.00   10.28 ^ _708_/CLK (sky130_fd_sc_hd__dfrtp_1)
                         -0.25   10.03   clock uncertainty
                          0.02   10.05   clock reconvergence pessimism
                         -0.10    9.94   library setup time
                                  9.94   data required time
-----------------------------------------------------------------------------
                                  9.94   data required time
                                 -2.21   data arrival time
-----------------------------------------------------------------------------
                                  7.73   slack (MET)


Startpoint: rst (input port clocked by clk)
Endpoint: _728_ (recovery check against rising-edge clock clk)
Path Group: asynchronous
Path Type: max

Fanout     Cap    Slew   Delay    Time   Description
-----------------------------------------------------------------------------
                          0.00    0.00   clock clk (rise edge)
                          0.00    0.00   clock network delay (propagated)
                          2.00    2.00 v input external delay
                  0.01    0.00    2.00 v rst (in)
     1    0.00                           rst (net)
                  0.01    0.00    2.00 v input17/A (sky130_fd_sc_hd__clkbuf_1)
                  0.02    0.07    2.08 v input17/X (sky130_fd_sc_hd__clkbuf_1)
     1    0.00                           net17 (net)
                  0.02    0.00    2.08 v _634_/A (sky130_fd_sc_hd__buf_4)
                  0.06    0.17    2.24 v _634_/X (sky130_fd_sc_hd__buf_4)
     9    0.04                           _341_ (net)
                  0.06    0.00    2.24 v _668_/A (sky130_fd_sc_hd__clkbuf_8)
                  0.06    0.18    2.43 v _668_/X (sky130_fd_sc_hd__clkbuf_8)
    10    0.04                           _345_ (net)
                  0.06    0.00    2.43 v _673_/A (sky130_fd_sc_hd__inv_2)
                  0.03    0.05    2.48 ^ _673_/Y (sky130_fd_sc_hd__inv_2)
     1    0.00                           _035_ (net)
                  0.03    0.00    2.48 ^ _728_/RESET_B (sky130_fd_sc_hd__dfrtp_4)
                                  2.48   data arrival time

                         10.00   10.00   clock clk (rise edge)
                          0.00   10.00   clock source latency
                  0.04    0.03   10.03 ^ clk (in)
     1    0.01                           clk (net)
                  0.04    0.00   10.03 ^ clkbuf_0_clk/A (sky130_fd_sc_hd__clkbuf_16)
                  0.05    0.13   10.15 ^ clkbuf_0_clk/X (sky130_fd_sc_hd__clkbuf_16)
     4    0.03                           clknet_0_clk (net)
                  0.05    0.00   10.15 ^ clkbuf_2_3__f_clk/A (sky130_fd_sc_hd__clkbuf_16)
                  0.05    0.12   10.28 ^ clkbuf_2_3__f_clk/X (sky130_fd_sc_hd__clkbuf_16)
    12    0.02                           clknet_2_3__leaf_clk (net)
                  0.05    0.00   10.28 ^ _728_/CLK (sky130_fd_sc_hd__dfrtp_4)
                         -0.25   10.03   clock uncertainty
                          0.00   10.03   clock reconvergence pessimism
                          0.22   10.25   library recovery time
                                 10.25   data required time
-----------------------------------------------------------------------------
                                 10.25   data required time
                                 -2.48   data arrival time
-----------------------------------------------------------------------------
                                  7.77   slack (MET)


Startpoint: rst (input port clocked by clk)
Endpoint: _732_ (recovery check against rising-edge clock clk)
Path Group: asynchronous
Path Type: max

Fanout     Cap    Slew   Delay    Time   Description
-----------------------------------------------------------------------------
                          0.00    0.00   clock clk (rise edge)
                          0.00    0.00   clock network delay (propagated)
                          2.00    2.00 v input external delay
                  0.01    0.00    2.00 v rst (in)
     1    0.00                           rst (net)
                  0.01    0.00    2.00 v input17/A (sky130_fd_sc_hd__clkbuf_1)
                  0.02    0.07    2.08 v input17/X (sky130_fd_sc_hd__clkbuf_1)
     1    0.00                           net17 (net)
                  0.02    0.00    2.08 v _634_/A (sky130_fd_sc_hd__buf_4)
                  0.06    0.17    2.24 v _634_/X (sky130_fd_sc_hd__buf_4)
     9    0.04                           _341_ (net)
                  0.06    0.00    2.24 v _668_/A (sky130_fd_sc_hd__clkbuf_8)
                  0.06    0.18    2.43 v _668_/X (sky130_fd_sc_hd__clkbuf_8)
    10    0.04                           _345_ (net)
                  0.06    0.00    2.43 v _677_/A (sky130_fd_sc_hd__inv_2)
                  0.03    0.05    2.48 ^ _677_/Y (sky130_fd_sc_hd__inv_2)
     1    0.00                           _039_ (net)
                  0.03    0.00    2.48 ^ _732_/RESET_B (sky130_fd_sc_hd__dfrtp_4)
                                  2.48   data arrival time

                         10.00   10.00   clock clk (rise edge)
                          0.00   10.00   clock source latency
                  0.04    0.03   10.03 ^ clk (in)
     1    0.01                           clk (net)
                  0.04    0.00   10.03 ^ clkbuf_0_clk/A (sky130_fd_sc_hd__clkbuf_16)
                  0.05    0.13   10.15 ^ clkbuf_0_clk/X (sky130_fd_sc_hd__clkbuf_16)
     4    0.03                           clknet_0_clk (net)
                  0.05    0.00   10.15 ^ clkbuf_2_3__f_clk/A (sky130_fd_sc_hd__clkbuf_16)
                  0.05    0.12   10.28 ^ clkbuf_2_3__f_clk/X (sky130_fd_sc_hd__clkbuf_16)
    12    0.02                           clknet_2_3__leaf_clk (net)
                  0.05    0.00   10.28 ^ _732_/CLK (sky130_fd_sc_hd__dfrtp_4)
                         -0.25   10.03   clock uncertainty
                          0.00   10.03   clock reconvergence pessimism
                          0.22   10.25   library recovery time
                                 10.25   data required time
-----------------------------------------------------------------------------
                                 10.25   data required time
                                 -2.48   data arrival time
-----------------------------------------------------------------------------
                                  7.77   slack (MET)


Startpoint: rst (input port clocked by clk)
Endpoint: _698_ (recovery check against rising-edge clock clk)
Path Group: asynchronous
Path Type: max

Fanout     Cap    Slew   Delay    Time   Description
-----------------------------------------------------------------------------
                          0.00    0.00   clock clk (rise edge)
                          0.00    0.00   clock network delay (propagated)
                          2.00    2.00 v input external delay
                  0.01    0.00    2.00 v rst (in)
     1    0.00                           rst (net)
                  0.01    0.00    2.00 v input17/A (sky130_fd_sc_hd__clkbuf_1)
                  0.02    0.07    2.08 v input17/X (sky130_fd_sc_hd__clkbuf_1)
     1    0.00                           net17 (net)
                  0.02    0.00    2.08 v _634_/A (sky130_fd_sc_hd__buf_4)
                  0.06    0.17    2.24 v _634_/X (sky130_fd_sc_hd__buf_4)
     9    0.04                           _341_ (net)
                  0.06    0.00    2.24 v _635_/A (sky130_fd_sc_hd__clkbuf_8)
                  0.06    0.18    2.43 v _635_/X (sky130_fd_sc_hd__clkbuf_8)
    10    0.04                           _342_ (net)
                  0.06    0.00    2.43 v _640_/A (sky130_fd_sc_hd__inv_2)
                  0.03    0.05    2.48 ^ _640_/Y (sky130_fd_sc_hd__inv_2)
     1    0.00                           _005_ (net)
                  0.03    0.00    2.48 ^ _698_/RESET_B (sky130_fd_sc_hd__dfrtp_2)
                                  2.48   data arrival time

                         10.00   10.00   clock clk (rise edge)
                          0.00   10.00   clock source latency
                  0.04    0.03   10.03 ^ clk (in)
     1    0.01                           clk (net)
                  0.04    0.00   10.03 ^ clkbuf_0_clk/A (sky130_fd_sc_hd__clkbuf_16)
                  0.05    0.13   10.15 ^ clkbuf_0_clk/X (sky130_fd_sc_hd__clkbuf_16)
     4    0.03                           clknet_0_clk (net)
                  0.05    0.00   10.15 ^ clkbuf_2_3__f_clk/A (sky130_fd_sc_hd__clkbuf_16)
                  0.05    0.12   10.28 ^ clkbuf_2_3__f_clk/X (sky130_fd_sc_hd__clkbuf_16)
    12    0.02                           clknet_2_3__leaf_clk (net)
                  0.05    0.00   10.28 ^ _698_/CLK (sky130_fd_sc_hd__dfrtp_2)
                         -0.25   10.03   clock uncertainty
                          0.00   10.03   clock reconvergence pessimism
                          0.22   10.25   library recovery time
                                 10.25   data required time
-----------------------------------------------------------------------------
                                 10.25   data required time
                                 -2.48   data arrival time
-----------------------------------------------------------------------------
                                  7.77   slack (MET)


Startpoint: rst (input port clocked by clk)
Endpoint: _715_ (recovery check against rising-edge clock clk)
Path Group: asynchronous
Path Type: max

Fanout     Cap    Slew   Delay    Time   Description
-----------------------------------------------------------------------------
                          0.00    0.00   clock clk (rise edge)
                          0.00    0.00   clock network delay (propagated)
                          2.00    2.00 v input external delay
                  0.01    0.00    2.00 v rst (in)
     1    0.00                           rst (net)
                  0.01    0.00    2.00 v input17/A (sky130_fd_sc_hd__clkbuf_1)
                  0.02    0.07    2.08 v input17/X (sky130_fd_sc_hd__clkbuf_1)
     1    0.00                           net17 (net)
                  0.02    0.00    2.08 v _634_/A (sky130_fd_sc_hd__buf_4)
                  0.06    0.17    2.24 v _634_/X (sky130_fd_sc_hd__buf_4)
     9    0.04                           _341_ (net)
                  0.06    0.00    2.24 v _657_/A (sky130_fd_sc_hd__clkbuf_8)
                  0.06    0.18    2.43 v _657_/X (sky130_fd_sc_hd__clkbuf_8)
    10    0.04                           _344_ (net)
                  0.06    0.00    2.43 v _659_/A (sky130_fd_sc_hd__inv_2)
                  0.03    0.05    2.48 ^ _659_/Y (sky130_fd_sc_hd__inv_2)
     1    0.00                           _022_ (net)
                  0.03    0.00    2.48 ^ _715_/RESET_B (sky130_fd_sc_hd__dfrtp_2)
                                  2.48   data arrival time

                         10.00   10.00   clock clk (rise edge)
                          0.00   10.00   clock source latency
                  0.04    0.03   10.03 ^ clk (in)
     1    0.01                           clk (net)
                  0.04    0.00   10.03 ^ clkbuf_0_clk/A (sky130_fd_sc_hd__clkbuf_16)
                  0.05    0.13   10.15 ^ clkbuf_0_clk/X (sky130_fd_sc_hd__clkbuf_16)
     4    0.03                           clknet_0_clk (net)
                  0.05    0.00   10.15 ^ clkbuf_2_3__f_clk/A (sky130_fd_sc_hd__clkbuf_16)
                  0.05    0.12   10.28 ^ clkbuf_2_3__f_clk/X (sky130_fd_sc_hd__clkbuf_16)
    12    0.02                           clknet_2_3__leaf_clk (net)
                  0.05    0.00   10.28 ^ _715_/CLK (sky130_fd_sc_hd__dfrtp_2)
                         -0.25   10.03   clock uncertainty
                          0.00   10.03   clock reconvergence pessimism
                          0.22   10.25   library recovery time
                                 10.25   data required time
-----------------------------------------------------------------------------
                                 10.25   data required time
                                 -2.48   data arrival time
-----------------------------------------------------------------------------
                                  7.77   slack (MET)


Startpoint: rst (input port clocked by clk)
Endpoint: _739_ (recovery check against rising-edge clock clk)
Path Group: asynchronous
Path Type: max

Fanout     Cap    Slew   Delay    Time   Description
-----------------------------------------------------------------------------
                          0.00    0.00   clock clk (rise edge)
                          0.00    0.00   clock network delay (propagated)
                          2.00    2.00 v input external delay
                  0.01    0.00    2.00 v rst (in)
     1    0.00                           rst (net)
                  0.01    0.00    2.00 v input17/A (sky130_fd_sc_hd__clkbuf_1)
                  0.02    0.07    2.08 v input17/X (sky130_fd_sc_hd__clkbuf_1)
     1    0.00                           net17 (net)
                  0.02    0.00    2.08 v _634_/A (sky130_fd_sc_hd__buf_4)
                  0.06    0.17    2.24 v _634_/X (sky130_fd_sc_hd__buf_4)
     9    0.04                           _341_ (net)
                  0.06    0.00    2.24 v _679_/A (sky130_fd_sc_hd__clkbuf_8)
                  0.06    0.18    2.43 v _679_/X (sky130_fd_sc_hd__clkbuf_8)
    10    0.04                           _346_ (net)
                  0.06    0.00    2.43 v _685_/A (sky130_fd_sc_hd__inv_2)
                  0.03    0.05    2.48 ^ _685_/Y (sky130_fd_sc_hd__inv_2)
     1    0.00                           _046_ (net)
                  0.03    0.00    2.48 ^ _739_/RESET_B (sky130_fd_sc_hd__dfrtp_2)
                                  2.48   data arrival time

                         10.00   10.00   clock clk (rise edge)
                          0.00   10.00   clock source latency
                  0.04    0.03   10.03 ^ clk (in)
     1    0.01                           clk (net)
                  0.04    0.00   10.03 ^ clkbuf_0_clk/A (sky130_fd_sc_hd__clkbuf_16)
                  0.05    0.13   10.15 ^ clkbuf_0_clk/X (sky130_fd_sc_hd__clkbuf_16)
     4    0.03                           clknet_0_clk (net)
                  0.05    0.00   10.15 ^ clkbuf_2_3__f_clk/A (sky130_fd_sc_hd__clkbuf_16)
                  0.05    0.12   10.28 ^ clkbuf_2_3__f_clk/X (sky130_fd_sc_hd__clkbuf_16)
    12    0.02                           clknet_2_3__leaf_clk (net)
                  0.05    0.00   10.28 ^ _739_/CLK (sky130_fd_sc_hd__dfrtp_2)
                         -0.25   10.03   clock uncertainty
                          0.00   10.03   clock reconvergence pessimism
                          0.22   10.25   library recovery time
                                 10.25   data required time
-----------------------------------------------------------------------------
                                 10.25   data required time
                                 -2.48   data arrival time
-----------------------------------------------------------------------------
                                  7.77   slack (MET)


Startpoint: rst (input port clocked by clk)
Endpoint: _740_ (recovery check against rising-edge clock clk)
Path Group: asynchronous
Path Type: max

Fanout     Cap    Slew   Delay    Time   Description
-----------------------------------------------------------------------------
                          0.00    0.00   clock clk (rise edge)
                          0.00    0.00   clock network delay (propagated)
                          2.00    2.00 v input external delay
                  0.01    0.00    2.00 v rst (in)
     1    0.00                           rst (net)
                  0.01    0.00    2.00 v input17/A (sky130_fd_sc_hd__clkbuf_1)
                  0.02    0.07    2.08 v input17/X (sky130_fd_sc_hd__clkbuf_1)
     1    0.00                           net17 (net)
                  0.02    0.00    2.08 v _634_/A (sky130_fd_sc_hd__buf_4)
                  0.06    0.17    2.24 v _634_/X (sky130_fd_sc_hd__buf_4)
     9    0.04                           _341_ (net)
                  0.06    0.00    2.24 v _679_/A (sky130_fd_sc_hd__clkbuf_8)
                  0.06    0.18    2.43 v _679_/X (sky130_fd_sc_hd__clkbuf_8)
    10    0.04                           _346_ (net)
                  0.06    0.00    2.43 v _686_/A (sky130_fd_sc_hd__inv_2)
                  0.03    0.05    2.48 ^ _686_/Y (sky130_fd_sc_hd__inv_2)
     1    0.00                           _047_ (net)
                  0.03    0.00    2.48 ^ _740_/RESET_B (sky130_fd_sc_hd__dfrtp_4)
                                  2.48   data arrival time

                         10.00   10.00   clock clk (rise edge)
                          0.00   10.00   clock source latency
                  0.04    0.03   10.03 ^ clk (in)
     1    0.01                           clk (net)
                  0.04    0.00   10.03 ^ clkbuf_0_clk/A (sky130_fd_sc_hd__clkbuf_16)
                  0.05    0.13   10.15 ^ clkbuf_0_clk/X (sky130_fd_sc_hd__clkbuf_16)
     4    0.03                           clknet_0_clk (net)
                  0.05    0.00   10.15 ^ clkbuf_2_2__f_clk/A (sky130_fd_sc_hd__clkbuf_16)
                  0.05    0.13   10.28 ^ clkbuf_2_2__f_clk/X (sky130_fd_sc_hd__clkbuf_16)
    13    0.02                           clknet_2_2__leaf_clk (net)
                  0.05    0.00   10.28 ^ _740_/CLK (sky130_fd_sc_hd__dfrtp_4)
                         -0.25   10.03   clock uncertainty
                          0.00   10.03   clock reconvergence pessimism
                          0.22   10.25   library recovery time
                                 10.25   data required time
-----------------------------------------------------------------------------
                                 10.25   data required time
                                 -2.48   data arrival time
-----------------------------------------------------------------------------
                                  7.77   slack (MET)


Startpoint: rst (input port clocked by clk)
Endpoint: _741_ (recovery check against rising-edge clock clk)
Path Group: asynchronous
Path Type: max

Fanout     Cap    Slew   Delay    Time   Description
-----------------------------------------------------------------------------
                          0.00    0.00   clock clk (rise edge)
                          0.00    0.00   clock network delay (propagated)
                          2.00    2.00 v input external delay
                  0.01    0.00    2.00 v rst (in)
     1    0.00                           rst (net)
                  0.01    0.00    2.00 v input17/A (sky130_fd_sc_hd__clkbuf_1)
                  0.02    0.07    2.08 v input17/X (sky130_fd_sc_hd__clkbuf_1)
     1    0.00                           net17 (net)
                  0.02    0.00    2.08 v _634_/A (sky130_fd_sc_hd__buf_4)
                  0.06    0.17    2.24 v _634_/X (sky130_fd_sc_hd__buf_4)
     9    0.04                           _341_ (net)
                  0.06    0.00    2.24 v _679_/A (sky130_fd_sc_hd__clkbuf_8)
                  0.06    0.18    2.43 v _679_/X (sky130_fd_sc_hd__clkbuf_8)
    10    0.04                           _346_ (net)
                  0.06    0.00    2.43 v _687_/A (sky130_fd_sc_hd__inv_2)
                  0.03    0.05    2.48 ^ _687_/Y (sky130_fd_sc_hd__inv_2)
     1    0.00                           _048_ (net)
                  0.03    0.00    2.48 ^ _741_/RESET_B (sky130_fd_sc_hd__dfrtp_4)
                                  2.48   data arrival time

                         10.00   10.00   clock clk (rise edge)
                          0.00   10.00   clock source latency
                  0.04    0.03   10.03 ^ clk (in)
     1    0.01                           clk (net)
                  0.04    0.00   10.03 ^ clkbuf_0_clk/A (sky130_fd_sc_hd__clkbuf_16)
                  0.05    0.13   10.15 ^ clkbuf_0_clk/X (sky130_fd_sc_hd__clkbuf_16)
     4    0.03                           clknet_0_clk (net)
                  0.05    0.00   10.15 ^ clkbuf_2_2__f_clk/A (sky130_fd_sc_hd__clkbuf_16)
                  0.05    0.13   10.28 ^ clkbuf_2_2__f_clk/X (sky130_fd_sc_hd__clkbuf_16)
    13    0.02                           clknet_2_2__leaf_clk (net)
                  0.05    0.00   10.28 ^ _741_/CLK (sky130_fd_sc_hd__dfrtp_4)
                         -0.25   10.03   clock uncertainty
                          0.00   10.03   clock reconvergence pessimism
                          0.22   10.25   library recovery time
                                 10.25   data required time
-----------------------------------------------------------------------------
                                 10.25   data required time
                                 -2.48   data arrival time
-----------------------------------------------------------------------------
                                  7.77   slack (MET)


Startpoint: rst (input port clocked by clk)
Endpoint: _742_ (recovery check against rising-edge clock clk)
Path Group: asynchronous
Path Type: max

Fanout     Cap    Slew   Delay    Time   Description
-----------------------------------------------------------------------------
                          0.00    0.00   clock clk (rise edge)
                          0.00    0.00   clock network delay (propagated)
                          2.00    2.00 v input external delay
                  0.01    0.00    2.00 v rst (in)
     1    0.00                           rst (net)
                  0.01    0.00    2.00 v input17/A (sky130_fd_sc_hd__clkbuf_1)
                  0.02    0.07    2.08 v input17/X (sky130_fd_sc_hd__clkbuf_1)
     1    0.00                           net17 (net)
                  0.02    0.00    2.08 v _634_/A (sky130_fd_sc_hd__buf_4)
                  0.06    0.17    2.24 v _634_/X (sky130_fd_sc_hd__buf_4)
     9    0.04                           _341_ (net)
                  0.06    0.00    2.24 v _679_/A (sky130_fd_sc_hd__clkbuf_8)
                  0.06    0.18    2.43 v _679_/X (sky130_fd_sc_hd__clkbuf_8)
    10    0.04                           _346_ (net)
                  0.06    0.00    2.43 v _688_/A (sky130_fd_sc_hd__inv_2)
                  0.03    0.05    2.48 ^ _688_/Y (sky130_fd_sc_hd__inv_2)
     1    0.00                           _049_ (net)
                  0.03    0.00    2.48 ^ _742_/RESET_B (sky130_fd_sc_hd__dfrtp_4)
                                  2.48   data arrival time

                         10.00   10.00   clock clk (rise edge)
                          0.00   10.00   clock source latency
                  0.04    0.03   10.03 ^ clk (in)
     1    0.01                           clk (net)
                  0.04    0.00   10.03 ^ clkbuf_0_clk/A (sky130_fd_sc_hd__clkbuf_16)
                  0.05    0.13   10.15 ^ clkbuf_0_clk/X (sky130_fd_sc_hd__clkbuf_16)
     4    0.03                           clknet_0_clk (net)
                  0.05    0.00   10.15 ^ clkbuf_2_2__f_clk/A (sky130_fd_sc_hd__clkbuf_16)
                  0.05    0.13   10.28 ^ clkbuf_2_2__f_clk/X (sky130_fd_sc_hd__clkbuf_16)
    13    0.02                           clknet_2_2__leaf_clk (net)
                  0.05    0.00   10.28 ^ _742_/CLK (sky130_fd_sc_hd__dfrtp_4)
                         -0.25   10.03   clock uncertainty
                          0.00   10.03   clock reconvergence pessimism
                          0.22   10.25   library recovery time
                                 10.25   data required time
-----------------------------------------------------------------------------
                                 10.25   data required time
                                 -2.48   data arrival time
-----------------------------------------------------------------------------
                                  7.77   slack (MET)


Startpoint: rst (input port clocked by clk)
Endpoint: _724_ (recovery check against rising-edge clock clk)
Path Group: asynchronous
Path Type: max

Fanout     Cap    Slew   Delay    Time   Description
-----------------------------------------------------------------------------
                          0.00    0.00   clock clk (rise edge)
                          0.00    0.00   clock network delay (propagated)
                          2.00    2.00 v input external delay
                  0.01    0.00    2.00 v rst (in)
     1    0.00                           rst (net)
                  0.01    0.00    2.00 v input17/A (sky130_fd_sc_hd__clkbuf_1)
                  0.02    0.07    2.08 v input17/X (sky130_fd_sc_hd__clkbuf_1)
     1    0.00                           net17 (net)
                  0.02    0.00    2.08 v _634_/A (sky130_fd_sc_hd__buf_4)
                  0.06    0.17    2.24 v _634_/X (sky130_fd_sc_hd__buf_4)
     9    0.04                           _341_ (net)
                  0.06    0.00    2.24 v _668_/A (sky130_fd_sc_hd__clkbuf_8)
                  0.06    0.18    2.43 v _668_/X (sky130_fd_sc_hd__clkbuf_8)
    10    0.04                           _345_ (net)
                  0.06    0.00    2.43 v _669_/A (sky130_fd_sc_hd__inv_2)
                  0.03    0.05    2.48 ^ _669_/Y (sky130_fd_sc_hd__inv_2)
     1    0.00                           _031_ (net)
                  0.03    0.00    2.48 ^ _724_/RESET_B (sky130_fd_sc_hd__dfrtp_2)
                                  2.48   data arrival time

                         10.00   10.00   clock clk (rise edge)
                          0.00   10.00   clock source latency
                  0.04    0.03   10.03 ^ clk (in)
     1    0.01                           clk (net)
                  0.04    0.00   10.03 ^ clkbuf_0_clk/A (sky130_fd_sc_hd__clkbuf_16)
                  0.05    0.13   10.15 ^ clkbuf_0_clk/X (sky130_fd_sc_hd__clkbuf_16)
     4    0.03                           clknet_0_clk (net)
                  0.05    0.00   10.15 ^ clkbuf_2_2__f_clk/A (sky130_fd_sc_hd__clkbuf_16)
                  0.05    0.13   10.28 ^ clkbuf_2_2__f_clk/X (sky130_fd_sc_hd__clkbuf_16)
    13    0.02                           clknet_2_2__leaf_clk (net)
                  0.05    0.00   10.28 ^ _724_/CLK (sky130_fd_sc_hd__dfrtp_2)
                         -0.25   10.03   clock uncertainty
                          0.00   10.03   clock reconvergence pessimism
                          0.22   10.26   library recovery time
                                 10.26   data required time
-----------------------------------------------------------------------------
                                 10.26   data required time
                                 -2.48   data arrival time
-----------------------------------------------------------------------------
                                  7.78   slack (MET)


Startpoint: rst (input port clocked by clk)
Endpoint: _743_ (recovery check against rising-edge clock clk)
Path Group: asynchronous
Path Type: max

Fanout     Cap    Slew   Delay    Time   Description
-----------------------------------------------------------------------------
                          0.00    0.00   clock clk (rise edge)
                          0.00    0.00   clock network delay (propagated)
                          2.00    2.00 v input external delay
                  0.01    0.00    2.00 v rst (in)
     1    0.00                           rst (net)
                  0.01    0.00    2.00 v input17/A (sky130_fd_sc_hd__clkbuf_1)
                  0.02    0.07    2.08 v input17/X (sky130_fd_sc_hd__clkbuf_1)
     1    0.00                           net17 (net)
                  0.02    0.00    2.08 v _634_/A (sky130_fd_sc_hd__buf_4)
                  0.06    0.17    2.24 v _634_/X (sky130_fd_sc_hd__buf_4)
     9    0.04                           _341_ (net)
                  0.06    0.00    2.24 v _679_/A (sky130_fd_sc_hd__clkbuf_8)
                  0.06    0.18    2.43 v _679_/X (sky130_fd_sc_hd__clkbuf_8)
    10    0.04                           _346_ (net)
                  0.06    0.00    2.43 v _689_/A (sky130_fd_sc_hd__inv_2)
                  0.03    0.05    2.48 ^ _689_/Y (sky130_fd_sc_hd__inv_2)
     1    0.00                           _050_ (net)
                  0.03    0.00    2.48 ^ _743_/RESET_B (sky130_fd_sc_hd__dfrtp_2)
                                  2.48   data arrival time

                         10.00   10.00   clock clk (rise edge)
                          0.00   10.00   clock source latency
                  0.04    0.03   10.03 ^ clk (in)
     1    0.01                           clk (net)
                  0.04    0.00   10.03 ^ clkbuf_0_clk/A (sky130_fd_sc_hd__clkbuf_16)
                  0.05    0.13   10.15 ^ clkbuf_0_clk/X (sky130_fd_sc_hd__clkbuf_16)
     4    0.03                           clknet_0_clk (net)
                  0.05    0.00   10.15 ^ clkbuf_2_2__f_clk/A (sky130_fd_sc_hd__clkbuf_16)
                  0.05    0.13   10.28 ^ clkbuf_2_2__f_clk/X (sky130_fd_sc_hd__clkbuf_16)
    13    0.02                           clknet_2_2__leaf_clk (net)
                  0.05    0.00   10.28 ^ _743_/CLK (sky130_fd_sc_hd__dfrtp_2)
                         -0.25   10.03   clock uncertainty
                          0.00   10.03   clock reconvergence pessimism
                          0.22   10.26   library recovery time
                                 10.26   data required time
-----------------------------------------------------------------------------
                                 10.26   data required time
                                 -2.48   data arrival time
-----------------------------------------------------------------------------
                                  7.78   slack (MET)


Startpoint: rst (input port clocked by clk)
Endpoint: _699_ (recovery check against rising-edge clock clk)
Path Group: asynchronous
Path Type: max

Fanout     Cap    Slew   Delay    Time   Description
-----------------------------------------------------------------------------
                          0.00    0.00   clock clk (rise edge)
                          0.00    0.00   clock network delay (propagated)
                          2.00    2.00 v input external delay
                  0.01    0.00    2.00 v rst (in)
     1    0.00                           rst (net)
                  0.01    0.00    2.00 v input17/A (sky130_fd_sc_hd__clkbuf_1)
                  0.02    0.07    2.08 v input17/X (sky130_fd_sc_hd__clkbuf_1)
     1    0.00                           net17 (net)
                  0.02    0.00    2.08 v _634_/A (sky130_fd_sc_hd__buf_4)
                  0.06    0.17    2.24 v _634_/X (sky130_fd_sc_hd__buf_4)
     9    0.04                           _341_ (net)
                  0.06    0.00    2.24 v _635_/A (sky130_fd_sc_hd__clkbuf_8)
                  0.06    0.18    2.43 v _635_/X (sky130_fd_sc_hd__clkbuf_8)
    10    0.04                           _342_ (net)
                  0.06    0.00    2.43 v _641_/A (sky130_fd_sc_hd__inv_2)
                  0.03    0.05    2.48 ^ _641_/Y (sky130_fd_sc_hd__inv_2)
     1    0.00                           _006_ (net)
                  0.03    0.00    2.48 ^ _699_/RESET_B (sky130_fd_sc_hd__dfrtp_4)
                                  2.48   data arrival time

                         10.00   10.00   clock clk (rise edge)
                          0.00   10.00   clock source latency
                  0.04    0.03   10.03 ^ clk (in)
     1    0.01                           clk (net)
                  0.04    0.00   10.03 ^ clkbuf_0_clk/A (sky130_fd_sc_hd__clkbuf_16)
                  0.05    0.13   10.15 ^ clkbuf_0_clk/X (sky130_fd_sc_hd__clkbuf_16)
     4    0.03                           clknet_0_clk (net)
                  0.05    0.00   10.15 ^ clkbuf_2_1__f_clk/A (sky130_fd_sc_hd__clkbuf_16)
                  0.05    0.13   10.28 ^ clkbuf_2_1__f_clk/X (sky130_fd_sc_hd__clkbuf_16)
    14    0.03                           clknet_2_1__leaf_clk (net)
                  0.05    0.00   10.28 ^ _699_/CLK (sky130_fd_sc_hd__dfrtp_4)
                         -0.25   10.03   clock uncertainty
                          0.00   10.03   clock reconvergence pessimism
                          0.22   10.26   library recovery time
                                 10.26   data required time
-----------------------------------------------------------------------------
                                 10.26   data required time
                                 -2.48   data arrival time
-----------------------------------------------------------------------------
                                  7.78   slack (MET)


Startpoint: rst (input port clocked by clk)
Endpoint: _731_ (recovery check against rising-edge clock clk)
Path Group: asynchronous
Path Type: max

Fanout     Cap    Slew   Delay    Time   Description
-----------------------------------------------------------------------------
                          0.00    0.00   clock clk (rise edge)
                          0.00    0.00   clock network delay (propagated)
                          2.00    2.00 v input external delay
                  0.01    0.00    2.00 v rst (in)
     1    0.00                           rst (net)
                  0.01    0.00    2.00 v input17/A (sky130_fd_sc_hd__clkbuf_1)
                  0.02    0.07    2.08 v input17/X (sky130_fd_sc_hd__clkbuf_1)
     1    0.00                           net17 (net)
                  0.02    0.00    2.08 v _634_/A (sky130_fd_sc_hd__buf_4)
                  0.06    0.17    2.24 v _634_/X (sky130_fd_sc_hd__buf_4)
     9    0.04                           _341_ (net)
                  0.06    0.00    2.24 v _668_/A (sky130_fd_sc_hd__clkbuf_8)
                  0.06    0.18    2.43 v _668_/X (sky130_fd_sc_hd__clkbuf_8)
    10    0.04                           _345_ (net)
                  0.06    0.00    2.43 v _676_/A (sky130_fd_sc_hd__inv_2)
                  0.03    0.05    2.48 ^ _676_/Y (sky130_fd_sc_hd__inv_2)
     1    0.00                           _038_ (net)
                  0.03    0.00    2.48 ^ _731_/RESET_B (sky130_fd_sc_hd__dfrtp_4)
                                  2.48   data arrival time

                         10.00   10.00   clock clk (rise edge)
                          0.00   10.00   clock source latency
                  0.04    0.03   10.03 ^ clk (in)
     1    0.01                           clk (net)
                  0.04    0.00   10.03 ^ clkbuf_0_clk/A (sky130_fd_sc_hd__clkbuf_16)
                  0.05    0.13   10.15 ^ clkbuf_0_clk/X (sky130_fd_sc_hd__clkbuf_16)
     4    0.03                           clknet_0_clk (net)
                  0.05    0.00   10.15 ^ clkbuf_2_1__f_clk/A (sky130_fd_sc_hd__clkbuf_16)
                  0.05    0.13   10.28 ^ clkbuf_2_1__f_clk/X (sky130_fd_sc_hd__clkbuf_16)
    14    0.03                           clknet_2_1__leaf_clk (net)
                  0.05    0.00   10.28 ^ _731_/CLK (sky130_fd_sc_hd__dfrtp_4)
                         -0.25   10.03   clock uncertainty
                          0.00   10.03   clock reconvergence pessimism
                          0.22   10.26   library recovery time
                                 10.26   data required time
-----------------------------------------------------------------------------
                                 10.26   data required time
                                 -2.48   data arrival time
-----------------------------------------------------------------------------
                                  7.78   slack (MET)


Startpoint: rst (input port clocked by clk)
Endpoint: _736_ (recovery check against rising-edge clock clk)
Path Group: asynchronous
Path Type: max

Fanout     Cap    Slew   Delay    Time   Description
-----------------------------------------------------------------------------
                          0.00    0.00   clock clk (rise edge)
                          0.00    0.00   clock network delay (propagated)
                          2.00    2.00 v input external delay
                  0.01    0.00    2.00 v rst (in)
     1    0.00                           rst (net)
                  0.01    0.00    2.00 v input17/A (sky130_fd_sc_hd__clkbuf_1)
                  0.02    0.07    2.08 v input17/X (sky130_fd_sc_hd__clkbuf_1)
     1    0.00                           net17 (net)
                  0.02    0.00    2.08 v _634_/A (sky130_fd_sc_hd__buf_4)
                  0.06    0.17    2.24 v _634_/X (sky130_fd_sc_hd__buf_4)
     9    0.04                           _341_ (net)
                  0.06    0.00    2.24 v _679_/A (sky130_fd_sc_hd__clkbuf_8)
                  0.06    0.18    2.43 v _679_/X (sky130_fd_sc_hd__clkbuf_8)
    10    0.04                           _346_ (net)
                  0.06    0.00    2.43 v _682_/A (sky130_fd_sc_hd__inv_2)
                  0.03    0.05    2.48 ^ _682_/Y (sky130_fd_sc_hd__inv_2)
     1    0.00                           _043_ (net)
                  0.03    0.00    2.48 ^ _736_/RESET_B (sky130_fd_sc_hd__dfrtp_2)
                                  2.48   data arrival time

                         10.00   10.00   clock clk (rise edge)
                          0.00   10.00   clock source latency
                  0.04    0.03   10.03 ^ clk (in)
     1    0.01                           clk (net)
                  0.04    0.00   10.03 ^ clkbuf_0_clk/A (sky130_fd_sc_hd__clkbuf_16)
                  0.05    0.13   10.15 ^ clkbuf_0_clk/X (sky130_fd_sc_hd__clkbuf_16)
     4    0.03                           clknet_0_clk (net)
                  0.05    0.00   10.15 ^ clkbuf_2_1__f_clk/A (sky130_fd_sc_hd__clkbuf_16)
                  0.05    0.13   10.28 ^ clkbuf_2_1__f_clk/X (sky130_fd_sc_hd__clkbuf_16)
    14    0.03                           clknet_2_1__leaf_clk (net)
                  0.05    0.00   10.28 ^ _736_/CLK (sky130_fd_sc_hd__dfrtp_2)
                         -0.25   10.03   clock uncertainty
                          0.00   10.03   clock reconvergence pessimism
                          0.23   10.26   library recovery time
                                 10.26   data required time
-----------------------------------------------------------------------------
                                 10.26   data required time
                                 -2.48   data arrival time
-----------------------------------------------------------------------------
                                  7.78   slack (MET)


Startpoint: rst (input port clocked by clk)
Endpoint: _737_ (recovery check against rising-edge clock clk)
Path Group: asynchronous
Path Type: max

Fanout     Cap    Slew   Delay    Time   Description
-----------------------------------------------------------------------------
                          0.00    0.00   clock clk (rise edge)
                          0.00    0.00   clock network delay (propagated)
                          2.00    2.00 v input external delay
                  0.01    0.00    2.00 v rst (in)
     1    0.00                           rst (net)
                  0.01    0.00    2.00 v input17/A (sky130_fd_sc_hd__clkbuf_1)
                  0.02    0.07    2.08 v input17/X (sky130_fd_sc_hd__clkbuf_1)
     1    0.00                           net17 (net)
                  0.02    0.00    2.08 v _634_/A (sky130_fd_sc_hd__buf_4)
                  0.06    0.17    2.24 v _634_/X (sky130_fd_sc_hd__buf_4)
     9    0.04                           _341_ (net)
                  0.06    0.00    2.24 v _679_/A (sky130_fd_sc_hd__clkbuf_8)
                  0.06    0.18    2.43 v _679_/X (sky130_fd_sc_hd__clkbuf_8)
    10    0.04                           _346_ (net)
                  0.06    0.00    2.43 v _683_/A (sky130_fd_sc_hd__inv_2)
                  0.03    0.05    2.48 ^ _683_/Y (sky130_fd_sc_hd__inv_2)
     1    0.00                           _044_ (net)
                  0.03    0.00    2.48 ^ _737_/RESET_B (sky130_fd_sc_hd__dfrtp_2)
                                  2.48   data arrival time

                         10.00   10.00   clock clk (rise edge)
                          0.00   10.00   clock source latency
                  0.04    0.03   10.03 ^ clk (in)
     1    0.01                           clk (net)
                  0.04    0.00   10.03 ^ clkbuf_0_clk/A (sky130_fd_sc_hd__clkbuf_16)
                  0.05    0.13   10.15 ^ clkbuf_0_clk/X (sky130_fd_sc_hd__clkbuf_16)
     4    0.03                           clknet_0_clk (net)
                  0.05    0.00   10.15 ^ clkbuf_2_1__f_clk/A (sky130_fd_sc_hd__clkbuf_16)
                  0.05    0.13   10.28 ^ clkbuf_2_1__f_clk/X (sky130_fd_sc_hd__clkbuf_16)
    14    0.03                           clknet_2_1__leaf_clk (net)
                  0.05    0.00   10.28 ^ _737_/CLK (sky130_fd_sc_hd__dfrtp_2)
                         -0.25   10.03   clock uncertainty
                          0.00   10.03   clock reconvergence pessimism
                          0.23   10.26   library recovery time
                                 10.26   data required time
-----------------------------------------------------------------------------
                                 10.26   data required time
                                 -2.48   data arrival time
-----------------------------------------------------------------------------
                                  7.78   slack (MET)


Startpoint: rst (input port clocked by clk)
Endpoint: _738_ (recovery check against rising-edge clock clk)
Path Group: asynchronous
Path Type: max

Fanout     Cap    Slew   Delay    Time   Description
-----------------------------------------------------------------------------
                          0.00    0.00   clock clk (rise edge)
                          0.00    0.00   clock network delay (propagated)
                          2.00    2.00 v input external delay
                  0.01    0.00    2.00 v rst (in)
     1    0.00                           rst (net)
                  0.01    0.00    2.00 v input17/A (sky130_fd_sc_hd__clkbuf_1)
                  0.02    0.07    2.08 v input17/X (sky130_fd_sc_hd__clkbuf_1)
     1    0.00                           net17 (net)
                  0.02    0.00    2.08 v _634_/A (sky130_fd_sc_hd__buf_4)
                  0.06    0.17    2.24 v _634_/X (sky130_fd_sc_hd__buf_4)
     9    0.04                           _341_ (net)
                  0.06    0.00    2.24 v _679_/A (sky130_fd_sc_hd__clkbuf_8)
                  0.06    0.18    2.43 v _679_/X (sky130_fd_sc_hd__clkbuf_8)
    10    0.04                           _346_ (net)
                  0.06    0.00    2.43 v _684_/A (sky130_fd_sc_hd__inv_2)
                  0.03    0.05    2.48 ^ _684_/Y (sky130_fd_sc_hd__inv_2)
     1    0.00                           _045_ (net)
                  0.03    0.00    2.48 ^ _738_/RESET_B (sky130_fd_sc_hd__dfrtp_2)
                                  2.48   data arrival time

                         10.00   10.00   clock clk (rise edge)
                          0.00   10.00   clock source latency
                  0.04    0.03   10.03 ^ clk (in)
     1    0.01                           clk (net)
                  0.04    0.00   10.03 ^ clkbuf_0_clk/A (sky130_fd_sc_hd__clkbuf_16)
                  0.05    0.13   10.15 ^ clkbuf_0_clk/X (sky130_fd_sc_hd__clkbuf_16)
     4    0.03                           clknet_0_clk (net)
                  0.05    0.00   10.15 ^ clkbuf_2_1__f_clk/A (sky130_fd_sc_hd__clkbuf_16)
                  0.05    0.13   10.28 ^ clkbuf_2_1__f_clk/X (sky130_fd_sc_hd__clkbuf_16)
    14    0.03                           clknet_2_1__leaf_clk (net)
                  0.05    0.00   10.28 ^ _738_/CLK (sky130_fd_sc_hd__dfrtp_2)
                         -0.25   10.03   clock uncertainty
                          0.00   10.03   clock reconvergence pessimism
                          0.23   10.26   library recovery time
                                 10.26   data required time
-----------------------------------------------------------------------------
                                 10.26   data required time
                                 -2.48   data arrival time
-----------------------------------------------------------------------------
                                  7.78   slack (MET)


Startpoint: rst (input port clocked by clk)
Endpoint: _725_ (recovery check against rising-edge clock clk)
Path Group: asynchronous
Path Type: max

Fanout     Cap    Slew   Delay    Time   Description
-----------------------------------------------------------------------------
                          0.00    0.00   clock clk (rise edge)
                          0.00    0.00   clock network delay (propagated)
                          2.00    2.00 v input external delay
                  0.01    0.00    2.00 v rst (in)
     1    0.00                           rst (net)
                  0.01    0.00    2.00 v input17/A (sky130_fd_sc_hd__clkbuf_1)
                  0.02    0.07    2.08 v input17/X (sky130_fd_sc_hd__clkbuf_1)
     1    0.00                           net17 (net)
                  0.02    0.00    2.08 v _634_/A (sky130_fd_sc_hd__buf_4)
                  0.06    0.17    2.24 v _634_/X (sky130_fd_sc_hd__buf_4)
     9    0.04                           _341_ (net)
                  0.06    0.00    2.24 v _668_/A (sky130_fd_sc_hd__clkbuf_8)
                  0.06    0.18    2.43 v _668_/X (sky130_fd_sc_hd__clkbuf_8)
    10    0.04                           _345_ (net)
                  0.06    0.00    2.43 v _670_/A (sky130_fd_sc_hd__inv_2)
                  0.03    0.05    2.48 ^ _670_/Y (sky130_fd_sc_hd__inv_2)
     1    0.00                           _032_ (net)
                  0.03    0.00    2.48 ^ _725_/RESET_B (sky130_fd_sc_hd__dfrtp_4)
                                  2.48   data arrival time

                         10.00   10.00   clock clk (rise edge)
                          0.00   10.00   clock source latency
                  0.04    0.03   10.03 ^ clk (in)
     1    0.01                           clk (net)
                  0.04    0.00   10.03 ^ clkbuf_0_clk/A (sky130_fd_sc_hd__clkbuf_16)
                  0.05    0.13   10.15 ^ clkbuf_0_clk/X (sky130_fd_sc_hd__clkbuf_16)
     4    0.03                           clknet_0_clk (net)
                  0.05    0.00   10.15 ^ clkbuf_2_0__f_clk/A (sky130_fd_sc_hd__clkbuf_16)
                  0.05    0.13   10.28 ^ clkbuf_2_0__f_clk/X (sky130_fd_sc_hd__clkbuf_16)
    15    0.03                           clknet_2_0__leaf_clk (net)
                  0.05    0.00   10.28 ^ _725_/CLK (sky130_fd_sc_hd__dfrtp_4)
                         -0.25   10.03   clock uncertainty
                          0.00   10.03   clock reconvergence pessimism
                          0.22   10.26   library recovery time
                                 10.26   data required time
-----------------------------------------------------------------------------
                                 10.26   data required time
                                 -2.48   data arrival time
-----------------------------------------------------------------------------
                                  7.78   slack (MET)


Startpoint: rst (input port clocked by clk)
Endpoint: _727_ (recovery check against rising-edge clock clk)
Path Group: asynchronous
Path Type: max

Fanout     Cap    Slew   Delay    Time   Description
-----------------------------------------------------------------------------
                          0.00    0.00   clock clk (rise edge)
                          0.00    0.00   clock network delay (propagated)
                          2.00    2.00 v input external delay
                  0.01    0.00    2.00 v rst (in)
     1    0.00                           rst (net)
                  0.01    0.00    2.00 v input17/A (sky130_fd_sc_hd__clkbuf_1)
                  0.02    0.07    2.08 v input17/X (sky130_fd_sc_hd__clkbuf_1)
     1    0.00                           net17 (net)
                  0.02    0.00    2.08 v _634_/A (sky130_fd_sc_hd__buf_4)
                  0.06    0.17    2.24 v _634_/X (sky130_fd_sc_hd__buf_4)
     9    0.04                           _341_ (net)
                  0.06    0.00    2.24 v _668_/A (sky130_fd_sc_hd__clkbuf_8)
                  0.06    0.18    2.43 v _668_/X (sky130_fd_sc_hd__clkbuf_8)
    10    0.04                           _345_ (net)
                  0.06    0.00    2.43 v _672_/A (sky130_fd_sc_hd__inv_2)
                  0.03    0.05    2.48 ^ _672_/Y (sky130_fd_sc_hd__inv_2)
     1    0.00                           _034_ (net)
                  0.03    0.00    2.48 ^ _727_/RESET_B (sky130_fd_sc_hd__dfrtp_4)
                                  2.48   data arrival time

                         10.00   10.00   clock clk (rise edge)
                          0.00   10.00   clock source latency
                  0.04    0.03   10.03 ^ clk (in)
     1    0.01                           clk (net)
                  0.04    0.00   10.03 ^ clkbuf_0_clk/A (sky130_fd_sc_hd__clkbuf_16)
                  0.05    0.13   10.15 ^ clkbuf_0_clk/X (sky130_fd_sc_hd__clkbuf_16)
     4    0.03                           clknet_0_clk (net)
                  0.05    0.00   10.15 ^ clkbuf_2_0__f_clk/A (sky130_fd_sc_hd__clkbuf_16)
                  0.05    0.13   10.28 ^ clkbuf_2_0__f_clk/X (sky130_fd_sc_hd__clkbuf_16)
    15    0.03                           clknet_2_0__leaf_clk (net)
                  0.05    0.00   10.28 ^ _727_/CLK (sky130_fd_sc_hd__dfrtp_4)
                         -0.25   10.03   clock uncertainty
                          0.00   10.03   clock reconvergence pessimism
                          0.22   10.26   library recovery time
                                 10.26   data required time
-----------------------------------------------------------------------------
                                 10.26   data required time
                                 -2.48   data arrival time
-----------------------------------------------------------------------------
                                  7.78   slack (MET)


Startpoint: rst (input port clocked by clk)
Endpoint: _729_ (recovery check against rising-edge clock clk)
Path Group: asynchronous
Path Type: max

Fanout     Cap    Slew   Delay    Time   Description
-----------------------------------------------------------------------------
                          0.00    0.00   clock clk (rise edge)
                          0.00    0.00   clock network delay (propagated)
                          2.00    2.00 v input external delay
                  0.01    0.00    2.00 v rst (in)
     1    0.00                           rst (net)
                  0.01    0.00    2.00 v input17/A (sky130_fd_sc_hd__clkbuf_1)
                  0.02    0.07    2.08 v input17/X (sky130_fd_sc_hd__clkbuf_1)
     1    0.00                           net17 (net)
                  0.02    0.00    2.08 v _634_/A (sky130_fd_sc_hd__buf_4)
                  0.06    0.17    2.24 v _634_/X (sky130_fd_sc_hd__buf_4)
     9    0.04                           _341_ (net)
                  0.06    0.00    2.24 v _668_/A (sky130_fd_sc_hd__clkbuf_8)
                  0.06    0.18    2.43 v _668_/X (sky130_fd_sc_hd__clkbuf_8)
    10    0.04                           _345_ (net)
                  0.06    0.00    2.43 v _674_/A (sky130_fd_sc_hd__inv_2)
                  0.03    0.05    2.48 ^ _674_/Y (sky130_fd_sc_hd__inv_2)
     1    0.00                           _036_ (net)
                  0.03    0.00    2.48 ^ _729_/RESET_B (sky130_fd_sc_hd__dfrtp_4)
                                  2.48   data arrival time

                         10.00   10.00   clock clk (rise edge)
                          0.00   10.00   clock source latency
                  0.04    0.03   10.03 ^ clk (in)
     1    0.01                           clk (net)
                  0.04    0.00   10.03 ^ clkbuf_0_clk/A (sky130_fd_sc_hd__clkbuf_16)
                  0.05    0.13   10.15 ^ clkbuf_0_clk/X (sky130_fd_sc_hd__clkbuf_16)
     4    0.03                           clknet_0_clk (net)
                  0.05    0.00   10.15 ^ clkbuf_2_0__f_clk/A (sky130_fd_sc_hd__clkbuf_16)
                  0.05    0.13   10.28 ^ clkbuf_2_0__f_clk/X (sky130_fd_sc_hd__clkbuf_16)
    15    0.03                           clknet_2_0__leaf_clk (net)
                  0.05    0.00   10.28 ^ _729_/CLK (sky130_fd_sc_hd__dfrtp_4)
                         -0.25   10.03   clock uncertainty
                          0.00   10.03   clock reconvergence pessimism
                          0.22   10.26   library recovery time
                                 10.26   data required time
-----------------------------------------------------------------------------
                                 10.26   data required time
                                 -2.48   data arrival time
-----------------------------------------------------------------------------
                                  7.78   slack (MET)


Startpoint: rst (input port clocked by clk)
Endpoint: _730_ (recovery check against rising-edge clock clk)
Path Group: asynchronous
Path Type: max

Fanout     Cap    Slew   Delay    Time   Description
-----------------------------------------------------------------------------
                          0.00    0.00   clock clk (rise edge)
                          0.00    0.00   clock network delay (propagated)
                          2.00    2.00 v input external delay
                  0.01    0.00    2.00 v rst (in)
     1    0.00                           rst (net)
                  0.01    0.00    2.00 v input17/A (sky130_fd_sc_hd__clkbuf_1)
                  0.02    0.07    2.08 v input17/X (sky130_fd_sc_hd__clkbuf_1)
     1    0.00                           net17 (net)
                  0.02    0.00    2.08 v _634_/A (sky130_fd_sc_hd__buf_4)
                  0.06    0.17    2.24 v _634_/X (sky130_fd_sc_hd__buf_4)
     9    0.04                           _341_ (net)
                  0.06    0.00    2.24 v _668_/A (sky130_fd_sc_hd__clkbuf_8)
                  0.06    0.18    2.43 v _668_/X (sky130_fd_sc_hd__clkbuf_8)
    10    0.04                           _345_ (net)
                  0.06    0.00    2.43 v _675_/A (sky130_fd_sc_hd__inv_2)
                  0.03    0.05    2.48 ^ _675_/Y (sky130_fd_sc_hd__inv_2)
     1    0.00                           _037_ (net)
                  0.03    0.00    2.48 ^ _730_/RESET_B (sky130_fd_sc_hd__dfrtp_4)
                                  2.48   data arrival time

                         10.00   10.00   clock clk (rise edge)
                          0.00   10.00   clock source latency
                  0.04    0.03   10.03 ^ clk (in)
     1    0.01                           clk (net)
                  0.04    0.00   10.03 ^ clkbuf_0_clk/A (sky130_fd_sc_hd__clkbuf_16)
                  0.05    0.13   10.15 ^ clkbuf_0_clk/X (sky130_fd_sc_hd__clkbuf_16)
     4    0.03                           clknet_0_clk (net)
                  0.05    0.00   10.15 ^ clkbuf_2_0__f_clk/A (sky130_fd_sc_hd__clkbuf_16)
                  0.05    0.13   10.28 ^ clkbuf_2_0__f_clk/X (sky130_fd_sc_hd__clkbuf_16)
    15    0.03                           clknet_2_0__leaf_clk (net)
                  0.05    0.00   10.28 ^ _730_/CLK (sky130_fd_sc_hd__dfrtp_4)
                         -0.25   10.03   clock uncertainty
                          0.00   10.03   clock reconvergence pessimism
                          0.22   10.26   library recovery time
                                 10.26   data required time
-----------------------------------------------------------------------------
                                 10.26   data required time
                                 -2.48   data arrival time
-----------------------------------------------------------------------------
                                  7.78   slack (MET)


Startpoint: rst (input port clocked by clk)
Endpoint: _726_ (recovery check against rising-edge clock clk)
Path Group: asynchronous
Path Type: max

Fanout     Cap    Slew   Delay    Time   Description
-----------------------------------------------------------------------------
                          0.00    0.00   clock clk (rise edge)
                          0.00    0.00   clock network delay (propagated)
                          2.00    2.00 v input external delay
                  0.01    0.00    2.00 v rst (in)
     1    0.00                           rst (net)
                  0.01    0.00    2.00 v input17/A (sky130_fd_sc_hd__clkbuf_1)
                  0.02    0.07    2.08 v input17/X (sky130_fd_sc_hd__clkbuf_1)
     1    0.00                           net17 (net)
                  0.02    0.00    2.08 v _634_/A (sky130_fd_sc_hd__buf_4)
                  0.06    0.17    2.24 v _634_/X (sky130_fd_sc_hd__buf_4)
     9    0.04                           _341_ (net)
                  0.06    0.00    2.24 v _668_/A (sky130_fd_sc_hd__clkbuf_8)
                  0.06    0.18    2.43 v _668_/X (sky130_fd_sc_hd__clkbuf_8)
    10    0.04                           _345_ (net)
                  0.06    0.00    2.43 v _671_/A (sky130_fd_sc_hd__inv_2)
                  0.03    0.05    2.48 ^ _671_/Y (sky130_fd_sc_hd__inv_2)
     1    0.00                           _033_ (net)
                  0.03    0.00    2.48 ^ _726_/RESET_B (sky130_fd_sc_hd__dfrtp_2)
                                  2.48   data arrival time

                         10.00   10.00   clock clk (rise edge)
                          0.00   10.00   clock source latency
                  0.04    0.03   10.03 ^ clk (in)
     1    0.01                           clk (net)
                  0.04    0.00   10.03 ^ clkbuf_0_clk/A (sky130_fd_sc_hd__clkbuf_16)
                  0.05    0.13   10.15 ^ clkbuf_0_clk/X (sky130_fd_sc_hd__clkbuf_16)
     4    0.03                           clknet_0_clk (net)
                  0.05    0.00   10.15 ^ clkbuf_2_0__f_clk/A (sky130_fd_sc_hd__clkbuf_16)
                  0.05    0.13   10.28 ^ clkbuf_2_0__f_clk/X (sky130_fd_sc_hd__clkbuf_16)
    15    0.03                           clknet_2_0__leaf_clk (net)
                  0.05    0.00   10.28 ^ _726_/CLK (sky130_fd_sc_hd__dfrtp_2)
                         -0.25   10.03   clock uncertainty
                          0.00   10.03   clock reconvergence pessimism
                          0.23   10.26   library recovery time
                                 10.26   data required time
-----------------------------------------------------------------------------
                                 10.26   data required time
                                 -2.48   data arrival time
-----------------------------------------------------------------------------
                                  7.78   slack (MET)


Startpoint: rst (input port clocked by clk)
Endpoint: _696_ (recovery check against rising-edge clock clk)
Path Group: asynchronous
Path Type: max

Fanout     Cap    Slew   Delay    Time   Description
-----------------------------------------------------------------------------
                          0.00    0.00   clock clk (rise edge)
                          0.00    0.00   clock network delay (propagated)
                          2.00    2.00 v input external delay
                  0.01    0.00    2.00 v rst (in)
     1    0.00                           rst (net)
                  0.01    0.00    2.00 v input17/A (sky130_fd_sc_hd__clkbuf_1)
                  0.02    0.07    2.08 v input17/X (sky130_fd_sc_hd__clkbuf_1)
     1    0.00                           net17 (net)
                  0.02    0.00    2.08 v _634_/A (sky130_fd_sc_hd__buf_4)
                  0.06    0.17    2.24 v _634_/X (sky130_fd_sc_hd__buf_4)
     9    0.04                           _341_ (net)
                  0.06    0.00    2.24 v _635_/A (sky130_fd_sc_hd__clkbuf_8)
                  0.06    0.18    2.43 v _635_/X (sky130_fd_sc_hd__clkbuf_8)
    10    0.04                           _342_ (net)
                  0.06    0.00    2.43 v _638_/A (sky130_fd_sc_hd__inv_2)
                  0.03    0.05    2.48 ^ _638_/Y (sky130_fd_sc_hd__inv_2)
     1    0.00                           _003_ (net)
                  0.03    0.00    2.48 ^ _696_/RESET_B (sky130_fd_sc_hd__dfrtp_1)
                                  2.48   data arrival time

                         10.00   10.00   clock clk (rise edge)
                          0.00   10.00   clock source latency
                  0.04    0.03   10.03 ^ clk (in)
     1    0.01                           clk (net)
                  0.04    0.00   10.03 ^ clkbuf_0_clk/A (sky130_fd_sc_hd__clkbuf_16)
                  0.05    0.13   10.15 ^ clkbuf_0_clk/X (sky130_fd_sc_hd__clkbuf_16)
     4    0.03                           clknet_0_clk (net)
                  0.05    0.00   10.15 ^ clkbuf_2_3__f_clk/A (sky130_fd_sc_hd__clkbuf_16)
                  0.05    0.12   10.28 ^ clkbuf_2_3__f_clk/X (sky130_fd_sc_hd__clkbuf_16)
    12    0.02                           clknet_2_3__leaf_clk (net)
                  0.05    0.00   10.28 ^ _696_/CLK (sky130_fd_sc_hd__dfrtp_1)
                         -0.25   10.03   clock uncertainty
                          0.00   10.03   clock reconvergence pessimism
                          0.23   10.26   library recovery time
                                 10.26   data required time
-----------------------------------------------------------------------------
                                 10.26   data required time
                                 -2.48   data arrival time
-----------------------------------------------------------------------------
                                  7.78   slack (MET)


Startpoint: rst (input port clocked by clk)
Endpoint: _697_ (recovery check against rising-edge clock clk)
Path Group: asynchronous
Path Type: max

Fanout     Cap    Slew   Delay    Time   Description
-----------------------------------------------------------------------------
                          0.00    0.00   clock clk (rise edge)
                          0.00    0.00   clock network delay (propagated)
                          2.00    2.00 v input external delay
                  0.01    0.00    2.00 v rst (in)
     1    0.00                           rst (net)
                  0.01    0.00    2.00 v input17/A (sky130_fd_sc_hd__clkbuf_1)
                  0.02    0.07    2.08 v input17/X (sky130_fd_sc_hd__clkbuf_1)
     1    0.00                           net17 (net)
                  0.02    0.00    2.08 v _634_/A (sky130_fd_sc_hd__buf_4)
                  0.06    0.17    2.24 v _634_/X (sky130_fd_sc_hd__buf_4)
     9    0.04                           _341_ (net)
                  0.06    0.00    2.24 v _635_/A (sky130_fd_sc_hd__clkbuf_8)
                  0.06    0.18    2.43 v _635_/X (sky130_fd_sc_hd__clkbuf_8)
    10    0.04                           _342_ (net)
                  0.06    0.00    2.43 v _639_/A (sky130_fd_sc_hd__inv_2)
                  0.03    0.05    2.48 ^ _639_/Y (sky130_fd_sc_hd__inv_2)
     1    0.00                           _004_ (net)
                  0.03    0.00    2.48 ^ _697_/RESET_B (sky130_fd_sc_hd__dfrtp_1)
                                  2.48   data arrival time

                         10.00   10.00   clock clk (rise edge)
                          0.00   10.00   clock source latency
                  0.04    0.03   10.03 ^ clk (in)
     1    0.01                           clk (net)
                  0.04    0.00   10.03 ^ clkbuf_0_clk/A (sky130_fd_sc_hd__clkbuf_16)
                  0.05    0.13   10.15 ^ clkbuf_0_clk/X (sky130_fd_sc_hd__clkbuf_16)
     4    0.03                           clknet_0_clk (net)
                  0.05    0.00   10.15 ^ clkbuf_2_3__f_clk/A (sky130_fd_sc_hd__clkbuf_16)
                  0.05    0.12   10.28 ^ clkbuf_2_3__f_clk/X (sky130_fd_sc_hd__clkbuf_16)
    12    0.02                           clknet_2_3__leaf_clk (net)
                  0.05    0.00   10.28 ^ _697_/CLK (sky130_fd_sc_hd__dfrtp_1)
                         -0.25   10.03   clock uncertainty
                          0.00   10.03   clock reconvergence pessimism
                          0.23   10.26   library recovery time
                                 10.26   data required time
-----------------------------------------------------------------------------
                                 10.26   data required time
                                 -2.48   data arrival time
-----------------------------------------------------------------------------
                                  7.78   slack (MET)


Startpoint: rst (input port clocked by clk)
Endpoint: _700_ (recovery check against rising-edge clock clk)
Path Group: asynchronous
Path Type: max

Fanout     Cap    Slew   Delay    Time   Description
-----------------------------------------------------------------------------
                          0.00    0.00   clock clk (rise edge)
                          0.00    0.00   clock network delay (propagated)
                          2.00    2.00 v input external delay
                  0.01    0.00    2.00 v rst (in)
     1    0.00                           rst (net)
                  0.01    0.00    2.00 v input17/A (sky130_fd_sc_hd__clkbuf_1)
                  0.02    0.07    2.08 v input17/X (sky130_fd_sc_hd__clkbuf_1)
     1    0.00                           net17 (net)
                  0.02    0.00    2.08 v _634_/A (sky130_fd_sc_hd__buf_4)
                  0.06    0.17    2.24 v _634_/X (sky130_fd_sc_hd__buf_4)
     9    0.04                           _341_ (net)
                  0.06    0.00    2.24 v _635_/A (sky130_fd_sc_hd__clkbuf_8)
                  0.06    0.18    2.43 v _635_/X (sky130_fd_sc_hd__clkbuf_8)
    10    0.04                           _342_ (net)
                  0.06    0.00    2.43 v _642_/A (sky130_fd_sc_hd__inv_2)
                  0.03    0.05    2.48 ^ _642_/Y (sky130_fd_sc_hd__inv_2)
     1    0.00                           _007_ (net)
                  0.03    0.00    2.48 ^ _700_/RESET_B (sky130_fd_sc_hd__dfrtp_1)
                                  2.48   data arrival time

                         10.00   10.00   clock clk (rise edge)
                          0.00   10.00   clock source latency
                  0.04    0.03   10.03 ^ clk (in)
     1    0.01                           clk (net)
                  0.04    0.00   10.03 ^ clkbuf_0_clk/A (sky130_fd_sc_hd__clkbuf_16)
                  0.05    0.13   10.15 ^ clkbuf_0_clk/X (sky130_fd_sc_hd__clkbuf_16)
     4    0.03                           clknet_0_clk (net)
                  0.05    0.00   10.15 ^ clkbuf_2_3__f_clk/A (sky130_fd_sc_hd__clkbuf_16)
                  0.05    0.12   10.28 ^ clkbuf_2_3__f_clk/X (sky130_fd_sc_hd__clkbuf_16)
    12    0.02                           clknet_2_3__leaf_clk (net)
                  0.05    0.00   10.28 ^ _700_/CLK (sky130_fd_sc_hd__dfrtp_1)
                         -0.25   10.03   clock uncertainty
                          0.00   10.03   clock reconvergence pessimism
                          0.23   10.26   library recovery time
                                 10.26   data required time
-----------------------------------------------------------------------------
                                 10.26   data required time
                                 -2.48   data arrival time
-----------------------------------------------------------------------------
                                  7.78   slack (MET)


Startpoint: rst (input port clocked by clk)
Endpoint: _713_ (recovery check against rising-edge clock clk)
Path Group: asynchronous
Path Type: max

Fanout     Cap    Slew   Delay    Time   Description
-----------------------------------------------------------------------------
                          0.00    0.00   clock clk (rise edge)
                          0.00    0.00   clock network delay (propagated)
                          2.00    2.00 v input external delay
                  0.01    0.00    2.00 v rst (in)
     1    0.00                           rst (net)
                  0.01    0.00    2.00 v input17/A (sky130_fd_sc_hd__clkbuf_1)
                  0.02    0.07    2.08 v input17/X (sky130_fd_sc_hd__clkbuf_1)
     1    0.00                           net17 (net)
                  0.02    0.00    2.08 v _634_/A (sky130_fd_sc_hd__buf_4)
                  0.06    0.17    2.24 v _634_/X (sky130_fd_sc_hd__buf_4)
     9    0.04                           _341_ (net)
                  0.06    0.00    2.24 v _646_/A (sky130_fd_sc_hd__clkbuf_8)
                  0.06    0.18    2.43 v _646_/X (sky130_fd_sc_hd__clkbuf_8)
    10    0.04                           _343_ (net)
                  0.06    0.00    2.43 v _656_/A (sky130_fd_sc_hd__inv_2)
                  0.03    0.05    2.48 ^ _656_/Y (sky130_fd_sc_hd__inv_2)
     1    0.00                           _020_ (net)
                  0.03    0.00    2.48 ^ _713_/RESET_B (sky130_fd_sc_hd__dfrtp_1)
                                  2.48   data arrival time

                         10.00   10.00   clock clk (rise edge)
                          0.00   10.00   clock source latency
                  0.04    0.03   10.03 ^ clk (in)
     1    0.01                           clk (net)
                  0.04    0.00   10.03 ^ clkbuf_0_clk/A (sky130_fd_sc_hd__clkbuf_16)
                  0.05    0.13   10.15 ^ clkbuf_0_clk/X (sky130_fd_sc_hd__clkbuf_16)
     4    0.03                           clknet_0_clk (net)
                  0.05    0.00   10.15 ^ clkbuf_2_3__f_clk/A (sky130_fd_sc_hd__clkbuf_16)
                  0.05    0.12   10.28 ^ clkbuf_2_3__f_clk/X (sky130_fd_sc_hd__clkbuf_16)
    12    0.02                           clknet_2_3__leaf_clk (net)
                  0.05    0.00   10.28 ^ _713_/CLK (sky130_fd_sc_hd__dfrtp_1)
                         -0.25   10.03   clock uncertainty
                          0.00   10.03   clock reconvergence pessimism
                          0.23   10.26   library recovery time
                                 10.26   data required time
-----------------------------------------------------------------------------
                                 10.26   data required time
                                 -2.48   data arrival time
-----------------------------------------------------------------------------
                                  7.78   slack (MET)


Startpoint: rst (input port clocked by clk)
Endpoint: _701_ (recovery check against rising-edge clock clk)
Path Group: asynchronous
Path Type: max

Fanout     Cap    Slew   Delay    Time   Description
-----------------------------------------------------------------------------
                          0.00    0.00   clock clk (rise edge)
                          0.00    0.00   clock network delay (propagated)
                          2.00    2.00 v input external delay
                  0.01    0.00    2.00 v rst (in)
     1    0.00                           rst (net)
                  0.01    0.00    2.00 v input17/A (sky130_fd_sc_hd__clkbuf_1)
                  0.02    0.07    2.08 v input17/X (sky130_fd_sc_hd__clkbuf_1)
     1    0.00                           net17 (net)
                  0.02    0.00    2.08 v _634_/A (sky130_fd_sc_hd__buf_4)
                  0.06    0.17    2.24 v _634_/X (sky130_fd_sc_hd__buf_4)
     9    0.04                           _341_ (net)
                  0.06    0.00    2.24 v _635_/A (sky130_fd_sc_hd__clkbuf_8)
                  0.06    0.18    2.43 v _635_/X (sky130_fd_sc_hd__clkbuf_8)
    10    0.04                           _342_ (net)
                  0.06    0.00    2.43 v _643_/A (sky130_fd_sc_hd__inv_2)
                  0.03    0.05    2.48 ^ _643_/Y (sky130_fd_sc_hd__inv_2)
     1    0.00                           _008_ (net)
                  0.03    0.00    2.48 ^ _701_/RESET_B (sky130_fd_sc_hd__dfrtp_1)
                                  2.48   data arrival time

                         10.00   10.00   clock clk (rise edge)
                          0.00   10.00   clock source latency
                  0.04    0.03   10.03 ^ clk (in)
     1    0.01                           clk (net)
                  0.04    0.00   10.03 ^ clkbuf_0_clk/A (sky130_fd_sc_hd__clkbuf_16)
                  0.05    0.13   10.15 ^ clkbuf_0_clk/X (sky130_fd_sc_hd__clkbuf_16)
     4    0.03                           clknet_0_clk (net)
                  0.05    0.00   10.15 ^ clkbuf_2_2__f_clk/A (sky130_fd_sc_hd__clkbuf_16)
                  0.05    0.13   10.28 ^ clkbuf_2_2__f_clk/X (sky130_fd_sc_hd__clkbuf_16)
    13    0.02                           clknet_2_2__leaf_clk (net)
                  0.05    0.00   10.28 ^ _701_/CLK (sky130_fd_sc_hd__dfrtp_1)
                         -0.25   10.03   clock uncertainty
                          0.00   10.03   clock reconvergence pessimism
                          0.24   10.27   library recovery time
                                 10.27   data required time
-----------------------------------------------------------------------------
                                 10.27   data required time
                                 -2.48   data arrival time
-----------------------------------------------------------------------------
                                  7.79   slack (MET)


Startpoint: rst (input port clocked by clk)
Endpoint: _705_ (recovery check against rising-edge clock clk)
Path Group: asynchronous
Path Type: max

Fanout     Cap    Slew   Delay    Time   Description
-----------------------------------------------------------------------------
                          0.00    0.00   clock clk (rise edge)
                          0.00    0.00   clock network delay (propagated)
                          2.00    2.00 v input external delay
                  0.01    0.00    2.00 v rst (in)
     1    0.00                           rst (net)
                  0.01    0.00    2.00 v input17/A (sky130_fd_sc_hd__clkbuf_1)
                  0.02    0.07    2.08 v input17/X (sky130_fd_sc_hd__clkbuf_1)
     1    0.00                           net17 (net)
                  0.02    0.00    2.08 v _634_/A (sky130_fd_sc_hd__buf_4)
                  0.06    0.17    2.24 v _634_/X (sky130_fd_sc_hd__buf_4)
     9    0.04                           _341_ (net)
                  0.06    0.00    2.24 v _646_/A (sky130_fd_sc_hd__clkbuf_8)
                  0.06    0.18    2.43 v _646_/X (sky130_fd_sc_hd__clkbuf_8)
    10    0.04                           _343_ (net)
                  0.06    0.00    2.43 v _648_/A (sky130_fd_sc_hd__inv_2)
                  0.03    0.05    2.48 ^ _648_/Y (sky130_fd_sc_hd__inv_2)
     1    0.00                           _012_ (net)
                  0.03    0.00    2.48 ^ _705_/RESET_B (sky130_fd_sc_hd__dfrtp_1)
                                  2.48   data arrival time

                         10.00   10.00   clock clk (rise edge)
                          0.00   10.00   clock source latency
                  0.04    0.03   10.03 ^ clk (in)
     1    0.01                           clk (net)
                  0.04    0.00   10.03 ^ clkbuf_0_clk/A (sky130_fd_sc_hd__clkbuf_16)
                  0.05    0.13   10.15 ^ clkbuf_0_clk/X (sky130_fd_sc_hd__clkbuf_16)
     4    0.03                           clknet_0_clk (net)
                  0.05    0.00   10.15 ^ clkbuf_2_2__f_clk/A (sky130_fd_sc_hd__clkbuf_16)
                  0.05    0.13   10.28 ^ clkbuf_2_2__f_clk/X (sky130_fd_sc_hd__clkbuf_16)
    13    0.02                           clknet_2_2__leaf_clk (net)
                  0.05    0.00   10.28 ^ _705_/CLK (sky130_fd_sc_hd__dfrtp_1)
                         -0.25   10.03   clock uncertainty
                          0.00   10.03   clock reconvergence pessimism
                          0.24   10.27   library recovery time
                                 10.27   data required time
-----------------------------------------------------------------------------
                                 10.27   data required time
                                 -2.48   data arrival time
-----------------------------------------------------------------------------
                                  7.79   slack (MET)


Startpoint: rst (input port clocked by clk)
Endpoint: _707_ (recovery check against rising-edge clock clk)
Path Group: asynchronous
Path Type: max

Fanout     Cap    Slew   Delay    Time   Description
-----------------------------------------------------------------------------
                          0.00    0.00   clock clk (rise edge)
                          0.00    0.00   clock network delay (propagated)
                          2.00    2.00 v input external delay
                  0.01    0.00    2.00 v rst (in)
     1    0.00                           rst (net)
                  0.01    0.00    2.00 v input17/A (sky130_fd_sc_hd__clkbuf_1)
                  0.02    0.07    2.08 v input17/X (sky130_fd_sc_hd__clkbuf_1)
     1    0.00                           net17 (net)
                  0.02    0.00    2.08 v _634_/A (sky130_fd_sc_hd__buf_4)
                  0.06    0.17    2.24 v _634_/X (sky130_fd_sc_hd__buf_4)
     9    0.04                           _341_ (net)
                  0.06    0.00    2.24 v _646_/A (sky130_fd_sc_hd__clkbuf_8)
                  0.06    0.18    2.43 v _646_/X (sky130_fd_sc_hd__clkbuf_8)
    10    0.04                           _343_ (net)
                  0.06    0.00    2.43 v _650_/A (sky130_fd_sc_hd__inv_2)
                  0.03    0.05    2.48 ^ _650_/Y (sky130_fd_sc_hd__inv_2)
     1    0.00                           _014_ (net)
                  0.03    0.00    2.48 ^ _707_/RESET_B (sky130_fd_sc_hd__dfrtp_1)
                                  2.48   data arrival time

                         10.00   10.00   clock clk (rise edge)
                          0.00   10.00   clock source latency
                  0.04    0.03   10.03 ^ clk (in)
     1    0.01                           clk (net)
                  0.04    0.00   10.03 ^ clkbuf_0_clk/A (sky130_fd_sc_hd__clkbuf_16)
                  0.05    0.13   10.15 ^ clkbuf_0_clk/X (sky130_fd_sc_hd__clkbuf_16)
     4    0.03                           clknet_0_clk (net)
                  0.05    0.00   10.15 ^ clkbuf_2_2__f_clk/A (sky130_fd_sc_hd__clkbuf_16)
                  0.05    0.13   10.28 ^ clkbuf_2_2__f_clk/X (sky130_fd_sc_hd__clkbuf_16)
    13    0.02                           clknet_2_2__leaf_clk (net)
                  0.05    0.00   10.28 ^ _707_/CLK (sky130_fd_sc_hd__dfrtp_1)
                         -0.25   10.03   clock uncertainty
                          0.00   10.03   clock reconvergence pessimism
                          0.24   10.27   library recovery time
                                 10.27   data required time
-----------------------------------------------------------------------------
                                 10.27   data required time
                                 -2.48   data arrival time
-----------------------------------------------------------------------------
                                  7.79   slack (MET)


Startpoint: rst (input port clocked by clk)
Endpoint: _708_ (recovery check against rising-edge clock clk)
Path Group: asynchronous
Path Type: max

Fanout     Cap    Slew   Delay    Time   Description
-----------------------------------------------------------------------------
                          0.00    0.00   clock clk (rise edge)
                          0.00    0.00   clock network delay (propagated)
                          2.00    2.00 v input external delay
                  0.01    0.00    2.00 v rst (in)
     1    0.00                           rst (net)
                  0.01    0.00    2.00 v input17/A (sky130_fd_sc_hd__clkbuf_1)
                  0.02    0.07    2.08 v input17/X (sky130_fd_sc_hd__clkbuf_1)
     1    0.00                           net17 (net)
                  0.02    0.00    2.08 v _634_/A (sky130_fd_sc_hd__buf_4)
                  0.06    0.17    2.24 v _634_/X (sky130_fd_sc_hd__buf_4)
     9    0.04                           _341_ (net)
                  0.06    0.00    2.24 v _646_/A (sky130_fd_sc_hd__clkbuf_8)
                  0.06    0.18    2.43 v _646_/X (sky130_fd_sc_hd__clkbuf_8)
    10    0.04                           _343_ (net)
                  0.06    0.00    2.43 v _651_/A (sky130_fd_sc_hd__inv_2)
                  0.03    0.05    2.48 ^ _651_/Y (sky130_fd_sc_hd__inv_2)
     1    0.00                           _015_ (net)
                  0.03    0.00    2.48 ^ _708_/RESET_B (sky130_fd_sc_hd__dfrtp_1)
                                  2.48   data arrival time

                         10.00   10.00   clock clk (rise edge)
                          0.00   10.00   clock source latency
                  0.04    0.03   10.03 ^ clk (in)
     1    0.01                           clk (net)
                  0.04    0.00   10.03 ^ clkbuf_0_clk/A (sky130_fd_sc_hd__clkbuf_16)
                  0.05    0.13   10.15 ^ clkbuf_0_clk/X (sky130_fd_sc_hd__clkbuf_16)
     4    0.03                           clknet_0_clk (net)
                  0.05    0.00   10.15 ^ clkbuf_2_2__f_clk/A (sky130_fd_sc_hd__clkbuf_16)
                  0.05    0.13   10.28 ^ clkbuf_2_2__f_clk/X (sky130_fd_sc_hd__clkbuf_16)
    13    0.02                           clknet_2_2__leaf_clk (net)
                  0.05    0.00   10.28 ^ _708_/CLK (sky130_fd_sc_hd__dfrtp_1)
                         -0.25   10.03   clock uncertainty
                          0.00   10.03   clock reconvergence pessimism
                          0.24   10.27   library recovery time
                                 10.27   data required time
-----------------------------------------------------------------------------
                                 10.27   data required time
                                 -2.48   data arrival time
-----------------------------------------------------------------------------
                                  7.79   slack (MET)


Startpoint: rst (input port clocked by clk)
Endpoint: _711_ (recovery check against rising-edge clock clk)
Path Group: asynchronous
Path Type: max

Fanout     Cap    Slew   Delay    Time   Description
-----------------------------------------------------------------------------
                          0.00    0.00   clock clk (rise edge)
                          0.00    0.00   clock network delay (propagated)
                          2.00    2.00 v input external delay
                  0.01    0.00    2.00 v rst (in)
     1    0.00                           rst (net)
                  0.01    0.00    2.00 v input17/A (sky130_fd_sc_hd__clkbuf_1)
                  0.02    0.07    2.08 v input17/X (sky130_fd_sc_hd__clkbuf_1)
     1    0.00                           net17 (net)
                  0.02    0.00    2.08 v _634_/A (sky130_fd_sc_hd__buf_4)
                  0.06    0.17    2.24 v _634_/X (sky130_fd_sc_hd__buf_4)
     9    0.04                           _341_ (net)
                  0.06    0.00    2.24 v _646_/A (sky130_fd_sc_hd__clkbuf_8)
                  0.06    0.18    2.43 v _646_/X (sky130_fd_sc_hd__clkbuf_8)
    10    0.04                           _343_ (net)
                  0.06    0.00    2.43 v _654_/A (sky130_fd_sc_hd__inv_2)
                  0.03    0.05    2.48 ^ _654_/Y (sky130_fd_sc_hd__inv_2)
     1    0.00                           _018_ (net)
                  0.03    0.00    2.48 ^ _711_/RESET_B (sky130_fd_sc_hd__dfrtp_1)
                                  2.48   data arrival time

                         10.00   10.00   clock clk (rise edge)
                          0.00   10.00   clock source latency
                  0.04    0.03   10.03 ^ clk (in)
     1    0.01                           clk (net)
                  0.04    0.00   10.03 ^ clkbuf_0_clk/A (sky130_fd_sc_hd__clkbuf_16)
                  0.05    0.13   10.15 ^ clkbuf_0_clk/X (sky130_fd_sc_hd__clkbuf_16)
     4    0.03                           clknet_0_clk (net)
                  0.05    0.00   10.15 ^ clkbuf_2_2__f_clk/A (sky130_fd_sc_hd__clkbuf_16)
                  0.05    0.13   10.28 ^ clkbuf_2_2__f_clk/X (sky130_fd_sc_hd__clkbuf_16)
    13    0.02                           clknet_2_2__leaf_clk (net)
                  0.05    0.00   10.28 ^ _711_/CLK (sky130_fd_sc_hd__dfrtp_1)
                         -0.25   10.03   clock uncertainty
                          0.00   10.03   clock reconvergence pessimism
                          0.24   10.27   library recovery time
                                 10.27   data required time
-----------------------------------------------------------------------------
                                 10.27   data required time
                                 -2.48   data arrival time
-----------------------------------------------------------------------------
                                  7.79   slack (MET)


Startpoint: rst (input port clocked by clk)
Endpoint: _717_ (recovery check against rising-edge clock clk)
Path Group: asynchronous
Path Type: max

Fanout     Cap    Slew   Delay    Time   Description
-----------------------------------------------------------------------------
                          0.00    0.00   clock clk (rise edge)
                          0.00    0.00   clock network delay (propagated)
                          2.00    2.00 v input external delay
                  0.01    0.00    2.00 v rst (in)
     1    0.00                           rst (net)
                  0.01    0.00    2.00 v input17/A (sky130_fd_sc_hd__clkbuf_1)
                  0.02    0.07    2.08 v input17/X (sky130_fd_sc_hd__clkbuf_1)
     1    0.00                           net17 (net)
                  0.02    0.00    2.08 v _634_/A (sky130_fd_sc_hd__buf_4)
                  0.06    0.17    2.24 v _634_/X (sky130_fd_sc_hd__buf_4)
     9    0.04                           _341_ (net)
                  0.06    0.00    2.24 v _657_/A (sky130_fd_sc_hd__clkbuf_8)
                  0.06    0.18    2.43 v _657_/X (sky130_fd_sc_hd__clkbuf_8)
    10    0.04                           _344_ (net)
                  0.06    0.00    2.43 v _661_/A (sky130_fd_sc_hd__inv_2)
                  0.03    0.05    2.48 ^ _661_/Y (sky130_fd_sc_hd__inv_2)
     1    0.00                           _024_ (net)
                  0.03    0.00    2.48 ^ _717_/RESET_B (sky130_fd_sc_hd__dfrtp_1)
                                  2.48   data arrival time

                         10.00   10.00   clock clk (rise edge)
                          0.00   10.00   clock source latency
                  0.04    0.03   10.03 ^ clk (in)
     1    0.01                           clk (net)
                  0.04    0.00   10.03 ^ clkbuf_0_clk/A (sky130_fd_sc_hd__clkbuf_16)
                  0.05    0.13   10.15 ^ clkbuf_0_clk/X (sky130_fd_sc_hd__clkbuf_16)
     4    0.03                           clknet_0_clk (net)
                  0.05    0.00   10.15 ^ clkbuf_2_2__f_clk/A (sky130_fd_sc_hd__clkbuf_16)
                  0.05    0.13   10.28 ^ clkbuf_2_2__f_clk/X (sky130_fd_sc_hd__clkbuf_16)
    13    0.02                           clknet_2_2__leaf_clk (net)
                  0.05    0.00   10.28 ^ _717_/CLK (sky130_fd_sc_hd__dfrtp_1)
                         -0.25   10.03   clock uncertainty
                          0.00   10.03   clock reconvergence pessimism
                          0.24   10.27   library recovery time
                                 10.27   data required time
-----------------------------------------------------------------------------
                                 10.27   data required time
                                 -2.48   data arrival time
-----------------------------------------------------------------------------
                                  7.79   slack (MET)


Startpoint: rst (input port clocked by clk)
Endpoint: _718_ (recovery check against rising-edge clock clk)
Path Group: asynchronous
Path Type: max

Fanout     Cap    Slew   Delay    Time   Description
-----------------------------------------------------------------------------
                          0.00    0.00   clock clk (rise edge)
                          0.00    0.00   clock network delay (propagated)
                          2.00    2.00 v input external delay
                  0.01    0.00    2.00 v rst (in)
     1    0.00                           rst (net)
                  0.01    0.00    2.00 v input17/A (sky130_fd_sc_hd__clkbuf_1)
                  0.02    0.07    2.08 v input17/X (sky130_fd_sc_hd__clkbuf_1)
     1    0.00                           net17 (net)
                  0.02    0.00    2.08 v _634_/A (sky130_fd_sc_hd__buf_4)
                  0.06    0.17    2.24 v _634_/X (sky130_fd_sc_hd__buf_4)
     9    0.04                           _341_ (net)
                  0.06    0.00    2.24 v _657_/A (sky130_fd_sc_hd__clkbuf_8)
                  0.06    0.18    2.43 v _657_/X (sky130_fd_sc_hd__clkbuf_8)
    10    0.04                           _344_ (net)
                  0.06    0.00    2.43 v _662_/A (sky130_fd_sc_hd__inv_2)
                  0.03    0.05    2.48 ^ _662_/Y (sky130_fd_sc_hd__inv_2)
     1    0.00                           _025_ (net)
                  0.03    0.00    2.48 ^ _718_/RESET_B (sky130_fd_sc_hd__dfrtp_1)
                                  2.48   data arrival time

                         10.00   10.00   clock clk (rise edge)
                          0.00   10.00   clock source latency
                  0.04    0.03   10.03 ^ clk (in)
     1    0.01                           clk (net)
                  0.04    0.00   10.03 ^ clkbuf_0_clk/A (sky130_fd_sc_hd__clkbuf_16)
                  0.05    0.13   10.15 ^ clkbuf_0_clk/X (sky130_fd_sc_hd__clkbuf_16)
     4    0.03                           clknet_0_clk (net)
                  0.05    0.00   10.15 ^ clkbuf_2_2__f_clk/A (sky130_fd_sc_hd__clkbuf_16)
                  0.05    0.13   10.28 ^ clkbuf_2_2__f_clk/X (sky130_fd_sc_hd__clkbuf_16)
    13    0.02                           clknet_2_2__leaf_clk (net)
                  0.05    0.00   10.28 ^ _718_/CLK (sky130_fd_sc_hd__dfrtp_1)
                         -0.25   10.03   clock uncertainty
                          0.00   10.03   clock reconvergence pessimism
                          0.24   10.27   library recovery time
                                 10.27   data required time
-----------------------------------------------------------------------------
                                 10.27   data required time
                                 -2.48   data arrival time
-----------------------------------------------------------------------------
                                  7.79   slack (MET)


Startpoint: rst (input port clocked by clk)
Endpoint: _694_ (recovery check against rising-edge clock clk)
Path Group: asynchronous
Path Type: max

Fanout     Cap    Slew   Delay    Time   Description
-----------------------------------------------------------------------------
                          0.00    0.00   clock clk (rise edge)
                          0.00    0.00   clock network delay (propagated)
                          2.00    2.00 v input external delay
                  0.01    0.00    2.00 v rst (in)
     1    0.00                           rst (net)
                  0.01    0.00    2.00 v input17/A (sky130_fd_sc_hd__clkbuf_1)
                  0.02    0.07    2.08 v input17/X (sky130_fd_sc_hd__clkbuf_1)
     1    0.00                           net17 (net)
                  0.02    0.00    2.08 v _634_/A (sky130_fd_sc_hd__buf_4)
                  0.06    0.17    2.24 v _634_/X (sky130_fd_sc_hd__buf_4)
     9    0.04                           _341_ (net)
                  0.06    0.00    2.24 v _635_/A (sky130_fd_sc_hd__clkbuf_8)
                  0.06    0.18    2.43 v _635_/X (sky130_fd_sc_hd__clkbuf_8)
    10    0.04                           _342_ (net)
                  0.06    0.00    2.43 v _636_/A (sky130_fd_sc_hd__inv_2)
                  0.03    0.05    2.48 ^ _636_/Y (sky130_fd_sc_hd__inv_2)
     1    0.00                           _001_ (net)
                  0.03    0.00    2.48 ^ _694_/RESET_B (sky130_fd_sc_hd__dfrtp_1)
                                  2.48   data arrival time

                         10.00   10.00   clock clk (rise edge)
                          0.00   10.00   clock source latency
                  0.04    0.03   10.03 ^ clk (in)
     1    0.01                           clk (net)
                  0.04    0.00   10.03 ^ clkbuf_0_clk/A (sky130_fd_sc_hd__clkbuf_16)
                  0.05    0.13   10.15 ^ clkbuf_0_clk/X (sky130_fd_sc_hd__clkbuf_16)
     4    0.03                           clknet_0_clk (net)
                  0.05    0.00   10.15 ^ clkbuf_2_1__f_clk/A (sky130_fd_sc_hd__clkbuf_16)
                  0.05    0.13   10.28 ^ clkbuf_2_1__f_clk/X (sky130_fd_sc_hd__clkbuf_16)
    14    0.03                           clknet_2_1__leaf_clk (net)
                  0.05    0.00   10.28 ^ _694_/CLK (sky130_fd_sc_hd__dfrtp_1)
                         -0.25   10.03   clock uncertainty
                          0.00   10.03   clock reconvergence pessimism
                          0.24   10.27   library recovery time
                                 10.27   data required time
-----------------------------------------------------------------------------
                                 10.27   data required time
                                 -2.48   data arrival time
-----------------------------------------------------------------------------
                                  7.79   slack (MET)


Startpoint: rst (input port clocked by clk)
Endpoint: _695_ (recovery check against rising-edge clock clk)
Path Group: asynchronous
Path Type: max

Fanout     Cap    Slew   Delay    Time   Description
-----------------------------------------------------------------------------
                          0.00    0.00   clock clk (rise edge)
                          0.00    0.00   clock network delay (propagated)
                          2.00    2.00 v input external delay
                  0.01    0.00    2.00 v rst (in)
     1    0.00                           rst (net)
                  0.01    0.00    2.00 v input17/A (sky130_fd_sc_hd__clkbuf_1)
                  0.02    0.07    2.08 v input17/X (sky130_fd_sc_hd__clkbuf_1)
     1    0.00                           net17 (net)
                  0.02    0.00    2.08 v _634_/A (sky130_fd_sc_hd__buf_4)
                  0.06    0.17    2.24 v _634_/X (sky130_fd_sc_hd__buf_4)
     9    0.04                           _341_ (net)
                  0.06    0.00    2.24 v _635_/A (sky130_fd_sc_hd__clkbuf_8)
                  0.06    0.18    2.43 v _635_/X (sky130_fd_sc_hd__clkbuf_8)
    10    0.04                           _342_ (net)
                  0.06    0.00    2.43 v _637_/A (sky130_fd_sc_hd__inv_2)
                  0.03    0.05    2.48 ^ _637_/Y (sky130_fd_sc_hd__inv_2)
     1    0.00                           _002_ (net)
                  0.03    0.00    2.48 ^ _695_/RESET_B (sky130_fd_sc_hd__dfrtp_1)
                                  2.48   data arrival time

                         10.00   10.00   clock clk (rise edge)
                          0.00   10.00   clock source latency
                  0.04    0.03   10.03 ^ clk (in)
     1    0.01                           clk (net)
                  0.04    0.00   10.03 ^ clkbuf_0_clk/A (sky130_fd_sc_hd__clkbuf_16)
                  0.05    0.13   10.15 ^ clkbuf_0_clk/X (sky130_fd_sc_hd__clkbuf_16)
     4    0.03                           clknet_0_clk (net)
                  0.05    0.00   10.15 ^ clkbuf_2_1__f_clk/A (sky130_fd_sc_hd__clkbuf_16)
                  0.05    0.13   10.28 ^ clkbuf_2_1__f_clk/X (sky130_fd_sc_hd__clkbuf_16)
    14    0.03                           clknet_2_1__leaf_clk (net)
                  0.05    0.00   10.28 ^ _695_/CLK (sky130_fd_sc_hd__dfrtp_1)
                         -0.25   10.03   clock uncertainty
                          0.00   10.03   clock reconvergence pessimism
                          0.24   10.27   library recovery time
                                 10.27   data required time
-----------------------------------------------------------------------------
                                 10.27   data required time
                                 -2.48   data arrival time
-----------------------------------------------------------------------------
                                  7.79   slack (MET)


Startpoint: rst (input port clocked by clk)
Endpoint: _703_ (recovery check against rising-edge clock clk)
Path Group: asynchronous
Path Type: max

Fanout     Cap    Slew   Delay    Time   Description
-----------------------------------------------------------------------------
                          0.00    0.00   clock clk (rise edge)
                          0.00    0.00   clock network delay (propagated)
                          2.00    2.00 v input external delay
                  0.01    0.00    2.00 v rst (in)
     1    0.00                           rst (net)
                  0.01    0.00    2.00 v input17/A (sky130_fd_sc_hd__clkbuf_1)
                  0.02    0.07    2.08 v input17/X (sky130_fd_sc_hd__clkbuf_1)
     1    0.00                           net17 (net)
                  0.02    0.00    2.08 v _634_/A (sky130_fd_sc_hd__buf_4)
                  0.06    0.17    2.24 v _634_/X (sky130_fd_sc_hd__buf_4)
     9    0.04                           _341_ (net)
                  0.06    0.00    2.24 v _635_/A (sky130_fd_sc_hd__clkbuf_8)
                  0.06    0.18    2.43 v _635_/X (sky130_fd_sc_hd__clkbuf_8)
    10    0.04                           _342_ (net)
                  0.06    0.00    2.43 v _645_/A (sky130_fd_sc_hd__inv_2)
                  0.03    0.05    2.48 ^ _645_/Y (sky130_fd_sc_hd__inv_2)
     1    0.00                           _010_ (net)
                  0.03    0.00    2.48 ^ _703_/RESET_B (sky130_fd_sc_hd__dfrtp_1)
                                  2.48   data arrival time

                         10.00   10.00   clock clk (rise edge)
                          0.00   10.00   clock source latency
                  0.04    0.03   10.03 ^ clk (in)
     1    0.01                           clk (net)
                  0.04    0.00   10.03 ^ clkbuf_0_clk/A (sky130_fd_sc_hd__clkbuf_16)
                  0.05    0.13   10.15 ^ clkbuf_0_clk/X (sky130_fd_sc_hd__clkbuf_16)
     4    0.03                           clknet_0_clk (net)
                  0.05    0.00   10.15 ^ clkbuf_2_1__f_clk/A (sky130_fd_sc_hd__clkbuf_16)
                  0.05    0.13   10.28 ^ clkbuf_2_1__f_clk/X (sky130_fd_sc_hd__clkbuf_16)
    14    0.03                           clknet_2_1__leaf_clk (net)
                  0.05    0.00   10.28 ^ _703_/CLK (sky130_fd_sc_hd__dfrtp_1)
                         -0.25   10.03   clock uncertainty
                          0.00   10.03   clock reconvergence pessimism
                          0.24   10.27   library recovery time
                                 10.27   data required time
-----------------------------------------------------------------------------
                                 10.27   data required time
                                 -2.48   data arrival time
-----------------------------------------------------------------------------
                                  7.79   slack (MET)


Startpoint: rst (input port clocked by clk)
Endpoint: _706_ (recovery check against rising-edge clock clk)
Path Group: asynchronous
Path Type: max

Fanout     Cap    Slew   Delay    Time   Description
-----------------------------------------------------------------------------
                          0.00    0.00   clock clk (rise edge)
                          0.00    0.00   clock network delay (propagated)
                          2.00    2.00 v input external delay
                  0.01    0.00    2.00 v rst (in)
     1    0.00                           rst (net)
                  0.01    0.00    2.00 v input17/A (sky130_fd_sc_hd__clkbuf_1)
                  0.02    0.07    2.08 v input17/X (sky130_fd_sc_hd__clkbuf_1)
     1    0.00                           net17 (net)
                  0.02    0.00    2.08 v _634_/A (sky130_fd_sc_hd__buf_4)
                  0.06    0.17    2.24 v _634_/X (sky130_fd_sc_hd__buf_4)
     9    0.04                           _341_ (net)
                  0.06    0.00    2.24 v _646_/A (sky130_fd_sc_hd__clkbuf_8)
                  0.06    0.18    2.43 v _646_/X (sky130_fd_sc_hd__clkbuf_8)
    10    0.04                           _343_ (net)
                  0.06    0.00    2.43 v _649_/A (sky130_fd_sc_hd__inv_2)
                  0.03    0.05    2.48 ^ _649_/Y (sky130_fd_sc_hd__inv_2)
     1    0.00                           _013_ (net)
                  0.03    0.00    2.48 ^ _706_/RESET_B (sky130_fd_sc_hd__dfrtp_1)
                                  2.48   data arrival time

                         10.00   10.00   clock clk (rise edge)
                          0.00   10.00   clock source latency
                  0.04    0.03   10.03 ^ clk (in)
     1    0.01                           clk (net)
                  0.04    0.00   10.03 ^ clkbuf_0_clk/A (sky130_fd_sc_hd__clkbuf_16)
                  0.05    0.13   10.15 ^ clkbuf_0_clk/X (sky130_fd_sc_hd__clkbuf_16)
     4    0.03                           clknet_0_clk (net)
                  0.05    0.00   10.15 ^ clkbuf_2_1__f_clk/A (sky130_fd_sc_hd__clkbuf_16)
                  0.05    0.13   10.28 ^ clkbuf_2_1__f_clk/X (sky130_fd_sc_hd__clkbuf_16)
    14    0.03                           clknet_2_1__leaf_clk (net)
                  0.05    0.00   10.28 ^ _706_/CLK (sky130_fd_sc_hd__dfrtp_1)
                         -0.25   10.03   clock uncertainty
                          0.00   10.03   clock reconvergence pessimism
                          0.24   10.27   library recovery time
                                 10.27   data required time
-----------------------------------------------------------------------------
                                 10.27   data required time
                                 -2.48   data arrival time
-----------------------------------------------------------------------------
                                  7.79   slack (MET)


Startpoint: rst (input port clocked by clk)
Endpoint: _709_ (recovery check against rising-edge clock clk)
Path Group: asynchronous
Path Type: max

Fanout     Cap    Slew   Delay    Time   Description
-----------------------------------------------------------------------------
                          0.00    0.00   clock clk (rise edge)
                          0.00    0.00   clock network delay (propagated)
                          2.00    2.00 v input external delay
                  0.01    0.00    2.00 v rst (in)
     1    0.00                           rst (net)
                  0.01    0.00    2.00 v input17/A (sky130_fd_sc_hd__clkbuf_1)
                  0.02    0.07    2.08 v input17/X (sky130_fd_sc_hd__clkbuf_1)
     1    0.00                           net17 (net)
                  0.02    0.00    2.08 v _634_/A (sky130_fd_sc_hd__buf_4)
                  0.06    0.17    2.24 v _634_/X (sky130_fd_sc_hd__buf_4)
     9    0.04                           _341_ (net)
                  0.06    0.00    2.24 v _646_/A (sky130_fd_sc_hd__clkbuf_8)
                  0.06    0.18    2.43 v _646_/X (sky130_fd_sc_hd__clkbuf_8)
    10    0.04                           _343_ (net)
                  0.06    0.00    2.43 v _652_/A (sky130_fd_sc_hd__inv_2)
                  0.03    0.05    2.48 ^ _652_/Y (sky130_fd_sc_hd__inv_2)
     1    0.00                           _016_ (net)
                  0.03    0.00    2.48 ^ _709_/RESET_B (sky130_fd_sc_hd__dfrtp_1)
                                  2.48   data arrival time

                         10.00   10.00   clock clk (rise edge)
                          0.00   10.00   clock source latency
                  0.04    0.03   10.03 ^ clk (in)
     1    0.01                           clk (net)
                  0.04    0.00   10.03 ^ clkbuf_0_clk/A (sky130_fd_sc_hd__clkbuf_16)
                  0.05    0.13   10.15 ^ clkbuf_0_clk/X (sky130_fd_sc_hd__clkbuf_16)
     4    0.03                           clknet_0_clk (net)
                  0.05    0.00   10.15 ^ clkbuf_2_1__f_clk/A (sky130_fd_sc_hd__clkbuf_16)
                  0.05    0.13   10.28 ^ clkbuf_2_1__f_clk/X (sky130_fd_sc_hd__clkbuf_16)
    14    0.03                           clknet_2_1__leaf_clk (net)
                  0.05    0.00   10.28 ^ _709_/CLK (sky130_fd_sc_hd__dfrtp_1)
                         -0.25   10.03   clock uncertainty
                          0.00   10.03   clock reconvergence pessimism
                          0.24   10.27   library recovery time
                                 10.27   data required time
-----------------------------------------------------------------------------
                                 10.27   data required time
                                 -2.48   data arrival time
-----------------------------------------------------------------------------
                                  7.79   slack (MET)


Startpoint: rst (input port clocked by clk)
Endpoint: _712_ (recovery check against rising-edge clock clk)
Path Group: asynchronous
Path Type: max

Fanout     Cap    Slew   Delay    Time   Description
-----------------------------------------------------------------------------
                          0.00    0.00   clock clk (rise edge)
                          0.00    0.00   clock network delay (propagated)
                          2.00    2.00 v input external delay
                  0.01    0.00    2.00 v rst (in)
     1    0.00                           rst (net)
                  0.01    0.00    2.00 v input17/A (sky130_fd_sc_hd__clkbuf_1)
                  0.02    0.07    2.08 v input17/X (sky130_fd_sc_hd__clkbuf_1)
     1    0.00                           net17 (net)
                  0.02    0.00    2.08 v _634_/A (sky130_fd_sc_hd__buf_4)
                  0.06    0.17    2.24 v _634_/X (sky130_fd_sc_hd__buf_4)
     9    0.04                           _341_ (net)
                  0.06    0.00    2.24 v _646_/A (sky130_fd_sc_hd__clkbuf_8)
                  0.06    0.18    2.43 v _646_/X (sky130_fd_sc_hd__clkbuf_8)
    10    0.04                           _343_ (net)
                  0.06    0.00    2.43 v _655_/A (sky130_fd_sc_hd__inv_2)
                  0.03    0.05    2.48 ^ _655_/Y (sky130_fd_sc_hd__inv_2)
     1    0.00                           _019_ (net)
                  0.03    0.00    2.48 ^ _712_/RESET_B (sky130_fd_sc_hd__dfrtp_1)
                                  2.48   data arrival time

                         10.00   10.00   clock clk (rise edge)
                          0.00   10.00   clock source latency
                  0.04    0.03   10.03 ^ clk (in)
     1    0.01                           clk (net)
                  0.04    0.00   10.03 ^ clkbuf_0_clk/A (sky130_fd_sc_hd__clkbuf_16)
                  0.05    0.13   10.15 ^ clkbuf_0_clk/X (sky130_fd_sc_hd__clkbuf_16)
     4    0.03                           clknet_0_clk (net)
                  0.05    0.00   10.15 ^ clkbuf_2_1__f_clk/A (sky130_fd_sc_hd__clkbuf_16)
                  0.05    0.13   10.28 ^ clkbuf_2_1__f_clk/X (sky130_fd_sc_hd__clkbuf_16)
    14    0.03                           clknet_2_1__leaf_clk (net)
                  0.05    0.00   10.28 ^ _712_/CLK (sky130_fd_sc_hd__dfrtp_1)
                         -0.25   10.03   clock uncertainty
                          0.00   10.03   clock reconvergence pessimism
                          0.24   10.27   library recovery time
                                 10.27   data required time
-----------------------------------------------------------------------------
                                 10.27   data required time
                                 -2.48   data arrival time
-----------------------------------------------------------------------------
                                  7.79   slack (MET)


Startpoint: rst (input port clocked by clk)
Endpoint: _714_ (recovery check against rising-edge clock clk)
Path Group: asynchronous
Path Type: max

Fanout     Cap    Slew   Delay    Time   Description
-----------------------------------------------------------------------------
                          0.00    0.00   clock clk (rise edge)
                          0.00    0.00   clock network delay (propagated)
                          2.00    2.00 v input external delay
                  0.01    0.00    2.00 v rst (in)
     1    0.00                           rst (net)
                  0.01    0.00    2.00 v input17/A (sky130_fd_sc_hd__clkbuf_1)
                  0.02    0.07    2.08 v input17/X (sky130_fd_sc_hd__clkbuf_1)
     1    0.00                           net17 (net)
                  0.02    0.00    2.08 v _634_/A (sky130_fd_sc_hd__buf_4)
                  0.06    0.17    2.24 v _634_/X (sky130_fd_sc_hd__buf_4)
     9    0.04                           _341_ (net)
                  0.06    0.00    2.24 v _657_/A (sky130_fd_sc_hd__clkbuf_8)
                  0.06    0.18    2.43 v _657_/X (sky130_fd_sc_hd__clkbuf_8)
    10    0.04                           _344_ (net)
                  0.06    0.00    2.43 v _658_/A (sky130_fd_sc_hd__inv_2)
                  0.03    0.05    2.48 ^ _658_/Y (sky130_fd_sc_hd__inv_2)
     1    0.00                           _021_ (net)
                  0.03    0.00    2.48 ^ _714_/RESET_B (sky130_fd_sc_hd__dfrtp_1)
                                  2.48   data arrival time

                         10.00   10.00   clock clk (rise edge)
                          0.00   10.00   clock source latency
                  0.04    0.03   10.03 ^ clk (in)
     1    0.01                           clk (net)
                  0.04    0.00   10.03 ^ clkbuf_0_clk/A (sky130_fd_sc_hd__clkbuf_16)
                  0.05    0.13   10.15 ^ clkbuf_0_clk/X (sky130_fd_sc_hd__clkbuf_16)
     4    0.03                           clknet_0_clk (net)
                  0.05    0.00   10.15 ^ clkbuf_2_1__f_clk/A (sky130_fd_sc_hd__clkbuf_16)
                  0.05    0.13   10.28 ^ clkbuf_2_1__f_clk/X (sky130_fd_sc_hd__clkbuf_16)
    14    0.03                           clknet_2_1__leaf_clk (net)
                  0.05    0.00   10.28 ^ _714_/CLK (sky130_fd_sc_hd__dfrtp_1)
                         -0.25   10.03   clock uncertainty
                          0.00   10.03   clock reconvergence pessimism
                          0.24   10.27   library recovery time
                                 10.27   data required time
-----------------------------------------------------------------------------
                                 10.27   data required time
                                 -2.48   data arrival time
-----------------------------------------------------------------------------
                                  7.79   slack (MET)


Startpoint: rst (input port clocked by clk)
Endpoint: _719_ (recovery check against rising-edge clock clk)
Path Group: asynchronous
Path Type: max

Fanout     Cap    Slew   Delay    Time   Description
-----------------------------------------------------------------------------
                          0.00    0.00   clock clk (rise edge)
                          0.00    0.00   clock network delay (propagated)
                          2.00    2.00 v input external delay
                  0.01    0.00    2.00 v rst (in)
     1    0.00                           rst (net)
                  0.01    0.00    2.00 v input17/A (sky130_fd_sc_hd__clkbuf_1)
                  0.02    0.07    2.08 v input17/X (sky130_fd_sc_hd__clkbuf_1)
     1    0.00                           net17 (net)
                  0.02    0.00    2.08 v _634_/A (sky130_fd_sc_hd__buf_4)
                  0.06    0.17    2.24 v _634_/X (sky130_fd_sc_hd__buf_4)
     9    0.04                           _341_ (net)
                  0.06    0.00    2.24 v _657_/A (sky130_fd_sc_hd__clkbuf_8)
                  0.06    0.18    2.43 v _657_/X (sky130_fd_sc_hd__clkbuf_8)
    10    0.04                           _344_ (net)
                  0.06    0.00    2.43 v _663_/A (sky130_fd_sc_hd__inv_2)
                  0.03    0.05    2.48 ^ _663_/Y (sky130_fd_sc_hd__inv_2)
     1    0.00                           _026_ (net)
                  0.03    0.00    2.48 ^ _719_/RESET_B (sky130_fd_sc_hd__dfrtp_1)
                                  2.48   data arrival time

                         10.00   10.00   clock clk (rise edge)
                          0.00   10.00   clock source latency
                  0.04    0.03   10.03 ^ clk (in)
     1    0.01                           clk (net)
                  0.04    0.00   10.03 ^ clkbuf_0_clk/A (sky130_fd_sc_hd__clkbuf_16)
                  0.05    0.13   10.15 ^ clkbuf_0_clk/X (sky130_fd_sc_hd__clkbuf_16)
     4    0.03                           clknet_0_clk (net)
                  0.05    0.00   10.15 ^ clkbuf_2_1__f_clk/A (sky130_fd_sc_hd__clkbuf_16)
                  0.05    0.13   10.28 ^ clkbuf_2_1__f_clk/X (sky130_fd_sc_hd__clkbuf_16)
    14    0.03                           clknet_2_1__leaf_clk (net)
                  0.05    0.00   10.28 ^ _719_/CLK (sky130_fd_sc_hd__dfrtp_1)
                         -0.25   10.03   clock uncertainty
                          0.00   10.03   clock reconvergence pessimism
                          0.24   10.27   library recovery time
                                 10.27   data required time
-----------------------------------------------------------------------------
                                 10.27   data required time
                                 -2.48   data arrival time
-----------------------------------------------------------------------------
                                  7.79   slack (MET)


Startpoint: rst (input port clocked by clk)
Endpoint: _723_ (recovery check against rising-edge clock clk)
Path Group: asynchronous
Path Type: max

Fanout     Cap    Slew   Delay    Time   Description
-----------------------------------------------------------------------------
                          0.00    0.00   clock clk (rise edge)
                          0.00    0.00   clock network delay (propagated)
                          2.00    2.00 v input external delay
                  0.01    0.00    2.00 v rst (in)
     1    0.00                           rst (net)
                  0.01    0.00    2.00 v input17/A (sky130_fd_sc_hd__clkbuf_1)
                  0.02    0.07    2.08 v input17/X (sky130_fd_sc_hd__clkbuf_1)
     1    0.00                           net17 (net)
                  0.02    0.00    2.08 v _634_/A (sky130_fd_sc_hd__buf_4)
                  0.06    0.17    2.24 v _634_/X (sky130_fd_sc_hd__buf_4)
     9    0.04                           _341_ (net)
                  0.06    0.00    2.24 v _657_/A (sky130_fd_sc_hd__clkbuf_8)
                  0.06    0.18    2.43 v _657_/X (sky130_fd_sc_hd__clkbuf_8)
    10    0.04                           _344_ (net)
                  0.06    0.00    2.43 v _667_/A (sky130_fd_sc_hd__inv_2)
                  0.03    0.05    2.48 ^ _667_/Y (sky130_fd_sc_hd__inv_2)
     1    0.00                           _030_ (net)
                  0.03    0.00    2.48 ^ _723_/RESET_B (sky130_fd_sc_hd__dfrtp_1)
                                  2.48   data arrival time

                         10.00   10.00   clock clk (rise edge)
                          0.00   10.00   clock source latency
                  0.04    0.03   10.03 ^ clk (in)
     1    0.01                           clk (net)
                  0.04    0.00   10.03 ^ clkbuf_0_clk/A (sky130_fd_sc_hd__clkbuf_16)
                  0.05    0.13   10.15 ^ clkbuf_0_clk/X (sky130_fd_sc_hd__clkbuf_16)
     4    0.03                           clknet_0_clk (net)
                  0.05    0.00   10.15 ^ clkbuf_2_1__f_clk/A (sky130_fd_sc_hd__clkbuf_16)
                  0.05    0.13   10.28 ^ clkbuf_2_1__f_clk/X (sky130_fd_sc_hd__clkbuf_16)
    14    0.03                           clknet_2_1__leaf_clk (net)
                  0.05    0.00   10.28 ^ _723_/CLK (sky130_fd_sc_hd__dfrtp_1)
                         -0.25   10.03   clock uncertainty
                          0.00   10.03   clock reconvergence pessimism
                          0.24   10.27   library recovery time
                                 10.27   data required time
-----------------------------------------------------------------------------
                                 10.27   data required time
                                 -2.48   data arrival time
-----------------------------------------------------------------------------
                                  7.79   slack (MET)


Startpoint: rst (input port clocked by clk)
Endpoint: _702_ (recovery check against rising-edge clock clk)
Path Group: asynchronous
Path Type: max

Fanout     Cap    Slew   Delay    Time   Description
-----------------------------------------------------------------------------
                          0.00    0.00   clock clk (rise edge)
                          0.00    0.00   clock network delay (propagated)
                          2.00    2.00 v input external delay
                  0.01    0.00    2.00 v rst (in)
     1    0.00                           rst (net)
                  0.01    0.00    2.00 v input17/A (sky130_fd_sc_hd__clkbuf_1)
                  0.02    0.07    2.08 v input17/X (sky130_fd_sc_hd__clkbuf_1)
     1    0.00                           net17 (net)
                  0.02    0.00    2.08 v _634_/A (sky130_fd_sc_hd__buf_4)
                  0.06    0.17    2.24 v _634_/X (sky130_fd_sc_hd__buf_4)
     9    0.04                           _341_ (net)
                  0.06    0.00    2.24 v _635_/A (sky130_fd_sc_hd__clkbuf_8)
                  0.06    0.18    2.43 v _635_/X (sky130_fd_sc_hd__clkbuf_8)
    10    0.04                           _342_ (net)
                  0.06    0.00    2.43 v _644_/A (sky130_fd_sc_hd__inv_2)
                  0.03    0.05    2.48 ^ _644_/Y (sky130_fd_sc_hd__inv_2)
     1    0.00                           _009_ (net)
                  0.03    0.00    2.48 ^ _702_/RESET_B (sky130_fd_sc_hd__dfrtp_1)
                                  2.48   data arrival time

                         10.00   10.00   clock clk (rise edge)
                          0.00   10.00   clock source latency
                  0.04    0.03   10.03 ^ clk (in)
     1    0.01                           clk (net)
                  0.04    0.00   10.03 ^ clkbuf_0_clk/A (sky130_fd_sc_hd__clkbuf_16)
                  0.05    0.13   10.15 ^ clkbuf_0_clk/X (sky130_fd_sc_hd__clkbuf_16)
     4    0.03                           clknet_0_clk (net)
                  0.05    0.00   10.15 ^ clkbuf_2_0__f_clk/A (sky130_fd_sc_hd__clkbuf_16)
                  0.05    0.13   10.28 ^ clkbuf_2_0__f_clk/X (sky130_fd_sc_hd__clkbuf_16)
    15    0.03                           clknet_2_0__leaf_clk (net)
                  0.05    0.00   10.28 ^ _702_/CLK (sky130_fd_sc_hd__dfrtp_1)
                         -0.25   10.03   clock uncertainty
                          0.00   10.03   clock reconvergence pessimism
                          0.24   10.27   library recovery time
                                 10.27   data required time
-----------------------------------------------------------------------------
                                 10.27   data required time
                                 -2.48   data arrival time
-----------------------------------------------------------------------------
                                  7.79   slack (MET)


Startpoint: rst (input port clocked by clk)
Endpoint: _704_ (recovery check against rising-edge clock clk)
Path Group: asynchronous
Path Type: max

Fanout     Cap    Slew   Delay    Time   Description
-----------------------------------------------------------------------------
                          0.00    0.00   clock clk (rise edge)
                          0.00    0.00   clock network delay (propagated)
                          2.00    2.00 v input external delay
                  0.01    0.00    2.00 v rst (in)
     1    0.00                           rst (net)
                  0.01    0.00    2.00 v input17/A (sky130_fd_sc_hd__clkbuf_1)
                  0.02    0.07    2.08 v input17/X (sky130_fd_sc_hd__clkbuf_1)
     1    0.00                           net17 (net)
                  0.02    0.00    2.08 v _634_/A (sky130_fd_sc_hd__buf_4)
                  0.06    0.17    2.24 v _634_/X (sky130_fd_sc_hd__buf_4)
     9    0.04                           _341_ (net)
                  0.06    0.00    2.24 v _646_/A (sky130_fd_sc_hd__clkbuf_8)
                  0.06    0.18    2.43 v _646_/X (sky130_fd_sc_hd__clkbuf_8)
    10    0.04                           _343_ (net)
                  0.06    0.00    2.43 v _647_/A (sky130_fd_sc_hd__inv_2)
                  0.03    0.05    2.48 ^ _647_/Y (sky130_fd_sc_hd__inv_2)
     1    0.00                           _011_ (net)
                  0.03    0.00    2.48 ^ _704_/RESET_B (sky130_fd_sc_hd__dfrtp_1)
                                  2.48   data arrival time

                         10.00   10.00   clock clk (rise edge)
                          0.00   10.00   clock source latency
                  0.04    0.03   10.03 ^ clk (in)
     1    0.01                           clk (net)
                  0.04    0.00   10.03 ^ clkbuf_0_clk/A (sky130_fd_sc_hd__clkbuf_16)
                  0.05    0.13   10.15 ^ clkbuf_0_clk/X (sky130_fd_sc_hd__clkbuf_16)
     4    0.03                           clknet_0_clk (net)
                  0.05    0.00   10.15 ^ clkbuf_2_0__f_clk/A (sky130_fd_sc_hd__clkbuf_16)
                  0.05    0.13   10.28 ^ clkbuf_2_0__f_clk/X (sky130_fd_sc_hd__clkbuf_16)
    15    0.03                           clknet_2_0__leaf_clk (net)
                  0.05    0.00   10.28 ^ _704_/CLK (sky130_fd_sc_hd__dfrtp_1)
                         -0.25   10.03   clock uncertainty
                          0.00   10.03   clock reconvergence pessimism
                          0.24   10.27   library recovery time
                                 10.27   data required time
-----------------------------------------------------------------------------
                                 10.27   data required time
                                 -2.48   data arrival time
-----------------------------------------------------------------------------
                                  7.79   slack (MET)


Startpoint: rst (input port clocked by clk)
Endpoint: _710_ (recovery check against rising-edge clock clk)
Path Group: asynchronous
Path Type: max

Fanout     Cap    Slew   Delay    Time   Description
-----------------------------------------------------------------------------
                          0.00    0.00   clock clk (rise edge)
                          0.00    0.00   clock network delay (propagated)
                          2.00    2.00 v input external delay
                  0.01    0.00    2.00 v rst (in)
     1    0.00                           rst (net)
                  0.01    0.00    2.00 v input17/A (sky130_fd_sc_hd__clkbuf_1)
                  0.02    0.07    2.08 v input17/X (sky130_fd_sc_hd__clkbuf_1)
     1    0.00                           net17 (net)
                  0.02    0.00    2.08 v _634_/A (sky130_fd_sc_hd__buf_4)
                  0.06    0.17    2.24 v _634_/X (sky130_fd_sc_hd__buf_4)
     9    0.04                           _341_ (net)
                  0.06    0.00    2.24 v _646_/A (sky130_fd_sc_hd__clkbuf_8)
                  0.06    0.18    2.43 v _646_/X (sky130_fd_sc_hd__clkbuf_8)
    10    0.04                           _343_ (net)
                  0.06    0.00    2.43 v _653_/A (sky130_fd_sc_hd__inv_2)
                  0.03    0.05    2.48 ^ _653_/Y (sky130_fd_sc_hd__inv_2)
     1    0.00                           _017_ (net)
                  0.03    0.00    2.48 ^ _710_/RESET_B (sky130_fd_sc_hd__dfrtp_1)
                                  2.48   data arrival time

                         10.00   10.00   clock clk (rise edge)
                          0.00   10.00   clock source latency
                  0.04    0.03   10.03 ^ clk (in)
     1    0.01                           clk (net)
                  0.04    0.00   10.03 ^ clkbuf_0_clk/A (sky130_fd_sc_hd__clkbuf_16)
                  0.05    0.13   10.15 ^ clkbuf_0_clk/X (sky130_fd_sc_hd__clkbuf_16)
     4    0.03                           clknet_0_clk (net)
                  0.05    0.00   10.15 ^ clkbuf_2_0__f_clk/A (sky130_fd_sc_hd__clkbuf_16)
                  0.05    0.13   10.28 ^ clkbuf_2_0__f_clk/X (sky130_fd_sc_hd__clkbuf_16)
    15    0.03                           clknet_2_0__leaf_clk (net)
                  0.05    0.00   10.28 ^ _710_/CLK (sky130_fd_sc_hd__dfrtp_1)
                         -0.25   10.03   clock uncertainty
                          0.00   10.03   clock reconvergence pessimism
                          0.24   10.27   library recovery time
                                 10.27   data required time
-----------------------------------------------------------------------------
                                 10.27   data required time
                                 -2.48   data arrival time
-----------------------------------------------------------------------------
                                  7.79   slack (MET)


Startpoint: rst (input port clocked by clk)
Endpoint: _716_ (recovery check against rising-edge clock clk)
Path Group: asynchronous
Path Type: max

Fanout     Cap    Slew   Delay    Time   Description
-----------------------------------------------------------------------------
                          0.00    0.00   clock clk (rise edge)
                          0.00    0.00   clock network delay (propagated)
                          2.00    2.00 v input external delay
                  0.01    0.00    2.00 v rst (in)
     1    0.00                           rst (net)
                  0.01    0.00    2.00 v input17/A (sky130_fd_sc_hd__clkbuf_1)
                  0.02    0.07    2.08 v input17/X (sky130_fd_sc_hd__clkbuf_1)
     1    0.00                           net17 (net)
                  0.02    0.00    2.08 v _634_/A (sky130_fd_sc_hd__buf_4)
                  0.06    0.17    2.24 v _634_/X (sky130_fd_sc_hd__buf_4)
     9    0.04                           _341_ (net)
                  0.06    0.00    2.24 v _657_/A (sky130_fd_sc_hd__clkbuf_8)
                  0.06    0.18    2.43 v _657_/X (sky130_fd_sc_hd__clkbuf_8)
    10    0.04                           _344_ (net)
                  0.06    0.00    2.43 v _660_/A (sky130_fd_sc_hd__inv_2)
                  0.03    0.05    2.48 ^ _660_/Y (sky130_fd_sc_hd__inv_2)
     1    0.00                           _023_ (net)
                  0.03    0.00    2.48 ^ _716_/RESET_B (sky130_fd_sc_hd__dfrtp_1)
                                  2.48   data arrival time

                         10.00   10.00   clock clk (rise edge)
                          0.00   10.00   clock source latency
                  0.04    0.03   10.03 ^ clk (in)
     1    0.01                           clk (net)
                  0.04    0.00   10.03 ^ clkbuf_0_clk/A (sky130_fd_sc_hd__clkbuf_16)
                  0.05    0.13   10.15 ^ clkbuf_0_clk/X (sky130_fd_sc_hd__clkbuf_16)
     4    0.03                           clknet_0_clk (net)
                  0.05    0.00   10.15 ^ clkbuf_2_0__f_clk/A (sky130_fd_sc_hd__clkbuf_16)
                  0.05    0.13   10.28 ^ clkbuf_2_0__f_clk/X (sky130_fd_sc_hd__clkbuf_16)
    15    0.03                           clknet_2_0__leaf_clk (net)
                  0.05    0.00   10.28 ^ _716_/CLK (sky130_fd_sc_hd__dfrtp_1)
                         -0.25   10.03   clock uncertainty
                          0.00   10.03   clock reconvergence pessimism
                          0.24   10.27   library recovery time
                                 10.27   data required time
-----------------------------------------------------------------------------
                                 10.27   data required time
                                 -2.48   data arrival time
-----------------------------------------------------------------------------
                                  7.79   slack (MET)


Startpoint: rst (input port clocked by clk)
Endpoint: _720_ (recovery check against rising-edge clock clk)
Path Group: asynchronous
Path Type: max

Fanout     Cap    Slew   Delay    Time   Description
-----------------------------------------------------------------------------
                          0.00    0.00   clock clk (rise edge)
                          0.00    0.00   clock network delay (propagated)
                          2.00    2.00 v input external delay
                  0.01    0.00    2.00 v rst (in)
     1    0.00                           rst (net)
                  0.01    0.00    2.00 v input17/A (sky130_fd_sc_hd__clkbuf_1)
                  0.02    0.07    2.08 v input17/X (sky130_fd_sc_hd__clkbuf_1)
     1    0.00                           net17 (net)
                  0.02    0.00    2.08 v _634_/A (sky130_fd_sc_hd__buf_4)
                  0.06    0.17    2.24 v _634_/X (sky130_fd_sc_hd__buf_4)
     9    0.04                           _341_ (net)
                  0.06    0.00    2.24 v _657_/A (sky130_fd_sc_hd__clkbuf_8)
                  0.06    0.18    2.43 v _657_/X (sky130_fd_sc_hd__clkbuf_8)
    10    0.04                           _344_ (net)
                  0.06    0.00    2.43 v _664_/A (sky130_fd_sc_hd__inv_2)
                  0.03    0.05    2.48 ^ _664_/Y (sky130_fd_sc_hd__inv_2)
     1    0.00                           _027_ (net)
                  0.03    0.00    2.48 ^ _720_/RESET_B (sky130_fd_sc_hd__dfrtp_1)
                                  2.48   data arrival time

                         10.00   10.00   clock clk (rise edge)
                          0.00   10.00   clock source latency
                  0.04    0.03   10.03 ^ clk (in)
     1    0.01                           clk (net)
                  0.04    0.00   10.03 ^ clkbuf_0_clk/A (sky130_fd_sc_hd__clkbuf_16)
                  0.05    0.13   10.15 ^ clkbuf_0_clk/X (sky130_fd_sc_hd__clkbuf_16)
     4    0.03                           clknet_0_clk (net)
                  0.05    0.00   10.15 ^ clkbuf_2_0__f_clk/A (sky130_fd_sc_hd__clkbuf_16)
                  0.05    0.13   10.28 ^ clkbuf_2_0__f_clk/X (sky130_fd_sc_hd__clkbuf_16)
    15    0.03                           clknet_2_0__leaf_clk (net)
                  0.05    0.00   10.28 ^ _720_/CLK (sky130_fd_sc_hd__dfrtp_1)
                         -0.25   10.03   clock uncertainty
                          0.00   10.03   clock reconvergence pessimism
                          0.24   10.27   library recovery time
                                 10.27   data required time
-----------------------------------------------------------------------------
                                 10.27   data required time
                                 -2.48   data arrival time
-----------------------------------------------------------------------------
                                  7.79   slack (MET)


Startpoint: rst (input port clocked by clk)
Endpoint: _721_ (recovery check against rising-edge clock clk)
Path Group: asynchronous
Path Type: max

Fanout     Cap    Slew   Delay    Time   Description
-----------------------------------------------------------------------------
                          0.00    0.00   clock clk (rise edge)
                          0.00    0.00   clock network delay (propagated)
                          2.00    2.00 v input external delay
                  0.01    0.00    2.00 v rst (in)
     1    0.00                           rst (net)
                  0.01    0.00    2.00 v input17/A (sky130_fd_sc_hd__clkbuf_1)
                  0.02    0.07    2.08 v input17/X (sky130_fd_sc_hd__clkbuf_1)
     1    0.00                           net17 (net)
                  0.02    0.00    2.08 v _634_/A (sky130_fd_sc_hd__buf_4)
                  0.06    0.17    2.24 v _634_/X (sky130_fd_sc_hd__buf_4)
     9    0.04                           _341_ (net)
                  0.06    0.00    2.24 v _657_/A (sky130_fd_sc_hd__clkbuf_8)
                  0.06    0.18    2.43 v _657_/X (sky130_fd_sc_hd__clkbuf_8)
    10    0.04                           _344_ (net)
                  0.06    0.00    2.43 v _665_/A (sky130_fd_sc_hd__inv_2)
                  0.03    0.05    2.48 ^ _665_/Y (sky130_fd_sc_hd__inv_2)
     1    0.00                           _028_ (net)
                  0.03    0.00    2.48 ^ _721_/RESET_B (sky130_fd_sc_hd__dfrtp_1)
                                  2.48   data arrival time

                         10.00   10.00   clock clk (rise edge)
                          0.00   10.00   clock source latency
                  0.04    0.03   10.03 ^ clk (in)
     1    0.01                           clk (net)
                  0.04    0.00   10.03 ^ clkbuf_0_clk/A (sky130_fd_sc_hd__clkbuf_16)
                  0.05    0.13   10.15 ^ clkbuf_0_clk/X (sky130_fd_sc_hd__clkbuf_16)
     4    0.03                           clknet_0_clk (net)
                  0.05    0.00   10.15 ^ clkbuf_2_0__f_clk/A (sky130_fd_sc_hd__clkbuf_16)
                  0.05    0.13   10.28 ^ clkbuf_2_0__f_clk/X (sky130_fd_sc_hd__clkbuf_16)
    15    0.03                           clknet_2_0__leaf_clk (net)
                  0.05    0.00   10.28 ^ _721_/CLK (sky130_fd_sc_hd__dfrtp_1)
                         -0.25   10.03   clock uncertainty
                          0.00   10.03   clock reconvergence pessimism
                          0.24   10.27   library recovery time
                                 10.27   data required time
-----------------------------------------------------------------------------
                                 10.27   data required time
                                 -2.48   data arrival time
-----------------------------------------------------------------------------
                                  7.79   slack (MET)


Startpoint: rst (input port clocked by clk)
Endpoint: _722_ (recovery check against rising-edge clock clk)
Path Group: asynchronous
Path Type: max

Fanout     Cap    Slew   Delay    Time   Description
-----------------------------------------------------------------------------
                          0.00    0.00   clock clk (rise edge)
                          0.00    0.00   clock network delay (propagated)
                          2.00    2.00 v input external delay
                  0.01    0.00    2.00 v rst (in)
     1    0.00                           rst (net)
                  0.01    0.00    2.00 v input17/A (sky130_fd_sc_hd__clkbuf_1)
                  0.02    0.07    2.08 v input17/X (sky130_fd_sc_hd__clkbuf_1)
     1    0.00                           net17 (net)
                  0.02    0.00    2.08 v _634_/A (sky130_fd_sc_hd__buf_4)
                  0.06    0.17    2.24 v _634_/X (sky130_fd_sc_hd__buf_4)
     9    0.04                           _341_ (net)
                  0.06    0.00    2.24 v _657_/A (sky130_fd_sc_hd__clkbuf_8)
                  0.06    0.18    2.43 v _657_/X (sky130_fd_sc_hd__clkbuf_8)
    10    0.04                           _344_ (net)
                  0.06    0.00    2.43 v _666_/A (sky130_fd_sc_hd__inv_2)
                  0.03    0.05    2.48 ^ _666_/Y (sky130_fd_sc_hd__inv_2)
     1    0.00                           _029_ (net)
                  0.03    0.00    2.48 ^ _722_/RESET_B (sky130_fd_sc_hd__dfrtp_1)
                                  2.48   data arrival time

                         10.00   10.00   clock clk (rise edge)
                          0.00   10.00   clock source latency
                  0.04    0.03   10.03 ^ clk (in)
     1    0.01                           clk (net)
                  0.04    0.00   10.03 ^ clkbuf_0_clk/A (sky130_fd_sc_hd__clkbuf_16)
                  0.05    0.13   10.15 ^ clkbuf_0_clk/X (sky130_fd_sc_hd__clkbuf_16)
     4    0.03                           clknet_0_clk (net)
                  0.05    0.00   10.15 ^ clkbuf_2_0__f_clk/A (sky130_fd_sc_hd__clkbuf_16)
                  0.05    0.13   10.28 ^ clkbuf_2_0__f_clk/X (sky130_fd_sc_hd__clkbuf_16)
    15    0.03                           clknet_2_0__leaf_clk (net)
                  0.05    0.00   10.28 ^ _722_/CLK (sky130_fd_sc_hd__dfrtp_1)
                         -0.25   10.03   clock uncertainty
                          0.00   10.03   clock reconvergence pessimism
                          0.24   10.27   library recovery time
                                 10.27   data required time
-----------------------------------------------------------------------------
                                 10.27   data required time
                                 -2.48   data arrival time
-----------------------------------------------------------------------------
                                  7.79   slack (MET)


Startpoint: rst (input port clocked by clk)
Endpoint: _733_ (recovery check against rising-edge clock clk)
Path Group: asynchronous
Path Type: max

Fanout     Cap    Slew   Delay    Time   Description
-----------------------------------------------------------------------------
                          0.00    0.00   clock clk (rise edge)
                          0.00    0.00   clock network delay (propagated)
                          2.00    2.00 v input external delay
                  0.01    0.00    2.00 v rst (in)
     1    0.00                           rst (net)
                  0.01    0.00    2.00 v input17/A (sky130_fd_sc_hd__clkbuf_1)
                  0.02    0.07    2.08 v input17/X (sky130_fd_sc_hd__clkbuf_1)
     1    0.00                           net17 (net)
                  0.02    0.00    2.08 v _634_/A (sky130_fd_sc_hd__buf_4)
                  0.06    0.17    2.24 v _634_/X (sky130_fd_sc_hd__buf_4)
     9    0.04                           _341_ (net)
                  0.06    0.00    2.24 v _668_/A (sky130_fd_sc_hd__clkbuf_8)
                  0.06    0.18    2.43 v _668_/X (sky130_fd_sc_hd__clkbuf_8)
    10    0.04                           _345_ (net)
                  0.06    0.00    2.43 v _678_/A (sky130_fd_sc_hd__inv_2)
                  0.03    0.05    2.48 ^ _678_/Y (sky130_fd_sc_hd__inv_2)
     1    0.00                           _040_ (net)
                  0.03    0.00    2.48 ^ _733_/RESET_B (sky130_fd_sc_hd__dfrtp_1)
                                  2.48   data arrival time

                         10.00   10.00   clock clk (rise edge)
                          0.00   10.00   clock source latency
                  0.04    0.03   10.03 ^ clk (in)
     1    0.01                           clk (net)
                  0.04    0.00   10.03 ^ clkbuf_0_clk/A (sky130_fd_sc_hd__clkbuf_16)
                  0.05    0.13   10.15 ^ clkbuf_0_clk/X (sky130_fd_sc_hd__clkbuf_16)
     4    0.03                           clknet_0_clk (net)
                  0.05    0.00   10.15 ^ clkbuf_2_0__f_clk/A (sky130_fd_sc_hd__clkbuf_16)
                  0.05    0.13   10.28 ^ clkbuf_2_0__f_clk/X (sky130_fd_sc_hd__clkbuf_16)
    15    0.03                           clknet_2_0__leaf_clk (net)
                  0.05    0.00   10.28 ^ _733_/CLK (sky130_fd_sc_hd__dfrtp_1)
                         -0.25   10.03   clock uncertainty
                          0.00   10.03   clock reconvergence pessimism
                          0.24   10.27   library recovery time
                                 10.27   data required time
-----------------------------------------------------------------------------
                                 10.27   data required time
                                 -2.48   data arrival time
-----------------------------------------------------------------------------
                                  7.79   slack (MET)


Startpoint: rst (input port clocked by clk)
Endpoint: _734_ (recovery check against rising-edge clock clk)
Path Group: asynchronous
Path Type: max

Fanout     Cap    Slew   Delay    Time   Description
-----------------------------------------------------------------------------
                          0.00    0.00   clock clk (rise edge)
                          0.00    0.00   clock network delay (propagated)
                          2.00    2.00 v input external delay
                  0.01    0.00    2.00 v rst (in)
     1    0.00                           rst (net)
                  0.01    0.00    2.00 v input17/A (sky130_fd_sc_hd__clkbuf_1)
                  0.02    0.07    2.08 v input17/X (sky130_fd_sc_hd__clkbuf_1)
     1    0.00                           net17 (net)
                  0.02    0.00    2.08 v _634_/A (sky130_fd_sc_hd__buf_4)
                  0.06    0.17    2.24 v _634_/X (sky130_fd_sc_hd__buf_4)
     9    0.04                           _341_ (net)
                  0.06    0.00    2.24 v _679_/A (sky130_fd_sc_hd__clkbuf_8)
                  0.06    0.18    2.43 v _679_/X (sky130_fd_sc_hd__clkbuf_8)
    10    0.04                           _346_ (net)
                  0.06    0.00    2.43 v _680_/A (sky130_fd_sc_hd__inv_2)
                  0.03    0.05    2.48 ^ _680_/Y (sky130_fd_sc_hd__inv_2)
     1    0.00                           _041_ (net)
                  0.03    0.00    2.48 ^ _734_/RESET_B (sky130_fd_sc_hd__dfrtp_1)
                                  2.48   data arrival time

                         10.00   10.00   clock clk (rise edge)
                          0.00   10.00   clock source latency
                  0.04    0.03   10.03 ^ clk (in)
     1    0.01                           clk (net)
                  0.04    0.00   10.03 ^ clkbuf_0_clk/A (sky130_fd_sc_hd__clkbuf_16)
                  0.05    0.13   10.15 ^ clkbuf_0_clk/X (sky130_fd_sc_hd__clkbuf_16)
     4    0.03                           clknet_0_clk (net)
                  0.05    0.00   10.15 ^ clkbuf_2_0__f_clk/A (sky130_fd_sc_hd__clkbuf_16)
                  0.05    0.13   10.28 ^ clkbuf_2_0__f_clk/X (sky130_fd_sc_hd__clkbuf_16)
    15    0.03                           clknet_2_0__leaf_clk (net)
                  0.05    0.00   10.28 ^ _734_/CLK (sky130_fd_sc_hd__dfrtp_1)
                         -0.25   10.03   clock uncertainty
                          0.00   10.03   clock reconvergence pessimism
                          0.24   10.27   library recovery time
                                 10.27   data required time
-----------------------------------------------------------------------------
                                 10.27   data required time
                                 -2.48   data arrival time
-----------------------------------------------------------------------------
                                  7.79   slack (MET)


Startpoint: rst (input port clocked by clk)
Endpoint: _735_ (recovery check against rising-edge clock clk)
Path Group: asynchronous
Path Type: max

Fanout     Cap    Slew   Delay    Time   Description
-----------------------------------------------------------------------------
                          0.00    0.00   clock clk (rise edge)
                          0.00    0.00   clock network delay (propagated)
                          2.00    2.00 v input external delay
                  0.01    0.00    2.00 v rst (in)
     1    0.00                           rst (net)
                  0.01    0.00    2.00 v input17/A (sky130_fd_sc_hd__clkbuf_1)
                  0.02    0.07    2.08 v input17/X (sky130_fd_sc_hd__clkbuf_1)
     1    0.00                           net17 (net)
                  0.02    0.00    2.08 v _634_/A (sky130_fd_sc_hd__buf_4)
                  0.06    0.17    2.24 v _634_/X (sky130_fd_sc_hd__buf_4)
     9    0.04                           _341_ (net)
                  0.06    0.00    2.24 v _679_/A (sky130_fd_sc_hd__clkbuf_8)
                  0.06    0.18    2.43 v _679_/X (sky130_fd_sc_hd__clkbuf_8)
    10    0.04                           _346_ (net)
                  0.06    0.00    2.43 v _681_/A (sky130_fd_sc_hd__inv_2)
                  0.03    0.05    2.48 ^ _681_/Y (sky130_fd_sc_hd__inv_2)
     1    0.00                           _042_ (net)
                  0.03    0.00    2.48 ^ _735_/RESET_B (sky130_fd_sc_hd__dfrtp_1)
                                  2.48   data arrival time

                         10.00   10.00   clock clk (rise edge)
                          0.00   10.00   clock source latency
                  0.04    0.03   10.03 ^ clk (in)
     1    0.01                           clk (net)
                  0.04    0.00   10.03 ^ clkbuf_0_clk/A (sky130_fd_sc_hd__clkbuf_16)
                  0.05    0.13   10.15 ^ clkbuf_0_clk/X (sky130_fd_sc_hd__clkbuf_16)
     4    0.03                           clknet_0_clk (net)
                  0.05    0.00   10.15 ^ clkbuf_2_0__f_clk/A (sky130_fd_sc_hd__clkbuf_16)
                  0.05    0.13   10.28 ^ clkbuf_2_0__f_clk/X (sky130_fd_sc_hd__clkbuf_16)
    15    0.03                           clknet_2_0__leaf_clk (net)
                  0.05    0.00   10.28 ^ _735_/CLK (sky130_fd_sc_hd__dfrtp_1)
                         -0.25   10.03   clock uncertainty
                          0.00   10.03   clock reconvergence pessimism
                          0.24   10.27   library recovery time
                                 10.27   data required time
-----------------------------------------------------------------------------
                                 10.27   data required time
                                 -2.48   data arrival time
-----------------------------------------------------------------------------
                                  7.79   slack (MET)


Startpoint: rst (input port clocked by clk)
Endpoint: _747_ (recovery check against rising-edge clock clk)
Path Group: asynchronous
Path Type: max

Fanout     Cap    Slew   Delay    Time   Description
-----------------------------------------------------------------------------
                          0.00    0.00   clock clk (rise edge)
                          0.00    0.00   clock network delay (propagated)
                          2.00    2.00 v input external delay
                  0.01    0.00    2.00 v rst (in)
     1    0.00                           rst (net)
                  0.01    0.00    2.00 v input17/A (sky130_fd_sc_hd__clkbuf_1)
                  0.02    0.07    2.08 v input17/X (sky130_fd_sc_hd__clkbuf_1)
     1    0.00                           net17 (net)
                  0.02    0.00    2.08 v _634_/A (sky130_fd_sc_hd__buf_4)
                  0.06    0.17    2.24 v _634_/X (sky130_fd_sc_hd__buf_4)
     9    0.04                           _341_ (net)
                  0.06    0.00    2.24 v _693_/A (sky130_fd_sc_hd__inv_2)
                  0.03    0.05    2.30 ^ _693_/Y (sky130_fd_sc_hd__inv_2)
     1    0.00                           _054_ (net)
                  0.03    0.00    2.30 ^ _747_/RESET_B (sky130_fd_sc_hd__dfrtp_2)
                                  2.30   data arrival time

                         10.00   10.00   clock clk (rise edge)
                          0.00   10.00   clock source latency
                  0.04    0.03   10.03 ^ clk (in)
     1    0.01                           clk (net)
                  0.04    0.00   10.03 ^ clkbuf_0_clk/A (sky130_fd_sc_hd__clkbuf_16)
                  0.05    0.13   10.15 ^ clkbuf_0_clk/X (sky130_fd_sc_hd__clkbuf_16)
     4    0.03                           clknet_0_clk (net)
                  0.05    0.00   10.15 ^ clkbuf_2_3__f_clk/A (sky130_fd_sc_hd__clkbuf_16)
                  0.05    0.12   10.28 ^ clkbuf_2_3__f_clk/X (sky130_fd_sc_hd__clkbuf_16)
    12    0.02                           clknet_2_3__leaf_clk (net)
                  0.05    0.00   10.28 ^ _747_/CLK (sky130_fd_sc_hd__dfrtp_2)
                         -0.25   10.03   clock uncertainty
                          0.00   10.03   clock reconvergence pessimism
                          0.22   10.25   library recovery time
                                 10.25   data required time
-----------------------------------------------------------------------------
                                 10.25   data required time
                                 -2.30   data arrival time
-----------------------------------------------------------------------------
                                  7.96   slack (MET)


Startpoint: rst (input port clocked by clk)
Endpoint: _744_ (recovery check against rising-edge clock clk)
Path Group: asynchronous
Path Type: max

Fanout     Cap    Slew   Delay    Time   Description
-----------------------------------------------------------------------------
                          0.00    0.00   clock clk (rise edge)
                          0.00    0.00   clock network delay (propagated)
                          2.00    2.00 v input external delay
                  0.01    0.00    2.00 v rst (in)
     1    0.00                           rst (net)
                  0.01    0.00    2.00 v input17/A (sky130_fd_sc_hd__clkbuf_1)
                  0.02    0.07    2.08 v input17/X (sky130_fd_sc_hd__clkbuf_1)
     1    0.00                           net17 (net)
                  0.02    0.00    2.08 v _634_/A (sky130_fd_sc_hd__buf_4)
                  0.06    0.17    2.24 v _634_/X (sky130_fd_sc_hd__buf_4)
     9    0.04                           _341_ (net)
                  0.06    0.00    2.24 v _690_/A (sky130_fd_sc_hd__inv_2)
                  0.03    0.05    2.30 ^ _690_/Y (sky130_fd_sc_hd__inv_2)
     1    0.00                           _051_ (net)
                  0.03    0.00    2.30 ^ _744_/RESET_B (sky130_fd_sc_hd__dfrtp_2)
                                  2.30   data arrival time

                         10.00   10.00   clock clk (rise edge)
                          0.00   10.00   clock source latency
                  0.04    0.03   10.03 ^ clk (in)
     1    0.01                           clk (net)
                  0.04    0.00   10.03 ^ clkbuf_0_clk/A (sky130_fd_sc_hd__clkbuf_16)
                  0.05    0.13   10.15 ^ clkbuf_0_clk/X (sky130_fd_sc_hd__clkbuf_16)
     4    0.03                           clknet_0_clk (net)
                  0.05    0.00   10.15 ^ clkbuf_2_2__f_clk/A (sky130_fd_sc_hd__clkbuf_16)
                  0.05    0.13   10.28 ^ clkbuf_2_2__f_clk/X (sky130_fd_sc_hd__clkbuf_16)
    13    0.02                           clknet_2_2__leaf_clk (net)
                  0.05    0.00   10.28 ^ _744_/CLK (sky130_fd_sc_hd__dfrtp_2)
                         -0.25   10.03   clock uncertainty
                          0.00   10.03   clock reconvergence pessimism
                          0.22   10.26   library recovery time
                                 10.26   data required time
-----------------------------------------------------------------------------
                                 10.26   data required time
                                 -2.30   data arrival time
-----------------------------------------------------------------------------
                                  7.96   slack (MET)


Startpoint: rst (input port clocked by clk)
Endpoint: _745_ (recovery check against rising-edge clock clk)
Path Group: asynchronous
Path Type: max

Fanout     Cap    Slew   Delay    Time   Description
-----------------------------------------------------------------------------
                          0.00    0.00   clock clk (rise edge)
                          0.00    0.00   clock network delay (propagated)
                          2.00    2.00 v input external delay
                  0.01    0.00    2.00 v rst (in)
     1    0.00                           rst (net)
                  0.01    0.00    2.00 v input17/A (sky130_fd_sc_hd__clkbuf_1)
                  0.02    0.07    2.08 v input17/X (sky130_fd_sc_hd__clkbuf_1)
     1    0.00                           net17 (net)
                  0.02    0.00    2.08 v _634_/A (sky130_fd_sc_hd__buf_4)
                  0.06    0.17    2.24 v _634_/X (sky130_fd_sc_hd__buf_4)
     9    0.04                           _341_ (net)
                  0.06    0.00    2.24 v _691_/A (sky130_fd_sc_hd__inv_2)
                  0.03    0.05    2.30 ^ _691_/Y (sky130_fd_sc_hd__inv_2)
     1    0.00                           _052_ (net)
                  0.03    0.00    2.30 ^ _745_/RESET_B (sky130_fd_sc_hd__dfrtp_1)
                                  2.30   data arrival time

                         10.00   10.00   clock clk (rise edge)
                          0.00   10.00   clock source latency
                  0.04    0.03   10.03 ^ clk (in)
     1    0.01                           clk (net)
                  0.04    0.00   10.03 ^ clkbuf_0_clk/A (sky130_fd_sc_hd__clkbuf_16)
                  0.05    0.13   10.15 ^ clkbuf_0_clk/X (sky130_fd_sc_hd__clkbuf_16)
     4    0.03                           clknet_0_clk (net)
                  0.05    0.00   10.15 ^ clkbuf_2_3__f_clk/A (sky130_fd_sc_hd__clkbuf_16)
                  0.05    0.12   10.28 ^ clkbuf_2_3__f_clk/X (sky130_fd_sc_hd__clkbuf_16)
    12    0.02                           clknet_2_3__leaf_clk (net)
                  0.05    0.00   10.28 ^ _745_/CLK (sky130_fd_sc_hd__dfrtp_1)
                         -0.25   10.03   clock uncertainty
                          0.00   10.03   clock reconvergence pessimism
                          0.23   10.26   library recovery time
                                 10.26   data required time
-----------------------------------------------------------------------------
                                 10.26   data required time
                                 -2.30   data arrival time
-----------------------------------------------------------------------------
                                  7.97   slack (MET)


Startpoint: rst (input port clocked by clk)
Endpoint: _746_ (recovery check against rising-edge clock clk)
Path Group: asynchronous
Path Type: max

Fanout     Cap    Slew   Delay    Time   Description
-----------------------------------------------------------------------------
                          0.00    0.00   clock clk (rise edge)
                          0.00    0.00   clock network delay (propagated)
                          2.00    2.00 v input external delay
                  0.01    0.00    2.00 v rst (in)
     1    0.00                           rst (net)
                  0.01    0.00    2.00 v input17/A (sky130_fd_sc_hd__clkbuf_1)
                  0.02    0.07    2.08 v input17/X (sky130_fd_sc_hd__clkbuf_1)
     1    0.00                           net17 (net)
                  0.02    0.00    2.08 v _634_/A (sky130_fd_sc_hd__buf_4)
                  0.06    0.17    2.24 v _634_/X (sky130_fd_sc_hd__buf_4)
     9    0.04                           _341_ (net)
                  0.06    0.00    2.24 v _692_/A (sky130_fd_sc_hd__inv_2)
                  0.03    0.05    2.30 ^ _692_/Y (sky130_fd_sc_hd__inv_2)
     1    0.00                           _053_ (net)
                  0.03    0.00    2.30 ^ _746_/RESET_B (sky130_fd_sc_hd__dfrtp_1)
                                  2.30   data arrival time

                         10.00   10.00   clock clk (rise edge)
                          0.00   10.00   clock source latency
                  0.04    0.03   10.03 ^ clk (in)
     1    0.01                           clk (net)
                  0.04    0.00   10.03 ^ clkbuf_0_clk/A (sky130_fd_sc_hd__clkbuf_16)
                  0.05    0.13   10.15 ^ clkbuf_0_clk/X (sky130_fd_sc_hd__clkbuf_16)
     4    0.03                           clknet_0_clk (net)
                  0.05    0.00   10.15 ^ clkbuf_2_3__f_clk/A (sky130_fd_sc_hd__clkbuf_16)
                  0.05    0.12   10.28 ^ clkbuf_2_3__f_clk/X (sky130_fd_sc_hd__clkbuf_16)
    12    0.02                           clknet_2_3__leaf_clk (net)
                  0.05    0.00   10.28 ^ _746_/CLK (sky130_fd_sc_hd__dfrtp_1)
                         -0.25   10.03   clock uncertainty
                          0.00   10.03   clock reconvergence pessimism
                          0.23   10.26   library recovery time
                                 10.26   data required time
-----------------------------------------------------------------------------
                                 10.26   data required time
                                 -2.30   data arrival time
-----------------------------------------------------------------------------
                                  7.97   slack (MET)


Startpoint: _697_ (rising edge-triggered flip-flop clocked by clk)
Endpoint: _707_ (rising edge-triggered flip-flop clocked by clk)
Path Group: clk
Path Type: max

Fanout     Cap    Slew   Delay    Time   Description
-----------------------------------------------------------------------------
                          0.00    0.00   clock clk (rise edge)
                          0.00    0.00   clock source latency
                  0.04    0.03    0.03 ^ clk (in)
     1    0.01                           clk (net)
                  0.04    0.00    0.03 ^ clkbuf_0_clk/A (sky130_fd_sc_hd__clkbuf_16)
                  0.05    0.14    0.17 ^ clkbuf_0_clk/X (sky130_fd_sc_hd__clkbuf_16)
     4    0.03                           clknet_0_clk (net)
                  0.05    0.00    0.17 ^ clkbuf_2_3__f_clk/A (sky130_fd_sc_hd__clkbuf_16)
                  0.05    0.14    0.31 ^ clkbuf_2_3__f_clk/X (sky130_fd_sc_hd__clkbuf_16)
    12    0.02                           clknet_2_3__leaf_clk (net)
                  0.05    0.00    0.31 ^ _697_/CLK (sky130_fd_sc_hd__dfrtp_1)
                  0.05    0.39    0.69 v _697_/Q (sky130_fd_sc_hd__dfrtp_1)
     3    0.01                           u_core.count[3] (net)
                  0.05    0.00    0.69 v _589_/A (sky130_fd_sc_hd__nor4b_1)
                  0.31    0.35    1.05 ^ _589_/Y (sky130_fd_sc_hd__nor4b_1)
     2    0.00                           _319_ (net)
                  0.31    0.00    1.05 ^ wire36/A (sky130_fd_sc_hd__clkbuf_2)
                  0.10    0.23    1.28 ^ wire36/X (sky130_fd_sc_hd__clkbuf_2)
     4    0.02                           net36 (net)
                  0.10    0.00    1.28 ^ _590_/B (sky130_fd_sc_hd__nand2_4)
                  0.06    0.09    1.36 v _590_/Y (sky130_fd_sc_hd__nand2_4)
     7    0.02                           _320_ (net)
                  0.06    0.00    1.36 v _591_/A (sky130_fd_sc_hd__buf_4)
                  0.05    0.18    1.54 v _591_/X (sky130_fd_sc_hd__buf_4)
    10    0.03                           _321_ (net)
                  0.05    0.00    1.54 v _608_/S (sky130_fd_sc_hd__mux2_1)
                  0.05    0.31    1.86 v _608_/X (sky130_fd_sc_hd__mux2_1)
     1    0.00                           _329_ (net)
                  0.05    0.00    1.86 v _609_/A (sky130_fd_sc_hd__clkbuf_1)
                  0.02    0.09    1.95 v _609_/X (sky130_fd_sc_hd__clkbuf_1)
     1    0.00                           _067_ (net)
                  0.02    0.00    1.95 v _707_/D (sky130_fd_sc_hd__dfrtp_1)
                                  1.95   data arrival time

                         10.00   10.00   clock clk (rise edge)
                          0.00   10.00   clock source latency
                  0.04    0.03   10.03 ^ clk (in)
     1    0.01                           clk (net)
                  0.04    0.00   10.03 ^ clkbuf_0_clk/A (sky130_fd_sc_hd__clkbuf_16)
                  0.05    0.13   10.15 ^ clkbuf_0_clk/X (sky130_fd_sc_hd__clkbuf_16)
     4    0.03                           clknet_0_clk (net)
                  0.05    0.00   10.15 ^ clkbuf_2_2__f_clk/A (sky130_fd_sc_hd__clkbuf_16)
                  0.05    0.13   10.28 ^ clkbuf_2_2__f_clk/X (sky130_fd_sc_hd__clkbuf_16)
    13    0.02                           clknet_2_2__leaf_clk (net)
                  0.05    0.00   10.28 ^ _707_/CLK (sky130_fd_sc_hd__dfrtp_1)
                         -0.25   10.03   clock uncertainty
                          0.02   10.05   clock reconvergence pessimism
                         -0.10    9.94   library setup time
                                  9.94   data required time
-----------------------------------------------------------------------------
                                  9.94   data required time
                                 -1.95   data arrival time
-----------------------------------------------------------------------------
                                  8.00   slack (MET)


Startpoint: _697_ (rising edge-triggered flip-flop clocked by clk)
Endpoint: _701_ (rising edge-triggered flip-flop clocked by clk)
Path Group: clk
Path Type: max

Fanout     Cap    Slew   Delay    Time   Description
-----------------------------------------------------------------------------
                          0.00    0.00   clock clk (rise edge)
                          0.00    0.00   clock source latency
                  0.04    0.03    0.03 ^ clk (in)
     1    0.01                           clk (net)
                  0.04    0.00    0.03 ^ clkbuf_0_clk/A (sky130_fd_sc_hd__clkbuf_16)
                  0.05    0.14    0.17 ^ clkbuf_0_clk/X (sky130_fd_sc_hd__clkbuf_16)
     4    0.03                           clknet_0_clk (net)
                  0.05    0.00    0.17 ^ clkbuf_2_3__f_clk/A (sky130_fd_sc_hd__clkbuf_16)
                  0.05    0.14    0.31 ^ clkbuf_2_3__f_clk/X (sky130_fd_sc_hd__clkbuf_16)
    12    0.02                           clknet_2_3__leaf_clk (net)
                  0.05    0.00    0.31 ^ _697_/CLK (sky130_fd_sc_hd__dfrtp_1)
                  0.05    0.39    0.69 v _697_/Q (sky130_fd_sc_hd__dfrtp_1)
     3    0.01                           u_core.count[3] (net)
                  0.05    0.00    0.69 v _589_/A (sky130_fd_sc_hd__nor4b_1)
                  0.31    0.35    1.05 ^ _589_/Y (sky130_fd_sc_hd__nor4b_1)
     2    0.00                           _319_ (net)
                  0.31    0.00    1.05 ^ wire36/A (sky130_fd_sc_hd__clkbuf_2)
                  0.10    0.23    1.28 ^ wire36/X (sky130_fd_sc_hd__clkbuf_2)
     4    0.02                           net36 (net)
                  0.10    0.00    1.28 ^ _590_/B (sky130_fd_sc_hd__nand2_4)
                  0.06    0.09    1.36 v _590_/Y (sky130_fd_sc_hd__nand2_4)
     7    0.02                           _320_ (net)
                  0.06    0.00    1.36 v _620_/S (sky130_fd_sc_hd__mux2_1)
                  0.05    0.32    1.68 v _620_/X (sky130_fd_sc_hd__mux2_1)
     1    0.00                           _335_ (net)
                  0.05    0.00    1.68 v _621_/A (sky130_fd_sc_hd__clkbuf_1)
                  0.02    0.09    1.77 v _621_/X (sky130_fd_sc_hd__clkbuf_1)
     1    0.00                           _061_ (net)
                  0.02    0.00    1.77 v _701_/D (sky130_fd_sc_hd__dfrtp_1)
                                  1.77   data arrival time

                         10.00   10.00   clock clk (rise edge)
                          0.00   10.00   clock source latency
                  0.04    0.03   10.03 ^ clk (in)
     1    0.01                           clk (net)
                  0.04    0.00   10.03 ^ clkbuf_0_clk/A (sky130_fd_sc_hd__clkbuf_16)
                  0.05    0.13   10.15 ^ clkbuf_0_clk/X (sky130_fd_sc_hd__clkbuf_16)
     4    0.03                           clknet_0_clk (net)
                  0.05    0.00   10.15 ^ clkbuf_2_2__f_clk/A (sky130_fd_sc_hd__clkbuf_16)
                  0.05    0.13   10.28 ^ clkbuf_2_2__f_clk/X (sky130_fd_sc_hd__clkbuf_16)
    13    0.02                           clknet_2_2__leaf_clk (net)
                  0.05    0.00   10.28 ^ _701_/CLK (sky130_fd_sc_hd__dfrtp_1)
                         -0.25   10.03   clock uncertainty
                          0.02   10.05   clock reconvergence pessimism
                         -0.10    9.94   library setup time
                                  9.94   data required time
-----------------------------------------------------------------------------
                                  9.94   data required time
                                 -1.77   data arrival time
-----------------------------------------------------------------------------
                                  8.17   slack (MET)


Startpoint: _697_ (rising edge-triggered flip-flop clocked by clk)
Endpoint: _705_ (rising edge-triggered flip-flop clocked by clk)
Path Group: clk
Path Type: max

Fanout     Cap    Slew   Delay    Time   Description
-----------------------------------------------------------------------------
                          0.00    0.00   clock clk (rise edge)
                          0.00    0.00   clock source latency
                  0.04    0.03    0.03 ^ clk (in)
     1    0.01                           clk (net)
                  0.04    0.00    0.03 ^ clkbuf_0_clk/A (sky130_fd_sc_hd__clkbuf_16)
                  0.05    0.14    0.17 ^ clkbuf_0_clk/X (sky130_fd_sc_hd__clkbuf_16)
     4    0.03                           clknet_0_clk (net)
                  0.05    0.00    0.17 ^ clkbuf_2_3__f_clk/A (sky130_fd_sc_hd__clkbuf_16)
                  0.05    0.14    0.31 ^ clkbuf_2_3__f_clk/X (sky130_fd_sc_hd__clkbuf_16)
    12    0.02                           clknet_2_3__leaf_clk (net)
                  0.05    0.00    0.31 ^ _697_/CLK (sky130_fd_sc_hd__dfrtp_1)
                  0.05    0.39    0.69 v _697_/Q (sky130_fd_sc_hd__dfrtp_1)
     3    0.01                           u_core.count[3] (net)
                  0.05    0.00    0.69 v _589_/A (sky130_fd_sc_hd__nor4b_1)
                  0.31    0.35    1.05 ^ _589_/Y (sky130_fd_sc_hd__nor4b_1)
     2    0.00                           _319_ (net)
                  0.31    0.00    1.05 ^ wire36/A (sky130_fd_sc_hd__clkbuf_2)
                  0.10    0.23    1.28 ^ wire36/X (sky130_fd_sc_hd__clkbuf_2)
     4    0.02                           net36 (net)
                  0.10    0.00    1.28 ^ _590_/B (sky130_fd_sc_hd__nand2_4)
                  0.06    0.09    1.36 v _590_/Y (sky130_fd_sc_hd__nand2_4)
     7    0.02                           _320_ (net)
                  0.06    0.00    1.36 v _612_/S (sky130_fd_sc_hd__mux2_1)
                  0.05    0.32    1.68 v _612_/X (sky130_fd_sc_hd__mux2_1)
     1    0.00                           _331_ (net)
                  0.05    0.00    1.68 v _613_/A (sky130_fd_sc_hd__clkbuf_1)
                  0.02    0.09    1.77 v _613_/X (sky130_fd_sc_hd__clkbuf_1)
     1    0.00                           _065_ (net)
                  0.02    0.00    1.77 v _705_/D (sky130_fd_sc_hd__dfrtp_1)
                                  1.77   data arrival time

                         10.00   10.00   clock clk (rise edge)
                          0.00   10.00   clock source latency
                  0.04    0.03   10.03 ^ clk (in)
     1    0.01                           clk (net)
                  0.04    0.00   10.03 ^ clkbuf_0_clk/A (sky130_fd_sc_hd__clkbuf_16)
                  0.05    0.13   10.15 ^ clkbuf_0_clk/X (sky130_fd_sc_hd__clkbuf_16)
     4    0.03                           clknet_0_clk (net)
                  0.05    0.00   10.15 ^ clkbuf_2_2__f_clk/A (sky130_fd_sc_hd__clkbuf_16)
                  0.05    0.13   10.28 ^ clkbuf_2_2__f_clk/X (sky130_fd_sc_hd__clkbuf_16)
    13    0.02                           clknet_2_2__leaf_clk (net)
                  0.05    0.00   10.28 ^ _705_/CLK (sky130_fd_sc_hd__dfrtp_1)
                         -0.25   10.03   clock uncertainty
                          0.02   10.05   clock reconvergence pessimism
                         -0.10    9.94   library setup time
                                  9.94   data required time
-----------------------------------------------------------------------------
                                  9.94   data required time
                                 -1.77   data arrival time
-----------------------------------------------------------------------------
                                  8.17   slack (MET)


Startpoint: _697_ (rising edge-triggered flip-flop clocked by clk)
Endpoint: _703_ (rising edge-triggered flip-flop clocked by clk)
Path Group: clk
Path Type: max

Fanout     Cap    Slew   Delay    Time   Description
-----------------------------------------------------------------------------
                          0.00    0.00   clock clk (rise edge)
                          0.00    0.00   clock source latency
                  0.04    0.03    0.03 ^ clk (in)
     1    0.01                           clk (net)
                  0.04    0.00    0.03 ^ clkbuf_0_clk/A (sky130_fd_sc_hd__clkbuf_16)
                  0.05    0.14    0.17 ^ clkbuf_0_clk/X (sky130_fd_sc_hd__clkbuf_16)
     4    0.03                           clknet_0_clk (net)
                  0.05    0.00    0.17 ^ clkbuf_2_3__f_clk/A (sky130_fd_sc_hd__clkbuf_16)
                  0.05    0.14    0.31 ^ clkbuf_2_3__f_clk/X (sky130_fd_sc_hd__clkbuf_16)
    12    0.02                           clknet_2_3__leaf_clk (net)
                  0.05    0.00    0.31 ^ _697_/CLK (sky130_fd_sc_hd__dfrtp_1)
                  0.05    0.39    0.69 v _697_/Q (sky130_fd_sc_hd__dfrtp_1)
     3    0.01                           u_core.count[3] (net)
                  0.05    0.00    0.69 v _589_/A (sky130_fd_sc_hd__nor4b_1)
                  0.31    0.35    1.05 ^ _589_/Y (sky130_fd_sc_hd__nor4b_1)
     2    0.00                           _319_ (net)
                  0.31    0.00    1.05 ^ wire36/A (sky130_fd_sc_hd__clkbuf_2)
                  0.10    0.23    1.28 ^ wire36/X (sky130_fd_sc_hd__clkbuf_2)
     4    0.02                           net36 (net)
                  0.10    0.00    1.28 ^ _590_/B (sky130_fd_sc_hd__nand2_4)
                  0.06    0.09    1.36 v _590_/Y (sky130_fd_sc_hd__nand2_4)
     7    0.02                           _320_ (net)
                  0.06    0.00    1.36 v _616_/S (sky130_fd_sc_hd__mux2_1)
                  0.05    0.32    1.68 v _616_/X (sky130_fd_sc_hd__mux2_1)
     1    0.00                           _333_ (net)
                  0.05    0.00    1.68 v _617_/A (sky130_fd_sc_hd__clkbuf_1)
                  0.02    0.09    1.77 v _617_/X (sky130_fd_sc_hd__clkbuf_1)
     1    0.00                           _063_ (net)
                  0.02    0.00    1.77 v _703_/D (sky130_fd_sc_hd__dfrtp_1)
                                  1.77   data arrival time

                         10.00   10.00   clock clk (rise edge)
                          0.00   10.00   clock source latency
                  0.04    0.03   10.03 ^ clk (in)
     1    0.01                           clk (net)
                  0.04    0.00   10.03 ^ clkbuf_0_clk/A (sky130_fd_sc_hd__clkbuf_16)
                  0.05    0.13   10.15 ^ clkbuf_0_clk/X (sky130_fd_sc_hd__clkbuf_16)
     4    0.03                           clknet_0_clk (net)
                  0.05    0.00   10.15 ^ clkbuf_2_1__f_clk/A (sky130_fd_sc_hd__clkbuf_16)
                  0.05    0.13   10.28 ^ clkbuf_2_1__f_clk/X (sky130_fd_sc_hd__clkbuf_16)
    14    0.03                           clknet_2_1__leaf_clk (net)
                  0.05    0.00   10.28 ^ _703_/CLK (sky130_fd_sc_hd__dfrtp_1)
                         -0.25   10.03   clock uncertainty
                          0.02   10.05   clock reconvergence pessimism
                         -0.10    9.94   library setup time
                                  9.94   data required time
-----------------------------------------------------------------------------
                                  9.94   data required time
                                 -1.77   data arrival time
-----------------------------------------------------------------------------
                                  8.17   slack (MET)


Startpoint: _697_ (rising edge-triggered flip-flop clocked by clk)
Endpoint: _706_ (rising edge-triggered flip-flop clocked by clk)
Path Group: clk
Path Type: max

Fanout     Cap    Slew   Delay    Time   Description
-----------------------------------------------------------------------------
                          0.00    0.00   clock clk (rise edge)
                          0.00    0.00   clock source latency
                  0.04    0.03    0.03 ^ clk (in)
     1    0.01                           clk (net)
                  0.04    0.00    0.03 ^ clkbuf_0_clk/A (sky130_fd_sc_hd__clkbuf_16)
                  0.05    0.14    0.17 ^ clkbuf_0_clk/X (sky130_fd_sc_hd__clkbuf_16)
     4    0.03                           clknet_0_clk (net)
                  0.05    0.00    0.17 ^ clkbuf_2_3__f_clk/A (sky130_fd_sc_hd__clkbuf_16)
                  0.05    0.14    0.31 ^ clkbuf_2_3__f_clk/X (sky130_fd_sc_hd__clkbuf_16)
    12    0.02                           clknet_2_3__leaf_clk (net)
                  0.05    0.00    0.31 ^ _697_/CLK (sky130_fd_sc_hd__dfrtp_1)
                  0.05    0.39    0.69 v _697_/Q (sky130_fd_sc_hd__dfrtp_1)
     3    0.01                           u_core.count[3] (net)
                  0.05    0.00    0.69 v _589_/A (sky130_fd_sc_hd__nor4b_1)
                  0.31    0.35    1.05 ^ _589_/Y (sky130_fd_sc_hd__nor4b_1)
     2    0.00                           _319_ (net)
                  0.31    0.00    1.05 ^ wire36/A (sky130_fd_sc_hd__clkbuf_2)
                  0.10    0.23    1.28 ^ wire36/X (sky130_fd_sc_hd__clkbuf_2)
     4    0.02                           net36 (net)
                  0.10    0.00    1.28 ^ _590_/B (sky130_fd_sc_hd__nand2_4)
                  0.06    0.09    1.36 v _590_/Y (sky130_fd_sc_hd__nand2_4)
     7    0.02                           _320_ (net)
                  0.06    0.00    1.36 v _610_/S (sky130_fd_sc_hd__mux2_1)
                  0.05    0.32    1.68 v _610_/X (sky130_fd_sc_hd__mux2_1)
     1    0.00                           _330_ (net)
                  0.05    0.00    1.68 v _611_/A (sky130_fd_sc_hd__clkbuf_1)
                  0.02    0.09    1.77 v _611_/X (sky130_fd_sc_hd__clkbuf_1)
     1    0.00                           _066_ (net)
                  0.02    0.00    1.77 v _706_/D (sky130_fd_sc_hd__dfrtp_1)
                                  1.77   data arrival time

                         10.00   10.00   clock clk (rise edge)
                          0.00   10.00   clock source latency
                  0.04    0.03   10.03 ^ clk (in)
     1    0.01                           clk (net)
                  0.04    0.00   10.03 ^ clkbuf_0_clk/A (sky130_fd_sc_hd__clkbuf_16)
                  0.05    0.13   10.15 ^ clkbuf_0_clk/X (sky130_fd_sc_hd__clkbuf_16)
     4    0.03                           clknet_0_clk (net)
                  0.05    0.00   10.15 ^ clkbuf_2_1__f_clk/A (sky130_fd_sc_hd__clkbuf_16)
                  0.05    0.13   10.28 ^ clkbuf_2_1__f_clk/X (sky130_fd_sc_hd__clkbuf_16)
    14    0.03                           clknet_2_1__leaf_clk (net)
                  0.05    0.00   10.28 ^ _706_/CLK (sky130_fd_sc_hd__dfrtp_1)
                         -0.25   10.03   clock uncertainty
                          0.02   10.05   clock reconvergence pessimism
                         -0.10    9.94   library setup time
                                  9.94   data required time
-----------------------------------------------------------------------------
                                  9.94   data required time
                                 -1.77   data arrival time
-----------------------------------------------------------------------------
                                  8.17   slack (MET)


Startpoint: _697_ (rising edge-triggered flip-flop clocked by clk)
Endpoint: _702_ (rising edge-triggered flip-flop clocked by clk)
Path Group: clk
Path Type: max

Fanout     Cap    Slew   Delay    Time   Description
-----------------------------------------------------------------------------
                          0.00    0.00   clock clk (rise edge)
                          0.00    0.00   clock source latency
                  0.04    0.03    0.03 ^ clk (in)
     1    0.01                           clk (net)
                  0.04    0.00    0.03 ^ clkbuf_0_clk/A (sky130_fd_sc_hd__clkbuf_16)
                  0.05    0.14    0.17 ^ clkbuf_0_clk/X (sky130_fd_sc_hd__clkbuf_16)
     4    0.03                           clknet_0_clk (net)
                  0.05    0.00    0.17 ^ clkbuf_2_3__f_clk/A (sky130_fd_sc_hd__clkbuf_16)
                  0.05    0.14    0.31 ^ clkbuf_2_3__f_clk/X (sky130_fd_sc_hd__clkbuf_16)
    12    0.02                           clknet_2_3__leaf_clk (net)
                  0.05    0.00    0.31 ^ _697_/CLK (sky130_fd_sc_hd__dfrtp_1)
                  0.05    0.39    0.69 v _697_/Q (sky130_fd_sc_hd__dfrtp_1)
     3    0.01                           u_core.count[3] (net)
                  0.05    0.00    0.69 v _589_/A (sky130_fd_sc_hd__nor4b_1)
                  0.31    0.35    1.05 ^ _589_/Y (sky130_fd_sc_hd__nor4b_1)
     2    0.00                           _319_ (net)
                  0.31    0.00    1.05 ^ wire36/A (sky130_fd_sc_hd__clkbuf_2)
                  0.10    0.23    1.28 ^ wire36/X (sky130_fd_sc_hd__clkbuf_2)
     4    0.02                           net36 (net)
                  0.10    0.00    1.28 ^ _590_/B (sky130_fd_sc_hd__nand2_4)
                  0.06    0.09    1.36 v _590_/Y (sky130_fd_sc_hd__nand2_4)
     7    0.02                           _320_ (net)
                  0.06    0.00    1.36 v _618_/S (sky130_fd_sc_hd__mux2_1)
                  0.05    0.32    1.68 v _618_/X (sky130_fd_sc_hd__mux2_1)
     1    0.00                           _334_ (net)
                  0.05    0.00    1.68 v _619_/A (sky130_fd_sc_hd__clkbuf_1)
                  0.02    0.09    1.77 v _619_/X (sky130_fd_sc_hd__clkbuf_1)
     1    0.00                           _062_ (net)
                  0.02    0.00    1.77 v _702_/D (sky130_fd_sc_hd__dfrtp_1)
                                  1.77   data arrival time

                         10.00   10.00   clock clk (rise edge)
                          0.00   10.00   clock source latency
                  0.04    0.03   10.03 ^ clk (in)
     1    0.01                           clk (net)
                  0.04    0.00   10.03 ^ clkbuf_0_clk/A (sky130_fd_sc_hd__clkbuf_16)
                  0.05    0.13   10.15 ^ clkbuf_0_clk/X (sky130_fd_sc_hd__clkbuf_16)
     4    0.03                           clknet_0_clk (net)
                  0.05    0.00   10.15 ^ clkbuf_2_0__f_clk/A (sky130_fd_sc_hd__clkbuf_16)
                  0.05    0.13   10.28 ^ clkbuf_2_0__f_clk/X (sky130_fd_sc_hd__clkbuf_16)
    15    0.03                           clknet_2_0__leaf_clk (net)
                  0.05    0.00   10.28 ^ _702_/CLK (sky130_fd_sc_hd__dfrtp_1)
                         -0.25   10.03   clock uncertainty
                          0.02   10.05   clock reconvergence pessimism
                         -0.10    9.95   library setup time
                                  9.95   data required time
-----------------------------------------------------------------------------
                                  9.95   data required time
                                 -1.77   data arrival time
-----------------------------------------------------------------------------
                                  8.18   slack (MET)


Startpoint: _697_ (rising edge-triggered flip-flop clocked by clk)
Endpoint: _704_ (rising edge-triggered flip-flop clocked by clk)
Path Group: clk
Path Type: max

Fanout     Cap    Slew   Delay    Time   Description
-----------------------------------------------------------------------------
                          0.00    0.00   clock clk (rise edge)
                          0.00    0.00   clock source latency
                  0.04    0.03    0.03 ^ clk (in)
     1    0.01                           clk (net)
                  0.04    0.00    0.03 ^ clkbuf_0_clk/A (sky130_fd_sc_hd__clkbuf_16)
                  0.05    0.14    0.17 ^ clkbuf_0_clk/X (sky130_fd_sc_hd__clkbuf_16)
     4    0.03                           clknet_0_clk (net)
                  0.05    0.00    0.17 ^ clkbuf_2_3__f_clk/A (sky130_fd_sc_hd__clkbuf_16)
                  0.05    0.14    0.31 ^ clkbuf_2_3__f_clk/X (sky130_fd_sc_hd__clkbuf_16)
    12    0.02                           clknet_2_3__leaf_clk (net)
                  0.05    0.00    0.31 ^ _697_/CLK (sky130_fd_sc_hd__dfrtp_1)
                  0.05    0.39    0.69 v _697_/Q (sky130_fd_sc_hd__dfrtp_1)
     3    0.01                           u_core.count[3] (net)
                  0.05    0.00    0.69 v _589_/A (sky130_fd_sc_hd__nor4b_1)
                  0.31    0.35    1.05 ^ _589_/Y (sky130_fd_sc_hd__nor4b_1)
     2    0.00                           _319_ (net)
                  0.31    0.00    1.05 ^ wire36/A (sky130_fd_sc_hd__clkbuf_2)
                  0.10    0.23    1.28 ^ wire36/X (sky130_fd_sc_hd__clkbuf_2)
     4    0.02                           net36 (net)
                  0.10    0.00    1.28 ^ _590_/B (sky130_fd_sc_hd__nand2_4)
                  0.06    0.09    1.36 v _590_/Y (sky130_fd_sc_hd__nand2_4)
     7    0.02                           _320_ (net)
                  0.06    0.00    1.36 v _614_/S (sky130_fd_sc_hd__mux2_1)
                  0.05    0.32    1.68 v _614_/X (sky130_fd_sc_hd__mux2_1)
     1    0.00                           _332_ (net)
                  0.05    0.00    1.68 v _615_/A (sky130_fd_sc_hd__clkbuf_1)
                  0.02    0.09    1.77 v _615_/X (sky130_fd_sc_hd__clkbuf_1)
     1    0.00                           _064_ (net)
                  0.02    0.00    1.77 v _704_/D (sky130_fd_sc_hd__dfrtp_1)
                                  1.77   data arrival time

                         10.00   10.00   clock clk (rise edge)
                          0.00   10.00   clock source latency
                  0.04    0.03   10.03 ^ clk (in)
     1    0.01                           clk (net)
                  0.04    0.00   10.03 ^ clkbuf_0_clk/A (sky130_fd_sc_hd__clkbuf_16)
                  0.05    0.13   10.15 ^ clkbuf_0_clk/X (sky130_fd_sc_hd__clkbuf_16)
     4    0.03                           clknet_0_clk (net)
                  0.05    0.00   10.15 ^ clkbuf_2_0__f_clk/A (sky130_fd_sc_hd__clkbuf_16)
                  0.05    0.13   10.28 ^ clkbuf_2_0__f_clk/X (sky130_fd_sc_hd__clkbuf_16)
    15    0.03                           clknet_2_0__leaf_clk (net)
                  0.05    0.00   10.28 ^ _704_/CLK (sky130_fd_sc_hd__dfrtp_1)
                         -0.25   10.03   clock uncertainty
                          0.02   10.05   clock reconvergence pessimism
                         -0.10    9.95   library setup time
                                  9.95   data required time
-----------------------------------------------------------------------------
                                  9.95   data required time
                                 -1.77   data arrival time
-----------------------------------------------------------------------------
                                  8.18   slack (MET)


Startpoint: _700_ (rising edge-triggered flip-flop clocked by clk)
Endpoint: _700_ (rising edge-triggered flip-flop clocked by clk)
Path Group: clk
Path Type: max

Fanout     Cap    Slew   Delay    Time   Description
-----------------------------------------------------------------------------
                          0.00    0.00   clock clk (rise edge)
                          0.00    0.00   clock source latency
                  0.04    0.03    0.03 ^ clk (in)
     1    0.01                           clk (net)
                  0.04    0.00    0.03 ^ clkbuf_0_clk/A (sky130_fd_sc_hd__clkbuf_16)
                  0.05    0.14    0.17 ^ clkbuf_0_clk/X (sky130_fd_sc_hd__clkbuf_16)
     4    0.03                           clknet_0_clk (net)
                  0.05    0.00    0.17 ^ clkbuf_2_3__f_clk/A (sky130_fd_sc_hd__clkbuf_16)
                  0.05    0.14    0.31 ^ clkbuf_2_3__f_clk/X (sky130_fd_sc_hd__clkbuf_16)
    12    0.02                           clknet_2_3__leaf_clk (net)
                  0.05    0.00    0.31 ^ _700_/CLK (sky130_fd_sc_hd__dfrtp_1)
                  0.04    0.38    0.68 v _700_/Q (sky130_fd_sc_hd__dfrtp_1)
     2    0.00                           net19 (net)
                  0.04    0.00    0.68 v hold1/A (sky130_fd_sc_hd__dlygate4sd3_1)
                  0.05    0.57    1.25 v hold1/X (sky130_fd_sc_hd__dlygate4sd3_1)
     1    0.00                           net37 (net)
                  0.05    0.00    1.25 v _622_/A1 (sky130_fd_sc_hd__o21a_1)
                  0.03    0.18    1.44 v _622_/X (sky130_fd_sc_hd__o21a_1)
     1    0.00                           _060_ (net)
                  0.03    0.00    1.44 v _700_/D (sky130_fd_sc_hd__dfrtp_1)
                                  1.44   data arrival time

                         10.00   10.00   clock clk (rise edge)
                          0.00   10.00   clock source latency
                  0.04    0.03   10.03 ^ clk (in)
     1    0.01                           clk (net)
                  0.04    0.00   10.03 ^ clkbuf_0_clk/A (sky130_fd_sc_hd__clkbuf_16)
                  0.05    0.13   10.15 ^ clkbuf_0_clk/X (sky130_fd_sc_hd__clkbuf_16)
     4    0.03                           clknet_0_clk (net)
                  0.05    0.00   10.15 ^ clkbuf_2_3__f_clk/A (sky130_fd_sc_hd__clkbuf_16)
                  0.05    0.12   10.28 ^ clkbuf_2_3__f_clk/X (sky130_fd_sc_hd__clkbuf_16)
    12    0.02                           clknet_2_3__leaf_clk (net)
                  0.05    0.00   10.28 ^ _700_/CLK (sky130_fd_sc_hd__dfrtp_1)
                         -0.25   10.03   clock uncertainty
                          0.03   10.06   clock reconvergence pessimism
                         -0.11    9.95   library setup time
                                  9.95   data required time
-----------------------------------------------------------------------------
                                  9.95   data required time
                                 -1.44   data arrival time
-----------------------------------------------------------------------------
                                  8.51   slack (MET)



