OpenROAD 41a51eaf4ca2171c92ff38afb91eb37bbd3f36da 
This program is licensed under the BSD-3 license. See the LICENSE file for details.
Components of this program may be licensed under more restrictive licenses which must be honored.
[INFO]: Reading ODB at '/openlane/designs/booth8_chip/runs/RUN_2026.02.14_13.42.57/tmp/routing/19-global.odb'…
define_corners Typical
read_liberty -corner Typical /home/charan/.ciel/sky130A/libs.ref/sky130_fd_sc_hd/lib/sky130_fd_sc_hd__tt_025C_1v80.lib
Using 1e-12 for capacitance...
Using 1e+03 for resistance...
Using 1e-09 for time...
Using 1e+00 for voltage...
Using 1e-03 for current...
Using 1e-09 for power...
Using 1e-06 for distance...
Reading design constraints file at '/openlane/designs/booth8_chip/runs/RUN_2026.02.14_13.42.57/tmp/17-booth8_chip.sdc'…
min_report

===========================================================================
report_checks -path_delay min (Hold)
============================================================================
======================= Typical Corner ===================================

Startpoint: _724_ (rising edge-triggered flip-flop clocked by clk)
Endpoint: _724_ (rising edge-triggered flip-flop clocked by clk)
Path Group: clk
Path Type: min

Fanout     Cap    Slew   Delay    Time   Description
-----------------------------------------------------------------------------
                          0.00    0.00   clock clk (rise edge)
                          0.00    0.00   clock source latency
                  0.04    0.03    0.03 ^ clk (in)
     1    0.01                           clk (net)
                  0.04    0.00    0.03 ^ clkbuf_0_clk/A (sky130_fd_sc_hd__clkbuf_16)
                  0.05    0.13    0.15 ^ clkbuf_0_clk/X (sky130_fd_sc_hd__clkbuf_16)
     4    0.03                           clknet_0_clk (net)
                  0.05    0.00    0.15 ^ clkbuf_2_2__f_clk/A (sky130_fd_sc_hd__clkbuf_16)
                  0.05    0.13    0.28 ^ clkbuf_2_2__f_clk/X (sky130_fd_sc_hd__clkbuf_16)
    13    0.02                           clknet_2_2__leaf_clk (net)
                  0.05    0.00    0.28 ^ _724_/CLK (sky130_fd_sc_hd__dfrtp_2)
                  0.06    0.33    0.61 ^ _724_/Q (sky130_fd_sc_hd__dfrtp_2)
     3    0.01                           u_core.Q[7] (net)
                  0.06    0.00    0.61 ^ _574_/A1 (sky130_fd_sc_hd__a221o_1)
                  0.04    0.12    0.73 ^ _574_/X (sky130_fd_sc_hd__a221o_1)
     1    0.00                           _084_ (net)
                  0.04    0.00    0.73 ^ _724_/D (sky130_fd_sc_hd__dfrtp_2)
                                  0.73   data arrival time

                          0.00    0.00   clock clk (rise edge)
                          0.00    0.00   clock source latency
                  0.04    0.03    0.03 ^ clk (in)
     1    0.01                           clk (net)
                  0.04    0.00    0.03 ^ clkbuf_0_clk/A (sky130_fd_sc_hd__clkbuf_16)
                  0.05    0.14    0.17 ^ clkbuf_0_clk/X (sky130_fd_sc_hd__clkbuf_16)
     4    0.03                           clknet_0_clk (net)
                  0.05    0.00    0.17 ^ clkbuf_2_2__f_clk/A (sky130_fd_sc_hd__clkbuf_16)
                  0.05    0.14    0.31 ^ clkbuf_2_2__f_clk/X (sky130_fd_sc_hd__clkbuf_16)
    13    0.02                           clknet_2_2__leaf_clk (net)
                  0.05    0.00    0.31 ^ _724_/CLK (sky130_fd_sc_hd__dfrtp_2)
                          0.25    0.56   clock uncertainty
                         -0.03    0.53   clock reconvergence pessimism
                         -0.03    0.50   library hold time
                                  0.50   data required time
-----------------------------------------------------------------------------
                                  0.50   data required time
                                 -0.73   data arrival time
-----------------------------------------------------------------------------
                                  0.23   slack (MET)


Startpoint: _747_ (rising edge-triggered flip-flop clocked by clk)
Endpoint: _747_ (rising edge-triggered flip-flop clocked by clk)
Path Group: clk
Path Type: min

Fanout     Cap    Slew   Delay    Time   Description
-----------------------------------------------------------------------------
                          0.00    0.00   clock clk (rise edge)
                          0.00    0.00   clock source latency
                  0.04    0.03    0.03 ^ clk (in)
     1    0.01                           clk (net)
                  0.04    0.00    0.03 ^ clkbuf_0_clk/A (sky130_fd_sc_hd__clkbuf_16)
                  0.05    0.13    0.15 ^ clkbuf_0_clk/X (sky130_fd_sc_hd__clkbuf_16)
     4    0.03                           clknet_0_clk (net)
                  0.05    0.00    0.15 ^ clkbuf_2_3__f_clk/A (sky130_fd_sc_hd__clkbuf_16)
                  0.05    0.12    0.28 ^ clkbuf_2_3__f_clk/X (sky130_fd_sc_hd__clkbuf_16)
    12    0.02                           clknet_2_3__leaf_clk (net)
                  0.05    0.00    0.28 ^ _747_/CLK (sky130_fd_sc_hd__dfrtp_2)
                  0.09    0.36    0.64 ^ _747_/Q (sky130_fd_sc_hd__dfrtp_2)
     5    0.01                           u_core.A[14] (net)
                  0.09    0.00    0.64 ^ _459_/B2 (sky130_fd_sc_hd__a2bb2o_1)
                  0.04    0.12    0.76 ^ _459_/X (sky130_fd_sc_hd__a2bb2o_1)
     1    0.00                           _107_ (net)
                  0.04    0.00    0.76 ^ _747_/D (sky130_fd_sc_hd__dfrtp_2)
                                  0.76   data arrival time

                          0.00    0.00   clock clk (rise edge)
                          0.00    0.00   clock source latency
                  0.04    0.03    0.03 ^ clk (in)
     1    0.01                           clk (net)
                  0.04    0.00    0.03 ^ clkbuf_0_clk/A (sky130_fd_sc_hd__clkbuf_16)
                  0.05    0.14    0.17 ^ clkbuf_0_clk/X (sky130_fd_sc_hd__clkbuf_16)
     4    0.03                           clknet_0_clk (net)
                  0.05    0.00    0.17 ^ clkbuf_2_3__f_clk/A (sky130_fd_sc_hd__clkbuf_16)
                  0.05    0.14    0.31 ^ clkbuf_2_3__f_clk/X (sky130_fd_sc_hd__clkbuf_16)
    12    0.02                           clknet_2_3__leaf_clk (net)
                  0.05    0.00    0.31 ^ _747_/CLK (sky130_fd_sc_hd__dfrtp_2)
                          0.25    0.56   clock uncertainty
                         -0.03    0.53   clock reconvergence pessimism
                         -0.03    0.50   library hold time
                                  0.50   data required time
-----------------------------------------------------------------------------
                                  0.50   data required time
                                 -0.76   data arrival time
-----------------------------------------------------------------------------
                                  0.26   slack (MET)


Startpoint: _706_ (rising edge-triggered flip-flop clocked by clk)
Endpoint: _706_ (rising edge-triggered flip-flop clocked by clk)
Path Group: clk
Path Type: min

Fanout     Cap    Slew   Delay    Time   Description
-----------------------------------------------------------------------------
                          0.00    0.00   clock clk (rise edge)
                          0.00    0.00   clock source latency
                  0.04    0.03    0.03 ^ clk (in)
     1    0.01                           clk (net)
                  0.04    0.00    0.03 ^ clkbuf_0_clk/A (sky130_fd_sc_hd__clkbuf_16)
                  0.05    0.13    0.15 ^ clkbuf_0_clk/X (sky130_fd_sc_hd__clkbuf_16)
     4    0.03                           clknet_0_clk (net)
                  0.05    0.00    0.15 ^ clkbuf_2_1__f_clk/A (sky130_fd_sc_hd__clkbuf_16)
                  0.05    0.13    0.28 ^ clkbuf_2_1__f_clk/X (sky130_fd_sc_hd__clkbuf_16)
    14    0.03                           clknet_2_1__leaf_clk (net)
                  0.05    0.00    0.28 ^ _706_/CLK (sky130_fd_sc_hd__dfrtp_1)
                  0.05    0.31    0.59 ^ _706_/Q (sky130_fd_sc_hd__dfrtp_1)
     2    0.00                           net31 (net)
                  0.05    0.00    0.59 ^ _610_/A1 (sky130_fd_sc_hd__mux2_1)
                  0.04    0.11    0.70 ^ _610_/X (sky130_fd_sc_hd__mux2_1)
     1    0.00                           _330_ (net)
                  0.04    0.00    0.70 ^ _611_/A (sky130_fd_sc_hd__clkbuf_1)
                  0.04    0.07    0.77 ^ _611_/X (sky130_fd_sc_hd__clkbuf_1)
     1    0.00                           _066_ (net)
                  0.04    0.00    0.77 ^ _706_/D (sky130_fd_sc_hd__dfrtp_1)
                                  0.77   data arrival time

                          0.00    0.00   clock clk (rise edge)
                          0.00    0.00   clock source latency
                  0.04    0.03    0.03 ^ clk (in)
     1    0.01                           clk (net)
                  0.04    0.00    0.03 ^ clkbuf_0_clk/A (sky130_fd_sc_hd__clkbuf_16)
                  0.05    0.14    0.17 ^ clkbuf_0_clk/X (sky130_fd_sc_hd__clkbuf_16)
     4    0.03                           clknet_0_clk (net)
                  0.05    0.00    0.17 ^ clkbuf_2_1__f_clk/A (sky130_fd_sc_hd__clkbuf_16)
                  0.05    0.14    0.31 ^ clkbuf_2_1__f_clk/X (sky130_fd_sc_hd__clkbuf_16)
    14    0.03                           clknet_2_1__leaf_clk (net)
                  0.05    0.00    0.31 ^ _706_/CLK (sky130_fd_sc_hd__dfrtp_1)
                          0.25    0.56   clock uncertainty
                         -0.03    0.53   clock reconvergence pessimism
                         -0.03    0.50   library hold time
                                  0.50   data required time
-----------------------------------------------------------------------------
                                  0.50   data required time
                                 -0.77   data arrival time
-----------------------------------------------------------------------------
                                  0.27   slack (MET)


Startpoint: _719_ (rising edge-triggered flip-flop clocked by clk)
Endpoint: _702_ (rising edge-triggered flip-flop clocked by clk)
Path Group: clk
Path Type: min

Fanout     Cap    Slew   Delay    Time   Description
-----------------------------------------------------------------------------
                          0.00    0.00   clock clk (rise edge)
                          0.00    0.00   clock source latency
                  0.04    0.03    0.03 ^ clk (in)
     1    0.01                           clk (net)
                  0.04    0.00    0.03 ^ clkbuf_0_clk/A (sky130_fd_sc_hd__clkbuf_16)
                  0.05    0.13    0.15 ^ clkbuf_0_clk/X (sky130_fd_sc_hd__clkbuf_16)
     4    0.03                           clknet_0_clk (net)
                  0.05    0.00    0.15 ^ clkbuf_2_1__f_clk/A (sky130_fd_sc_hd__clkbuf_16)
                  0.05    0.13    0.28 ^ clkbuf_2_1__f_clk/X (sky130_fd_sc_hd__clkbuf_16)
    14    0.03                           clknet_2_1__leaf_clk (net)
                  0.05    0.00    0.28 ^ _719_/CLK (sky130_fd_sc_hd__dfrtp_1)
                  0.08    0.32    0.61 ^ _719_/Q (sky130_fd_sc_hd__dfrtp_1)
     3    0.01                           u_core.Q[2] (net)
                  0.08    0.00    0.61 ^ _618_/A0 (sky130_fd_sc_hd__mux2_1)
                  0.04    0.11    0.72 ^ _618_/X (sky130_fd_sc_hd__mux2_1)
     1    0.00                           _334_ (net)
                  0.04    0.00    0.72 ^ _619_/A (sky130_fd_sc_hd__clkbuf_1)
                  0.04    0.07    0.79 ^ _619_/X (sky130_fd_sc_hd__clkbuf_1)
     1    0.00                           _062_ (net)
                  0.04    0.00    0.79 ^ _702_/D (sky130_fd_sc_hd__dfrtp_1)
                                  0.79   data arrival time

                          0.00    0.00   clock clk (rise edge)
                          0.00    0.00   clock source latency
                  0.04    0.03    0.03 ^ clk (in)
     1    0.01                           clk (net)
                  0.04    0.00    0.03 ^ clkbuf_0_clk/A (sky130_fd_sc_hd__clkbuf_16)
                  0.05    0.14    0.17 ^ clkbuf_0_clk/X (sky130_fd_sc_hd__clkbuf_16)
     4    0.03                           clknet_0_clk (net)
                  0.05    0.00    0.17 ^ clkbuf_2_0__f_clk/A (sky130_fd_sc_hd__clkbuf_16)
                  0.05    0.14    0.31 ^ clkbuf_2_0__f_clk/X (sky130_fd_sc_hd__clkbuf_16)
    15    0.03                           clknet_2_0__leaf_clk (net)
                  0.05    0.00    0.31 ^ _702_/CLK (sky130_fd_sc_hd__dfrtp_1)
                          0.25    0.56   clock uncertainty
                         -0.02    0.55   clock reconvergence pessimism
                         -0.03    0.52   library hold time
                                  0.52   data required time
-----------------------------------------------------------------------------
                                  0.52   data required time
                                 -0.79   data arrival time
-----------------------------------------------------------------------------
                                  0.27   slack (MET)


Startpoint: _720_ (rising edge-triggered flip-flop clocked by clk)
Endpoint: _703_ (rising edge-triggered flip-flop clocked by clk)
Path Group: clk
Path Type: min

Fanout     Cap    Slew   Delay    Time   Description
-----------------------------------------------------------------------------
                          0.00    0.00   clock clk (rise edge)
                          0.00    0.00   clock source latency
                  0.04    0.03    0.03 ^ clk (in)
     1    0.01                           clk (net)
                  0.04    0.00    0.03 ^ clkbuf_0_clk/A (sky130_fd_sc_hd__clkbuf_16)
                  0.05    0.13    0.15 ^ clkbuf_0_clk/X (sky130_fd_sc_hd__clkbuf_16)
     4    0.03                           clknet_0_clk (net)
                  0.05    0.00    0.15 ^ clkbuf_2_0__f_clk/A (sky130_fd_sc_hd__clkbuf_16)
                  0.05    0.13    0.28 ^ clkbuf_2_0__f_clk/X (sky130_fd_sc_hd__clkbuf_16)
    15    0.03                           clknet_2_0__leaf_clk (net)
                  0.05    0.00    0.28 ^ _720_/CLK (sky130_fd_sc_hd__dfrtp_1)
                  0.08    0.33    0.61 ^ _720_/Q (sky130_fd_sc_hd__dfrtp_1)
     3    0.01                           u_core.Q[3] (net)
                  0.08    0.00    0.61 ^ _616_/A0 (sky130_fd_sc_hd__mux2_1)
                  0.04    0.11    0.72 ^ _616_/X (sky130_fd_sc_hd__mux2_1)
     1    0.00                           _333_ (net)
                  0.04    0.00    0.72 ^ _617_/A (sky130_fd_sc_hd__clkbuf_1)
                  0.04    0.07    0.79 ^ _617_/X (sky130_fd_sc_hd__clkbuf_1)
     1    0.00                           _063_ (net)
                  0.04    0.00    0.79 ^ _703_/D (sky130_fd_sc_hd__dfrtp_1)
                                  0.79   data arrival time

                          0.00    0.00   clock clk (rise edge)
                          0.00    0.00   clock source latency
                  0.04    0.03    0.03 ^ clk (in)
     1    0.01                           clk (net)
                  0.04    0.00    0.03 ^ clkbuf_0_clk/A (sky130_fd_sc_hd__clkbuf_16)
                  0.05    0.14    0.17 ^ clkbuf_0_clk/X (sky130_fd_sc_hd__clkbuf_16)
     4    0.03                           clknet_0_clk (net)
                  0.05    0.00    0.17 ^ clkbuf_2_1__f_clk/A (sky130_fd_sc_hd__clkbuf_16)
                  0.05    0.14    0.31 ^ clkbuf_2_1__f_clk/X (sky130_fd_sc_hd__clkbuf_16)
    14    0.03                           clknet_2_1__leaf_clk (net)
                  0.05    0.00    0.31 ^ _703_/CLK (sky130_fd_sc_hd__dfrtp_1)
                          0.25    0.56   clock uncertainty
                         -0.02    0.55   clock reconvergence pessimism
                         -0.03    0.51   library hold time
                                  0.51   data required time
-----------------------------------------------------------------------------
                                  0.51   data required time
                                 -0.79   data arrival time
-----------------------------------------------------------------------------
                                  0.28   slack (MET)


Startpoint: _722_ (rising edge-triggered flip-flop clocked by clk)
Endpoint: _705_ (rising edge-triggered flip-flop clocked by clk)
Path Group: clk
Path Type: min

Fanout     Cap    Slew   Delay    Time   Description
-----------------------------------------------------------------------------
                          0.00    0.00   clock clk (rise edge)
                          0.00    0.00   clock source latency
                  0.04    0.03    0.03 ^ clk (in)
     1    0.01                           clk (net)
                  0.04    0.00    0.03 ^ clkbuf_0_clk/A (sky130_fd_sc_hd__clkbuf_16)
                  0.05    0.13    0.15 ^ clkbuf_0_clk/X (sky130_fd_sc_hd__clkbuf_16)
     4    0.03                           clknet_0_clk (net)
                  0.05    0.00    0.15 ^ clkbuf_2_0__f_clk/A (sky130_fd_sc_hd__clkbuf_16)
                  0.05    0.13    0.28 ^ clkbuf_2_0__f_clk/X (sky130_fd_sc_hd__clkbuf_16)
    15    0.03                           clknet_2_0__leaf_clk (net)
                  0.05    0.00    0.28 ^ _722_/CLK (sky130_fd_sc_hd__dfrtp_1)
                  0.08    0.33    0.61 ^ _722_/Q (sky130_fd_sc_hd__dfrtp_1)
     3    0.01                           u_core.Q[5] (net)
                  0.08    0.00    0.61 ^ _612_/A0 (sky130_fd_sc_hd__mux2_1)
                  0.04    0.11    0.72 ^ _612_/X (sky130_fd_sc_hd__mux2_1)
     1    0.00                           _331_ (net)
                  0.04    0.00    0.72 ^ _613_/A (sky130_fd_sc_hd__clkbuf_1)
                  0.04    0.07    0.79 ^ _613_/X (sky130_fd_sc_hd__clkbuf_1)
     1    0.00                           _065_ (net)
                  0.04    0.00    0.79 ^ _705_/D (sky130_fd_sc_hd__dfrtp_1)
                                  0.79   data arrival time

                          0.00    0.00   clock clk (rise edge)
                          0.00    0.00   clock source latency
                  0.04    0.03    0.03 ^ clk (in)
     1    0.01                           clk (net)
                  0.04    0.00    0.03 ^ clkbuf_0_clk/A (sky130_fd_sc_hd__clkbuf_16)
                  0.05    0.14    0.17 ^ clkbuf_0_clk/X (sky130_fd_sc_hd__clkbuf_16)
     4    0.03                           clknet_0_clk (net)
                  0.05    0.00    0.17 ^ clkbuf_2_2__f_clk/A (sky130_fd_sc_hd__clkbuf_16)
                  0.05    0.14    0.31 ^ clkbuf_2_2__f_clk/X (sky130_fd_sc_hd__clkbuf_16)
    13    0.02                           clknet_2_2__leaf_clk (net)
                  0.05    0.00    0.31 ^ _705_/CLK (sky130_fd_sc_hd__dfrtp_1)
                          0.25    0.56   clock uncertainty
                         -0.02    0.54   clock reconvergence pessimism
                         -0.03    0.51   library hold time
                                  0.51   data required time
-----------------------------------------------------------------------------
                                  0.51   data required time
                                 -0.79   data arrival time
-----------------------------------------------------------------------------
                                  0.28   slack (MET)


Startpoint: _718_ (rising edge-triggered flip-flop clocked by clk)
Endpoint: _701_ (rising edge-triggered flip-flop clocked by clk)
Path Group: clk
Path Type: min

Fanout     Cap    Slew   Delay    Time   Description
-----------------------------------------------------------------------------
                          0.00    0.00   clock clk (rise edge)
                          0.00    0.00   clock source latency
                  0.04    0.03    0.03 ^ clk (in)
     1    0.01                           clk (net)
                  0.04    0.00    0.03 ^ clkbuf_0_clk/A (sky130_fd_sc_hd__clkbuf_16)
                  0.05    0.13    0.15 ^ clkbuf_0_clk/X (sky130_fd_sc_hd__clkbuf_16)
     4    0.03                           clknet_0_clk (net)
                  0.05    0.00    0.15 ^ clkbuf_2_2__f_clk/A (sky130_fd_sc_hd__clkbuf_16)
                  0.05    0.13    0.28 ^ clkbuf_2_2__f_clk/X (sky130_fd_sc_hd__clkbuf_16)
    13    0.02                           clknet_2_2__leaf_clk (net)
                  0.05    0.00    0.28 ^ _718_/CLK (sky130_fd_sc_hd__dfrtp_1)
                  0.08    0.32    0.60 ^ _718_/Q (sky130_fd_sc_hd__dfrtp_1)
     3    0.01                           u_core.Q[1] (net)
                  0.08    0.00    0.60 ^ _620_/A0 (sky130_fd_sc_hd__mux2_1)
                  0.04    0.11    0.72 ^ _620_/X (sky130_fd_sc_hd__mux2_1)
     1    0.00                           _335_ (net)
                  0.04    0.00    0.72 ^ _621_/A (sky130_fd_sc_hd__clkbuf_1)
                  0.04    0.07    0.79 ^ _621_/X (sky130_fd_sc_hd__clkbuf_1)
     1    0.00                           _061_ (net)
                  0.04    0.00    0.79 ^ _701_/D (sky130_fd_sc_hd__dfrtp_1)
                                  0.79   data arrival time

                          0.00    0.00   clock clk (rise edge)
                          0.00    0.00   clock source latency
                  0.04    0.03    0.03 ^ clk (in)
     1    0.01                           clk (net)
                  0.04    0.00    0.03 ^ clkbuf_0_clk/A (sky130_fd_sc_hd__clkbuf_16)
                  0.05    0.14    0.17 ^ clkbuf_0_clk/X (sky130_fd_sc_hd__clkbuf_16)
     4    0.03                           clknet_0_clk (net)
                  0.05    0.00    0.17 ^ clkbuf_2_2__f_clk/A (sky130_fd_sc_hd__clkbuf_16)
                  0.05    0.14    0.31 ^ clkbuf_2_2__f_clk/X (sky130_fd_sc_hd__clkbuf_16)
    13    0.02                           clknet_2_2__leaf_clk (net)
                  0.05    0.00    0.31 ^ _701_/CLK (sky130_fd_sc_hd__dfrtp_1)
                          0.25    0.56   clock uncertainty
                         -0.03    0.53   clock reconvergence pessimism
                         -0.03    0.50   library hold time
                                  0.50   data required time
-----------------------------------------------------------------------------
                                  0.50   data required time
                                 -0.79   data arrival time
-----------------------------------------------------------------------------
                                  0.29   slack (MET)


Startpoint: _721_ (rising edge-triggered flip-flop clocked by clk)
Endpoint: _704_ (rising edge-triggered flip-flop clocked by clk)
Path Group: clk
Path Type: min

Fanout     Cap    Slew   Delay    Time   Description
-----------------------------------------------------------------------------
                          0.00    0.00   clock clk (rise edge)
                          0.00    0.00   clock source latency
                  0.04    0.03    0.03 ^ clk (in)
     1    0.01                           clk (net)
                  0.04    0.00    0.03 ^ clkbuf_0_clk/A (sky130_fd_sc_hd__clkbuf_16)
                  0.05    0.13    0.15 ^ clkbuf_0_clk/X (sky130_fd_sc_hd__clkbuf_16)
     4    0.03                           clknet_0_clk (net)
                  0.05    0.00    0.15 ^ clkbuf_2_0__f_clk/A (sky130_fd_sc_hd__clkbuf_16)
                  0.05    0.13    0.28 ^ clkbuf_2_0__f_clk/X (sky130_fd_sc_hd__clkbuf_16)
    15    0.03                           clknet_2_0__leaf_clk (net)
                  0.05    0.00    0.28 ^ _721_/CLK (sky130_fd_sc_hd__dfrtp_1)
                  0.08    0.33    0.61 ^ _721_/Q (sky130_fd_sc_hd__dfrtp_1)
     3    0.01                           u_core.Q[4] (net)
                  0.08    0.00    0.61 ^ _614_/A0 (sky130_fd_sc_hd__mux2_1)
                  0.04    0.11    0.72 ^ _614_/X (sky130_fd_sc_hd__mux2_1)
     1    0.00                           _332_ (net)
                  0.04    0.00    0.72 ^ _615_/A (sky130_fd_sc_hd__clkbuf_1)
                  0.04    0.07    0.79 ^ _615_/X (sky130_fd_sc_hd__clkbuf_1)
     1    0.00                           _064_ (net)
                  0.04    0.00    0.79 ^ _704_/D (sky130_fd_sc_hd__dfrtp_1)
                                  0.79   data arrival time

                          0.00    0.00   clock clk (rise edge)
                          0.00    0.00   clock source latency
                  0.04    0.03    0.03 ^ clk (in)
     1    0.01                           clk (net)
                  0.04    0.00    0.03 ^ clkbuf_0_clk/A (sky130_fd_sc_hd__clkbuf_16)
                  0.05    0.14    0.17 ^ clkbuf_0_clk/X (sky130_fd_sc_hd__clkbuf_16)
     4    0.03                           clknet_0_clk (net)
                  0.05    0.00    0.17 ^ clkbuf_2_0__f_clk/A (sky130_fd_sc_hd__clkbuf_16)
                  0.05    0.14    0.31 ^ clkbuf_2_0__f_clk/X (sky130_fd_sc_hd__clkbuf_16)
    15    0.03                           clknet_2_0__leaf_clk (net)
                  0.05    0.00    0.31 ^ _704_/CLK (sky130_fd_sc_hd__dfrtp_1)
                          0.25    0.56   clock uncertainty
                         -0.03    0.53   clock reconvergence pessimism
                         -0.03    0.50   library hold time
                                  0.50   data required time
-----------------------------------------------------------------------------
                                  0.50   data required time
                                 -0.79   data arrival time
-----------------------------------------------------------------------------
                                  0.29   slack (MET)


Startpoint: _723_ (rising edge-triggered flip-flop clocked by clk)
Endpoint: _722_ (rising edge-triggered flip-flop clocked by clk)
Path Group: clk
Path Type: min

Fanout     Cap    Slew   Delay    Time   Description
-----------------------------------------------------------------------------
                          0.00    0.00   clock clk (rise edge)
                          0.00    0.00   clock source latency
                  0.04    0.03    0.03 ^ clk (in)
     1    0.01                           clk (net)
                  0.04    0.00    0.03 ^ clkbuf_0_clk/A (sky130_fd_sc_hd__clkbuf_16)
                  0.05    0.13    0.15 ^ clkbuf_0_clk/X (sky130_fd_sc_hd__clkbuf_16)
     4    0.03                           clknet_0_clk (net)
                  0.05    0.00    0.15 ^ clkbuf_2_1__f_clk/A (sky130_fd_sc_hd__clkbuf_16)
                  0.05    0.13    0.28 ^ clkbuf_2_1__f_clk/X (sky130_fd_sc_hd__clkbuf_16)
    14    0.03                           clknet_2_1__leaf_clk (net)
                  0.05    0.00    0.28 ^ _723_/CLK (sky130_fd_sc_hd__dfrtp_1)
                  0.08    0.32    0.61 ^ _723_/Q (sky130_fd_sc_hd__dfrtp_1)
     3    0.01                           u_core.Q[6] (net)
                  0.08    0.00    0.61 ^ _577_/A1 (sky130_fd_sc_hd__a22o_1)
                  0.04    0.12    0.73 ^ _577_/X (sky130_fd_sc_hd__a22o_1)
     1    0.00                           _313_ (net)
                  0.04    0.00    0.73 ^ _578_/B1 (sky130_fd_sc_hd__a31o_1)
                  0.03    0.08    0.81 ^ _578_/X (sky130_fd_sc_hd__a31o_1)
     1    0.00                           _082_ (net)
                  0.03    0.00    0.81 ^ _722_/D (sky130_fd_sc_hd__dfrtp_1)
                                  0.81   data arrival time

                          0.00    0.00   clock clk (rise edge)
                          0.00    0.00   clock source latency
                  0.04    0.03    0.03 ^ clk (in)
     1    0.01                           clk (net)
                  0.04    0.00    0.03 ^ clkbuf_0_clk/A (sky130_fd_sc_hd__clkbuf_16)
                  0.05    0.14    0.17 ^ clkbuf_0_clk/X (sky130_fd_sc_hd__clkbuf_16)
     4    0.03                           clknet_0_clk (net)
                  0.05    0.00    0.17 ^ clkbuf_2_0__f_clk/A (sky130_fd_sc_hd__clkbuf_16)
                  0.05    0.14    0.31 ^ clkbuf_2_0__f_clk/X (sky130_fd_sc_hd__clkbuf_16)
    15    0.03                           clknet_2_0__leaf_clk (net)
                  0.05    0.00    0.31 ^ _722_/CLK (sky130_fd_sc_hd__dfrtp_1)
                          0.25    0.56   clock uncertainty
                         -0.02    0.55   clock reconvergence pessimism
                         -0.03    0.52   library hold time
                                  0.52   data required time
-----------------------------------------------------------------------------
                                  0.52   data required time
                                 -0.81   data arrival time
-----------------------------------------------------------------------------
                                  0.29   slack (MET)


Startpoint: _724_ (rising edge-triggered flip-flop clocked by clk)
Endpoint: _707_ (rising edge-triggered flip-flop clocked by clk)
Path Group: clk
Path Type: min

Fanout     Cap    Slew   Delay    Time   Description
-----------------------------------------------------------------------------
                          0.00    0.00   clock clk (rise edge)
                          0.00    0.00   clock source latency
                  0.04    0.03    0.03 ^ clk (in)
     1    0.01                           clk (net)
                  0.04    0.00    0.03 ^ clkbuf_0_clk/A (sky130_fd_sc_hd__clkbuf_16)
                  0.05    0.13    0.15 ^ clkbuf_0_clk/X (sky130_fd_sc_hd__clkbuf_16)
     4    0.03                           clknet_0_clk (net)
                  0.05    0.00    0.15 ^ clkbuf_2_2__f_clk/A (sky130_fd_sc_hd__clkbuf_16)
                  0.05    0.13    0.28 ^ clkbuf_2_2__f_clk/X (sky130_fd_sc_hd__clkbuf_16)
    13    0.02                           clknet_2_2__leaf_clk (net)
                  0.05    0.00    0.28 ^ _724_/CLK (sky130_fd_sc_hd__dfrtp_2)
                  0.06    0.33    0.61 ^ _724_/Q (sky130_fd_sc_hd__dfrtp_2)
     3    0.01                           u_core.Q[7] (net)
                  0.06    0.00    0.61 ^ _608_/A0 (sky130_fd_sc_hd__mux2_1)
                  0.04    0.11    0.72 ^ _608_/X (sky130_fd_sc_hd__mux2_1)
     1    0.00                           _329_ (net)
                  0.04    0.00    0.72 ^ _609_/A (sky130_fd_sc_hd__clkbuf_1)
                  0.04    0.07    0.79 ^ _609_/X (sky130_fd_sc_hd__clkbuf_1)
     1    0.00                           _067_ (net)
                  0.04    0.00    0.79 ^ _707_/D (sky130_fd_sc_hd__dfrtp_1)
                                  0.79   data arrival time

                          0.00    0.00   clock clk (rise edge)
                          0.00    0.00   clock source latency
                  0.04    0.03    0.03 ^ clk (in)
     1    0.01                           clk (net)
                  0.04    0.00    0.03 ^ clkbuf_0_clk/A (sky130_fd_sc_hd__clkbuf_16)
                  0.05    0.14    0.17 ^ clkbuf_0_clk/X (sky130_fd_sc_hd__clkbuf_16)
     4    0.03                           clknet_0_clk (net)
                  0.05    0.00    0.17 ^ clkbuf_2_2__f_clk/A (sky130_fd_sc_hd__clkbuf_16)
                  0.05    0.14    0.31 ^ clkbuf_2_2__f_clk/X (sky130_fd_sc_hd__clkbuf_16)
    13    0.02                           clknet_2_2__leaf_clk (net)
                  0.05    0.00    0.31 ^ _707_/CLK (sky130_fd_sc_hd__dfrtp_1)
                          0.25    0.56   clock uncertainty
                         -0.03    0.53   clock reconvergence pessimism
                         -0.03    0.50   library hold time
                                  0.50   data required time
-----------------------------------------------------------------------------
                                  0.50   data required time
                                 -0.79   data arrival time
-----------------------------------------------------------------------------
                                  0.29   slack (MET)


Startpoint: _724_ (rising edge-triggered flip-flop clocked by clk)
Endpoint: _723_ (rising edge-triggered flip-flop clocked by clk)
Path Group: clk
Path Type: min

Fanout     Cap    Slew   Delay    Time   Description
-----------------------------------------------------------------------------
                          0.00    0.00   clock clk (rise edge)
                          0.00    0.00   clock source latency
                  0.04    0.03    0.03 ^ clk (in)
     1    0.01                           clk (net)
                  0.04    0.00    0.03 ^ clkbuf_0_clk/A (sky130_fd_sc_hd__clkbuf_16)
                  0.05    0.13    0.15 ^ clkbuf_0_clk/X (sky130_fd_sc_hd__clkbuf_16)
     4    0.03                           clknet_0_clk (net)
                  0.05    0.00    0.15 ^ clkbuf_2_2__f_clk/A (sky130_fd_sc_hd__clkbuf_16)
                  0.05    0.13    0.28 ^ clkbuf_2_2__f_clk/X (sky130_fd_sc_hd__clkbuf_16)
    13    0.02                           clknet_2_2__leaf_clk (net)
                  0.05    0.00    0.28 ^ _724_/CLK (sky130_fd_sc_hd__dfrtp_2)
                  0.06    0.33    0.61 ^ _724_/Q (sky130_fd_sc_hd__dfrtp_2)
     3    0.01                           u_core.Q[7] (net)
                  0.06    0.00    0.61 ^ _575_/A1 (sky130_fd_sc_hd__a22o_1)
                  0.04    0.12    0.73 ^ _575_/X (sky130_fd_sc_hd__a22o_1)
     1    0.00                           _312_ (net)
                  0.04    0.00    0.73 ^ _576_/B1 (sky130_fd_sc_hd__a31o_1)
                  0.03    0.08    0.80 ^ _576_/X (sky130_fd_sc_hd__a31o_1)
     1    0.00                           _083_ (net)
                  0.03    0.00    0.80 ^ _723_/D (sky130_fd_sc_hd__dfrtp_1)
                                  0.80   data arrival time

                          0.00    0.00   clock clk (rise edge)
                          0.00    0.00   clock source latency
                  0.04    0.03    0.03 ^ clk (in)
     1    0.01                           clk (net)
                  0.04    0.00    0.03 ^ clkbuf_0_clk/A (sky130_fd_sc_hd__clkbuf_16)
                  0.05    0.14    0.17 ^ clkbuf_0_clk/X (sky130_fd_sc_hd__clkbuf_16)
     4    0.03                           clknet_0_clk (net)
                  0.05    0.00    0.17 ^ clkbuf_2_1__f_clk/A (sky130_fd_sc_hd__clkbuf_16)
                  0.05    0.14    0.31 ^ clkbuf_2_1__f_clk/X (sky130_fd_sc_hd__clkbuf_16)
    14    0.03                           clknet_2_1__leaf_clk (net)
                  0.05    0.00    0.31 ^ _723_/CLK (sky130_fd_sc_hd__dfrtp_1)
                          0.25    0.56   clock uncertainty
                         -0.02    0.55   clock reconvergence pessimism
                         -0.03    0.51   library hold time
                                  0.51   data required time
-----------------------------------------------------------------------------
                                  0.51   data required time
                                 -0.80   data arrival time
-----------------------------------------------------------------------------
                                  0.29   slack (MET)


Startpoint: _696_ (rising edge-triggered flip-flop clocked by clk)
Endpoint: _696_ (rising edge-triggered flip-flop clocked by clk)
Path Group: clk
Path Type: min

Fanout     Cap    Slew   Delay    Time   Description
-----------------------------------------------------------------------------
                          0.00    0.00   clock clk (rise edge)
                          0.00    0.00   clock source latency
                  0.04    0.03    0.03 ^ clk (in)
     1    0.01                           clk (net)
                  0.04    0.00    0.03 ^ clkbuf_0_clk/A (sky130_fd_sc_hd__clkbuf_16)
                  0.05    0.13    0.15 ^ clkbuf_0_clk/X (sky130_fd_sc_hd__clkbuf_16)
     4    0.03                           clknet_0_clk (net)
                  0.05    0.00    0.15 ^ clkbuf_2_3__f_clk/A (sky130_fd_sc_hd__clkbuf_16)
                  0.05    0.12    0.28 ^ clkbuf_2_3__f_clk/X (sky130_fd_sc_hd__clkbuf_16)
    12    0.02                           clknet_2_3__leaf_clk (net)
                  0.05    0.00    0.28 ^ _696_/CLK (sky130_fd_sc_hd__dfrtp_1)
                  0.08    0.33    0.61 ^ _696_/Q (sky130_fd_sc_hd__dfrtp_1)
     4    0.01                           u_core.count[2] (net)
                  0.08    0.00    0.61 ^ _624_/A (sky130_fd_sc_hd__or4_1)
                  0.08    0.13    0.74 ^ _624_/X (sky130_fd_sc_hd__or4_1)
     3    0.01                           _336_ (net)
                  0.08    0.00    0.74 ^ _629_/A (sky130_fd_sc_hd__nand2_1)
                  0.03    0.04    0.78 v _629_/Y (sky130_fd_sc_hd__nand2_1)
     1    0.00                           _057_ (net)
                  0.03    0.00    0.78 v _696_/D (sky130_fd_sc_hd__dfrtp_1)
                                  0.78   data arrival time

                          0.00    0.00   clock clk (rise edge)
                          0.00    0.00   clock source latency
                  0.04    0.03    0.03 ^ clk (in)
     1    0.01                           clk (net)
                  0.04    0.00    0.03 ^ clkbuf_0_clk/A (sky130_fd_sc_hd__clkbuf_16)
                  0.05    0.14    0.17 ^ clkbuf_0_clk/X (sky130_fd_sc_hd__clkbuf_16)
     4    0.03                           clknet_0_clk (net)
                  0.05    0.00    0.17 ^ clkbuf_2_3__f_clk/A (sky130_fd_sc_hd__clkbuf_16)
                  0.05    0.14    0.31 ^ clkbuf_2_3__f_clk/X (sky130_fd_sc_hd__clkbuf_16)
    12    0.02                           clknet_2_3__leaf_clk (net)
                  0.05    0.00    0.31 ^ _696_/CLK (sky130_fd_sc_hd__dfrtp_1)
                          0.25    0.56   clock uncertainty
                         -0.03    0.53   clock reconvergence pessimism
                         -0.04    0.49   library hold time
                                  0.49   data required time
-----------------------------------------------------------------------------
                                  0.49   data required time
                                 -0.78   data arrival time
-----------------------------------------------------------------------------
                                  0.29   slack (MET)


Startpoint: _719_ (rising edge-triggered flip-flop clocked by clk)
Endpoint: _718_ (rising edge-triggered flip-flop clocked by clk)
Path Group: clk
Path Type: min

Fanout     Cap    Slew   Delay    Time   Description
-----------------------------------------------------------------------------
                          0.00    0.00   clock clk (rise edge)
                          0.00    0.00   clock source latency
                  0.04    0.03    0.03 ^ clk (in)
     1    0.01                           clk (net)
                  0.04    0.00    0.03 ^ clkbuf_0_clk/A (sky130_fd_sc_hd__clkbuf_16)
                  0.05    0.13    0.15 ^ clkbuf_0_clk/X (sky130_fd_sc_hd__clkbuf_16)
     4    0.03                           clknet_0_clk (net)
                  0.05    0.00    0.15 ^ clkbuf_2_1__f_clk/A (sky130_fd_sc_hd__clkbuf_16)
                  0.05    0.13    0.28 ^ clkbuf_2_1__f_clk/X (sky130_fd_sc_hd__clkbuf_16)
    14    0.03                           clknet_2_1__leaf_clk (net)
                  0.05    0.00    0.28 ^ _719_/CLK (sky130_fd_sc_hd__dfrtp_1)
                  0.08    0.32    0.61 ^ _719_/Q (sky130_fd_sc_hd__dfrtp_1)
     3    0.01                           u_core.Q[2] (net)
                  0.08    0.00    0.61 ^ _585_/A1 (sky130_fd_sc_hd__a22o_1)
                  0.04    0.12    0.73 ^ _585_/X (sky130_fd_sc_hd__a22o_1)
     1    0.00                           _317_ (net)
                  0.04    0.00    0.73 ^ _586_/B1 (sky130_fd_sc_hd__a31o_1)
                  0.03    0.08    0.81 ^ _586_/X (sky130_fd_sc_hd__a31o_1)
     1    0.00                           _078_ (net)
                  0.03    0.00    0.81 ^ _718_/D (sky130_fd_sc_hd__dfrtp_1)
                                  0.81   data arrival time

                          0.00    0.00   clock clk (rise edge)
                          0.00    0.00   clock source latency
                  0.04    0.03    0.03 ^ clk (in)
     1    0.01                           clk (net)
                  0.04    0.00    0.03 ^ clkbuf_0_clk/A (sky130_fd_sc_hd__clkbuf_16)
                  0.05    0.14    0.17 ^ clkbuf_0_clk/X (sky130_fd_sc_hd__clkbuf_16)
     4    0.03                           clknet_0_clk (net)
                  0.05    0.00    0.17 ^ clkbuf_2_2__f_clk/A (sky130_fd_sc_hd__clkbuf_16)
                  0.05    0.14    0.31 ^ clkbuf_2_2__f_clk/X (sky130_fd_sc_hd__clkbuf_16)
    13    0.02                           clknet_2_2__leaf_clk (net)
                  0.05    0.00    0.31 ^ _718_/CLK (sky130_fd_sc_hd__dfrtp_1)
                          0.25    0.56   clock uncertainty
                         -0.02    0.54   clock reconvergence pessimism
                         -0.03    0.51   library hold time
                                  0.51   data required time
-----------------------------------------------------------------------------
                                  0.51   data required time
                                 -0.81   data arrival time
-----------------------------------------------------------------------------
                                  0.29   slack (MET)


Startpoint: _720_ (rising edge-triggered flip-flop clocked by clk)
Endpoint: _719_ (rising edge-triggered flip-flop clocked by clk)
Path Group: clk
Path Type: min

Fanout     Cap    Slew   Delay    Time   Description
-----------------------------------------------------------------------------
                          0.00    0.00   clock clk (rise edge)
                          0.00    0.00   clock source latency
                  0.04    0.03    0.03 ^ clk (in)
     1    0.01                           clk (net)
                  0.04    0.00    0.03 ^ clkbuf_0_clk/A (sky130_fd_sc_hd__clkbuf_16)
                  0.05    0.13    0.15 ^ clkbuf_0_clk/X (sky130_fd_sc_hd__clkbuf_16)
     4    0.03                           clknet_0_clk (net)
                  0.05    0.00    0.15 ^ clkbuf_2_0__f_clk/A (sky130_fd_sc_hd__clkbuf_16)
                  0.05    0.13    0.28 ^ clkbuf_2_0__f_clk/X (sky130_fd_sc_hd__clkbuf_16)
    15    0.03                           clknet_2_0__leaf_clk (net)
                  0.05    0.00    0.28 ^ _720_/CLK (sky130_fd_sc_hd__dfrtp_1)
                  0.08    0.33    0.61 ^ _720_/Q (sky130_fd_sc_hd__dfrtp_1)
     3    0.01                           u_core.Q[3] (net)
                  0.08    0.00    0.61 ^ _583_/A1 (sky130_fd_sc_hd__a22o_1)
                  0.04    0.12    0.73 ^ _583_/X (sky130_fd_sc_hd__a22o_1)
     1    0.00                           _316_ (net)
                  0.04    0.00    0.73 ^ _584_/B1 (sky130_fd_sc_hd__a31o_1)
                  0.03    0.08    0.81 ^ _584_/X (sky130_fd_sc_hd__a31o_1)
     1    0.00                           _079_ (net)
                  0.03    0.00    0.81 ^ _719_/D (sky130_fd_sc_hd__dfrtp_1)
                                  0.81   data arrival time

                          0.00    0.00   clock clk (rise edge)
                          0.00    0.00   clock source latency
                  0.04    0.03    0.03 ^ clk (in)
     1    0.01                           clk (net)
                  0.04    0.00    0.03 ^ clkbuf_0_clk/A (sky130_fd_sc_hd__clkbuf_16)
                  0.05    0.14    0.17 ^ clkbuf_0_clk/X (sky130_fd_sc_hd__clkbuf_16)
     4    0.03                           clknet_0_clk (net)
                  0.05    0.00    0.17 ^ clkbuf_2_1__f_clk/A (sky130_fd_sc_hd__clkbuf_16)
                  0.05    0.14    0.31 ^ clkbuf_2_1__f_clk/X (sky130_fd_sc_hd__clkbuf_16)
    14    0.03                           clknet_2_1__leaf_clk (net)
                  0.05    0.00    0.31 ^ _719_/CLK (sky130_fd_sc_hd__dfrtp_1)
                          0.25    0.56   clock uncertainty
                         -0.02    0.55   clock reconvergence pessimism
                         -0.03    0.51   library hold time
                                  0.51   data required time
-----------------------------------------------------------------------------
                                  0.51   data required time
                                 -0.81   data arrival time
-----------------------------------------------------------------------------
                                  0.29   slack (MET)


Startpoint: _697_ (rising edge-triggered flip-flop clocked by clk)
Endpoint: _716_ (rising edge-triggered flip-flop clocked by clk)
Path Group: clk
Path Type: min

Fanout     Cap    Slew   Delay    Time   Description
-----------------------------------------------------------------------------
                          0.00    0.00   clock clk (rise edge)
                          0.00    0.00   clock source latency
                  0.04    0.03    0.03 ^ clk (in)
     1    0.01                           clk (net)
                  0.04    0.00    0.03 ^ clkbuf_0_clk/A (sky130_fd_sc_hd__clkbuf_16)
                  0.05    0.13    0.15 ^ clkbuf_0_clk/X (sky130_fd_sc_hd__clkbuf_16)
     4    0.03                           clknet_0_clk (net)
                  0.05    0.00    0.15 ^ clkbuf_2_3__f_clk/A (sky130_fd_sc_hd__clkbuf_16)
                  0.05    0.12    0.28 ^ clkbuf_2_3__f_clk/X (sky130_fd_sc_hd__clkbuf_16)
    12    0.02                           clknet_2_3__leaf_clk (net)
                  0.05    0.00    0.28 ^ _697_/CLK (sky130_fd_sc_hd__dfrtp_1)
                  0.07    0.32    0.60 ^ _697_/Q (sky130_fd_sc_hd__dfrtp_1)
     3    0.01                           u_core.count[3] (net)
                  0.07    0.00    0.60 ^ _592_/A (sky130_fd_sc_hd__or4b_2)
                  0.04    0.12    0.71 ^ _592_/X (sky130_fd_sc_hd__or4b_2)
     2    0.00                           _322_ (net)
                  0.04    0.00    0.71 ^ _593_/A2 (sky130_fd_sc_hd__o21ai_1)
                  0.03    0.04    0.76 v _593_/Y (sky130_fd_sc_hd__o21ai_1)
     1    0.00                           _323_ (net)
                  0.03    0.00    0.76 v _594_/B1 (sky130_fd_sc_hd__o21ai_1)
                  0.06    0.05    0.81 ^ _594_/Y (sky130_fd_sc_hd__o21ai_1)
     1    0.00                           _076_ (net)
                  0.06    0.00    0.81 ^ _716_/D (sky130_fd_sc_hd__dfrtp_1)
                                  0.81   data arrival time

                          0.00    0.00   clock clk (rise edge)
                          0.00    0.00   clock source latency
                  0.04    0.03    0.03 ^ clk (in)
     1    0.01                           clk (net)
                  0.04    0.00    0.03 ^ clkbuf_0_clk/A (sky130_fd_sc_hd__clkbuf_16)
                  0.05    0.14    0.17 ^ clkbuf_0_clk/X (sky130_fd_sc_hd__clkbuf_16)
     4    0.03                           clknet_0_clk (net)
                  0.05    0.00    0.17 ^ clkbuf_2_0__f_clk/A (sky130_fd_sc_hd__clkbuf_16)
                  0.05    0.14    0.31 ^ clkbuf_2_0__f_clk/X (sky130_fd_sc_hd__clkbuf_16)
    15    0.03                           clknet_2_0__leaf_clk (net)
                  0.05    0.00    0.31 ^ _716_/CLK (sky130_fd_sc_hd__dfrtp_1)
                          0.25    0.56   clock uncertainty
                         -0.02    0.55   clock reconvergence pessimism
                         -0.04    0.51   library hold time
                                  0.51   data required time
-----------------------------------------------------------------------------
                                  0.51   data required time
                                 -0.81   data arrival time
-----------------------------------------------------------------------------
                                  0.30   slack (MET)


Startpoint: _720_ (rising edge-triggered flip-flop clocked by clk)
Endpoint: _720_ (rising edge-triggered flip-flop clocked by clk)
Path Group: clk
Path Type: min

Fanout     Cap    Slew   Delay    Time   Description
-----------------------------------------------------------------------------
                          0.00    0.00   clock clk (rise edge)
                          0.00    0.00   clock source latency
                  0.04    0.03    0.03 ^ clk (in)
     1    0.01                           clk (net)
                  0.04    0.00    0.03 ^ clkbuf_0_clk/A (sky130_fd_sc_hd__clkbuf_16)
                  0.05    0.13    0.15 ^ clkbuf_0_clk/X (sky130_fd_sc_hd__clkbuf_16)
     4    0.03                           clknet_0_clk (net)
                  0.05    0.00    0.15 ^ clkbuf_2_0__f_clk/A (sky130_fd_sc_hd__clkbuf_16)
                  0.05    0.13    0.28 ^ clkbuf_2_0__f_clk/X (sky130_fd_sc_hd__clkbuf_16)
    15    0.03                           clknet_2_0__leaf_clk (net)
                  0.05    0.00    0.28 ^ _720_/CLK (sky130_fd_sc_hd__dfrtp_1)
                  0.08    0.33    0.61 ^ _720_/Q (sky130_fd_sc_hd__dfrtp_1)
     3    0.01                           u_core.Q[3] (net)
                  0.08    0.00    0.61 ^ _581_/B2 (sky130_fd_sc_hd__a22o_1)
                  0.04    0.12    0.72 ^ _581_/X (sky130_fd_sc_hd__a22o_1)
     1    0.00                           _315_ (net)
                  0.04    0.00    0.72 ^ _582_/B1 (sky130_fd_sc_hd__a31o_1)
                  0.03    0.08    0.80 ^ _582_/X (sky130_fd_sc_hd__a31o_1)
     1    0.00                           _080_ (net)
                  0.03    0.00    0.80 ^ _720_/D (sky130_fd_sc_hd__dfrtp_1)
                                  0.80   data arrival time

                          0.00    0.00   clock clk (rise edge)
                          0.00    0.00   clock source latency
                  0.04    0.03    0.03 ^ clk (in)
     1    0.01                           clk (net)
                  0.04    0.00    0.03 ^ clkbuf_0_clk/A (sky130_fd_sc_hd__clkbuf_16)
                  0.05    0.14    0.17 ^ clkbuf_0_clk/X (sky130_fd_sc_hd__clkbuf_16)
     4    0.03                           clknet_0_clk (net)
                  0.05    0.00    0.17 ^ clkbuf_2_0__f_clk/A (sky130_fd_sc_hd__clkbuf_16)
                  0.05    0.14    0.31 ^ clkbuf_2_0__f_clk/X (sky130_fd_sc_hd__clkbuf_16)
    15    0.03                           clknet_2_0__leaf_clk (net)
                  0.05    0.00    0.31 ^ _720_/CLK (sky130_fd_sc_hd__dfrtp_1)
                          0.25    0.56   clock uncertainty
                         -0.03    0.53   clock reconvergence pessimism
                         -0.03    0.50   library hold time
                                  0.50   data required time
-----------------------------------------------------------------------------
                                  0.50   data required time
                                 -0.80   data arrival time
-----------------------------------------------------------------------------
                                  0.30   slack (MET)


Startpoint: _721_ (rising edge-triggered flip-flop clocked by clk)
Endpoint: _721_ (rising edge-triggered flip-flop clocked by clk)
Path Group: clk
Path Type: min

Fanout     Cap    Slew   Delay    Time   Description
-----------------------------------------------------------------------------
                          0.00    0.00   clock clk (rise edge)
                          0.00    0.00   clock source latency
                  0.04    0.03    0.03 ^ clk (in)
     1    0.01                           clk (net)
                  0.04    0.00    0.03 ^ clkbuf_0_clk/A (sky130_fd_sc_hd__clkbuf_16)
                  0.05    0.13    0.15 ^ clkbuf_0_clk/X (sky130_fd_sc_hd__clkbuf_16)
     4    0.03                           clknet_0_clk (net)
                  0.05    0.00    0.15 ^ clkbuf_2_0__f_clk/A (sky130_fd_sc_hd__clkbuf_16)
                  0.05    0.13    0.28 ^ clkbuf_2_0__f_clk/X (sky130_fd_sc_hd__clkbuf_16)
    15    0.03                           clknet_2_0__leaf_clk (net)
                  0.05    0.00    0.28 ^ _721_/CLK (sky130_fd_sc_hd__dfrtp_1)
                  0.08    0.33    0.61 ^ _721_/Q (sky130_fd_sc_hd__dfrtp_1)
     3    0.01                           u_core.Q[4] (net)
                  0.08    0.00    0.61 ^ _579_/B2 (sky130_fd_sc_hd__a22o_1)
                  0.04    0.12    0.72 ^ _579_/X (sky130_fd_sc_hd__a22o_1)
     1    0.00                           _314_ (net)
                  0.04    0.00    0.72 ^ _580_/B1 (sky130_fd_sc_hd__a31o_1)
                  0.03    0.08    0.80 ^ _580_/X (sky130_fd_sc_hd__a31o_1)
     1    0.00                           _081_ (net)
                  0.03    0.00    0.80 ^ _721_/D (sky130_fd_sc_hd__dfrtp_1)
                                  0.80   data arrival time

                          0.00    0.00   clock clk (rise edge)
                          0.00    0.00   clock source latency
                  0.04    0.03    0.03 ^ clk (in)
     1    0.01                           clk (net)
                  0.04    0.00    0.03 ^ clkbuf_0_clk/A (sky130_fd_sc_hd__clkbuf_16)
                  0.05    0.14    0.17 ^ clkbuf_0_clk/X (sky130_fd_sc_hd__clkbuf_16)
     4    0.03                           clknet_0_clk (net)
                  0.05    0.00    0.17 ^ clkbuf_2_0__f_clk/A (sky130_fd_sc_hd__clkbuf_16)
                  0.05    0.14    0.31 ^ clkbuf_2_0__f_clk/X (sky130_fd_sc_hd__clkbuf_16)
    15    0.03                           clknet_2_0__leaf_clk (net)
                  0.05    0.00    0.31 ^ _721_/CLK (sky130_fd_sc_hd__dfrtp_1)
                          0.25    0.56   clock uncertainty
                         -0.03    0.53   clock reconvergence pessimism
                         -0.03    0.50   library hold time
                                  0.50   data required time
-----------------------------------------------------------------------------
                                  0.50   data required time
                                 -0.80   data arrival time
-----------------------------------------------------------------------------
                                  0.30   slack (MET)


Startpoint: _696_ (rising edge-triggered flip-flop clocked by clk)
Endpoint: _697_ (rising edge-triggered flip-flop clocked by clk)
Path Group: clk
Path Type: min

Fanout     Cap    Slew   Delay    Time   Description
-----------------------------------------------------------------------------
                          0.00    0.00   clock clk (rise edge)
                          0.00    0.00   clock source latency
                  0.04    0.03    0.03 ^ clk (in)
     1    0.01                           clk (net)
                  0.04    0.00    0.03 ^ clkbuf_0_clk/A (sky130_fd_sc_hd__clkbuf_16)
                  0.05    0.13    0.15 ^ clkbuf_0_clk/X (sky130_fd_sc_hd__clkbuf_16)
     4    0.03                           clknet_0_clk (net)
                  0.05    0.00    0.15 ^ clkbuf_2_3__f_clk/A (sky130_fd_sc_hd__clkbuf_16)
                  0.05    0.12    0.28 ^ clkbuf_2_3__f_clk/X (sky130_fd_sc_hd__clkbuf_16)
    12    0.02                           clknet_2_3__leaf_clk (net)
                  0.05    0.00    0.28 ^ _696_/CLK (sky130_fd_sc_hd__dfrtp_1)
                  0.08    0.33    0.61 ^ _696_/Q (sky130_fd_sc_hd__dfrtp_1)
     4    0.01                           u_core.count[2] (net)
                  0.08    0.00    0.61 ^ _624_/A (sky130_fd_sc_hd__or4_1)
                  0.08    0.13    0.74 ^ _624_/X (sky130_fd_sc_hd__or4_1)
     3    0.01                           _336_ (net)
                  0.08    0.00    0.74 ^ _626_/A2 (sky130_fd_sc_hd__o21ai_1)
                  0.03    0.05    0.79 v _626_/Y (sky130_fd_sc_hd__o21ai_1)
     1    0.00                           _058_ (net)
                  0.03    0.00    0.79 v _697_/D (sky130_fd_sc_hd__dfrtp_1)
                                  0.79   data arrival time

                          0.00    0.00   clock clk (rise edge)
                          0.00    0.00   clock source latency
                  0.04    0.03    0.03 ^ clk (in)
     1    0.01                           clk (net)
                  0.04    0.00    0.03 ^ clkbuf_0_clk/A (sky130_fd_sc_hd__clkbuf_16)
                  0.05    0.14    0.17 ^ clkbuf_0_clk/X (sky130_fd_sc_hd__clkbuf_16)
     4    0.03                           clknet_0_clk (net)
                  0.05    0.00    0.17 ^ clkbuf_2_3__f_clk/A (sky130_fd_sc_hd__clkbuf_16)
                  0.05    0.14    0.31 ^ clkbuf_2_3__f_clk/X (sky130_fd_sc_hd__clkbuf_16)
    12    0.02                           clknet_2_3__leaf_clk (net)
                  0.05    0.00    0.31 ^ _697_/CLK (sky130_fd_sc_hd__dfrtp_1)
                          0.25    0.56   clock uncertainty
                         -0.03    0.53   clock reconvergence pessimism
                         -0.04    0.49   library hold time
                                  0.49   data required time
-----------------------------------------------------------------------------
                                  0.49   data required time
                                 -0.79   data arrival time
-----------------------------------------------------------------------------
                                  0.30   slack (MET)


Startpoint: _718_ (rising edge-triggered flip-flop clocked by clk)
Endpoint: _717_ (rising edge-triggered flip-flop clocked by clk)
Path Group: clk
Path Type: min

Fanout     Cap    Slew   Delay    Time   Description
-----------------------------------------------------------------------------
                          0.00    0.00   clock clk (rise edge)
                          0.00    0.00   clock source latency
                  0.04    0.03    0.03 ^ clk (in)
     1    0.01                           clk (net)
                  0.04    0.00    0.03 ^ clkbuf_0_clk/A (sky130_fd_sc_hd__clkbuf_16)
                  0.05    0.13    0.15 ^ clkbuf_0_clk/X (sky130_fd_sc_hd__clkbuf_16)
     4    0.03                           clknet_0_clk (net)
                  0.05    0.00    0.15 ^ clkbuf_2_2__f_clk/A (sky130_fd_sc_hd__clkbuf_16)
                  0.05    0.13    0.28 ^ clkbuf_2_2__f_clk/X (sky130_fd_sc_hd__clkbuf_16)
    13    0.02                           clknet_2_2__leaf_clk (net)
                  0.05    0.00    0.28 ^ _718_/CLK (sky130_fd_sc_hd__dfrtp_1)
                  0.08    0.32    0.60 ^ _718_/Q (sky130_fd_sc_hd__dfrtp_1)
     3    0.01                           u_core.Q[1] (net)
                  0.08    0.00    0.60 ^ _587_/A1 (sky130_fd_sc_hd__a22o_1)
                  0.04    0.12    0.73 ^ _587_/X (sky130_fd_sc_hd__a22o_1)
     1    0.00                           _318_ (net)
                  0.04    0.00    0.73 ^ _588_/B1 (sky130_fd_sc_hd__a31o_1)
                  0.03    0.08    0.80 ^ _588_/X (sky130_fd_sc_hd__a31o_1)
     1    0.00                           _077_ (net)
                  0.03    0.00    0.80 ^ _717_/D (sky130_fd_sc_hd__dfrtp_1)
                                  0.80   data arrival time

                          0.00    0.00   clock clk (rise edge)
                          0.00    0.00   clock source latency
                  0.04    0.03    0.03 ^ clk (in)
     1    0.01                           clk (net)
                  0.04    0.00    0.03 ^ clkbuf_0_clk/A (sky130_fd_sc_hd__clkbuf_16)
                  0.05    0.14    0.17 ^ clkbuf_0_clk/X (sky130_fd_sc_hd__clkbuf_16)
     4    0.03                           clknet_0_clk (net)
                  0.05    0.00    0.17 ^ clkbuf_2_2__f_clk/A (sky130_fd_sc_hd__clkbuf_16)
                  0.05    0.14    0.31 ^ clkbuf_2_2__f_clk/X (sky130_fd_sc_hd__clkbuf_16)
    13    0.02                           clknet_2_2__leaf_clk (net)
                  0.05    0.00    0.31 ^ _717_/CLK (sky130_fd_sc_hd__dfrtp_1)
                          0.25    0.56   clock uncertainty
                         -0.03    0.53   clock reconvergence pessimism
                         -0.03    0.50   library hold time
                                  0.50   data required time
-----------------------------------------------------------------------------
                                  0.50   data required time
                                 -0.80   data arrival time
-----------------------------------------------------------------------------
                                  0.31   slack (MET)


Startpoint: _741_ (rising edge-triggered flip-flop clocked by clk)
Endpoint: _741_ (rising edge-triggered flip-flop clocked by clk)
Path Group: clk
Path Type: min

Fanout     Cap    Slew   Delay    Time   Description
-----------------------------------------------------------------------------
                          0.00    0.00   clock clk (rise edge)
                          0.00    0.00   clock source latency
                  0.04    0.03    0.03 ^ clk (in)
     1    0.01                           clk (net)
                  0.04    0.00    0.03 ^ clkbuf_0_clk/A (sky130_fd_sc_hd__clkbuf_16)
                  0.05    0.13    0.15 ^ clkbuf_0_clk/X (sky130_fd_sc_hd__clkbuf_16)
     4    0.03                           clknet_0_clk (net)
                  0.05    0.00    0.15 ^ clkbuf_2_2__f_clk/A (sky130_fd_sc_hd__clkbuf_16)
                  0.05    0.13    0.28 ^ clkbuf_2_2__f_clk/X (sky130_fd_sc_hd__clkbuf_16)
    13    0.02                           clknet_2_2__leaf_clk (net)
                  0.05    0.00    0.28 ^ _741_/CLK (sky130_fd_sc_hd__dfrtp_4)
                  0.10    0.42    0.70 ^ _741_/Q (sky130_fd_sc_hd__dfrtp_4)
     6    0.02                           u_core.A[8] (net)
                  0.10    0.00    0.70 ^ _510_/A1_N (sky130_fd_sc_hd__o2bb2ai_1)
                  0.05    0.11    0.81 ^ _510_/Y (sky130_fd_sc_hd__o2bb2ai_1)
     1    0.00                           _101_ (net)
                  0.05    0.00    0.81 ^ _741_/D (sky130_fd_sc_hd__dfrtp_4)
                                  0.81   data arrival time

                          0.00    0.00   clock clk (rise edge)
                          0.00    0.00   clock source latency
                  0.04    0.03    0.03 ^ clk (in)
     1    0.01                           clk (net)
                  0.04    0.00    0.03 ^ clkbuf_0_clk/A (sky130_fd_sc_hd__clkbuf_16)
                  0.05    0.14    0.17 ^ clkbuf_0_clk/X (sky130_fd_sc_hd__clkbuf_16)
     4    0.03                           clknet_0_clk (net)
                  0.05    0.00    0.17 ^ clkbuf_2_2__f_clk/A (sky130_fd_sc_hd__clkbuf_16)
                  0.05    0.14    0.31 ^ clkbuf_2_2__f_clk/X (sky130_fd_sc_hd__clkbuf_16)
    13    0.02                           clknet_2_2__leaf_clk (net)
                  0.05    0.00    0.31 ^ _741_/CLK (sky130_fd_sc_hd__dfrtp_4)
                          0.25    0.56   clock uncertainty
                         -0.03    0.53   clock reconvergence pessimism
                         -0.04    0.49   library hold time
                                  0.49   data required time
-----------------------------------------------------------------------------
                                  0.49   data required time
                                 -0.81   data arrival time
-----------------------------------------------------------------------------
                                  0.31   slack (MET)


Startpoint: _694_ (rising edge-triggered flip-flop clocked by clk)
Endpoint: _695_ (rising edge-triggered flip-flop clocked by clk)
Path Group: clk
Path Type: min

Fanout     Cap    Slew   Delay    Time   Description
-----------------------------------------------------------------------------
                          0.00    0.00   clock clk (rise edge)
                          0.00    0.00   clock source latency
                  0.04    0.03    0.03 ^ clk (in)
     1    0.01                           clk (net)
                  0.04    0.00    0.03 ^ clkbuf_0_clk/A (sky130_fd_sc_hd__clkbuf_16)
                  0.05    0.13    0.15 ^ clkbuf_0_clk/X (sky130_fd_sc_hd__clkbuf_16)
     4    0.03                           clknet_0_clk (net)
                  0.05    0.00    0.15 ^ clkbuf_2_1__f_clk/A (sky130_fd_sc_hd__clkbuf_16)
                  0.05    0.13    0.28 ^ clkbuf_2_1__f_clk/X (sky130_fd_sc_hd__clkbuf_16)
    14    0.03                           clknet_2_1__leaf_clk (net)
                  0.05    0.00    0.28 ^ _694_/CLK (sky130_fd_sc_hd__dfrtp_1)
                  0.10    0.34    0.63 ^ _694_/Q (sky130_fd_sc_hd__dfrtp_1)
     6    0.01                           u_core.count[0] (net)
                  0.10    0.00    0.63 ^ _627_/A (sky130_fd_sc_hd__or2_1)
                  0.08    0.13    0.76 ^ _627_/X (sky130_fd_sc_hd__or2_1)
     3    0.01                           _338_ (net)
                  0.08    0.00    0.76 ^ _631_/A2 (sky130_fd_sc_hd__o21ai_1)
                  0.03    0.05    0.81 v _631_/Y (sky130_fd_sc_hd__o21ai_1)
     1    0.00                           _056_ (net)
                  0.03    0.00    0.81 v _695_/D (sky130_fd_sc_hd__dfrtp_1)
                                  0.81   data arrival time

                          0.00    0.00   clock clk (rise edge)
                          0.00    0.00   clock source latency
                  0.04    0.03    0.03 ^ clk (in)
     1    0.01                           clk (net)
                  0.04    0.00    0.03 ^ clkbuf_0_clk/A (sky130_fd_sc_hd__clkbuf_16)
                  0.05    0.14    0.17 ^ clkbuf_0_clk/X (sky130_fd_sc_hd__clkbuf_16)
     4    0.03                           clknet_0_clk (net)
                  0.05    0.00    0.17 ^ clkbuf_2_1__f_clk/A (sky130_fd_sc_hd__clkbuf_16)
                  0.05    0.14    0.31 ^ clkbuf_2_1__f_clk/X (sky130_fd_sc_hd__clkbuf_16)
    14    0.03                           clknet_2_1__leaf_clk (net)
                  0.05    0.00    0.31 ^ _695_/CLK (sky130_fd_sc_hd__dfrtp_1)
                          0.25    0.56   clock uncertainty
                         -0.03    0.53   clock reconvergence pessimism
                         -0.04    0.49   library hold time
                                  0.49   data required time
-----------------------------------------------------------------------------
                                  0.49   data required time
                                 -0.81   data arrival time
-----------------------------------------------------------------------------
                                  0.31   slack (MET)


Startpoint: _745_ (rising edge-triggered flip-flop clocked by clk)
Endpoint: _744_ (rising edge-triggered flip-flop clocked by clk)
Path Group: clk
Path Type: min

Fanout     Cap    Slew   Delay    Time   Description
-----------------------------------------------------------------------------
                          0.00    0.00   clock clk (rise edge)
                          0.00    0.00   clock source latency
                  0.04    0.03    0.03 ^ clk (in)
     1    0.01                           clk (net)
                  0.04    0.00    0.03 ^ clkbuf_0_clk/A (sky130_fd_sc_hd__clkbuf_16)
                  0.05    0.13    0.15 ^ clkbuf_0_clk/X (sky130_fd_sc_hd__clkbuf_16)
     4    0.03                           clknet_0_clk (net)
                  0.05    0.00    0.15 ^ clkbuf_2_3__f_clk/A (sky130_fd_sc_hd__clkbuf_16)
                  0.05    0.12    0.28 ^ clkbuf_2_3__f_clk/X (sky130_fd_sc_hd__clkbuf_16)
    12    0.02                           clknet_2_3__leaf_clk (net)
                  0.05    0.00    0.28 ^ _745_/CLK (sky130_fd_sc_hd__dfrtp_1)
                  0.08    0.33    0.61 ^ _745_/Q (sky130_fd_sc_hd__dfrtp_1)
     2    0.01                           u_core.A[12] (net)
                  0.08    0.00    0.61 ^ _487_/A1 (sky130_fd_sc_hd__o31a_1)
                  0.04    0.13    0.73 ^ _487_/X (sky130_fd_sc_hd__o31a_1)
     1    0.00                           _245_ (net)
                  0.04    0.00    0.73 ^ _488_/B2 (sky130_fd_sc_hd__a22o_1)
                  0.04    0.10    0.83 ^ _488_/X (sky130_fd_sc_hd__a22o_1)
     1    0.00                           _104_ (net)
                  0.04    0.00    0.83 ^ _744_/D (sky130_fd_sc_hd__dfrtp_2)
                                  0.83   data arrival time

                          0.00    0.00   clock clk (rise edge)
                          0.00    0.00   clock source latency
                  0.04    0.03    0.03 ^ clk (in)
     1    0.01                           clk (net)
                  0.04    0.00    0.03 ^ clkbuf_0_clk/A (sky130_fd_sc_hd__clkbuf_16)
                  0.05    0.14    0.17 ^ clkbuf_0_clk/X (sky130_fd_sc_hd__clkbuf_16)
     4    0.03                           clknet_0_clk (net)
                  0.05    0.00    0.17 ^ clkbuf_2_2__f_clk/A (sky130_fd_sc_hd__clkbuf_16)
                  0.05    0.14    0.31 ^ clkbuf_2_2__f_clk/X (sky130_fd_sc_hd__clkbuf_16)
    13    0.02                           clknet_2_2__leaf_clk (net)
                  0.05    0.00    0.31 ^ _744_/CLK (sky130_fd_sc_hd__dfrtp_2)
                          0.25    0.56   clock uncertainty
                         -0.02    0.54   clock reconvergence pessimism
                         -0.03    0.51   library hold time
                                  0.51   data required time
-----------------------------------------------------------------------------
                                  0.51   data required time
                                 -0.83   data arrival time
-----------------------------------------------------------------------------
                                  0.32   slack (MET)


Startpoint: _726_ (rising edge-triggered flip-flop clocked by clk)
Endpoint: _726_ (rising edge-triggered flip-flop clocked by clk)
Path Group: clk
Path Type: min

Fanout     Cap    Slew   Delay    Time   Description
-----------------------------------------------------------------------------
                          0.00    0.00   clock clk (rise edge)
                          0.00    0.00   clock source latency
                  0.04    0.03    0.03 ^ clk (in)
     1    0.01                           clk (net)
                  0.04    0.00    0.03 ^ clkbuf_0_clk/A (sky130_fd_sc_hd__clkbuf_16)
                  0.05    0.13    0.15 ^ clkbuf_0_clk/X (sky130_fd_sc_hd__clkbuf_16)
     4    0.03                           clknet_0_clk (net)
                  0.05    0.00    0.15 ^ clkbuf_2_0__f_clk/A (sky130_fd_sc_hd__clkbuf_16)
                  0.05    0.13    0.28 ^ clkbuf_2_0__f_clk/X (sky130_fd_sc_hd__clkbuf_16)
    15    0.03                           clknet_2_0__leaf_clk (net)
                  0.05    0.00    0.28 ^ _726_/CLK (sky130_fd_sc_hd__dfrtp_2)
                  0.09    0.36    0.64 ^ _726_/Q (sky130_fd_sc_hd__dfrtp_2)
     5    0.01                           u_core.M[1] (net)
                  0.09    0.00    0.64 ^ _567_/A1 (sky130_fd_sc_hd__mux2_1)
                  0.04    0.12    0.76 ^ _567_/X (sky130_fd_sc_hd__mux2_1)
     1    0.00                           _307_ (net)
                  0.04    0.00    0.76 ^ _568_/A (sky130_fd_sc_hd__clkbuf_1)
                  0.04    0.07    0.83 ^ _568_/X (sky130_fd_sc_hd__clkbuf_1)
     1    0.00                           _086_ (net)
                  0.04    0.00    0.83 ^ _726_/D (sky130_fd_sc_hd__dfrtp_2)
                                  0.83   data arrival time

                          0.00    0.00   clock clk (rise edge)
                          0.00    0.00   clock source latency
                  0.04    0.03    0.03 ^ clk (in)
     1    0.01                           clk (net)
                  0.04    0.00    0.03 ^ clkbuf_0_clk/A (sky130_fd_sc_hd__clkbuf_16)
                  0.05    0.14    0.17 ^ clkbuf_0_clk/X (sky130_fd_sc_hd__clkbuf_16)
     4    0.03                           clknet_0_clk (net)
                  0.05    0.00    0.17 ^ clkbuf_2_0__f_clk/A (sky130_fd_sc_hd__clkbuf_16)
                  0.05    0.14    0.31 ^ clkbuf_2_0__f_clk/X (sky130_fd_sc_hd__clkbuf_16)
    15    0.03                           clknet_2_0__leaf_clk (net)
                  0.05    0.00    0.31 ^ _726_/CLK (sky130_fd_sc_hd__dfrtp_2)
                          0.25    0.56   clock uncertainty
                         -0.03    0.53   clock reconvergence pessimism
                         -0.03    0.50   library hold time
                                  0.50   data required time
-----------------------------------------------------------------------------
                                  0.50   data required time
                                 -0.83   data arrival time
-----------------------------------------------------------------------------
                                  0.33   slack (MET)


Startpoint: _745_ (rising edge-triggered flip-flop clocked by clk)
Endpoint: _745_ (rising edge-triggered flip-flop clocked by clk)
Path Group: clk
Path Type: min

Fanout     Cap    Slew   Delay    Time   Description
-----------------------------------------------------------------------------
                          0.00    0.00   clock clk (rise edge)
                          0.00    0.00   clock source latency
                  0.04    0.03    0.03 ^ clk (in)
     1    0.01                           clk (net)
                  0.04    0.00    0.03 ^ clkbuf_0_clk/A (sky130_fd_sc_hd__clkbuf_16)
                  0.05    0.13    0.15 ^ clkbuf_0_clk/X (sky130_fd_sc_hd__clkbuf_16)
     4    0.03                           clknet_0_clk (net)
                  0.05    0.00    0.15 ^ clkbuf_2_3__f_clk/A (sky130_fd_sc_hd__clkbuf_16)
                  0.05    0.12    0.28 ^ clkbuf_2_3__f_clk/X (sky130_fd_sc_hd__clkbuf_16)
    12    0.02                           clknet_2_3__leaf_clk (net)
                  0.05    0.00    0.28 ^ _745_/CLK (sky130_fd_sc_hd__dfrtp_1)
                  0.06    0.36    0.63 v _745_/Q (sky130_fd_sc_hd__dfrtp_1)
     2    0.01                           u_core.A[12] (net)
                  0.06    0.00    0.63 v _446_/A (sky130_fd_sc_hd__inv_2)
                  0.06    0.07    0.70 ^ _446_/Y (sky130_fd_sc_hd__inv_2)
     5    0.01                           _207_ (net)
                  0.06    0.00    0.70 ^ _478_/C (sky130_fd_sc_hd__or3_1)
                  0.04    0.09    0.79 ^ _478_/X (sky130_fd_sc_hd__or3_1)
     1    0.00                           _237_ (net)
                  0.04    0.00    0.79 ^ _479_/B (sky130_fd_sc_hd__nand2_1)
                  0.02    0.04    0.83 v _479_/Y (sky130_fd_sc_hd__nand2_1)
     1    0.00                           _105_ (net)
                  0.02    0.00    0.83 v _745_/D (sky130_fd_sc_hd__dfrtp_1)
                                  0.83   data arrival time

                          0.00    0.00   clock clk (rise edge)
                          0.00    0.00   clock source latency
                  0.04    0.03    0.03 ^ clk (in)
     1    0.01                           clk (net)
                  0.04    0.00    0.03 ^ clkbuf_0_clk/A (sky130_fd_sc_hd__clkbuf_16)
                  0.05    0.14    0.17 ^ clkbuf_0_clk/X (sky130_fd_sc_hd__clkbuf_16)
     4    0.03                           clknet_0_clk (net)
                  0.05    0.00    0.17 ^ clkbuf_2_3__f_clk/A (sky130_fd_sc_hd__clkbuf_16)
                  0.05    0.14    0.31 ^ clkbuf_2_3__f_clk/X (sky130_fd_sc_hd__clkbuf_16)
    12    0.02                           clknet_2_3__leaf_clk (net)
                  0.05    0.00    0.31 ^ _745_/CLK (sky130_fd_sc_hd__dfrtp_1)
                          0.25    0.56   clock uncertainty
                         -0.03    0.53   clock reconvergence pessimism
                         -0.04    0.49   library hold time
                                  0.49   data required time
-----------------------------------------------------------------------------
                                  0.49   data required time
                                 -0.83   data arrival time
-----------------------------------------------------------------------------
                                  0.34   slack (MET)


Startpoint: _699_ (rising edge-triggered flip-flop clocked by clk)
Endpoint: _699_ (rising edge-triggered flip-flop clocked by clk)
Path Group: clk
Path Type: min

Fanout     Cap    Slew   Delay    Time   Description
-----------------------------------------------------------------------------
                          0.00    0.00   clock clk (rise edge)
                          0.00    0.00   clock source latency
                  0.04    0.03    0.03 ^ clk (in)
     1    0.01                           clk (net)
                  0.04    0.00    0.03 ^ clkbuf_0_clk/A (sky130_fd_sc_hd__clkbuf_16)
                  0.05    0.13    0.15 ^ clkbuf_0_clk/X (sky130_fd_sc_hd__clkbuf_16)
     4    0.03                           clknet_0_clk (net)
                  0.05    0.00    0.15 ^ clkbuf_2_1__f_clk/A (sky130_fd_sc_hd__clkbuf_16)
                  0.05    0.13    0.28 ^ clkbuf_2_1__f_clk/X (sky130_fd_sc_hd__clkbuf_16)
    14    0.03                           clknet_2_1__leaf_clk (net)
                  0.05    0.00    0.28 ^ _699_/CLK (sky130_fd_sc_hd__dfrtp_4)
                  0.12    0.44    0.72 ^ _699_/Q (sky130_fd_sc_hd__dfrtp_4)
     9    0.03                           u_core.Q_1 (net)
                  0.12    0.00    0.72 ^ _623_/B2 (sky130_fd_sc_hd__a22o_1)
                  0.04    0.12    0.84 ^ _623_/X (sky130_fd_sc_hd__a22o_1)
     1    0.00                           _059_ (net)
                  0.04    0.00    0.84 ^ _699_/D (sky130_fd_sc_hd__dfrtp_4)
                                  0.84   data arrival time

                          0.00    0.00   clock clk (rise edge)
                          0.00    0.00   clock source latency
                  0.04    0.03    0.03 ^ clk (in)
     1    0.01                           clk (net)
                  0.04    0.00    0.03 ^ clkbuf_0_clk/A (sky130_fd_sc_hd__clkbuf_16)
                  0.05    0.14    0.17 ^ clkbuf_0_clk/X (sky130_fd_sc_hd__clkbuf_16)
     4    0.03                           clknet_0_clk (net)
                  0.05    0.00    0.17 ^ clkbuf_2_1__f_clk/A (sky130_fd_sc_hd__clkbuf_16)
                  0.05    0.14    0.31 ^ clkbuf_2_1__f_clk/X (sky130_fd_sc_hd__clkbuf_16)
    14    0.03                           clknet_2_1__leaf_clk (net)
                  0.05    0.00    0.31 ^ _699_/CLK (sky130_fd_sc_hd__dfrtp_4)
                          0.25    0.56   clock uncertainty
                         -0.03    0.53   clock reconvergence pessimism
                         -0.03    0.50   library hold time
                                  0.50   data required time
-----------------------------------------------------------------------------
                                  0.50   data required time
                                 -0.84   data arrival time
-----------------------------------------------------------------------------
                                  0.34   slack (MET)


Startpoint: _739_ (rising edge-triggered flip-flop clocked by clk)
Endpoint: _738_ (rising edge-triggered flip-flop clocked by clk)
Path Group: clk
Path Type: min

Fanout     Cap    Slew   Delay    Time   Description
-----------------------------------------------------------------------------
                          0.00    0.00   clock clk (rise edge)
                          0.00    0.00   clock source latency
                  0.04    0.03    0.03 ^ clk (in)
     1    0.01                           clk (net)
                  0.04    0.00    0.03 ^ clkbuf_0_clk/A (sky130_fd_sc_hd__clkbuf_16)
                  0.05    0.13    0.15 ^ clkbuf_0_clk/X (sky130_fd_sc_hd__clkbuf_16)
     4    0.03                           clknet_0_clk (net)
                  0.05    0.00    0.15 ^ clkbuf_2_3__f_clk/A (sky130_fd_sc_hd__clkbuf_16)
                  0.05    0.12    0.28 ^ clkbuf_2_3__f_clk/X (sky130_fd_sc_hd__clkbuf_16)
    12    0.02                           clknet_2_3__leaf_clk (net)
                  0.05    0.00    0.28 ^ _739_/CLK (sky130_fd_sc_hd__dfrtp_2)
                  0.08    0.36    0.64 ^ _739_/Q (sky130_fd_sc_hd__dfrtp_2)
     5    0.01                           u_core.A[6] (net)
                  0.08    0.00    0.64 ^ _526_/B1 (sky130_fd_sc_hd__a2bb2o_1)
                  0.06    0.14    0.77 ^ _526_/X (sky130_fd_sc_hd__a2bb2o_1)
     2    0.00                           _278_ (net)
                  0.06    0.00    0.77 ^ _527_/B1 (sky130_fd_sc_hd__a22o_1)
                  0.04    0.10    0.87 ^ _527_/X (sky130_fd_sc_hd__a22o_1)
     1    0.00                           _098_ (net)
                  0.04    0.00    0.87 ^ _738_/D (sky130_fd_sc_hd__dfrtp_2)
                                  0.87   data arrival time

                          0.00    0.00   clock clk (rise edge)
                          0.00    0.00   clock source latency
                  0.04    0.03    0.03 ^ clk (in)
     1    0.01                           clk (net)
                  0.04    0.00    0.03 ^ clkbuf_0_clk/A (sky130_fd_sc_hd__clkbuf_16)
                  0.05    0.14    0.17 ^ clkbuf_0_clk/X (sky130_fd_sc_hd__clkbuf_16)
     4    0.03                           clknet_0_clk (net)
                  0.05    0.00    0.17 ^ clkbuf_2_1__f_clk/A (sky130_fd_sc_hd__clkbuf_16)
                  0.05    0.14    0.31 ^ clkbuf_2_1__f_clk/X (sky130_fd_sc_hd__clkbuf_16)
    14    0.03                           clknet_2_1__leaf_clk (net)
                  0.05    0.00    0.31 ^ _738_/CLK (sky130_fd_sc_hd__dfrtp_2)
                          0.25    0.56   clock uncertainty
                         -0.02    0.55   clock reconvergence pessimism
                         -0.03    0.51   library hold time
                                  0.51   data required time
-----------------------------------------------------------------------------
                                  0.51   data required time
                                 -0.87   data arrival time
-----------------------------------------------------------------------------
                                  0.36   slack (MET)


Startpoint: _747_ (rising edge-triggered flip-flop clocked by clk)
Endpoint: _746_ (rising edge-triggered flip-flop clocked by clk)
Path Group: clk
Path Type: min

Fanout     Cap    Slew   Delay    Time   Description
-----------------------------------------------------------------------------
                          0.00    0.00   clock clk (rise edge)
                          0.00    0.00   clock source latency
                  0.04    0.03    0.03 ^ clk (in)
     1    0.01                           clk (net)
                  0.04    0.00    0.03 ^ clkbuf_0_clk/A (sky130_fd_sc_hd__clkbuf_16)
                  0.05    0.13    0.15 ^ clkbuf_0_clk/X (sky130_fd_sc_hd__clkbuf_16)
     4    0.03                           clknet_0_clk (net)
                  0.05    0.00    0.15 ^ clkbuf_2_3__f_clk/A (sky130_fd_sc_hd__clkbuf_16)
                  0.05    0.12    0.28 ^ clkbuf_2_3__f_clk/X (sky130_fd_sc_hd__clkbuf_16)
    12    0.02                           clknet_2_3__leaf_clk (net)
                  0.05    0.00    0.28 ^ _747_/CLK (sky130_fd_sc_hd__dfrtp_2)
                  0.09    0.36    0.64 ^ _747_/Q (sky130_fd_sc_hd__dfrtp_2)
     5    0.01                           u_core.A[14] (net)
                  0.09    0.00    0.64 ^ _461_/A1 (sky130_fd_sc_hd__o31a_1)
                  0.04    0.13    0.76 ^ _461_/X (sky130_fd_sc_hd__o31a_1)
     1    0.00                           _221_ (net)
                  0.04    0.00    0.76 ^ _469_/A1_N (sky130_fd_sc_hd__o2bb2ai_1)
                  0.05    0.09    0.86 ^ _469_/Y (sky130_fd_sc_hd__o2bb2ai_1)
     1    0.00                           _106_ (net)
                  0.05    0.00    0.86 ^ _746_/D (sky130_fd_sc_hd__dfrtp_1)
                                  0.86   data arrival time

                          0.00    0.00   clock clk (rise edge)
                          0.00    0.00   clock source latency
                  0.04    0.03    0.03 ^ clk (in)
     1    0.01                           clk (net)
                  0.04    0.00    0.03 ^ clkbuf_0_clk/A (sky130_fd_sc_hd__clkbuf_16)
                  0.05    0.14    0.17 ^ clkbuf_0_clk/X (sky130_fd_sc_hd__clkbuf_16)
     4    0.03                           clknet_0_clk (net)
                  0.05    0.00    0.17 ^ clkbuf_2_3__f_clk/A (sky130_fd_sc_hd__clkbuf_16)
                  0.05    0.14    0.31 ^ clkbuf_2_3__f_clk/X (sky130_fd_sc_hd__clkbuf_16)
    12    0.02                           clknet_2_3__leaf_clk (net)
                  0.05    0.00    0.31 ^ _746_/CLK (sky130_fd_sc_hd__dfrtp_1)
                          0.25    0.56   clock uncertainty
                         -0.03    0.53   clock reconvergence pessimism
                         -0.04    0.49   library hold time
                                  0.49   data required time
-----------------------------------------------------------------------------
                                  0.49   data required time
                                 -0.86   data arrival time
-----------------------------------------------------------------------------
                                  0.36   slack (MET)


Startpoint: _744_ (rising edge-triggered flip-flop clocked by clk)
Endpoint: _743_ (rising edge-triggered flip-flop clocked by clk)
Path Group: clk
Path Type: min

Fanout     Cap    Slew   Delay    Time   Description
-----------------------------------------------------------------------------
                          0.00    0.00   clock clk (rise edge)
                          0.00    0.00   clock source latency
                  0.04    0.03    0.03 ^ clk (in)
     1    0.01                           clk (net)
                  0.04    0.00    0.03 ^ clkbuf_0_clk/A (sky130_fd_sc_hd__clkbuf_16)
                  0.05    0.13    0.15 ^ clkbuf_0_clk/X (sky130_fd_sc_hd__clkbuf_16)
     4    0.03                           clknet_0_clk (net)
                  0.05    0.00    0.15 ^ clkbuf_2_2__f_clk/A (sky130_fd_sc_hd__clkbuf_16)
                  0.05    0.13    0.28 ^ clkbuf_2_2__f_clk/X (sky130_fd_sc_hd__clkbuf_16)
    13    0.02                           clknet_2_2__leaf_clk (net)
                  0.05    0.00    0.28 ^ _744_/CLK (sky130_fd_sc_hd__dfrtp_2)
                  0.10    0.37    0.65 ^ _744_/Q (sky130_fd_sc_hd__dfrtp_2)
     4    0.02                           u_core.A[11] (net)
                  0.10    0.00    0.65 ^ _496_/A1 (sky130_fd_sc_hd__o31a_1)
                  0.04    0.13    0.77 ^ _496_/X (sky130_fd_sc_hd__o31a_1)
     1    0.00                           _253_ (net)
                  0.04    0.00    0.77 ^ _497_/B1 (sky130_fd_sc_hd__o21ai_1)
                  0.03    0.05    0.82 v _497_/Y (sky130_fd_sc_hd__o21ai_1)
     1    0.00                           _254_ (net)
                  0.03    0.00    0.82 v _499_/A (sky130_fd_sc_hd__nand2_1)
                  0.03    0.04    0.86 ^ _499_/Y (sky130_fd_sc_hd__nand2_1)
     1    0.00                           _103_ (net)
                  0.03    0.00    0.86 ^ _743_/D (sky130_fd_sc_hd__dfrtp_2)
                                  0.86   data arrival time

                          0.00    0.00   clock clk (rise edge)
                          0.00    0.00   clock source latency
                  0.04    0.03    0.03 ^ clk (in)
     1    0.01                           clk (net)
                  0.04    0.00    0.03 ^ clkbuf_0_clk/A (sky130_fd_sc_hd__clkbuf_16)
                  0.05    0.14    0.17 ^ clkbuf_0_clk/X (sky130_fd_sc_hd__clkbuf_16)
     4    0.03                           clknet_0_clk (net)
                  0.05    0.00    0.17 ^ clkbuf_2_2__f_clk/A (sky130_fd_sc_hd__clkbuf_16)
                  0.05    0.14    0.31 ^ clkbuf_2_2__f_clk/X (sky130_fd_sc_hd__clkbuf_16)
    13    0.02                           clknet_2_2__leaf_clk (net)
                  0.05    0.00    0.31 ^ _743_/CLK (sky130_fd_sc_hd__dfrtp_2)
                          0.25    0.56   clock uncertainty
                         -0.03    0.53   clock reconvergence pessimism
                         -0.03    0.50   library hold time
                                  0.50   data required time
-----------------------------------------------------------------------------
                                  0.50   data required time
                                 -0.86   data arrival time
-----------------------------------------------------------------------------
                                  0.36   slack (MET)


Startpoint: _730_ (rising edge-triggered flip-flop clocked by clk)
Endpoint: _730_ (rising edge-triggered flip-flop clocked by clk)
Path Group: clk
Path Type: min

Fanout     Cap    Slew   Delay    Time   Description
-----------------------------------------------------------------------------
                          0.00    0.00   clock clk (rise edge)
                          0.00    0.00   clock source latency
                  0.04    0.03    0.03 ^ clk (in)
     1    0.01                           clk (net)
                  0.04    0.00    0.03 ^ clkbuf_0_clk/A (sky130_fd_sc_hd__clkbuf_16)
                  0.05    0.13    0.15 ^ clkbuf_0_clk/X (sky130_fd_sc_hd__clkbuf_16)
     4    0.03                           clknet_0_clk (net)
                  0.05    0.00    0.15 ^ clkbuf_2_0__f_clk/A (sky130_fd_sc_hd__clkbuf_16)
                  0.05    0.13    0.28 ^ clkbuf_2_0__f_clk/X (sky130_fd_sc_hd__clkbuf_16)
    15    0.03                           clknet_2_0__leaf_clk (net)
                  0.05    0.00    0.28 ^ _730_/CLK (sky130_fd_sc_hd__dfrtp_4)
                  0.08    0.40    0.68 ^ _730_/Q (sky130_fd_sc_hd__dfrtp_4)
     5    0.01                           u_core.M[5] (net)
                  0.08    0.00    0.68 ^ _559_/A1 (sky130_fd_sc_hd__mux2_1)
                  0.04    0.12    0.80 ^ _559_/X (sky130_fd_sc_hd__mux2_1)
     1    0.00                           _303_ (net)
                  0.04    0.00    0.80 ^ _560_/A (sky130_fd_sc_hd__clkbuf_1)
                  0.04    0.07    0.87 ^ _560_/X (sky130_fd_sc_hd__clkbuf_1)
     1    0.00                           _090_ (net)
                  0.04    0.00    0.87 ^ _730_/D (sky130_fd_sc_hd__dfrtp_4)
                                  0.87   data arrival time

                          0.00    0.00   clock clk (rise edge)
                          0.00    0.00   clock source latency
                  0.04    0.03    0.03 ^ clk (in)
     1    0.01                           clk (net)
                  0.04    0.00    0.03 ^ clkbuf_0_clk/A (sky130_fd_sc_hd__clkbuf_16)
                  0.05    0.14    0.17 ^ clkbuf_0_clk/X (sky130_fd_sc_hd__clkbuf_16)
     4    0.03                           clknet_0_clk (net)
                  0.05    0.00    0.17 ^ clkbuf_2_0__f_clk/A (sky130_fd_sc_hd__clkbuf_16)
                  0.05    0.14    0.31 ^ clkbuf_2_0__f_clk/X (sky130_fd_sc_hd__clkbuf_16)
    15    0.03                           clknet_2_0__leaf_clk (net)
                  0.05    0.00    0.31 ^ _730_/CLK (sky130_fd_sc_hd__dfrtp_4)
                          0.25    0.56   clock uncertainty
                         -0.03    0.53   clock reconvergence pessimism
                         -0.03    0.50   library hold time
                                  0.50   data required time
-----------------------------------------------------------------------------
                                  0.50   data required time
                                 -0.87   data arrival time
-----------------------------------------------------------------------------
                                  0.36   slack (MET)


Startpoint: _736_ (rising edge-triggered flip-flop clocked by clk)
Endpoint: _735_ (rising edge-triggered flip-flop clocked by clk)
Path Group: clk
Path Type: min

Fanout     Cap    Slew   Delay    Time   Description
-----------------------------------------------------------------------------
                          0.00    0.00   clock clk (rise edge)
                          0.00    0.00   clock source latency
                  0.04    0.03    0.03 ^ clk (in)
     1    0.01                           clk (net)
                  0.04    0.00    0.03 ^ clkbuf_0_clk/A (sky130_fd_sc_hd__clkbuf_16)
                  0.05    0.13    0.15 ^ clkbuf_0_clk/X (sky130_fd_sc_hd__clkbuf_16)
     4    0.03                           clknet_0_clk (net)
                  0.05    0.00    0.15 ^ clkbuf_2_1__f_clk/A (sky130_fd_sc_hd__clkbuf_16)
                  0.05    0.13    0.28 ^ clkbuf_2_1__f_clk/X (sky130_fd_sc_hd__clkbuf_16)
    14    0.03                           clknet_2_1__leaf_clk (net)
                  0.05    0.00    0.28 ^ _736_/CLK (sky130_fd_sc_hd__dfrtp_2)
                  0.08    0.35    0.64 ^ _736_/Q (sky130_fd_sc_hd__dfrtp_2)
     5    0.01                           u_core.A[3] (net)
                  0.08    0.00    0.64 ^ _543_/A1 (sky130_fd_sc_hd__o211ai_1)
                  0.06    0.09    0.73 v _543_/Y (sky130_fd_sc_hd__o211ai_1)
     2    0.00                           _292_ (net)
                  0.06    0.00    0.73 v _544_/B1_N (sky130_fd_sc_hd__a21bo_1)
                  0.03    0.16    0.89 ^ _544_/X (sky130_fd_sc_hd__a21bo_1)
     1    0.00                           _095_ (net)
                  0.03    0.00    0.89 ^ _735_/D (sky130_fd_sc_hd__dfrtp_1)
                                  0.89   data arrival time

                          0.00    0.00   clock clk (rise edge)
                          0.00    0.00   clock source latency
                  0.04    0.03    0.03 ^ clk (in)
     1    0.01                           clk (net)
                  0.04    0.00    0.03 ^ clkbuf_0_clk/A (sky130_fd_sc_hd__clkbuf_16)
                  0.05    0.14    0.17 ^ clkbuf_0_clk/X (sky130_fd_sc_hd__clkbuf_16)
     4    0.03                           clknet_0_clk (net)
                  0.05    0.00    0.17 ^ clkbuf_2_0__f_clk/A (sky130_fd_sc_hd__clkbuf_16)
                  0.05    0.14    0.31 ^ clkbuf_2_0__f_clk/X (sky130_fd_sc_hd__clkbuf_16)
    15    0.03                           clknet_2_0__leaf_clk (net)
                  0.05    0.00    0.31 ^ _735_/CLK (sky130_fd_sc_hd__dfrtp_1)
                          0.25    0.56   clock uncertainty
                         -0.02    0.55   clock reconvergence pessimism
                         -0.03    0.52   library hold time
                                  0.52   data required time
-----------------------------------------------------------------------------
                                  0.52   data required time
                                 -0.89   data arrival time
-----------------------------------------------------------------------------
                                  0.37   slack (MET)


Startpoint: _728_ (rising edge-triggered flip-flop clocked by clk)
Endpoint: _728_ (rising edge-triggered flip-flop clocked by clk)
Path Group: clk
Path Type: min

Fanout     Cap    Slew   Delay    Time   Description
-----------------------------------------------------------------------------
                          0.00    0.00   clock clk (rise edge)
                          0.00    0.00   clock source latency
                  0.04    0.03    0.03 ^ clk (in)
     1    0.01                           clk (net)
                  0.04    0.00    0.03 ^ clkbuf_0_clk/A (sky130_fd_sc_hd__clkbuf_16)
                  0.05    0.13    0.15 ^ clkbuf_0_clk/X (sky130_fd_sc_hd__clkbuf_16)
     4    0.03                           clknet_0_clk (net)
                  0.05    0.00    0.15 ^ clkbuf_2_3__f_clk/A (sky130_fd_sc_hd__clkbuf_16)
                  0.05    0.12    0.28 ^ clkbuf_2_3__f_clk/X (sky130_fd_sc_hd__clkbuf_16)
    12    0.02                           clknet_2_3__leaf_clk (net)
                  0.05    0.00    0.28 ^ _728_/CLK (sky130_fd_sc_hd__dfrtp_4)
                  0.08    0.40    0.68 ^ _728_/Q (sky130_fd_sc_hd__dfrtp_4)
     4    0.02                           u_core.M[3] (net)
                  0.08    0.00    0.68 ^ _563_/A1 (sky130_fd_sc_hd__mux2_1)
                  0.04    0.12    0.80 ^ _563_/X (sky130_fd_sc_hd__mux2_1)
     1    0.00                           _305_ (net)
                  0.04    0.00    0.80 ^ _564_/A (sky130_fd_sc_hd__clkbuf_1)
                  0.04    0.07    0.87 ^ _564_/X (sky130_fd_sc_hd__clkbuf_1)
     1    0.00                           _088_ (net)
                  0.04    0.00    0.87 ^ _728_/D (sky130_fd_sc_hd__dfrtp_4)
                                  0.87   data arrival time

                          0.00    0.00   clock clk (rise edge)
                          0.00    0.00   clock source latency
                  0.04    0.03    0.03 ^ clk (in)
     1    0.01                           clk (net)
                  0.04    0.00    0.03 ^ clkbuf_0_clk/A (sky130_fd_sc_hd__clkbuf_16)
                  0.05    0.14    0.17 ^ clkbuf_0_clk/X (sky130_fd_sc_hd__clkbuf_16)
     4    0.03                           clknet_0_clk (net)
                  0.05    0.00    0.17 ^ clkbuf_2_3__f_clk/A (sky130_fd_sc_hd__clkbuf_16)
                  0.05    0.14    0.31 ^ clkbuf_2_3__f_clk/X (sky130_fd_sc_hd__clkbuf_16)
    12    0.02                           clknet_2_3__leaf_clk (net)
                  0.05    0.00    0.31 ^ _728_/CLK (sky130_fd_sc_hd__dfrtp_4)
                          0.25    0.56   clock uncertainty
                         -0.03    0.53   clock reconvergence pessimism
                         -0.03    0.50   library hold time
                                  0.50   data required time
-----------------------------------------------------------------------------
                                  0.50   data required time
                                 -0.87   data arrival time
-----------------------------------------------------------------------------
                                  0.37   slack (MET)


Startpoint: _737_ (rising edge-triggered flip-flop clocked by clk)
Endpoint: _736_ (rising edge-triggered flip-flop clocked by clk)
Path Group: clk
Path Type: min

Fanout     Cap    Slew   Delay    Time   Description
-----------------------------------------------------------------------------
                          0.00    0.00   clock clk (rise edge)
                          0.00    0.00   clock source latency
                  0.04    0.03    0.03 ^ clk (in)
     1    0.01                           clk (net)
                  0.04    0.00    0.03 ^ clkbuf_0_clk/A (sky130_fd_sc_hd__clkbuf_16)
                  0.05    0.13    0.15 ^ clkbuf_0_clk/X (sky130_fd_sc_hd__clkbuf_16)
     4    0.03                           clknet_0_clk (net)
                  0.05    0.00    0.15 ^ clkbuf_2_1__f_clk/A (sky130_fd_sc_hd__clkbuf_16)
                  0.05    0.13    0.28 ^ clkbuf_2_1__f_clk/X (sky130_fd_sc_hd__clkbuf_16)
    14    0.03                           clknet_2_1__leaf_clk (net)
                  0.05    0.00    0.28 ^ _737_/CLK (sky130_fd_sc_hd__dfrtp_2)
                  0.08    0.36    0.64 ^ _737_/Q (sky130_fd_sc_hd__dfrtp_2)
     5    0.01                           u_core.A[4] (net)
                  0.08    0.00    0.64 ^ _536_/A1 (sky130_fd_sc_hd__a31o_1)
                  0.05    0.14    0.78 ^ _536_/X (sky130_fd_sc_hd__a31o_1)
     2    0.00                           _286_ (net)
                  0.05    0.00    0.78 ^ _537_/B1 (sky130_fd_sc_hd__a22o_1)
                  0.04    0.10    0.88 ^ _537_/X (sky130_fd_sc_hd__a22o_1)
     1    0.00                           _096_ (net)
                  0.04    0.00    0.88 ^ _736_/D (sky130_fd_sc_hd__dfrtp_2)
                                  0.88   data arrival time

                          0.00    0.00   clock clk (rise edge)
                          0.00    0.00   clock source latency
                  0.04    0.03    0.03 ^ clk (in)
     1    0.01                           clk (net)
                  0.04    0.00    0.03 ^ clkbuf_0_clk/A (sky130_fd_sc_hd__clkbuf_16)
                  0.05    0.14    0.17 ^ clkbuf_0_clk/X (sky130_fd_sc_hd__clkbuf_16)
     4    0.03                           clknet_0_clk (net)
                  0.05    0.00    0.17 ^ clkbuf_2_1__f_clk/A (sky130_fd_sc_hd__clkbuf_16)
                  0.05    0.14    0.31 ^ clkbuf_2_1__f_clk/X (sky130_fd_sc_hd__clkbuf_16)
    14    0.03                           clknet_2_1__leaf_clk (net)
                  0.05    0.00    0.31 ^ _736_/CLK (sky130_fd_sc_hd__dfrtp_2)
                          0.25    0.56   clock uncertainty
                         -0.03    0.53   clock reconvergence pessimism
                         -0.03    0.50   library hold time
                                  0.50   data required time
-----------------------------------------------------------------------------
                                  0.50   data required time
                                 -0.88   data arrival time
-----------------------------------------------------------------------------
                                  0.38   slack (MET)


Startpoint: _725_ (rising edge-triggered flip-flop clocked by clk)
Endpoint: _725_ (rising edge-triggered flip-flop clocked by clk)
Path Group: clk
Path Type: min

Fanout     Cap    Slew   Delay    Time   Description
-----------------------------------------------------------------------------
                          0.00    0.00   clock clk (rise edge)
                          0.00    0.00   clock source latency
                  0.04    0.03    0.03 ^ clk (in)
     1    0.01                           clk (net)
                  0.04    0.00    0.03 ^ clkbuf_0_clk/A (sky130_fd_sc_hd__clkbuf_16)
                  0.05    0.13    0.15 ^ clkbuf_0_clk/X (sky130_fd_sc_hd__clkbuf_16)
     4    0.03                           clknet_0_clk (net)
                  0.05    0.00    0.15 ^ clkbuf_2_0__f_clk/A (sky130_fd_sc_hd__clkbuf_16)
                  0.05    0.13    0.28 ^ clkbuf_2_0__f_clk/X (sky130_fd_sc_hd__clkbuf_16)
    15    0.03                           clknet_2_0__leaf_clk (net)
                  0.05    0.00    0.28 ^ _725_/CLK (sky130_fd_sc_hd__dfrtp_4)
                  0.09    0.41    0.70 ^ _725_/Q (sky130_fd_sc_hd__dfrtp_4)
     6    0.02                           u_core.M[0] (net)
                  0.09    0.00    0.70 ^ _569_/A1 (sky130_fd_sc_hd__mux2_1)
                  0.04    0.12    0.82 ^ _569_/X (sky130_fd_sc_hd__mux2_1)
     1    0.00                           _308_ (net)
                  0.04    0.00    0.82 ^ _570_/A (sky130_fd_sc_hd__clkbuf_1)
                  0.04    0.07    0.88 ^ _570_/X (sky130_fd_sc_hd__clkbuf_1)
     1    0.00                           _085_ (net)
                  0.04    0.00    0.88 ^ _725_/D (sky130_fd_sc_hd__dfrtp_4)
                                  0.88   data arrival time

                          0.00    0.00   clock clk (rise edge)
                          0.00    0.00   clock source latency
                  0.04    0.03    0.03 ^ clk (in)
     1    0.01                           clk (net)
                  0.04    0.00    0.03 ^ clkbuf_0_clk/A (sky130_fd_sc_hd__clkbuf_16)
                  0.05    0.14    0.17 ^ clkbuf_0_clk/X (sky130_fd_sc_hd__clkbuf_16)
     4    0.03                           clknet_0_clk (net)
                  0.05    0.00    0.17 ^ clkbuf_2_0__f_clk/A (sky130_fd_sc_hd__clkbuf_16)
                  0.05    0.14    0.31 ^ clkbuf_2_0__f_clk/X (sky130_fd_sc_hd__clkbuf_16)
    15    0.03                           clknet_2_0__leaf_clk (net)
                  0.05    0.00    0.31 ^ _725_/CLK (sky130_fd_sc_hd__dfrtp_4)
                          0.25    0.56   clock uncertainty
                         -0.03    0.53   clock reconvergence pessimism
                         -0.03    0.50   library hold time
                                  0.50   data required time
-----------------------------------------------------------------------------
                                  0.50   data required time
                                 -0.88   data arrival time
-----------------------------------------------------------------------------
                                  0.38   slack (MET)


Startpoint: _734_ (rising edge-triggered flip-flop clocked by clk)
Endpoint: _733_ (rising edge-triggered flip-flop clocked by clk)
Path Group: clk
Path Type: min

Fanout     Cap    Slew   Delay    Time   Description
-----------------------------------------------------------------------------
                          0.00    0.00   clock clk (rise edge)
                          0.00    0.00   clock source latency
                  0.04    0.03    0.03 ^ clk (in)
     1    0.01                           clk (net)
                  0.04    0.00    0.03 ^ clkbuf_0_clk/A (sky130_fd_sc_hd__clkbuf_16)
                  0.05    0.13    0.15 ^ clkbuf_0_clk/X (sky130_fd_sc_hd__clkbuf_16)
     4    0.03                           clknet_0_clk (net)
                  0.05    0.00    0.15 ^ clkbuf_2_0__f_clk/A (sky130_fd_sc_hd__clkbuf_16)
                  0.05    0.13    0.28 ^ clkbuf_2_0__f_clk/X (sky130_fd_sc_hd__clkbuf_16)
    15    0.03                           clknet_2_0__leaf_clk (net)
                  0.05    0.00    0.28 ^ _734_/CLK (sky130_fd_sc_hd__dfrtp_1)
                  0.09    0.34    0.62 ^ _734_/Q (sky130_fd_sc_hd__dfrtp_1)
     3    0.01                           u_core.A[1] (net)
                  0.09    0.00    0.62 ^ _552_/A1 (sky130_fd_sc_hd__a32o_1)
                  0.06    0.16    0.78 ^ _552_/X (sky130_fd_sc_hd__a32o_1)
     2    0.00                           _299_ (net)
                  0.06    0.00    0.78 ^ _553_/B1 (sky130_fd_sc_hd__a22o_1)
                  0.04    0.10    0.89 ^ _553_/X (sky130_fd_sc_hd__a22o_1)
     1    0.00                           _093_ (net)
                  0.04    0.00    0.89 ^ _733_/D (sky130_fd_sc_hd__dfrtp_1)
                                  0.89   data arrival time

                          0.00    0.00   clock clk (rise edge)
                          0.00    0.00   clock source latency
                  0.04    0.03    0.03 ^ clk (in)
     1    0.01                           clk (net)
                  0.04    0.00    0.03 ^ clkbuf_0_clk/A (sky130_fd_sc_hd__clkbuf_16)
                  0.05    0.14    0.17 ^ clkbuf_0_clk/X (sky130_fd_sc_hd__clkbuf_16)
     4    0.03                           clknet_0_clk (net)
                  0.05    0.00    0.17 ^ clkbuf_2_0__f_clk/A (sky130_fd_sc_hd__clkbuf_16)
                  0.05    0.14    0.31 ^ clkbuf_2_0__f_clk/X (sky130_fd_sc_hd__clkbuf_16)
    15    0.03                           clknet_2_0__leaf_clk (net)
                  0.05    0.00    0.31 ^ _733_/CLK (sky130_fd_sc_hd__dfrtp_1)
                          0.25    0.56   clock uncertainty
                         -0.03    0.53   clock reconvergence pessimism
                         -0.03    0.50   library hold time
                                  0.50   data required time
-----------------------------------------------------------------------------
                                  0.50   data required time
                                 -0.89   data arrival time
-----------------------------------------------------------------------------
                                  0.39   slack (MET)


Startpoint: _743_ (rising edge-triggered flip-flop clocked by clk)
Endpoint: _742_ (rising edge-triggered flip-flop clocked by clk)
Path Group: clk
Path Type: min

Fanout     Cap    Slew   Delay    Time   Description
-----------------------------------------------------------------------------
                          0.00    0.00   clock clk (rise edge)
                          0.00    0.00   clock source latency
                  0.04    0.03    0.03 ^ clk (in)
     1    0.01                           clk (net)
                  0.04    0.00    0.03 ^ clkbuf_0_clk/A (sky130_fd_sc_hd__clkbuf_16)
                  0.05    0.13    0.15 ^ clkbuf_0_clk/X (sky130_fd_sc_hd__clkbuf_16)
     4    0.03                           clknet_0_clk (net)
                  0.05    0.00    0.15 ^ clkbuf_2_2__f_clk/A (sky130_fd_sc_hd__clkbuf_16)
                  0.05    0.13    0.28 ^ clkbuf_2_2__f_clk/X (sky130_fd_sc_hd__clkbuf_16)
    13    0.02                           clknet_2_2__leaf_clk (net)
                  0.05    0.00    0.28 ^ _743_/CLK (sky130_fd_sc_hd__dfrtp_2)
                  0.10    0.37    0.65 ^ _743_/Q (sky130_fd_sc_hd__dfrtp_2)
     5    0.02                           u_core.A[10] (net)
                  0.10    0.00    0.65 ^ _502_/A1 (sky130_fd_sc_hd__o31a_1)
                  0.04    0.13    0.78 ^ _502_/X (sky130_fd_sc_hd__o31a_1)
     1    0.00                           _258_ (net)
                  0.04    0.00    0.78 ^ _503_/B2 (sky130_fd_sc_hd__a22o_1)
                  0.04    0.10    0.89 ^ _503_/X (sky130_fd_sc_hd__a22o_1)
     1    0.00                           _102_ (net)
                  0.04    0.00    0.89 ^ _742_/D (sky130_fd_sc_hd__dfrtp_4)
                                  0.89   data arrival time

                          0.00    0.00   clock clk (rise edge)
                          0.00    0.00   clock source latency
                  0.04    0.03    0.03 ^ clk (in)
     1    0.01                           clk (net)
                  0.04    0.00    0.03 ^ clkbuf_0_clk/A (sky130_fd_sc_hd__clkbuf_16)
                  0.05    0.14    0.17 ^ clkbuf_0_clk/X (sky130_fd_sc_hd__clkbuf_16)
     4    0.03                           clknet_0_clk (net)
                  0.05    0.00    0.17 ^ clkbuf_2_2__f_clk/A (sky130_fd_sc_hd__clkbuf_16)
                  0.05    0.14    0.31 ^ clkbuf_2_2__f_clk/X (sky130_fd_sc_hd__clkbuf_16)
    13    0.02                           clknet_2_2__leaf_clk (net)
                  0.05    0.00    0.31 ^ _742_/CLK (sky130_fd_sc_hd__dfrtp_4)
                          0.25    0.56   clock uncertainty
                         -0.03    0.53   clock reconvergence pessimism
                         -0.03    0.50   library hold time
                                  0.50   data required time
-----------------------------------------------------------------------------
                                  0.50   data required time
                                 -0.89   data arrival time
-----------------------------------------------------------------------------
                                  0.39   slack (MET)


Startpoint: _732_ (rising edge-triggered flip-flop clocked by clk)
Endpoint: _732_ (rising edge-triggered flip-flop clocked by clk)
Path Group: clk
Path Type: min

Fanout     Cap    Slew   Delay    Time   Description
-----------------------------------------------------------------------------
                          0.00    0.00   clock clk (rise edge)
                          0.00    0.00   clock source latency
                  0.04    0.03    0.03 ^ clk (in)
     1    0.01                           clk (net)
                  0.04    0.00    0.03 ^ clkbuf_0_clk/A (sky130_fd_sc_hd__clkbuf_16)
                  0.05    0.13    0.15 ^ clkbuf_0_clk/X (sky130_fd_sc_hd__clkbuf_16)
     4    0.03                           clknet_0_clk (net)
                  0.05    0.00    0.15 ^ clkbuf_2_3__f_clk/A (sky130_fd_sc_hd__clkbuf_16)
                  0.05    0.12    0.28 ^ clkbuf_2_3__f_clk/X (sky130_fd_sc_hd__clkbuf_16)
    12    0.02                           clknet_2_3__leaf_clk (net)
                  0.05    0.00    0.28 ^ _732_/CLK (sky130_fd_sc_hd__dfrtp_4)
                  0.10    0.42    0.70 ^ _732_/Q (sky130_fd_sc_hd__dfrtp_4)
     8    0.02                           u_core.M[7] (net)
                  0.10    0.00    0.70 ^ _555_/A1 (sky130_fd_sc_hd__mux2_1)
                  0.04    0.12    0.82 ^ _555_/X (sky130_fd_sc_hd__mux2_1)
     1    0.00                           _301_ (net)
                  0.04    0.00    0.82 ^ _556_/A (sky130_fd_sc_hd__clkbuf_1)
                  0.04    0.07    0.89 ^ _556_/X (sky130_fd_sc_hd__clkbuf_1)
     1    0.00                           _092_ (net)
                  0.04    0.00    0.89 ^ _732_/D (sky130_fd_sc_hd__dfrtp_4)
                                  0.89   data arrival time

                          0.00    0.00   clock clk (rise edge)
                          0.00    0.00   clock source latency
                  0.04    0.03    0.03 ^ clk (in)
     1    0.01                           clk (net)
                  0.04    0.00    0.03 ^ clkbuf_0_clk/A (sky130_fd_sc_hd__clkbuf_16)
                  0.05    0.14    0.17 ^ clkbuf_0_clk/X (sky130_fd_sc_hd__clkbuf_16)
     4    0.03                           clknet_0_clk (net)
                  0.05    0.00    0.17 ^ clkbuf_2_3__f_clk/A (sky130_fd_sc_hd__clkbuf_16)
                  0.05    0.14    0.31 ^ clkbuf_2_3__f_clk/X (sky130_fd_sc_hd__clkbuf_16)
    12    0.02                           clknet_2_3__leaf_clk (net)
                  0.05    0.00    0.31 ^ _732_/CLK (sky130_fd_sc_hd__dfrtp_4)
                          0.25    0.56   clock uncertainty
                         -0.03    0.53   clock reconvergence pessimism
                         -0.03    0.50   library hold time
                                  0.50   data required time
-----------------------------------------------------------------------------
                                  0.50   data required time
                                 -0.89   data arrival time
-----------------------------------------------------------------------------
                                  0.39   slack (MET)


Startpoint: _735_ (rising edge-triggered flip-flop clocked by clk)
Endpoint: _734_ (rising edge-triggered flip-flop clocked by clk)
Path Group: clk
Path Type: min

Fanout     Cap    Slew   Delay    Time   Description
-----------------------------------------------------------------------------
                          0.00    0.00   clock clk (rise edge)
                          0.00    0.00   clock source latency
                  0.04    0.03    0.03 ^ clk (in)
     1    0.01                           clk (net)
                  0.04    0.00    0.03 ^ clkbuf_0_clk/A (sky130_fd_sc_hd__clkbuf_16)
                  0.05    0.13    0.15 ^ clkbuf_0_clk/X (sky130_fd_sc_hd__clkbuf_16)
     4    0.03                           clknet_0_clk (net)
                  0.05    0.00    0.15 ^ clkbuf_2_0__f_clk/A (sky130_fd_sc_hd__clkbuf_16)
                  0.05    0.13    0.28 ^ clkbuf_2_0__f_clk/X (sky130_fd_sc_hd__clkbuf_16)
    15    0.03                           clknet_2_0__leaf_clk (net)
                  0.05    0.00    0.28 ^ _735_/CLK (sky130_fd_sc_hd__dfrtp_1)
                  0.10    0.35    0.63 ^ _735_/Q (sky130_fd_sc_hd__dfrtp_1)
     5    0.01                           u_core.A[2] (net)
                  0.10    0.00    0.63 ^ _547_/A1 (sky130_fd_sc_hd__a32o_1)
                  0.06    0.16    0.79 ^ _547_/X (sky130_fd_sc_hd__a32o_1)
     2    0.00                           _295_ (net)
                  0.06    0.00    0.79 ^ _548_/B1 (sky130_fd_sc_hd__a22o_1)
                  0.04    0.10    0.90 ^ _548_/X (sky130_fd_sc_hd__a22o_1)
     1    0.00                           _094_ (net)
                  0.04    0.00    0.90 ^ _734_/D (sky130_fd_sc_hd__dfrtp_1)
                                  0.90   data arrival time

                          0.00    0.00   clock clk (rise edge)
                          0.00    0.00   clock source latency
                  0.04    0.03    0.03 ^ clk (in)
     1    0.01                           clk (net)
                  0.04    0.00    0.03 ^ clkbuf_0_clk/A (sky130_fd_sc_hd__clkbuf_16)
                  0.05    0.14    0.17 ^ clkbuf_0_clk/X (sky130_fd_sc_hd__clkbuf_16)
     4    0.03                           clknet_0_clk (net)
                  0.05    0.00    0.17 ^ clkbuf_2_0__f_clk/A (sky130_fd_sc_hd__clkbuf_16)
                  0.05    0.14    0.31 ^ clkbuf_2_0__f_clk/X (sky130_fd_sc_hd__clkbuf_16)
    15    0.03                           clknet_2_0__leaf_clk (net)
                  0.05    0.00    0.31 ^ _734_/CLK (sky130_fd_sc_hd__dfrtp_1)
                          0.25    0.56   clock uncertainty
                         -0.03    0.53   clock reconvergence pessimism
                         -0.03    0.50   library hold time
                                  0.50   data required time
-----------------------------------------------------------------------------
                                  0.50   data required time
                                 -0.90   data arrival time
-----------------------------------------------------------------------------
                                  0.39   slack (MET)


Startpoint: _727_ (rising edge-triggered flip-flop clocked by clk)
Endpoint: _727_ (rising edge-triggered flip-flop clocked by clk)
Path Group: clk
Path Type: min

Fanout     Cap    Slew   Delay    Time   Description
-----------------------------------------------------------------------------
                          0.00    0.00   clock clk (rise edge)
                          0.00    0.00   clock source latency
                  0.04    0.03    0.03 ^ clk (in)
     1    0.01                           clk (net)
                  0.04    0.00    0.03 ^ clkbuf_0_clk/A (sky130_fd_sc_hd__clkbuf_16)
                  0.05    0.13    0.15 ^ clkbuf_0_clk/X (sky130_fd_sc_hd__clkbuf_16)
     4    0.03                           clknet_0_clk (net)
                  0.05    0.00    0.15 ^ clkbuf_2_0__f_clk/A (sky130_fd_sc_hd__clkbuf_16)
                  0.05    0.13    0.28 ^ clkbuf_2_0__f_clk/X (sky130_fd_sc_hd__clkbuf_16)
    15    0.03                           clknet_2_0__leaf_clk (net)
                  0.05    0.00    0.28 ^ _727_/CLK (sky130_fd_sc_hd__dfrtp_4)
                  0.10    0.42    0.71 ^ _727_/Q (sky130_fd_sc_hd__dfrtp_4)
     6    0.02                           u_core.M[2] (net)
                  0.10    0.00    0.71 ^ _565_/A1 (sky130_fd_sc_hd__mux2_1)
                  0.04    0.12    0.83 ^ _565_/X (sky130_fd_sc_hd__mux2_1)
     1    0.00                           _306_ (net)
                  0.04    0.00    0.83 ^ _566_/A (sky130_fd_sc_hd__clkbuf_1)
                  0.04    0.07    0.90 ^ _566_/X (sky130_fd_sc_hd__clkbuf_1)
     1    0.00                           _087_ (net)
                  0.04    0.00    0.90 ^ _727_/D (sky130_fd_sc_hd__dfrtp_4)
                                  0.90   data arrival time

                          0.00    0.00   clock clk (rise edge)
                          0.00    0.00   clock source latency
                  0.04    0.03    0.03 ^ clk (in)
     1    0.01                           clk (net)
                  0.04    0.00    0.03 ^ clkbuf_0_clk/A (sky130_fd_sc_hd__clkbuf_16)
                  0.05    0.14    0.17 ^ clkbuf_0_clk/X (sky130_fd_sc_hd__clkbuf_16)
     4    0.03                           clknet_0_clk (net)
                  0.05    0.00    0.17 ^ clkbuf_2_0__f_clk/A (sky130_fd_sc_hd__clkbuf_16)
                  0.05    0.14    0.31 ^ clkbuf_2_0__f_clk/X (sky130_fd_sc_hd__clkbuf_16)
    15    0.03                           clknet_2_0__leaf_clk (net)
                  0.05    0.00    0.31 ^ _727_/CLK (sky130_fd_sc_hd__dfrtp_4)
                          0.25    0.56   clock uncertainty
                         -0.03    0.53   clock reconvergence pessimism
                         -0.03    0.50   library hold time
                                  0.50   data required time
-----------------------------------------------------------------------------
                                  0.50   data required time
                                 -0.90   data arrival time
-----------------------------------------------------------------------------
                                  0.40   slack (MET)


Startpoint: _731_ (rising edge-triggered flip-flop clocked by clk)
Endpoint: _731_ (rising edge-triggered flip-flop clocked by clk)
Path Group: clk
Path Type: min

Fanout     Cap    Slew   Delay    Time   Description
-----------------------------------------------------------------------------
                          0.00    0.00   clock clk (rise edge)
                          0.00    0.00   clock source latency
                  0.04    0.03    0.03 ^ clk (in)
     1    0.01                           clk (net)
                  0.04    0.00    0.03 ^ clkbuf_0_clk/A (sky130_fd_sc_hd__clkbuf_16)
                  0.05    0.13    0.15 ^ clkbuf_0_clk/X (sky130_fd_sc_hd__clkbuf_16)
     4    0.03                           clknet_0_clk (net)
                  0.05    0.00    0.15 ^ clkbuf_2_1__f_clk/A (sky130_fd_sc_hd__clkbuf_16)
                  0.05    0.13    0.28 ^ clkbuf_2_1__f_clk/X (sky130_fd_sc_hd__clkbuf_16)
    14    0.03                           clknet_2_1__leaf_clk (net)
                  0.05    0.00    0.28 ^ _731_/CLK (sky130_fd_sc_hd__dfrtp_4)
                  0.10    0.42    0.70 ^ _731_/Q (sky130_fd_sc_hd__dfrtp_4)
    10    0.02                           u_core.M[6] (net)
                  0.10    0.00    0.70 ^ _557_/A1 (sky130_fd_sc_hd__mux2_1)
                  0.04    0.12    0.83 ^ _557_/X (sky130_fd_sc_hd__mux2_1)
     1    0.00                           _302_ (net)
                  0.04    0.00    0.83 ^ _558_/A (sky130_fd_sc_hd__clkbuf_1)
                  0.04    0.07    0.90 ^ _558_/X (sky130_fd_sc_hd__clkbuf_1)
     1    0.00                           _091_ (net)
                  0.04    0.00    0.90 ^ _731_/D (sky130_fd_sc_hd__dfrtp_4)
                                  0.90   data arrival time

                          0.00    0.00   clock clk (rise edge)
                          0.00    0.00   clock source latency
                  0.04    0.03    0.03 ^ clk (in)
     1    0.01                           clk (net)
                  0.04    0.00    0.03 ^ clkbuf_0_clk/A (sky130_fd_sc_hd__clkbuf_16)
                  0.05    0.14    0.17 ^ clkbuf_0_clk/X (sky130_fd_sc_hd__clkbuf_16)
     4    0.03                           clknet_0_clk (net)
                  0.05    0.00    0.17 ^ clkbuf_2_1__f_clk/A (sky130_fd_sc_hd__clkbuf_16)
                  0.05    0.14    0.31 ^ clkbuf_2_1__f_clk/X (sky130_fd_sc_hd__clkbuf_16)
    14    0.03                           clknet_2_1__leaf_clk (net)
                  0.05    0.00    0.31 ^ _731_/CLK (sky130_fd_sc_hd__dfrtp_4)
                          0.25    0.56   clock uncertainty
                         -0.03    0.53   clock reconvergence pessimism
                         -0.03    0.50   library hold time
                                  0.50   data required time
-----------------------------------------------------------------------------
                                  0.50   data required time
                                 -0.90   data arrival time
-----------------------------------------------------------------------------
                                  0.40   slack (MET)


Startpoint: _729_ (rising edge-triggered flip-flop clocked by clk)
Endpoint: _729_ (rising edge-triggered flip-flop clocked by clk)
Path Group: clk
Path Type: min

Fanout     Cap    Slew   Delay    Time   Description
-----------------------------------------------------------------------------
                          0.00    0.00   clock clk (rise edge)
                          0.00    0.00   clock source latency
                  0.04    0.03    0.03 ^ clk (in)
     1    0.01                           clk (net)
                  0.04    0.00    0.03 ^ clkbuf_0_clk/A (sky130_fd_sc_hd__clkbuf_16)
                  0.05    0.13    0.15 ^ clkbuf_0_clk/X (sky130_fd_sc_hd__clkbuf_16)
     4    0.03                           clknet_0_clk (net)
                  0.05    0.00    0.15 ^ clkbuf_2_0__f_clk/A (sky130_fd_sc_hd__clkbuf_16)
                  0.05    0.13    0.28 ^ clkbuf_2_0__f_clk/X (sky130_fd_sc_hd__clkbuf_16)
    15    0.03                           clknet_2_0__leaf_clk (net)
                  0.05    0.00    0.28 ^ _729_/CLK (sky130_fd_sc_hd__dfrtp_4)
                  0.11    0.43    0.71 ^ _729_/Q (sky130_fd_sc_hd__dfrtp_4)
     8    0.03                           u_core.M[4] (net)
                  0.11    0.00    0.71 ^ _561_/A1 (sky130_fd_sc_hd__mux2_1)
                  0.04    0.13    0.84 ^ _561_/X (sky130_fd_sc_hd__mux2_1)
     1    0.00                           _304_ (net)
                  0.04    0.00    0.84 ^ _562_/A (sky130_fd_sc_hd__clkbuf_1)
                  0.04    0.07    0.91 ^ _562_/X (sky130_fd_sc_hd__clkbuf_1)
     1    0.00                           _089_ (net)
                  0.04    0.00    0.91 ^ _729_/D (sky130_fd_sc_hd__dfrtp_4)
                                  0.91   data arrival time

                          0.00    0.00   clock clk (rise edge)
                          0.00    0.00   clock source latency
                  0.04    0.03    0.03 ^ clk (in)
     1    0.01                           clk (net)
                  0.04    0.00    0.03 ^ clkbuf_0_clk/A (sky130_fd_sc_hd__clkbuf_16)
                  0.05    0.14    0.17 ^ clkbuf_0_clk/X (sky130_fd_sc_hd__clkbuf_16)
     4    0.03                           clknet_0_clk (net)
                  0.05    0.00    0.17 ^ clkbuf_2_0__f_clk/A (sky130_fd_sc_hd__clkbuf_16)
                  0.05    0.14    0.31 ^ clkbuf_2_0__f_clk/X (sky130_fd_sc_hd__clkbuf_16)
    15    0.03                           clknet_2_0__leaf_clk (net)
                  0.05    0.00    0.31 ^ _729_/CLK (sky130_fd_sc_hd__dfrtp_4)
                          0.25    0.56   clock uncertainty
                         -0.03    0.53   clock reconvergence pessimism
                         -0.03    0.50   library hold time
                                  0.50   data required time
-----------------------------------------------------------------------------
                                  0.50   data required time
                                 -0.91   data arrival time
-----------------------------------------------------------------------------
                                  0.40   slack (MET)


Startpoint: _697_ (rising edge-triggered flip-flop clocked by clk)
Endpoint: _698_ (rising edge-triggered flip-flop clocked by clk)
Path Group: clk
Path Type: min

Fanout     Cap    Slew   Delay    Time   Description
-----------------------------------------------------------------------------
                          0.00    0.00   clock clk (rise edge)
                          0.00    0.00   clock source latency
                  0.04    0.03    0.03 ^ clk (in)
     1    0.01                           clk (net)
                  0.04    0.00    0.03 ^ clkbuf_0_clk/A (sky130_fd_sc_hd__clkbuf_16)
                  0.05    0.13    0.15 ^ clkbuf_0_clk/X (sky130_fd_sc_hd__clkbuf_16)
     4    0.03                           clknet_0_clk (net)
                  0.05    0.00    0.15 ^ clkbuf_2_3__f_clk/A (sky130_fd_sc_hd__clkbuf_16)
                  0.05    0.12    0.28 ^ clkbuf_2_3__f_clk/X (sky130_fd_sc_hd__clkbuf_16)
    12    0.02                           clknet_2_3__leaf_clk (net)
                  0.05    0.00    0.28 ^ _697_/CLK (sky130_fd_sc_hd__dfrtp_1)
                  0.07    0.32    0.60 ^ _697_/Q (sky130_fd_sc_hd__dfrtp_1)
     3    0.01                           u_core.count[3] (net)
                  0.07    0.00    0.60 ^ _589_/A (sky130_fd_sc_hd__nor4b_1)
                  0.04    0.05    0.65 v _589_/Y (sky130_fd_sc_hd__nor4b_1)
     2    0.00                           _319_ (net)
                  0.04    0.00    0.65 v wire36/A (sky130_fd_sc_hd__clkbuf_2)
                  0.07    0.13    0.78 v wire36/X (sky130_fd_sc_hd__clkbuf_2)
     4    0.02                           net36 (net)
                  0.07    0.00    0.78 v _633_/A2 (sky130_fd_sc_hd__a21oi_1)
                  0.07    0.13    0.90 ^ _633_/Y (sky130_fd_sc_hd__a21oi_1)
     1    0.00                           _000_ (net)
                  0.07    0.00    0.90 ^ _698_/D (sky130_fd_sc_hd__dfrtp_2)
                                  0.90   data arrival time

                          0.00    0.00   clock clk (rise edge)
                          0.00    0.00   clock source latency
                  0.04    0.03    0.03 ^ clk (in)
     1    0.01                           clk (net)
                  0.04    0.00    0.03 ^ clkbuf_0_clk/A (sky130_fd_sc_hd__clkbuf_16)
                  0.05    0.14    0.17 ^ clkbuf_0_clk/X (sky130_fd_sc_hd__clkbuf_16)
     4    0.03                           clknet_0_clk (net)
                  0.05    0.00    0.17 ^ clkbuf_2_3__f_clk/A (sky130_fd_sc_hd__clkbuf_16)
                  0.05    0.14    0.31 ^ clkbuf_2_3__f_clk/X (sky130_fd_sc_hd__clkbuf_16)
    12    0.02                           clknet_2_3__leaf_clk (net)
                  0.05    0.00    0.31 ^ _698_/CLK (sky130_fd_sc_hd__dfrtp_2)
                          0.25    0.56   clock uncertainty
                         -0.03    0.53   clock reconvergence pessimism
                         -0.04    0.49   library hold time
                                  0.49   data required time
-----------------------------------------------------------------------------
                                  0.49   data required time
                                 -0.90   data arrival time
-----------------------------------------------------------------------------
                                  0.42   slack (MET)


Startpoint: _738_ (rising edge-triggered flip-flop clocked by clk)
Endpoint: _737_ (rising edge-triggered flip-flop clocked by clk)
Path Group: clk
Path Type: min

Fanout     Cap    Slew   Delay    Time   Description
-----------------------------------------------------------------------------
                          0.00    0.00   clock clk (rise edge)
                          0.00    0.00   clock source latency
                  0.04    0.03    0.03 ^ clk (in)
     1    0.01                           clk (net)
                  0.04    0.00    0.03 ^ clkbuf_0_clk/A (sky130_fd_sc_hd__clkbuf_16)
                  0.05    0.13    0.15 ^ clkbuf_0_clk/X (sky130_fd_sc_hd__clkbuf_16)
     4    0.03                           clknet_0_clk (net)
                  0.05    0.00    0.15 ^ clkbuf_2_1__f_clk/A (sky130_fd_sc_hd__clkbuf_16)
                  0.05    0.13    0.28 ^ clkbuf_2_1__f_clk/X (sky130_fd_sc_hd__clkbuf_16)
    14    0.03                           clknet_2_1__leaf_clk (net)
                  0.05    0.00    0.28 ^ _738_/CLK (sky130_fd_sc_hd__dfrtp_2)
                  0.10    0.37    0.65 ^ _738_/Q (sky130_fd_sc_hd__dfrtp_2)
     5    0.02                           u_core.A[5] (net)
                  0.10    0.00    0.65 ^ _531_/A1 (sky130_fd_sc_hd__o221a_1)
                  0.07    0.20    0.85 ^ _531_/X (sky130_fd_sc_hd__o221a_1)
     2    0.01                           _282_ (net)
                  0.07    0.00    0.85 ^ _532_/B1 (sky130_fd_sc_hd__a21o_1)
                  0.03    0.08    0.92 ^ _532_/X (sky130_fd_sc_hd__a21o_1)
     1    0.00                           _097_ (net)
                  0.03    0.00    0.92 ^ _737_/D (sky130_fd_sc_hd__dfrtp_2)
                                  0.92   data arrival time

                          0.00    0.00   clock clk (rise edge)
                          0.00    0.00   clock source latency
                  0.04    0.03    0.03 ^ clk (in)
     1    0.01                           clk (net)
                  0.04    0.00    0.03 ^ clkbuf_0_clk/A (sky130_fd_sc_hd__clkbuf_16)
                  0.05    0.14    0.17 ^ clkbuf_0_clk/X (sky130_fd_sc_hd__clkbuf_16)
     4    0.03                           clknet_0_clk (net)
                  0.05    0.00    0.17 ^ clkbuf_2_1__f_clk/A (sky130_fd_sc_hd__clkbuf_16)
                  0.05    0.14    0.31 ^ clkbuf_2_1__f_clk/X (sky130_fd_sc_hd__clkbuf_16)
    14    0.03                           clknet_2_1__leaf_clk (net)
                  0.05    0.00    0.31 ^ _737_/CLK (sky130_fd_sc_hd__dfrtp_2)
                          0.25    0.56   clock uncertainty
                         -0.03    0.53   clock reconvergence pessimism
                         -0.03    0.50   library hold time
                                  0.50   data required time
-----------------------------------------------------------------------------
                                  0.50   data required time
                                 -0.92   data arrival time
-----------------------------------------------------------------------------
                                  0.42   slack (MET)


Startpoint: _733_ (rising edge-triggered flip-flop clocked by clk)
Endpoint: _708_ (rising edge-triggered flip-flop clocked by clk)
Path Group: clk
Path Type: min

Fanout     Cap    Slew   Delay    Time   Description
-----------------------------------------------------------------------------
                          0.00    0.00   clock clk (rise edge)
                          0.00    0.00   clock source latency
                  0.04    0.03    0.03 ^ clk (in)
     1    0.01                           clk (net)
                  0.04    0.00    0.03 ^ clkbuf_0_clk/A (sky130_fd_sc_hd__clkbuf_16)
                  0.05    0.13    0.15 ^ clkbuf_0_clk/X (sky130_fd_sc_hd__clkbuf_16)
     4    0.03                           clknet_0_clk (net)
                  0.05    0.00    0.15 ^ clkbuf_2_0__f_clk/A (sky130_fd_sc_hd__clkbuf_16)
                  0.05    0.13    0.28 ^ clkbuf_2_0__f_clk/X (sky130_fd_sc_hd__clkbuf_16)
    15    0.03                           clknet_2_0__leaf_clk (net)
                  0.05    0.00    0.28 ^ _733_/CLK (sky130_fd_sc_hd__dfrtp_1)
                  0.10    0.35    0.63 ^ _733_/Q (sky130_fd_sc_hd__dfrtp_1)
     5    0.01                           u_core.A[0] (net)
                  0.10    0.00    0.63 ^ _572_/B2 (sky130_fd_sc_hd__a2bb2o_1)
                  0.06    0.14    0.77 ^ _572_/X (sky130_fd_sc_hd__a2bb2o_1)
     2    0.00                           _310_ (net)
                  0.06    0.00    0.77 ^ _606_/A0 (sky130_fd_sc_hd__mux2_1)
                  0.04    0.11    0.88 ^ _606_/X (sky130_fd_sc_hd__mux2_1)
     1    0.00                           _328_ (net)
                  0.04    0.00    0.88 ^ _607_/A (sky130_fd_sc_hd__clkbuf_1)
                  0.04    0.07    0.94 ^ _607_/X (sky130_fd_sc_hd__clkbuf_1)
     1    0.00                           _068_ (net)
                  0.04    0.00    0.94 ^ _708_/D (sky130_fd_sc_hd__dfrtp_1)
                                  0.94   data arrival time

                          0.00    0.00   clock clk (rise edge)
                          0.00    0.00   clock source latency
                  0.04    0.03    0.03 ^ clk (in)
     1    0.01                           clk (net)
                  0.04    0.00    0.03 ^ clkbuf_0_clk/A (sky130_fd_sc_hd__clkbuf_16)
                  0.05    0.14    0.17 ^ clkbuf_0_clk/X (sky130_fd_sc_hd__clkbuf_16)
     4    0.03                           clknet_0_clk (net)
                  0.05    0.00    0.17 ^ clkbuf_2_2__f_clk/A (sky130_fd_sc_hd__clkbuf_16)
                  0.05    0.14    0.31 ^ clkbuf_2_2__f_clk/X (sky130_fd_sc_hd__clkbuf_16)
    13    0.02                           clknet_2_2__leaf_clk (net)
                  0.05    0.00    0.31 ^ _708_/CLK (sky130_fd_sc_hd__dfrtp_1)
                          0.25    0.56   clock uncertainty
                         -0.02    0.54   clock reconvergence pessimism
                         -0.03    0.51   library hold time
                                  0.51   data required time
-----------------------------------------------------------------------------
                                  0.51   data required time
                                 -0.94   data arrival time
-----------------------------------------------------------------------------
                                  0.43   slack (MET)


Startpoint: _739_ (rising edge-triggered flip-flop clocked by clk)
Endpoint: _714_ (rising edge-triggered flip-flop clocked by clk)
Path Group: clk
Path Type: min

Fanout     Cap    Slew   Delay    Time   Description
-----------------------------------------------------------------------------
                          0.00    0.00   clock clk (rise edge)
                          0.00    0.00   clock source latency
                  0.04    0.03    0.03 ^ clk (in)
     1    0.01                           clk (net)
                  0.04    0.00    0.03 ^ clkbuf_0_clk/A (sky130_fd_sc_hd__clkbuf_16)
                  0.05    0.13    0.15 ^ clkbuf_0_clk/X (sky130_fd_sc_hd__clkbuf_16)
     4    0.03                           clknet_0_clk (net)
                  0.05    0.00    0.15 ^ clkbuf_2_3__f_clk/A (sky130_fd_sc_hd__clkbuf_16)
                  0.05    0.12    0.28 ^ clkbuf_2_3__f_clk/X (sky130_fd_sc_hd__clkbuf_16)
    12    0.02                           clknet_2_3__leaf_clk (net)
                  0.05    0.00    0.28 ^ _739_/CLK (sky130_fd_sc_hd__dfrtp_2)
                  0.08    0.36    0.64 ^ _739_/Q (sky130_fd_sc_hd__dfrtp_2)
     5    0.01                           u_core.A[6] (net)
                  0.08    0.00    0.64 ^ _526_/B1 (sky130_fd_sc_hd__a2bb2o_1)
                  0.06    0.14    0.77 ^ _526_/X (sky130_fd_sc_hd__a2bb2o_1)
     2    0.00                           _278_ (net)
                  0.06    0.00    0.77 ^ _596_/A0 (sky130_fd_sc_hd__mux2_1)
                  0.04    0.11    0.88 ^ _596_/X (sky130_fd_sc_hd__mux2_1)
     1    0.00                           _324_ (net)
                  0.04    0.00    0.88 ^ _597_/A (sky130_fd_sc_hd__clkbuf_1)
                  0.04    0.07    0.95 ^ _597_/X (sky130_fd_sc_hd__clkbuf_1)
     1    0.00                           _074_ (net)
                  0.04    0.00    0.95 ^ _714_/D (sky130_fd_sc_hd__dfrtp_1)
                                  0.95   data arrival time

                          0.00    0.00   clock clk (rise edge)
                          0.00    0.00   clock source latency
                  0.04    0.03    0.03 ^ clk (in)
     1    0.01                           clk (net)
                  0.04    0.00    0.03 ^ clkbuf_0_clk/A (sky130_fd_sc_hd__clkbuf_16)
                  0.05    0.14    0.17 ^ clkbuf_0_clk/X (sky130_fd_sc_hd__clkbuf_16)
     4    0.03                           clknet_0_clk (net)
                  0.05    0.00    0.17 ^ clkbuf_2_1__f_clk/A (sky130_fd_sc_hd__clkbuf_16)
                  0.05    0.14    0.31 ^ clkbuf_2_1__f_clk/X (sky130_fd_sc_hd__clkbuf_16)
    14    0.03                           clknet_2_1__leaf_clk (net)
                  0.05    0.00    0.31 ^ _714_/CLK (sky130_fd_sc_hd__dfrtp_1)
                          0.25    0.56   clock uncertainty
                         -0.02    0.55   clock reconvergence pessimism
                         -0.03    0.51   library hold time
                                  0.51   data required time
-----------------------------------------------------------------------------
                                  0.51   data required time
                                 -0.95   data arrival time
-----------------------------------------------------------------------------
                                  0.43   slack (MET)


Startpoint: _740_ (rising edge-triggered flip-flop clocked by clk)
Endpoint: _739_ (rising edge-triggered flip-flop clocked by clk)
Path Group: clk
Path Type: min

Fanout     Cap    Slew   Delay    Time   Description
-----------------------------------------------------------------------------
                          0.00    0.00   clock clk (rise edge)
                          0.00    0.00   clock source latency
                  0.04    0.03    0.03 ^ clk (in)
     1    0.01                           clk (net)
                  0.04    0.00    0.03 ^ clkbuf_0_clk/A (sky130_fd_sc_hd__clkbuf_16)
                  0.05    0.13    0.15 ^ clkbuf_0_clk/X (sky130_fd_sc_hd__clkbuf_16)
     4    0.03                           clknet_0_clk (net)
                  0.05    0.00    0.15 ^ clkbuf_2_2__f_clk/A (sky130_fd_sc_hd__clkbuf_16)
                  0.05    0.13    0.28 ^ clkbuf_2_2__f_clk/X (sky130_fd_sc_hd__clkbuf_16)
    13    0.02                           clknet_2_2__leaf_clk (net)
                  0.05    0.00    0.28 ^ _740_/CLK (sky130_fd_sc_hd__dfrtp_4)
                  0.09    0.41    0.69 ^ _740_/Q (sky130_fd_sc_hd__dfrtp_4)
     6    0.02                           u_core.A[7] (net)
                  0.09    0.00    0.69 ^ _521_/A1 (sky130_fd_sc_hd__o31a_1)
                  0.07    0.15    0.84 ^ _521_/X (sky130_fd_sc_hd__o31a_1)
     2    0.00                           _274_ (net)
                  0.07    0.00    0.84 ^ _522_/B2 (sky130_fd_sc_hd__a22o_1)
                  0.04    0.11    0.95 ^ _522_/X (sky130_fd_sc_hd__a22o_1)
     1    0.00                           _099_ (net)
                  0.04    0.00    0.95 ^ _739_/D (sky130_fd_sc_hd__dfrtp_2)
                                  0.95   data arrival time

                          0.00    0.00   clock clk (rise edge)
                          0.00    0.00   clock source latency
                  0.04    0.03    0.03 ^ clk (in)
     1    0.01                           clk (net)
                  0.04    0.00    0.03 ^ clkbuf_0_clk/A (sky130_fd_sc_hd__clkbuf_16)
                  0.05    0.14    0.17 ^ clkbuf_0_clk/X (sky130_fd_sc_hd__clkbuf_16)
     4    0.03                           clknet_0_clk (net)
                  0.05    0.00    0.17 ^ clkbuf_2_3__f_clk/A (sky130_fd_sc_hd__clkbuf_16)
                  0.05    0.14    0.31 ^ clkbuf_2_3__f_clk/X (sky130_fd_sc_hd__clkbuf_16)
    12    0.02                           clknet_2_3__leaf_clk (net)
                  0.05    0.00    0.31 ^ _739_/CLK (sky130_fd_sc_hd__dfrtp_2)
                          0.25    0.56   clock uncertainty
                         -0.02    0.54   clock reconvergence pessimism
                         -0.03    0.51   library hold time
                                  0.51   data required time
-----------------------------------------------------------------------------
                                  0.51   data required time
                                 -0.95   data arrival time
-----------------------------------------------------------------------------
                                  0.44   slack (MET)


Startpoint: _697_ (rising edge-triggered flip-flop clocked by clk)
Endpoint: _700_ (rising edge-triggered flip-flop clocked by clk)
Path Group: clk
Path Type: min

Fanout     Cap    Slew   Delay    Time   Description
-----------------------------------------------------------------------------
                          0.00    0.00   clock clk (rise edge)
                          0.00    0.00   clock source latency
                  0.04    0.03    0.03 ^ clk (in)
     1    0.01                           clk (net)
                  0.04    0.00    0.03 ^ clkbuf_0_clk/A (sky130_fd_sc_hd__clkbuf_16)
                  0.05    0.13    0.15 ^ clkbuf_0_clk/X (sky130_fd_sc_hd__clkbuf_16)
     4    0.03                           clknet_0_clk (net)
                  0.05    0.00    0.15 ^ clkbuf_2_3__f_clk/A (sky130_fd_sc_hd__clkbuf_16)
                  0.05    0.12    0.28 ^ clkbuf_2_3__f_clk/X (sky130_fd_sc_hd__clkbuf_16)
    12    0.02                           clknet_2_3__leaf_clk (net)
                  0.05    0.00    0.28 ^ _697_/CLK (sky130_fd_sc_hd__dfrtp_1)
                  0.07    0.32    0.60 ^ _697_/Q (sky130_fd_sc_hd__dfrtp_1)
     3    0.01                           u_core.count[3] (net)
                  0.07    0.00    0.60 ^ _589_/A (sky130_fd_sc_hd__nor4b_1)
                  0.04    0.05    0.65 v _589_/Y (sky130_fd_sc_hd__nor4b_1)
     2    0.00                           _319_ (net)
                  0.04    0.00    0.65 v wire36/A (sky130_fd_sc_hd__clkbuf_2)
                  0.07    0.13    0.78 v wire36/X (sky130_fd_sc_hd__clkbuf_2)
     4    0.02                           net36 (net)
                  0.07    0.00    0.78 v _622_/A2 (sky130_fd_sc_hd__o21a_1)
                  0.03    0.16    0.94 v _622_/X (sky130_fd_sc_hd__o21a_1)
     1    0.00                           _060_ (net)
                  0.03    0.00    0.94 v _700_/D (sky130_fd_sc_hd__dfrtp_1)
                                  0.94   data arrival time

                          0.00    0.00   clock clk (rise edge)
                          0.00    0.00   clock source latency
                  0.04    0.03    0.03 ^ clk (in)
     1    0.01                           clk (net)
                  0.04    0.00    0.03 ^ clkbuf_0_clk/A (sky130_fd_sc_hd__clkbuf_16)
                  0.05    0.14    0.17 ^ clkbuf_0_clk/X (sky130_fd_sc_hd__clkbuf_16)
     4    0.03                           clknet_0_clk (net)
                  0.05    0.00    0.17 ^ clkbuf_2_3__f_clk/A (sky130_fd_sc_hd__clkbuf_16)
                  0.05    0.14    0.31 ^ clkbuf_2_3__f_clk/X (sky130_fd_sc_hd__clkbuf_16)
    12    0.02                           clknet_2_3__leaf_clk (net)
                  0.05    0.00    0.31 ^ _700_/CLK (sky130_fd_sc_hd__dfrtp_1)
                          0.25    0.56   clock uncertainty
                         -0.03    0.53   clock reconvergence pessimism
                         -0.04    0.49   library hold time
                                  0.49   data required time
-----------------------------------------------------------------------------
                                  0.49   data required time
                                 -0.94   data arrival time
-----------------------------------------------------------------------------
                                  0.44   slack (MET)


Startpoint: _694_ (rising edge-triggered flip-flop clocked by clk)
Endpoint: _694_ (rising edge-triggered flip-flop clocked by clk)
Path Group: clk
Path Type: min

Fanout     Cap    Slew   Delay    Time   Description
-----------------------------------------------------------------------------
                          0.00    0.00   clock clk (rise edge)
                          0.00    0.00   clock source latency
                  0.04    0.03    0.03 ^ clk (in)
     1    0.01                           clk (net)
                  0.04    0.00    0.03 ^ clkbuf_0_clk/A (sky130_fd_sc_hd__clkbuf_16)
                  0.05    0.13    0.15 ^ clkbuf_0_clk/X (sky130_fd_sc_hd__clkbuf_16)
     4    0.03                           clknet_0_clk (net)
                  0.05    0.00    0.15 ^ clkbuf_2_1__f_clk/A (sky130_fd_sc_hd__clkbuf_16)
                  0.05    0.13    0.28 ^ clkbuf_2_1__f_clk/X (sky130_fd_sc_hd__clkbuf_16)
    14    0.03                           clknet_2_1__leaf_clk (net)
                  0.05    0.00    0.28 ^ _694_/CLK (sky130_fd_sc_hd__dfrtp_1)
                  0.10    0.34    0.63 ^ _694_/Q (sky130_fd_sc_hd__dfrtp_1)
     6    0.01                           u_core.count[0] (net)
                  0.10    0.00    0.63 ^ _627_/A (sky130_fd_sc_hd__or2_1)
                  0.08    0.13    0.76 ^ _627_/X (sky130_fd_sc_hd__or2_1)
     3    0.01                           _338_ (net)
                  0.08    0.00    0.76 ^ _632_/B1_N (sky130_fd_sc_hd__a21bo_1)
                  0.03    0.18    0.94 v _632_/X (sky130_fd_sc_hd__a21bo_1)
     1    0.00                           _055_ (net)
                  0.03    0.00    0.94 v _694_/D (sky130_fd_sc_hd__dfrtp_1)
                                  0.94   data arrival time

                          0.00    0.00   clock clk (rise edge)
                          0.00    0.00   clock source latency
                  0.04    0.03    0.03 ^ clk (in)
     1    0.01                           clk (net)
                  0.04    0.00    0.03 ^ clkbuf_0_clk/A (sky130_fd_sc_hd__clkbuf_16)
                  0.05    0.14    0.17 ^ clkbuf_0_clk/X (sky130_fd_sc_hd__clkbuf_16)
     4    0.03                           clknet_0_clk (net)
                  0.05    0.00    0.17 ^ clkbuf_2_1__f_clk/A (sky130_fd_sc_hd__clkbuf_16)
                  0.05    0.14    0.31 ^ clkbuf_2_1__f_clk/X (sky130_fd_sc_hd__clkbuf_16)
    14    0.03                           clknet_2_1__leaf_clk (net)
                  0.05    0.00    0.31 ^ _694_/CLK (sky130_fd_sc_hd__dfrtp_1)
                          0.25    0.56   clock uncertainty
                         -0.03    0.53   clock reconvergence pessimism
                         -0.04    0.49   library hold time
                                  0.49   data required time
-----------------------------------------------------------------------------
                                  0.49   data required time
                                 -0.94   data arrival time
-----------------------------------------------------------------------------
                                  0.45   slack (MET)


Startpoint: _734_ (rising edge-triggered flip-flop clocked by clk)
Endpoint: _709_ (rising edge-triggered flip-flop clocked by clk)
Path Group: clk
Path Type: min

Fanout     Cap    Slew   Delay    Time   Description
-----------------------------------------------------------------------------
                          0.00    0.00   clock clk (rise edge)
                          0.00    0.00   clock source latency
                  0.04    0.03    0.03 ^ clk (in)
     1    0.01                           clk (net)
                  0.04    0.00    0.03 ^ clkbuf_0_clk/A (sky130_fd_sc_hd__clkbuf_16)
                  0.05    0.13    0.15 ^ clkbuf_0_clk/X (sky130_fd_sc_hd__clkbuf_16)
     4    0.03                           clknet_0_clk (net)
                  0.05    0.00    0.15 ^ clkbuf_2_0__f_clk/A (sky130_fd_sc_hd__clkbuf_16)
                  0.05    0.13    0.28 ^ clkbuf_2_0__f_clk/X (sky130_fd_sc_hd__clkbuf_16)
    15    0.03                           clknet_2_0__leaf_clk (net)
                  0.05    0.00    0.28 ^ _734_/CLK (sky130_fd_sc_hd__dfrtp_1)
                  0.09    0.34    0.62 ^ _734_/Q (sky130_fd_sc_hd__dfrtp_1)
     3    0.01                           u_core.A[1] (net)
                  0.09    0.00    0.62 ^ _552_/A1 (sky130_fd_sc_hd__a32o_1)
                  0.06    0.16    0.78 ^ _552_/X (sky130_fd_sc_hd__a32o_1)
     2    0.00                           _299_ (net)
                  0.06    0.00    0.78 ^ _604_/A0 (sky130_fd_sc_hd__mux2_1)
                  0.04    0.11    0.89 ^ _604_/X (sky130_fd_sc_hd__mux2_1)
     1    0.00                           _327_ (net)
                  0.04    0.00    0.89 ^ _605_/A (sky130_fd_sc_hd__clkbuf_1)
                  0.04    0.07    0.96 ^ _605_/X (sky130_fd_sc_hd__clkbuf_1)
     1    0.00                           _069_ (net)
                  0.04    0.00    0.96 ^ _709_/D (sky130_fd_sc_hd__dfrtp_1)
                                  0.96   data arrival time

                          0.00    0.00   clock clk (rise edge)
                          0.00    0.00   clock source latency
                  0.04    0.03    0.03 ^ clk (in)
     1    0.01                           clk (net)
                  0.04    0.00    0.03 ^ clkbuf_0_clk/A (sky130_fd_sc_hd__clkbuf_16)
                  0.05    0.14    0.17 ^ clkbuf_0_clk/X (sky130_fd_sc_hd__clkbuf_16)
     4    0.03                           clknet_0_clk (net)
                  0.05    0.00    0.17 ^ clkbuf_2_1__f_clk/A (sky130_fd_sc_hd__clkbuf_16)
                  0.05    0.14    0.31 ^ clkbuf_2_1__f_clk/X (sky130_fd_sc_hd__clkbuf_16)
    14    0.03                           clknet_2_1__leaf_clk (net)
                  0.05    0.00    0.31 ^ _709_/CLK (sky130_fd_sc_hd__dfrtp_1)
                          0.25    0.56   clock uncertainty
                         -0.02    0.55   clock reconvergence pessimism
                         -0.03    0.51   library hold time
                                  0.51   data required time
-----------------------------------------------------------------------------
                                  0.51   data required time
                                 -0.96   data arrival time
-----------------------------------------------------------------------------
                                  0.45   slack (MET)


Startpoint: _738_ (rising edge-triggered flip-flop clocked by clk)
Endpoint: _713_ (rising edge-triggered flip-flop clocked by clk)
Path Group: clk
Path Type: min

Fanout     Cap    Slew   Delay    Time   Description
-----------------------------------------------------------------------------
                          0.00    0.00   clock clk (rise edge)
                          0.00    0.00   clock source latency
                  0.04    0.03    0.03 ^ clk (in)
     1    0.01                           clk (net)
                  0.04    0.00    0.03 ^ clkbuf_0_clk/A (sky130_fd_sc_hd__clkbuf_16)
                  0.05    0.13    0.15 ^ clkbuf_0_clk/X (sky130_fd_sc_hd__clkbuf_16)
     4    0.03                           clknet_0_clk (net)
                  0.05    0.00    0.15 ^ clkbuf_2_1__f_clk/A (sky130_fd_sc_hd__clkbuf_16)
                  0.05    0.13    0.28 ^ clkbuf_2_1__f_clk/X (sky130_fd_sc_hd__clkbuf_16)
    14    0.03                           clknet_2_1__leaf_clk (net)
                  0.05    0.00    0.28 ^ _738_/CLK (sky130_fd_sc_hd__dfrtp_2)
                  0.10    0.37    0.65 ^ _738_/Q (sky130_fd_sc_hd__dfrtp_2)
     5    0.02                           u_core.A[5] (net)
                  0.10    0.00    0.65 ^ _531_/A1 (sky130_fd_sc_hd__o221a_1)
                  0.07    0.20    0.85 ^ _531_/X (sky130_fd_sc_hd__o221a_1)
     2    0.01                           _282_ (net)
                  0.07    0.00    0.85 ^ _598_/B1 (sky130_fd_sc_hd__a22o_1)
                  0.04    0.11    0.96 ^ _598_/X (sky130_fd_sc_hd__a22o_1)
     1    0.00                           _073_ (net)
                  0.04    0.00    0.96 ^ _713_/D (sky130_fd_sc_hd__dfrtp_1)
                                  0.96   data arrival time

                          0.00    0.00   clock clk (rise edge)
                          0.00    0.00   clock source latency
                  0.04    0.03    0.03 ^ clk (in)
     1    0.01                           clk (net)
                  0.04    0.00    0.03 ^ clkbuf_0_clk/A (sky130_fd_sc_hd__clkbuf_16)
                  0.05    0.14    0.17 ^ clkbuf_0_clk/X (sky130_fd_sc_hd__clkbuf_16)
     4    0.03                           clknet_0_clk (net)
                  0.05    0.00    0.17 ^ clkbuf_2_3__f_clk/A (sky130_fd_sc_hd__clkbuf_16)
                  0.05    0.14    0.31 ^ clkbuf_2_3__f_clk/X (sky130_fd_sc_hd__clkbuf_16)
    12    0.02                           clknet_2_3__leaf_clk (net)
                  0.05    0.00    0.31 ^ _713_/CLK (sky130_fd_sc_hd__dfrtp_1)
                          0.25    0.56   clock uncertainty
                         -0.02    0.54   clock reconvergence pessimism
                         -0.03    0.51   library hold time
                                  0.51   data required time
-----------------------------------------------------------------------------
                                  0.51   data required time
                                 -0.96   data arrival time
-----------------------------------------------------------------------------
                                  0.45   slack (MET)


Startpoint: _736_ (rising edge-triggered flip-flop clocked by clk)
Endpoint: _711_ (rising edge-triggered flip-flop clocked by clk)
Path Group: clk
Path Type: min

Fanout     Cap    Slew   Delay    Time   Description
-----------------------------------------------------------------------------
                          0.00    0.00   clock clk (rise edge)
                          0.00    0.00   clock source latency
                  0.04    0.03    0.03 ^ clk (in)
     1    0.01                           clk (net)
                  0.04    0.00    0.03 ^ clkbuf_0_clk/A (sky130_fd_sc_hd__clkbuf_16)
                  0.05    0.13    0.15 ^ clkbuf_0_clk/X (sky130_fd_sc_hd__clkbuf_16)
     4    0.03                           clknet_0_clk (net)
                  0.05    0.00    0.15 ^ clkbuf_2_1__f_clk/A (sky130_fd_sc_hd__clkbuf_16)
                  0.05    0.13    0.28 ^ clkbuf_2_1__f_clk/X (sky130_fd_sc_hd__clkbuf_16)
    14    0.03                           clknet_2_1__leaf_clk (net)
                  0.05    0.00    0.28 ^ _736_/CLK (sky130_fd_sc_hd__dfrtp_2)
                  0.08    0.35    0.64 ^ _736_/Q (sky130_fd_sc_hd__dfrtp_2)
     5    0.01                           u_core.A[3] (net)
                  0.08    0.00    0.64 ^ _543_/A1 (sky130_fd_sc_hd__o211ai_1)
                  0.06    0.09    0.73 v _543_/Y (sky130_fd_sc_hd__o211ai_1)
     2    0.00                           _292_ (net)
                  0.06    0.00    0.73 v _601_/A1_N (sky130_fd_sc_hd__a2bb2o_1)
                  0.04    0.23    0.96 ^ _601_/X (sky130_fd_sc_hd__a2bb2o_1)
     1    0.00                           _071_ (net)
                  0.04    0.00    0.96 ^ _711_/D (sky130_fd_sc_hd__dfrtp_1)
                                  0.96   data arrival time

                          0.00    0.00   clock clk (rise edge)
                          0.00    0.00   clock source latency
                  0.04    0.03    0.03 ^ clk (in)
     1    0.01                           clk (net)
                  0.04    0.00    0.03 ^ clkbuf_0_clk/A (sky130_fd_sc_hd__clkbuf_16)
                  0.05    0.14    0.17 ^ clkbuf_0_clk/X (sky130_fd_sc_hd__clkbuf_16)
     4    0.03                           clknet_0_clk (net)
                  0.05    0.00    0.17 ^ clkbuf_2_2__f_clk/A (sky130_fd_sc_hd__clkbuf_16)
                  0.05    0.14    0.31 ^ clkbuf_2_2__f_clk/X (sky130_fd_sc_hd__clkbuf_16)
    13    0.02                           clknet_2_2__leaf_clk (net)
                  0.05    0.00    0.31 ^ _711_/CLK (sky130_fd_sc_hd__dfrtp_1)
                          0.25    0.56   clock uncertainty
                         -0.02    0.54   clock reconvergence pessimism
                         -0.03    0.51   library hold time
                                  0.51   data required time
-----------------------------------------------------------------------------
                                  0.51   data required time
                                 -0.96   data arrival time
-----------------------------------------------------------------------------
                                  0.45   slack (MET)


Startpoint: _737_ (rising edge-triggered flip-flop clocked by clk)
Endpoint: _712_ (rising edge-triggered flip-flop clocked by clk)
Path Group: clk
Path Type: min

Fanout     Cap    Slew   Delay    Time   Description
-----------------------------------------------------------------------------
                          0.00    0.00   clock clk (rise edge)
                          0.00    0.00   clock source latency
                  0.04    0.03    0.03 ^ clk (in)
     1    0.01                           clk (net)
                  0.04    0.00    0.03 ^ clkbuf_0_clk/A (sky130_fd_sc_hd__clkbuf_16)
                  0.05    0.13    0.15 ^ clkbuf_0_clk/X (sky130_fd_sc_hd__clkbuf_16)
     4    0.03                           clknet_0_clk (net)
                  0.05    0.00    0.15 ^ clkbuf_2_1__f_clk/A (sky130_fd_sc_hd__clkbuf_16)
                  0.05    0.13    0.28 ^ clkbuf_2_1__f_clk/X (sky130_fd_sc_hd__clkbuf_16)
    14    0.03                           clknet_2_1__leaf_clk (net)
                  0.05    0.00    0.28 ^ _737_/CLK (sky130_fd_sc_hd__dfrtp_2)
                  0.08    0.36    0.64 ^ _737_/Q (sky130_fd_sc_hd__dfrtp_2)
     5    0.01                           u_core.A[4] (net)
                  0.08    0.00    0.64 ^ _536_/A1 (sky130_fd_sc_hd__a31o_1)
                  0.05    0.14    0.78 ^ _536_/X (sky130_fd_sc_hd__a31o_1)
     2    0.00                           _286_ (net)
                  0.05    0.00    0.78 ^ _599_/A0 (sky130_fd_sc_hd__mux2_1)
                  0.04    0.11    0.89 ^ _599_/X (sky130_fd_sc_hd__mux2_1)
     1    0.00                           _325_ (net)
                  0.04    0.00    0.89 ^ _600_/A (sky130_fd_sc_hd__clkbuf_1)
                  0.04    0.07    0.95 ^ _600_/X (sky130_fd_sc_hd__clkbuf_1)
     1    0.00                           _072_ (net)
                  0.04    0.00    0.95 ^ _712_/D (sky130_fd_sc_hd__dfrtp_1)
                                  0.95   data arrival time

                          0.00    0.00   clock clk (rise edge)
                          0.00    0.00   clock source latency
                  0.04    0.03    0.03 ^ clk (in)
     1    0.01                           clk (net)
                  0.04    0.00    0.03 ^ clkbuf_0_clk/A (sky130_fd_sc_hd__clkbuf_16)
                  0.05    0.14    0.17 ^ clkbuf_0_clk/X (sky130_fd_sc_hd__clkbuf_16)
     4    0.03                           clknet_0_clk (net)
                  0.05    0.00    0.17 ^ clkbuf_2_1__f_clk/A (sky130_fd_sc_hd__clkbuf_16)
                  0.05    0.14    0.31 ^ clkbuf_2_1__f_clk/X (sky130_fd_sc_hd__clkbuf_16)
    14    0.03                           clknet_2_1__leaf_clk (net)
                  0.05    0.00    0.31 ^ _712_/CLK (sky130_fd_sc_hd__dfrtp_1)
                          0.25    0.56   clock uncertainty
                         -0.03    0.53   clock reconvergence pessimism
                         -0.03    0.50   library hold time
                                  0.50   data required time
-----------------------------------------------------------------------------
                                  0.50   data required time
                                 -0.95   data arrival time
-----------------------------------------------------------------------------
                                  0.45   slack (MET)


Startpoint: _697_ (rising edge-triggered flip-flop clocked by clk)
Endpoint: _715_ (rising edge-triggered flip-flop clocked by clk)
Path Group: clk
Path Type: min

Fanout     Cap    Slew   Delay    Time   Description
-----------------------------------------------------------------------------
                          0.00    0.00   clock clk (rise edge)
                          0.00    0.00   clock source latency
                  0.04    0.03    0.03 ^ clk (in)
     1    0.01                           clk (net)
                  0.04    0.00    0.03 ^ clkbuf_0_clk/A (sky130_fd_sc_hd__clkbuf_16)
                  0.05    0.13    0.15 ^ clkbuf_0_clk/X (sky130_fd_sc_hd__clkbuf_16)
     4    0.03                           clknet_0_clk (net)
                  0.05    0.00    0.15 ^ clkbuf_2_3__f_clk/A (sky130_fd_sc_hd__clkbuf_16)
                  0.05    0.12    0.28 ^ clkbuf_2_3__f_clk/X (sky130_fd_sc_hd__clkbuf_16)
    12    0.02                           clknet_2_3__leaf_clk (net)
                  0.05    0.00    0.28 ^ _697_/CLK (sky130_fd_sc_hd__dfrtp_1)
                  0.07    0.32    0.60 ^ _697_/Q (sky130_fd_sc_hd__dfrtp_1)
     3    0.01                           u_core.count[3] (net)
                  0.07    0.00    0.60 ^ _589_/A (sky130_fd_sc_hd__nor4b_1)
                  0.04    0.05    0.65 v _589_/Y (sky130_fd_sc_hd__nor4b_1)
     2    0.00                           _319_ (net)
                  0.04    0.00    0.65 v max_cap1/A (sky130_fd_sc_hd__clkbuf_1)
                  0.02    0.08    0.73 v max_cap1/X (sky130_fd_sc_hd__clkbuf_1)
     1    0.00                           net70 (net)
                  0.02    0.00    0.73 v _595_/A3 (sky130_fd_sc_hd__a32o_1)
                  0.04    0.22    0.95 v _595_/X (sky130_fd_sc_hd__a32o_1)
     1    0.00                           _075_ (net)
                  0.04    0.00    0.95 v _715_/D (sky130_fd_sc_hd__dfrtp_2)
                                  0.95   data arrival time

                          0.00    0.00   clock clk (rise edge)
                          0.00    0.00   clock source latency
                  0.04    0.03    0.03 ^ clk (in)
     1    0.01                           clk (net)
                  0.04    0.00    0.03 ^ clkbuf_0_clk/A (sky130_fd_sc_hd__clkbuf_16)
                  0.05    0.14    0.17 ^ clkbuf_0_clk/X (sky130_fd_sc_hd__clkbuf_16)
     4    0.03                           clknet_0_clk (net)
                  0.05    0.00    0.17 ^ clkbuf_2_3__f_clk/A (sky130_fd_sc_hd__clkbuf_16)
                  0.05    0.14    0.31 ^ clkbuf_2_3__f_clk/X (sky130_fd_sc_hd__clkbuf_16)
    12    0.02                           clknet_2_3__leaf_clk (net)
                  0.05    0.00    0.31 ^ _715_/CLK (sky130_fd_sc_hd__dfrtp_2)
                          0.25    0.56   clock uncertainty
                         -0.03    0.53   clock reconvergence pessimism
                         -0.04    0.49   library hold time
                                  0.49   data required time
-----------------------------------------------------------------------------
                                  0.49   data required time
                                 -0.95   data arrival time
-----------------------------------------------------------------------------
                                  0.46   slack (MET)


Startpoint: _735_ (rising edge-triggered flip-flop clocked by clk)
Endpoint: _710_ (rising edge-triggered flip-flop clocked by clk)
Path Group: clk
Path Type: min

Fanout     Cap    Slew   Delay    Time   Description
-----------------------------------------------------------------------------
                          0.00    0.00   clock clk (rise edge)
                          0.00    0.00   clock source latency
                  0.04    0.03    0.03 ^ clk (in)
     1    0.01                           clk (net)
                  0.04    0.00    0.03 ^ clkbuf_0_clk/A (sky130_fd_sc_hd__clkbuf_16)
                  0.05    0.13    0.15 ^ clkbuf_0_clk/X (sky130_fd_sc_hd__clkbuf_16)
     4    0.03                           clknet_0_clk (net)
                  0.05    0.00    0.15 ^ clkbuf_2_0__f_clk/A (sky130_fd_sc_hd__clkbuf_16)
                  0.05    0.13    0.28 ^ clkbuf_2_0__f_clk/X (sky130_fd_sc_hd__clkbuf_16)
    15    0.03                           clknet_2_0__leaf_clk (net)
                  0.05    0.00    0.28 ^ _735_/CLK (sky130_fd_sc_hd__dfrtp_1)
                  0.10    0.35    0.63 ^ _735_/Q (sky130_fd_sc_hd__dfrtp_1)
     5    0.01                           u_core.A[2] (net)
                  0.10    0.00    0.63 ^ _547_/A1 (sky130_fd_sc_hd__a32o_1)
                  0.06    0.16    0.79 ^ _547_/X (sky130_fd_sc_hd__a32o_1)
     2    0.00                           _295_ (net)
                  0.06    0.00    0.79 ^ _602_/A0 (sky130_fd_sc_hd__mux2_1)
                  0.04    0.11    0.90 ^ _602_/X (sky130_fd_sc_hd__mux2_1)
     1    0.00                           _326_ (net)
                  0.04    0.00    0.90 ^ _603_/A (sky130_fd_sc_hd__clkbuf_1)
                  0.04    0.07    0.97 ^ _603_/X (sky130_fd_sc_hd__clkbuf_1)
     1    0.00                           _070_ (net)
                  0.04    0.00    0.97 ^ _710_/D (sky130_fd_sc_hd__dfrtp_1)
                                  0.97   data arrival time

                          0.00    0.00   clock clk (rise edge)
                          0.00    0.00   clock source latency
                  0.04    0.03    0.03 ^ clk (in)
     1    0.01                           clk (net)
                  0.04    0.00    0.03 ^ clkbuf_0_clk/A (sky130_fd_sc_hd__clkbuf_16)
                  0.05    0.14    0.17 ^ clkbuf_0_clk/X (sky130_fd_sc_hd__clkbuf_16)
     4    0.03                           clknet_0_clk (net)
                  0.05    0.00    0.17 ^ clkbuf_2_0__f_clk/A (sky130_fd_sc_hd__clkbuf_16)
                  0.05    0.14    0.31 ^ clkbuf_2_0__f_clk/X (sky130_fd_sc_hd__clkbuf_16)
    15    0.03                           clknet_2_0__leaf_clk (net)
                  0.05    0.00    0.31 ^ _710_/CLK (sky130_fd_sc_hd__dfrtp_1)
                          0.25    0.56   clock uncertainty
                         -0.03    0.53   clock reconvergence pessimism
                         -0.03    0.50   library hold time
                                  0.50   data required time
-----------------------------------------------------------------------------
                                  0.50   data required time
                                 -0.97   data arrival time
-----------------------------------------------------------------------------
                                  0.47   slack (MET)


Startpoint: _741_ (rising edge-triggered flip-flop clocked by clk)
Endpoint: _740_ (rising edge-triggered flip-flop clocked by clk)
Path Group: clk
Path Type: min

Fanout     Cap    Slew   Delay    Time   Description
-----------------------------------------------------------------------------
                          0.00    0.00   clock clk (rise edge)
                          0.00    0.00   clock source latency
                  0.04    0.03    0.03 ^ clk (in)
     1    0.01                           clk (net)
                  0.04    0.00    0.03 ^ clkbuf_0_clk/A (sky130_fd_sc_hd__clkbuf_16)
                  0.05    0.13    0.15 ^ clkbuf_0_clk/X (sky130_fd_sc_hd__clkbuf_16)
     4    0.03                           clknet_0_clk (net)
                  0.05    0.00    0.15 ^ clkbuf_2_2__f_clk/A (sky130_fd_sc_hd__clkbuf_16)
                  0.05    0.13    0.28 ^ clkbuf_2_2__f_clk/X (sky130_fd_sc_hd__clkbuf_16)
    13    0.02                           clknet_2_2__leaf_clk (net)
                  0.05    0.00    0.28 ^ _741_/CLK (sky130_fd_sc_hd__dfrtp_4)
                  0.10    0.42    0.70 ^ _741_/Q (sky130_fd_sc_hd__dfrtp_4)
     6    0.02                           u_core.A[8] (net)
                  0.10    0.00    0.70 ^ _513_/A1 (sky130_fd_sc_hd__a22oi_2)
                  0.04    0.08    0.78 v _513_/Y (sky130_fd_sc_hd__a22oi_2)
     2    0.00                           _267_ (net)
                  0.04    0.00    0.78 v _514_/A2_N (sky130_fd_sc_hd__a2bb2o_1)
                  0.04    0.22    0.99 ^ _514_/X (sky130_fd_sc_hd__a2bb2o_1)
     1    0.00                           _100_ (net)
                  0.04    0.00    0.99 ^ _740_/D (sky130_fd_sc_hd__dfrtp_4)
                                  0.99   data arrival time

                          0.00    0.00   clock clk (rise edge)
                          0.00    0.00   clock source latency
                  0.04    0.03    0.03 ^ clk (in)
     1    0.01                           clk (net)
                  0.04    0.00    0.03 ^ clkbuf_0_clk/A (sky130_fd_sc_hd__clkbuf_16)
                  0.05    0.14    0.17 ^ clkbuf_0_clk/X (sky130_fd_sc_hd__clkbuf_16)
     4    0.03                           clknet_0_clk (net)
                  0.05    0.00    0.17 ^ clkbuf_2_2__f_clk/A (sky130_fd_sc_hd__clkbuf_16)
                  0.05    0.14    0.31 ^ clkbuf_2_2__f_clk/X (sky130_fd_sc_hd__clkbuf_16)
    13    0.02                           clknet_2_2__leaf_clk (net)
                  0.05    0.00    0.31 ^ _740_/CLK (sky130_fd_sc_hd__dfrtp_4)
                          0.25    0.56   clock uncertainty
                         -0.03    0.53   clock reconvergence pessimism
                         -0.03    0.50   library hold time
                                  0.50   data required time
-----------------------------------------------------------------------------
                                  0.50   data required time
                                 -0.99   data arrival time
-----------------------------------------------------------------------------
                                  0.50   slack (MET)


Startpoint: rst (input port clocked by clk)
Endpoint: _744_ (removal check against rising-edge clock clk)
Path Group: asynchronous
Path Type: min

Fanout     Cap    Slew   Delay    Time   Description
-----------------------------------------------------------------------------
                          0.00    0.00   clock clk (rise edge)
                          0.00    0.00   clock network delay (propagated)
                          2.00    2.00 v input external delay
                  0.01    0.00    2.00 v rst (in)
     1    0.00                           rst (net)
                  0.01    0.00    2.00 v input17/A (sky130_fd_sc_hd__clkbuf_1)
                  0.02    0.07    2.07 v input17/X (sky130_fd_sc_hd__clkbuf_1)
     1    0.00                           net17 (net)
                  0.02    0.00    2.07 v _634_/A (sky130_fd_sc_hd__buf_4)
                  0.06    0.15    2.22 v _634_/X (sky130_fd_sc_hd__buf_4)
     9    0.04                           _341_ (net)
                  0.06    0.00    2.22 v _690_/A (sky130_fd_sc_hd__inv_2)
                  0.03    0.05    2.27 ^ _690_/Y (sky130_fd_sc_hd__inv_2)
     1    0.00                           _051_ (net)
                  0.03    0.00    2.27 ^ _744_/RESET_B (sky130_fd_sc_hd__dfrtp_2)
                                  2.27   data arrival time

                          0.00    0.00   clock clk (rise edge)
                          0.00    0.00   clock source latency
                  0.04    0.03    0.03 ^ clk (in)
     1    0.01                           clk (net)
                  0.04    0.00    0.03 ^ clkbuf_0_clk/A (sky130_fd_sc_hd__clkbuf_16)
                  0.05    0.14    0.17 ^ clkbuf_0_clk/X (sky130_fd_sc_hd__clkbuf_16)
     4    0.03                           clknet_0_clk (net)
                  0.05    0.00    0.17 ^ clkbuf_2_2__f_clk/A (sky130_fd_sc_hd__clkbuf_16)
                  0.05    0.14    0.31 ^ clkbuf_2_2__f_clk/X (sky130_fd_sc_hd__clkbuf_16)
    13    0.02                           clknet_2_2__leaf_clk (net)
                  0.05    0.00    0.31 ^ _744_/CLK (sky130_fd_sc_hd__dfrtp_2)
                          0.25    0.56   clock uncertainty
                          0.00    0.56   clock reconvergence pessimism
                          0.32    0.88   library removal time
                                  0.88   data required time
-----------------------------------------------------------------------------
                                  0.88   data required time
                                 -2.27   data arrival time
-----------------------------------------------------------------------------
                                  1.39   slack (MET)


Startpoint: rst (input port clocked by clk)
Endpoint: _747_ (removal check against rising-edge clock clk)
Path Group: asynchronous
Path Type: min

Fanout     Cap    Slew   Delay    Time   Description
-----------------------------------------------------------------------------
                          0.00    0.00   clock clk (rise edge)
                          0.00    0.00   clock network delay (propagated)
                          2.00    2.00 v input external delay
                  0.01    0.00    2.00 v rst (in)
     1    0.00                           rst (net)
                  0.01    0.00    2.00 v input17/A (sky130_fd_sc_hd__clkbuf_1)
                  0.02    0.07    2.07 v input17/X (sky130_fd_sc_hd__clkbuf_1)
     1    0.00                           net17 (net)
                  0.02    0.00    2.07 v _634_/A (sky130_fd_sc_hd__buf_4)
                  0.06    0.15    2.22 v _634_/X (sky130_fd_sc_hd__buf_4)
     9    0.04                           _341_ (net)
                  0.06    0.00    2.22 v _693_/A (sky130_fd_sc_hd__inv_2)
                  0.03    0.05    2.27 ^ _693_/Y (sky130_fd_sc_hd__inv_2)
     1    0.00                           _054_ (net)
                  0.03    0.00    2.27 ^ _747_/RESET_B (sky130_fd_sc_hd__dfrtp_2)
                                  2.27   data arrival time

                          0.00    0.00   clock clk (rise edge)
                          0.00    0.00   clock source latency
                  0.04    0.03    0.03 ^ clk (in)
     1    0.01                           clk (net)
                  0.04    0.00    0.03 ^ clkbuf_0_clk/A (sky130_fd_sc_hd__clkbuf_16)
                  0.05    0.14    0.17 ^ clkbuf_0_clk/X (sky130_fd_sc_hd__clkbuf_16)
     4    0.03                           clknet_0_clk (net)
                  0.05    0.00    0.17 ^ clkbuf_2_3__f_clk/A (sky130_fd_sc_hd__clkbuf_16)
                  0.05    0.14    0.31 ^ clkbuf_2_3__f_clk/X (sky130_fd_sc_hd__clkbuf_16)
    12    0.02                           clknet_2_3__leaf_clk (net)
                  0.05    0.00    0.31 ^ _747_/CLK (sky130_fd_sc_hd__dfrtp_2)
                          0.25    0.56   clock uncertainty
                          0.00    0.56   clock reconvergence pessimism
                          0.32    0.87   library removal time
                                  0.87   data required time
-----------------------------------------------------------------------------
                                  0.87   data required time
                                 -2.27   data arrival time
-----------------------------------------------------------------------------
                                  1.39   slack (MET)


Startpoint: rst (input port clocked by clk)
Endpoint: _745_ (removal check against rising-edge clock clk)
Path Group: asynchronous
Path Type: min

Fanout     Cap    Slew   Delay    Time   Description
-----------------------------------------------------------------------------
                          0.00    0.00   clock clk (rise edge)
                          0.00    0.00   clock network delay (propagated)
                          2.00    2.00 v input external delay
                  0.01    0.00    2.00 v rst (in)
     1    0.00                           rst (net)
                  0.01    0.00    2.00 v input17/A (sky130_fd_sc_hd__clkbuf_1)
                  0.02    0.07    2.07 v input17/X (sky130_fd_sc_hd__clkbuf_1)
     1    0.00                           net17 (net)
                  0.02    0.00    2.07 v _634_/A (sky130_fd_sc_hd__buf_4)
                  0.06    0.15    2.22 v _634_/X (sky130_fd_sc_hd__buf_4)
     9    0.04                           _341_ (net)
                  0.06    0.00    2.22 v _691_/A (sky130_fd_sc_hd__inv_2)
                  0.03    0.05    2.27 ^ _691_/Y (sky130_fd_sc_hd__inv_2)
     1    0.00                           _052_ (net)
                  0.03    0.00    2.27 ^ _745_/RESET_B (sky130_fd_sc_hd__dfrtp_1)
                                  2.27   data arrival time

                          0.00    0.00   clock clk (rise edge)
                          0.00    0.00   clock source latency
                  0.04    0.03    0.03 ^ clk (in)
     1    0.01                           clk (net)
                  0.04    0.00    0.03 ^ clkbuf_0_clk/A (sky130_fd_sc_hd__clkbuf_16)
                  0.05    0.14    0.17 ^ clkbuf_0_clk/X (sky130_fd_sc_hd__clkbuf_16)
     4    0.03                           clknet_0_clk (net)
                  0.05    0.00    0.17 ^ clkbuf_2_3__f_clk/A (sky130_fd_sc_hd__clkbuf_16)
                  0.05    0.14    0.31 ^ clkbuf_2_3__f_clk/X (sky130_fd_sc_hd__clkbuf_16)
    12    0.02                           clknet_2_3__leaf_clk (net)
                  0.05    0.00    0.31 ^ _745_/CLK (sky130_fd_sc_hd__dfrtp_1)
                          0.25    0.56   clock uncertainty
                          0.00    0.56   clock reconvergence pessimism
                          0.32    0.87   library removal time
                                  0.87   data required time
-----------------------------------------------------------------------------
                                  0.87   data required time
                                 -2.27   data arrival time
-----------------------------------------------------------------------------
                                  1.39   slack (MET)


Startpoint: rst (input port clocked by clk)
Endpoint: _746_ (removal check against rising-edge clock clk)
Path Group: asynchronous
Path Type: min

Fanout     Cap    Slew   Delay    Time   Description
-----------------------------------------------------------------------------
                          0.00    0.00   clock clk (rise edge)
                          0.00    0.00   clock network delay (propagated)
                          2.00    2.00 v input external delay
                  0.01    0.00    2.00 v rst (in)
     1    0.00                           rst (net)
                  0.01    0.00    2.00 v input17/A (sky130_fd_sc_hd__clkbuf_1)
                  0.02    0.07    2.07 v input17/X (sky130_fd_sc_hd__clkbuf_1)
     1    0.00                           net17 (net)
                  0.02    0.00    2.07 v _634_/A (sky130_fd_sc_hd__buf_4)
                  0.06    0.15    2.22 v _634_/X (sky130_fd_sc_hd__buf_4)
     9    0.04                           _341_ (net)
                  0.06    0.00    2.22 v _692_/A (sky130_fd_sc_hd__inv_2)
                  0.03    0.05    2.27 ^ _692_/Y (sky130_fd_sc_hd__inv_2)
     1    0.00                           _053_ (net)
                  0.03    0.00    2.27 ^ _746_/RESET_B (sky130_fd_sc_hd__dfrtp_1)
                                  2.27   data arrival time

                          0.00    0.00   clock clk (rise edge)
                          0.00    0.00   clock source latency
                  0.04    0.03    0.03 ^ clk (in)
     1    0.01                           clk (net)
                  0.04    0.00    0.03 ^ clkbuf_0_clk/A (sky130_fd_sc_hd__clkbuf_16)
                  0.05    0.14    0.17 ^ clkbuf_0_clk/X (sky130_fd_sc_hd__clkbuf_16)
     4    0.03                           clknet_0_clk (net)
                  0.05    0.00    0.17 ^ clkbuf_2_3__f_clk/A (sky130_fd_sc_hd__clkbuf_16)
                  0.05    0.14    0.31 ^ clkbuf_2_3__f_clk/X (sky130_fd_sc_hd__clkbuf_16)
    12    0.02                           clknet_2_3__leaf_clk (net)
                  0.05    0.00    0.31 ^ _746_/CLK (sky130_fd_sc_hd__dfrtp_1)
                          0.25    0.56   clock uncertainty
                          0.00    0.56   clock reconvergence pessimism
                          0.32    0.87   library removal time
                                  0.87   data required time
-----------------------------------------------------------------------------
                                  0.87   data required time
                                 -2.27   data arrival time
-----------------------------------------------------------------------------
                                  1.39   slack (MET)


Startpoint: rst (input port clocked by clk)
Endpoint: _726_ (removal check against rising-edge clock clk)
Path Group: asynchronous
Path Type: min

Fanout     Cap    Slew   Delay    Time   Description
-----------------------------------------------------------------------------
                          0.00    0.00   clock clk (rise edge)
                          0.00    0.00   clock network delay (propagated)
                          2.00    2.00 v input external delay
                  0.01    0.00    2.00 v rst (in)
     1    0.00                           rst (net)
                  0.01    0.00    2.00 v input17/A (sky130_fd_sc_hd__clkbuf_1)
                  0.02    0.07    2.07 v input17/X (sky130_fd_sc_hd__clkbuf_1)
     1    0.00                           net17 (net)
                  0.02    0.00    2.07 v _634_/A (sky130_fd_sc_hd__buf_4)
                  0.06    0.15    2.22 v _634_/X (sky130_fd_sc_hd__buf_4)
     9    0.04                           _341_ (net)
                  0.06    0.00    2.22 v _668_/A (sky130_fd_sc_hd__clkbuf_8)
                  0.06    0.17    2.39 v _668_/X (sky130_fd_sc_hd__clkbuf_8)
    10    0.04                           _345_ (net)
                  0.06    0.00    2.39 v _671_/A (sky130_fd_sc_hd__inv_2)
                  0.03    0.05    2.43 ^ _671_/Y (sky130_fd_sc_hd__inv_2)
     1    0.00                           _033_ (net)
                  0.03    0.00    2.43 ^ _726_/RESET_B (sky130_fd_sc_hd__dfrtp_2)
                                  2.43   data arrival time

                          0.00    0.00   clock clk (rise edge)
                          0.00    0.00   clock source latency
                  0.04    0.03    0.03 ^ clk (in)
     1    0.01                           clk (net)
                  0.04    0.00    0.03 ^ clkbuf_0_clk/A (sky130_fd_sc_hd__clkbuf_16)
                  0.05    0.14    0.17 ^ clkbuf_0_clk/X (sky130_fd_sc_hd__clkbuf_16)
     4    0.03                           clknet_0_clk (net)
                  0.05    0.00    0.17 ^ clkbuf_2_0__f_clk/A (sky130_fd_sc_hd__clkbuf_16)
                  0.05    0.14    0.31 ^ clkbuf_2_0__f_clk/X (sky130_fd_sc_hd__clkbuf_16)
    15    0.03                           clknet_2_0__leaf_clk (net)
                  0.05    0.00    0.31 ^ _726_/CLK (sky130_fd_sc_hd__dfrtp_2)
                          0.25    0.56   clock uncertainty
                          0.00    0.56   clock reconvergence pessimism
                          0.32    0.88   library removal time
                                  0.88   data required time
-----------------------------------------------------------------------------
                                  0.88   data required time
                                 -2.43   data arrival time
-----------------------------------------------------------------------------
                                  1.55   slack (MET)


Startpoint: rst (input port clocked by clk)
Endpoint: _725_ (removal check against rising-edge clock clk)
Path Group: asynchronous
Path Type: min

Fanout     Cap    Slew   Delay    Time   Description
-----------------------------------------------------------------------------
                          0.00    0.00   clock clk (rise edge)
                          0.00    0.00   clock network delay (propagated)
                          2.00    2.00 v input external delay
                  0.01    0.00    2.00 v rst (in)
     1    0.00                           rst (net)
                  0.01    0.00    2.00 v input17/A (sky130_fd_sc_hd__clkbuf_1)
                  0.02    0.07    2.07 v input17/X (sky130_fd_sc_hd__clkbuf_1)
     1    0.00                           net17 (net)
                  0.02    0.00    2.07 v _634_/A (sky130_fd_sc_hd__buf_4)
                  0.06    0.15    2.22 v _634_/X (sky130_fd_sc_hd__buf_4)
     9    0.04                           _341_ (net)
                  0.06    0.00    2.22 v _668_/A (sky130_fd_sc_hd__clkbuf_8)
                  0.06    0.17    2.39 v _668_/X (sky130_fd_sc_hd__clkbuf_8)
    10    0.04                           _345_ (net)
                  0.06    0.00    2.39 v _670_/A (sky130_fd_sc_hd__inv_2)
                  0.03    0.05    2.43 ^ _670_/Y (sky130_fd_sc_hd__inv_2)
     1    0.00                           _032_ (net)
                  0.03    0.00    2.43 ^ _725_/RESET_B (sky130_fd_sc_hd__dfrtp_4)
                                  2.43   data arrival time

                          0.00    0.00   clock clk (rise edge)
                          0.00    0.00   clock source latency
                  0.04    0.03    0.03 ^ clk (in)
     1    0.01                           clk (net)
                  0.04    0.00    0.03 ^ clkbuf_0_clk/A (sky130_fd_sc_hd__clkbuf_16)
                  0.05    0.14    0.17 ^ clkbuf_0_clk/X (sky130_fd_sc_hd__clkbuf_16)
     4    0.03                           clknet_0_clk (net)
                  0.05    0.00    0.17 ^ clkbuf_2_0__f_clk/A (sky130_fd_sc_hd__clkbuf_16)
                  0.05    0.14    0.31 ^ clkbuf_2_0__f_clk/X (sky130_fd_sc_hd__clkbuf_16)
    15    0.03                           clknet_2_0__leaf_clk (net)
                  0.05    0.00    0.31 ^ _725_/CLK (sky130_fd_sc_hd__dfrtp_4)
                          0.25    0.56   clock uncertainty
                          0.00    0.56   clock reconvergence pessimism
                          0.32    0.88   library removal time
                                  0.88   data required time
-----------------------------------------------------------------------------
                                  0.88   data required time
                                 -2.43   data arrival time
-----------------------------------------------------------------------------
                                  1.55   slack (MET)


Startpoint: rst (input port clocked by clk)
Endpoint: _727_ (removal check against rising-edge clock clk)
Path Group: asynchronous
Path Type: min

Fanout     Cap    Slew   Delay    Time   Description
-----------------------------------------------------------------------------
                          0.00    0.00   clock clk (rise edge)
                          0.00    0.00   clock network delay (propagated)
                          2.00    2.00 v input external delay
                  0.01    0.00    2.00 v rst (in)
     1    0.00                           rst (net)
                  0.01    0.00    2.00 v input17/A (sky130_fd_sc_hd__clkbuf_1)
                  0.02    0.07    2.07 v input17/X (sky130_fd_sc_hd__clkbuf_1)
     1    0.00                           net17 (net)
                  0.02    0.00    2.07 v _634_/A (sky130_fd_sc_hd__buf_4)
                  0.06    0.15    2.22 v _634_/X (sky130_fd_sc_hd__buf_4)
     9    0.04                           _341_ (net)
                  0.06    0.00    2.22 v _668_/A (sky130_fd_sc_hd__clkbuf_8)
                  0.06    0.17    2.39 v _668_/X (sky130_fd_sc_hd__clkbuf_8)
    10    0.04                           _345_ (net)
                  0.06    0.00    2.39 v _672_/A (sky130_fd_sc_hd__inv_2)
                  0.03    0.05    2.43 ^ _672_/Y (sky130_fd_sc_hd__inv_2)
     1    0.00                           _034_ (net)
                  0.03    0.00    2.43 ^ _727_/RESET_B (sky130_fd_sc_hd__dfrtp_4)
                                  2.43   data arrival time

                          0.00    0.00   clock clk (rise edge)
                          0.00    0.00   clock source latency
                  0.04    0.03    0.03 ^ clk (in)
     1    0.01                           clk (net)
                  0.04    0.00    0.03 ^ clkbuf_0_clk/A (sky130_fd_sc_hd__clkbuf_16)
                  0.05    0.14    0.17 ^ clkbuf_0_clk/X (sky130_fd_sc_hd__clkbuf_16)
     4    0.03                           clknet_0_clk (net)
                  0.05    0.00    0.17 ^ clkbuf_2_0__f_clk/A (sky130_fd_sc_hd__clkbuf_16)
                  0.05    0.14    0.31 ^ clkbuf_2_0__f_clk/X (sky130_fd_sc_hd__clkbuf_16)
    15    0.03                           clknet_2_0__leaf_clk (net)
                  0.05    0.00    0.31 ^ _727_/CLK (sky130_fd_sc_hd__dfrtp_4)
                          0.25    0.56   clock uncertainty
                          0.00    0.56   clock reconvergence pessimism
                          0.32    0.88   library removal time
                                  0.88   data required time
-----------------------------------------------------------------------------
                                  0.88   data required time
                                 -2.43   data arrival time
-----------------------------------------------------------------------------
                                  1.55   slack (MET)


Startpoint: rst (input port clocked by clk)
Endpoint: _729_ (removal check against rising-edge clock clk)
Path Group: asynchronous
Path Type: min

Fanout     Cap    Slew   Delay    Time   Description
-----------------------------------------------------------------------------
                          0.00    0.00   clock clk (rise edge)
                          0.00    0.00   clock network delay (propagated)
                          2.00    2.00 v input external delay
                  0.01    0.00    2.00 v rst (in)
     1    0.00                           rst (net)
                  0.01    0.00    2.00 v input17/A (sky130_fd_sc_hd__clkbuf_1)
                  0.02    0.07    2.07 v input17/X (sky130_fd_sc_hd__clkbuf_1)
     1    0.00                           net17 (net)
                  0.02    0.00    2.07 v _634_/A (sky130_fd_sc_hd__buf_4)
                  0.06    0.15    2.22 v _634_/X (sky130_fd_sc_hd__buf_4)
     9    0.04                           _341_ (net)
                  0.06    0.00    2.22 v _668_/A (sky130_fd_sc_hd__clkbuf_8)
                  0.06    0.17    2.39 v _668_/X (sky130_fd_sc_hd__clkbuf_8)
    10    0.04                           _345_ (net)
                  0.06    0.00    2.39 v _674_/A (sky130_fd_sc_hd__inv_2)
                  0.03    0.05    2.43 ^ _674_/Y (sky130_fd_sc_hd__inv_2)
     1    0.00                           _036_ (net)
                  0.03    0.00    2.43 ^ _729_/RESET_B (sky130_fd_sc_hd__dfrtp_4)
                                  2.43   data arrival time

                          0.00    0.00   clock clk (rise edge)
                          0.00    0.00   clock source latency
                  0.04    0.03    0.03 ^ clk (in)
     1    0.01                           clk (net)
                  0.04    0.00    0.03 ^ clkbuf_0_clk/A (sky130_fd_sc_hd__clkbuf_16)
                  0.05    0.14    0.17 ^ clkbuf_0_clk/X (sky130_fd_sc_hd__clkbuf_16)
     4    0.03                           clknet_0_clk (net)
                  0.05    0.00    0.17 ^ clkbuf_2_0__f_clk/A (sky130_fd_sc_hd__clkbuf_16)
                  0.05    0.14    0.31 ^ clkbuf_2_0__f_clk/X (sky130_fd_sc_hd__clkbuf_16)
    15    0.03                           clknet_2_0__leaf_clk (net)
                  0.05    0.00    0.31 ^ _729_/CLK (sky130_fd_sc_hd__dfrtp_4)
                          0.25    0.56   clock uncertainty
                          0.00    0.56   clock reconvergence pessimism
                          0.32    0.88   library removal time
                                  0.88   data required time
-----------------------------------------------------------------------------
                                  0.88   data required time
                                 -2.43   data arrival time
-----------------------------------------------------------------------------
                                  1.55   slack (MET)


Startpoint: rst (input port clocked by clk)
Endpoint: _730_ (removal check against rising-edge clock clk)
Path Group: asynchronous
Path Type: min

Fanout     Cap    Slew   Delay    Time   Description
-----------------------------------------------------------------------------
                          0.00    0.00   clock clk (rise edge)
                          0.00    0.00   clock network delay (propagated)
                          2.00    2.00 v input external delay
                  0.01    0.00    2.00 v rst (in)
     1    0.00                           rst (net)
                  0.01    0.00    2.00 v input17/A (sky130_fd_sc_hd__clkbuf_1)
                  0.02    0.07    2.07 v input17/X (sky130_fd_sc_hd__clkbuf_1)
     1    0.00                           net17 (net)
                  0.02    0.00    2.07 v _634_/A (sky130_fd_sc_hd__buf_4)
                  0.06    0.15    2.22 v _634_/X (sky130_fd_sc_hd__buf_4)
     9    0.04                           _341_ (net)
                  0.06    0.00    2.22 v _668_/A (sky130_fd_sc_hd__clkbuf_8)
                  0.06    0.17    2.39 v _668_/X (sky130_fd_sc_hd__clkbuf_8)
    10    0.04                           _345_ (net)
                  0.06    0.00    2.39 v _675_/A (sky130_fd_sc_hd__inv_2)
                  0.03    0.05    2.43 ^ _675_/Y (sky130_fd_sc_hd__inv_2)
     1    0.00                           _037_ (net)
                  0.03    0.00    2.43 ^ _730_/RESET_B (sky130_fd_sc_hd__dfrtp_4)
                                  2.43   data arrival time

                          0.00    0.00   clock clk (rise edge)
                          0.00    0.00   clock source latency
                  0.04    0.03    0.03 ^ clk (in)
     1    0.01                           clk (net)
                  0.04    0.00    0.03 ^ clkbuf_0_clk/A (sky130_fd_sc_hd__clkbuf_16)
                  0.05    0.14    0.17 ^ clkbuf_0_clk/X (sky130_fd_sc_hd__clkbuf_16)
     4    0.03                           clknet_0_clk (net)
                  0.05    0.00    0.17 ^ clkbuf_2_0__f_clk/A (sky130_fd_sc_hd__clkbuf_16)
                  0.05    0.14    0.31 ^ clkbuf_2_0__f_clk/X (sky130_fd_sc_hd__clkbuf_16)
    15    0.03                           clknet_2_0__leaf_clk (net)
                  0.05    0.00    0.31 ^ _730_/CLK (sky130_fd_sc_hd__dfrtp_4)
                          0.25    0.56   clock uncertainty
                          0.00    0.56   clock reconvergence pessimism
                          0.32    0.88   library removal time
                                  0.88   data required time
-----------------------------------------------------------------------------
                                  0.88   data required time
                                 -2.43   data arrival time
-----------------------------------------------------------------------------
                                  1.55   slack (MET)


Startpoint: rst (input port clocked by clk)
Endpoint: _702_ (removal check against rising-edge clock clk)
Path Group: asynchronous
Path Type: min

Fanout     Cap    Slew   Delay    Time   Description
-----------------------------------------------------------------------------
                          0.00    0.00   clock clk (rise edge)
                          0.00    0.00   clock network delay (propagated)
                          2.00    2.00 v input external delay
                  0.01    0.00    2.00 v rst (in)
     1    0.00                           rst (net)
                  0.01    0.00    2.00 v input17/A (sky130_fd_sc_hd__clkbuf_1)
                  0.02    0.07    2.07 v input17/X (sky130_fd_sc_hd__clkbuf_1)
     1    0.00                           net17 (net)
                  0.02    0.00    2.07 v _634_/A (sky130_fd_sc_hd__buf_4)
                  0.06    0.15    2.22 v _634_/X (sky130_fd_sc_hd__buf_4)
     9    0.04                           _341_ (net)
                  0.06    0.00    2.22 v _635_/A (sky130_fd_sc_hd__clkbuf_8)
                  0.06    0.17    2.39 v _635_/X (sky130_fd_sc_hd__clkbuf_8)
    10    0.04                           _342_ (net)
                  0.06    0.00    2.39 v _644_/A (sky130_fd_sc_hd__inv_2)
                  0.03    0.05    2.43 ^ _644_/Y (sky130_fd_sc_hd__inv_2)
     1    0.00                           _009_ (net)
                  0.03    0.00    2.43 ^ _702_/RESET_B (sky130_fd_sc_hd__dfrtp_1)
                                  2.43   data arrival time

                          0.00    0.00   clock clk (rise edge)
                          0.00    0.00   clock source latency
                  0.04    0.03    0.03 ^ clk (in)
     1    0.01                           clk (net)
                  0.04    0.00    0.03 ^ clkbuf_0_clk/A (sky130_fd_sc_hd__clkbuf_16)
                  0.05    0.14    0.17 ^ clkbuf_0_clk/X (sky130_fd_sc_hd__clkbuf_16)
     4    0.03                           clknet_0_clk (net)
                  0.05    0.00    0.17 ^ clkbuf_2_0__f_clk/A (sky130_fd_sc_hd__clkbuf_16)
                  0.05    0.14    0.31 ^ clkbuf_2_0__f_clk/X (sky130_fd_sc_hd__clkbuf_16)
    15    0.03                           clknet_2_0__leaf_clk (net)
                  0.05    0.00    0.31 ^ _702_/CLK (sky130_fd_sc_hd__dfrtp_1)
                          0.25    0.56   clock uncertainty
                          0.00    0.56   clock reconvergence pessimism
                          0.32    0.88   library removal time
                                  0.88   data required time
-----------------------------------------------------------------------------
                                  0.88   data required time
                                 -2.43   data arrival time
-----------------------------------------------------------------------------
                                  1.55   slack (MET)


Startpoint: rst (input port clocked by clk)
Endpoint: _704_ (removal check against rising-edge clock clk)
Path Group: asynchronous
Path Type: min

Fanout     Cap    Slew   Delay    Time   Description
-----------------------------------------------------------------------------
                          0.00    0.00   clock clk (rise edge)
                          0.00    0.00   clock network delay (propagated)
                          2.00    2.00 v input external delay
                  0.01    0.00    2.00 v rst (in)
     1    0.00                           rst (net)
                  0.01    0.00    2.00 v input17/A (sky130_fd_sc_hd__clkbuf_1)
                  0.02    0.07    2.07 v input17/X (sky130_fd_sc_hd__clkbuf_1)
     1    0.00                           net17 (net)
                  0.02    0.00    2.07 v _634_/A (sky130_fd_sc_hd__buf_4)
                  0.06    0.15    2.22 v _634_/X (sky130_fd_sc_hd__buf_4)
     9    0.04                           _341_ (net)
                  0.06    0.00    2.22 v _646_/A (sky130_fd_sc_hd__clkbuf_8)
                  0.06    0.17    2.39 v _646_/X (sky130_fd_sc_hd__clkbuf_8)
    10    0.04                           _343_ (net)
                  0.06    0.00    2.39 v _647_/A (sky130_fd_sc_hd__inv_2)
                  0.03    0.05    2.43 ^ _647_/Y (sky130_fd_sc_hd__inv_2)
     1    0.00                           _011_ (net)
                  0.03    0.00    2.43 ^ _704_/RESET_B (sky130_fd_sc_hd__dfrtp_1)
                                  2.43   data arrival time

                          0.00    0.00   clock clk (rise edge)
                          0.00    0.00   clock source latency
                  0.04    0.03    0.03 ^ clk (in)
     1    0.01                           clk (net)
                  0.04    0.00    0.03 ^ clkbuf_0_clk/A (sky130_fd_sc_hd__clkbuf_16)
                  0.05    0.14    0.17 ^ clkbuf_0_clk/X (sky130_fd_sc_hd__clkbuf_16)
     4    0.03                           clknet_0_clk (net)
                  0.05    0.00    0.17 ^ clkbuf_2_0__f_clk/A (sky130_fd_sc_hd__clkbuf_16)
                  0.05    0.14    0.31 ^ clkbuf_2_0__f_clk/X (sky130_fd_sc_hd__clkbuf_16)
    15    0.03                           clknet_2_0__leaf_clk (net)
                  0.05    0.00    0.31 ^ _704_/CLK (sky130_fd_sc_hd__dfrtp_1)
                          0.25    0.56   clock uncertainty
                          0.00    0.56   clock reconvergence pessimism
                          0.32    0.88   library removal time
                                  0.88   data required time
-----------------------------------------------------------------------------
                                  0.88   data required time
                                 -2.43   data arrival time
-----------------------------------------------------------------------------
                                  1.55   slack (MET)


Startpoint: rst (input port clocked by clk)
Endpoint: _710_ (removal check against rising-edge clock clk)
Path Group: asynchronous
Path Type: min

Fanout     Cap    Slew   Delay    Time   Description
-----------------------------------------------------------------------------
                          0.00    0.00   clock clk (rise edge)
                          0.00    0.00   clock network delay (propagated)
                          2.00    2.00 v input external delay
                  0.01    0.00    2.00 v rst (in)
     1    0.00                           rst (net)
                  0.01    0.00    2.00 v input17/A (sky130_fd_sc_hd__clkbuf_1)
                  0.02    0.07    2.07 v input17/X (sky130_fd_sc_hd__clkbuf_1)
     1    0.00                           net17 (net)
                  0.02    0.00    2.07 v _634_/A (sky130_fd_sc_hd__buf_4)
                  0.06    0.15    2.22 v _634_/X (sky130_fd_sc_hd__buf_4)
     9    0.04                           _341_ (net)
                  0.06    0.00    2.22 v _646_/A (sky130_fd_sc_hd__clkbuf_8)
                  0.06    0.17    2.39 v _646_/X (sky130_fd_sc_hd__clkbuf_8)
    10    0.04                           _343_ (net)
                  0.06    0.00    2.39 v _653_/A (sky130_fd_sc_hd__inv_2)
                  0.03    0.05    2.43 ^ _653_/Y (sky130_fd_sc_hd__inv_2)
     1    0.00                           _017_ (net)
                  0.03    0.00    2.43 ^ _710_/RESET_B (sky130_fd_sc_hd__dfrtp_1)
                                  2.43   data arrival time

                          0.00    0.00   clock clk (rise edge)
                          0.00    0.00   clock source latency
                  0.04    0.03    0.03 ^ clk (in)
     1    0.01                           clk (net)
                  0.04    0.00    0.03 ^ clkbuf_0_clk/A (sky130_fd_sc_hd__clkbuf_16)
                  0.05    0.14    0.17 ^ clkbuf_0_clk/X (sky130_fd_sc_hd__clkbuf_16)
     4    0.03                           clknet_0_clk (net)
                  0.05    0.00    0.17 ^ clkbuf_2_0__f_clk/A (sky130_fd_sc_hd__clkbuf_16)
                  0.05    0.14    0.31 ^ clkbuf_2_0__f_clk/X (sky130_fd_sc_hd__clkbuf_16)
    15    0.03                           clknet_2_0__leaf_clk (net)
                  0.05    0.00    0.31 ^ _710_/CLK (sky130_fd_sc_hd__dfrtp_1)
                          0.25    0.56   clock uncertainty
                          0.00    0.56   clock reconvergence pessimism
                          0.32    0.88   library removal time
                                  0.88   data required time
-----------------------------------------------------------------------------
                                  0.88   data required time
                                 -2.43   data arrival time
-----------------------------------------------------------------------------
                                  1.55   slack (MET)


Startpoint: rst (input port clocked by clk)
Endpoint: _716_ (removal check against rising-edge clock clk)
Path Group: asynchronous
Path Type: min

Fanout     Cap    Slew   Delay    Time   Description
-----------------------------------------------------------------------------
                          0.00    0.00   clock clk (rise edge)
                          0.00    0.00   clock network delay (propagated)
                          2.00    2.00 v input external delay
                  0.01    0.00    2.00 v rst (in)
     1    0.00                           rst (net)
                  0.01    0.00    2.00 v input17/A (sky130_fd_sc_hd__clkbuf_1)
                  0.02    0.07    2.07 v input17/X (sky130_fd_sc_hd__clkbuf_1)
     1    0.00                           net17 (net)
                  0.02    0.00    2.07 v _634_/A (sky130_fd_sc_hd__buf_4)
                  0.06    0.15    2.22 v _634_/X (sky130_fd_sc_hd__buf_4)
     9    0.04                           _341_ (net)
                  0.06    0.00    2.22 v _657_/A (sky130_fd_sc_hd__clkbuf_8)
                  0.06    0.17    2.39 v _657_/X (sky130_fd_sc_hd__clkbuf_8)
    10    0.04                           _344_ (net)
                  0.06    0.00    2.39 v _660_/A (sky130_fd_sc_hd__inv_2)
                  0.03    0.05    2.43 ^ _660_/Y (sky130_fd_sc_hd__inv_2)
     1    0.00                           _023_ (net)
                  0.03    0.00    2.43 ^ _716_/RESET_B (sky130_fd_sc_hd__dfrtp_1)
                                  2.43   data arrival time

                          0.00    0.00   clock clk (rise edge)
                          0.00    0.00   clock source latency
                  0.04    0.03    0.03 ^ clk (in)
     1    0.01                           clk (net)
                  0.04    0.00    0.03 ^ clkbuf_0_clk/A (sky130_fd_sc_hd__clkbuf_16)
                  0.05    0.14    0.17 ^ clkbuf_0_clk/X (sky130_fd_sc_hd__clkbuf_16)
     4    0.03                           clknet_0_clk (net)
                  0.05    0.00    0.17 ^ clkbuf_2_0__f_clk/A (sky130_fd_sc_hd__clkbuf_16)
                  0.05    0.14    0.31 ^ clkbuf_2_0__f_clk/X (sky130_fd_sc_hd__clkbuf_16)
    15    0.03                           clknet_2_0__leaf_clk (net)
                  0.05    0.00    0.31 ^ _716_/CLK (sky130_fd_sc_hd__dfrtp_1)
                          0.25    0.56   clock uncertainty
                          0.00    0.56   clock reconvergence pessimism
                          0.32    0.88   library removal time
                                  0.88   data required time
-----------------------------------------------------------------------------
                                  0.88   data required time
                                 -2.43   data arrival time
-----------------------------------------------------------------------------
                                  1.55   slack (MET)


Startpoint: rst (input port clocked by clk)
Endpoint: _720_ (removal check against rising-edge clock clk)
Path Group: asynchronous
Path Type: min

Fanout     Cap    Slew   Delay    Time   Description
-----------------------------------------------------------------------------
                          0.00    0.00   clock clk (rise edge)
                          0.00    0.00   clock network delay (propagated)
                          2.00    2.00 v input external delay
                  0.01    0.00    2.00 v rst (in)
     1    0.00                           rst (net)
                  0.01    0.00    2.00 v input17/A (sky130_fd_sc_hd__clkbuf_1)
                  0.02    0.07    2.07 v input17/X (sky130_fd_sc_hd__clkbuf_1)
     1    0.00                           net17 (net)
                  0.02    0.00    2.07 v _634_/A (sky130_fd_sc_hd__buf_4)
                  0.06    0.15    2.22 v _634_/X (sky130_fd_sc_hd__buf_4)
     9    0.04                           _341_ (net)
                  0.06    0.00    2.22 v _657_/A (sky130_fd_sc_hd__clkbuf_8)
                  0.06    0.17    2.39 v _657_/X (sky130_fd_sc_hd__clkbuf_8)
    10    0.04                           _344_ (net)
                  0.06    0.00    2.39 v _664_/A (sky130_fd_sc_hd__inv_2)
                  0.03    0.05    2.43 ^ _664_/Y (sky130_fd_sc_hd__inv_2)
     1    0.00                           _027_ (net)
                  0.03    0.00    2.43 ^ _720_/RESET_B (sky130_fd_sc_hd__dfrtp_1)
                                  2.43   data arrival time

                          0.00    0.00   clock clk (rise edge)
                          0.00    0.00   clock source latency
                  0.04    0.03    0.03 ^ clk (in)
     1    0.01                           clk (net)
                  0.04    0.00    0.03 ^ clkbuf_0_clk/A (sky130_fd_sc_hd__clkbuf_16)
                  0.05    0.14    0.17 ^ clkbuf_0_clk/X (sky130_fd_sc_hd__clkbuf_16)
     4    0.03                           clknet_0_clk (net)
                  0.05    0.00    0.17 ^ clkbuf_2_0__f_clk/A (sky130_fd_sc_hd__clkbuf_16)
                  0.05    0.14    0.31 ^ clkbuf_2_0__f_clk/X (sky130_fd_sc_hd__clkbuf_16)
    15    0.03                           clknet_2_0__leaf_clk (net)
                  0.05    0.00    0.31 ^ _720_/CLK (sky130_fd_sc_hd__dfrtp_1)
                          0.25    0.56   clock uncertainty
                          0.00    0.56   clock reconvergence pessimism
                          0.32    0.88   library removal time
                                  0.88   data required time
-----------------------------------------------------------------------------
                                  0.88   data required time
                                 -2.43   data arrival time
-----------------------------------------------------------------------------
                                  1.55   slack (MET)


Startpoint: rst (input port clocked by clk)
Endpoint: _721_ (removal check against rising-edge clock clk)
Path Group: asynchronous
Path Type: min

Fanout     Cap    Slew   Delay    Time   Description
-----------------------------------------------------------------------------
                          0.00    0.00   clock clk (rise edge)
                          0.00    0.00   clock network delay (propagated)
                          2.00    2.00 v input external delay
                  0.01    0.00    2.00 v rst (in)
     1    0.00                           rst (net)
                  0.01    0.00    2.00 v input17/A (sky130_fd_sc_hd__clkbuf_1)
                  0.02    0.07    2.07 v input17/X (sky130_fd_sc_hd__clkbuf_1)
     1    0.00                           net17 (net)
                  0.02    0.00    2.07 v _634_/A (sky130_fd_sc_hd__buf_4)
                  0.06    0.15    2.22 v _634_/X (sky130_fd_sc_hd__buf_4)
     9    0.04                           _341_ (net)
                  0.06    0.00    2.22 v _657_/A (sky130_fd_sc_hd__clkbuf_8)
                  0.06    0.17    2.39 v _657_/X (sky130_fd_sc_hd__clkbuf_8)
    10    0.04                           _344_ (net)
                  0.06    0.00    2.39 v _665_/A (sky130_fd_sc_hd__inv_2)
                  0.03    0.05    2.43 ^ _665_/Y (sky130_fd_sc_hd__inv_2)
     1    0.00                           _028_ (net)
                  0.03    0.00    2.43 ^ _721_/RESET_B (sky130_fd_sc_hd__dfrtp_1)
                                  2.43   data arrival time

                          0.00    0.00   clock clk (rise edge)
                          0.00    0.00   clock source latency
                  0.04    0.03    0.03 ^ clk (in)
     1    0.01                           clk (net)
                  0.04    0.00    0.03 ^ clkbuf_0_clk/A (sky130_fd_sc_hd__clkbuf_16)
                  0.05    0.14    0.17 ^ clkbuf_0_clk/X (sky130_fd_sc_hd__clkbuf_16)
     4    0.03                           clknet_0_clk (net)
                  0.05    0.00    0.17 ^ clkbuf_2_0__f_clk/A (sky130_fd_sc_hd__clkbuf_16)
                  0.05    0.14    0.31 ^ clkbuf_2_0__f_clk/X (sky130_fd_sc_hd__clkbuf_16)
    15    0.03                           clknet_2_0__leaf_clk (net)
                  0.05    0.00    0.31 ^ _721_/CLK (sky130_fd_sc_hd__dfrtp_1)
                          0.25    0.56   clock uncertainty
                          0.00    0.56   clock reconvergence pessimism
                          0.32    0.88   library removal time
                                  0.88   data required time
-----------------------------------------------------------------------------
                                  0.88   data required time
                                 -2.43   data arrival time
-----------------------------------------------------------------------------
                                  1.55   slack (MET)


Startpoint: rst (input port clocked by clk)
Endpoint: _722_ (removal check against rising-edge clock clk)
Path Group: asynchronous
Path Type: min

Fanout     Cap    Slew   Delay    Time   Description
-----------------------------------------------------------------------------
                          0.00    0.00   clock clk (rise edge)
                          0.00    0.00   clock network delay (propagated)
                          2.00    2.00 v input external delay
                  0.01    0.00    2.00 v rst (in)
     1    0.00                           rst (net)
                  0.01    0.00    2.00 v input17/A (sky130_fd_sc_hd__clkbuf_1)
                  0.02    0.07    2.07 v input17/X (sky130_fd_sc_hd__clkbuf_1)
     1    0.00                           net17 (net)
                  0.02    0.00    2.07 v _634_/A (sky130_fd_sc_hd__buf_4)
                  0.06    0.15    2.22 v _634_/X (sky130_fd_sc_hd__buf_4)
     9    0.04                           _341_ (net)
                  0.06    0.00    2.22 v _657_/A (sky130_fd_sc_hd__clkbuf_8)
                  0.06    0.17    2.39 v _657_/X (sky130_fd_sc_hd__clkbuf_8)
    10    0.04                           _344_ (net)
                  0.06    0.00    2.39 v _666_/A (sky130_fd_sc_hd__inv_2)
                  0.03    0.05    2.43 ^ _666_/Y (sky130_fd_sc_hd__inv_2)
     1    0.00                           _029_ (net)
                  0.03    0.00    2.43 ^ _722_/RESET_B (sky130_fd_sc_hd__dfrtp_1)
                                  2.43   data arrival time

                          0.00    0.00   clock clk (rise edge)
                          0.00    0.00   clock source latency
                  0.04    0.03    0.03 ^ clk (in)
     1    0.01                           clk (net)
                  0.04    0.00    0.03 ^ clkbuf_0_clk/A (sky130_fd_sc_hd__clkbuf_16)
                  0.05    0.14    0.17 ^ clkbuf_0_clk/X (sky130_fd_sc_hd__clkbuf_16)
     4    0.03                           clknet_0_clk (net)
                  0.05    0.00    0.17 ^ clkbuf_2_0__f_clk/A (sky130_fd_sc_hd__clkbuf_16)
                  0.05    0.14    0.31 ^ clkbuf_2_0__f_clk/X (sky130_fd_sc_hd__clkbuf_16)
    15    0.03                           clknet_2_0__leaf_clk (net)
                  0.05    0.00    0.31 ^ _722_/CLK (sky130_fd_sc_hd__dfrtp_1)
                          0.25    0.56   clock uncertainty
                          0.00    0.56   clock reconvergence pessimism
                          0.32    0.88   library removal time
                                  0.88   data required time
-----------------------------------------------------------------------------
                                  0.88   data required time
                                 -2.43   data arrival time
-----------------------------------------------------------------------------
                                  1.55   slack (MET)


Startpoint: rst (input port clocked by clk)
Endpoint: _733_ (removal check against rising-edge clock clk)
Path Group: asynchronous
Path Type: min

Fanout     Cap    Slew   Delay    Time   Description
-----------------------------------------------------------------------------
                          0.00    0.00   clock clk (rise edge)
                          0.00    0.00   clock network delay (propagated)
                          2.00    2.00 v input external delay
                  0.01    0.00    2.00 v rst (in)
     1    0.00                           rst (net)
                  0.01    0.00    2.00 v input17/A (sky130_fd_sc_hd__clkbuf_1)
                  0.02    0.07    2.07 v input17/X (sky130_fd_sc_hd__clkbuf_1)
     1    0.00                           net17 (net)
                  0.02    0.00    2.07 v _634_/A (sky130_fd_sc_hd__buf_4)
                  0.06    0.15    2.22 v _634_/X (sky130_fd_sc_hd__buf_4)
     9    0.04                           _341_ (net)
                  0.06    0.00    2.22 v _668_/A (sky130_fd_sc_hd__clkbuf_8)
                  0.06    0.17    2.39 v _668_/X (sky130_fd_sc_hd__clkbuf_8)
    10    0.04                           _345_ (net)
                  0.06    0.00    2.39 v _678_/A (sky130_fd_sc_hd__inv_2)
                  0.03    0.05    2.43 ^ _678_/Y (sky130_fd_sc_hd__inv_2)
     1    0.00                           _040_ (net)
                  0.03    0.00    2.43 ^ _733_/RESET_B (sky130_fd_sc_hd__dfrtp_1)
                                  2.43   data arrival time

                          0.00    0.00   clock clk (rise edge)
                          0.00    0.00   clock source latency
                  0.04    0.03    0.03 ^ clk (in)
     1    0.01                           clk (net)
                  0.04    0.00    0.03 ^ clkbuf_0_clk/A (sky130_fd_sc_hd__clkbuf_16)
                  0.05    0.14    0.17 ^ clkbuf_0_clk/X (sky130_fd_sc_hd__clkbuf_16)
     4    0.03                           clknet_0_clk (net)
                  0.05    0.00    0.17 ^ clkbuf_2_0__f_clk/A (sky130_fd_sc_hd__clkbuf_16)
                  0.05    0.14    0.31 ^ clkbuf_2_0__f_clk/X (sky130_fd_sc_hd__clkbuf_16)
    15    0.03                           clknet_2_0__leaf_clk (net)
                  0.05    0.00    0.31 ^ _733_/CLK (sky130_fd_sc_hd__dfrtp_1)
                          0.25    0.56   clock uncertainty
                          0.00    0.56   clock reconvergence pessimism
                          0.32    0.88   library removal time
                                  0.88   data required time
-----------------------------------------------------------------------------
                                  0.88   data required time
                                 -2.43   data arrival time
-----------------------------------------------------------------------------
                                  1.55   slack (MET)


Startpoint: rst (input port clocked by clk)
Endpoint: _734_ (removal check against rising-edge clock clk)
Path Group: asynchronous
Path Type: min

Fanout     Cap    Slew   Delay    Time   Description
-----------------------------------------------------------------------------
                          0.00    0.00   clock clk (rise edge)
                          0.00    0.00   clock network delay (propagated)
                          2.00    2.00 v input external delay
                  0.01    0.00    2.00 v rst (in)
     1    0.00                           rst (net)
                  0.01    0.00    2.00 v input17/A (sky130_fd_sc_hd__clkbuf_1)
                  0.02    0.07    2.07 v input17/X (sky130_fd_sc_hd__clkbuf_1)
     1    0.00                           net17 (net)
                  0.02    0.00    2.07 v _634_/A (sky130_fd_sc_hd__buf_4)
                  0.06    0.15    2.22 v _634_/X (sky130_fd_sc_hd__buf_4)
     9    0.04                           _341_ (net)
                  0.06    0.00    2.22 v _679_/A (sky130_fd_sc_hd__clkbuf_8)
                  0.06    0.17    2.39 v _679_/X (sky130_fd_sc_hd__clkbuf_8)
    10    0.04                           _346_ (net)
                  0.06    0.00    2.39 v _680_/A (sky130_fd_sc_hd__inv_2)
                  0.03    0.05    2.43 ^ _680_/Y (sky130_fd_sc_hd__inv_2)
     1    0.00                           _041_ (net)
                  0.03    0.00    2.43 ^ _734_/RESET_B (sky130_fd_sc_hd__dfrtp_1)
                                  2.43   data arrival time

                          0.00    0.00   clock clk (rise edge)
                          0.00    0.00   clock source latency
                  0.04    0.03    0.03 ^ clk (in)
     1    0.01                           clk (net)
                  0.04    0.00    0.03 ^ clkbuf_0_clk/A (sky130_fd_sc_hd__clkbuf_16)
                  0.05    0.14    0.17 ^ clkbuf_0_clk/X (sky130_fd_sc_hd__clkbuf_16)
     4    0.03                           clknet_0_clk (net)
                  0.05    0.00    0.17 ^ clkbuf_2_0__f_clk/A (sky130_fd_sc_hd__clkbuf_16)
                  0.05    0.14    0.31 ^ clkbuf_2_0__f_clk/X (sky130_fd_sc_hd__clkbuf_16)
    15    0.03                           clknet_2_0__leaf_clk (net)
                  0.05    0.00    0.31 ^ _734_/CLK (sky130_fd_sc_hd__dfrtp_1)
                          0.25    0.56   clock uncertainty
                          0.00    0.56   clock reconvergence pessimism
                          0.32    0.88   library removal time
                                  0.88   data required time
-----------------------------------------------------------------------------
                                  0.88   data required time
                                 -2.43   data arrival time
-----------------------------------------------------------------------------
                                  1.55   slack (MET)


Startpoint: rst (input port clocked by clk)
Endpoint: _735_ (removal check against rising-edge clock clk)
Path Group: asynchronous
Path Type: min

Fanout     Cap    Slew   Delay    Time   Description
-----------------------------------------------------------------------------
                          0.00    0.00   clock clk (rise edge)
                          0.00    0.00   clock network delay (propagated)
                          2.00    2.00 v input external delay
                  0.01    0.00    2.00 v rst (in)
     1    0.00                           rst (net)
                  0.01    0.00    2.00 v input17/A (sky130_fd_sc_hd__clkbuf_1)
                  0.02    0.07    2.07 v input17/X (sky130_fd_sc_hd__clkbuf_1)
     1    0.00                           net17 (net)
                  0.02    0.00    2.07 v _634_/A (sky130_fd_sc_hd__buf_4)
                  0.06    0.15    2.22 v _634_/X (sky130_fd_sc_hd__buf_4)
     9    0.04                           _341_ (net)
                  0.06    0.00    2.22 v _679_/A (sky130_fd_sc_hd__clkbuf_8)
                  0.06    0.17    2.39 v _679_/X (sky130_fd_sc_hd__clkbuf_8)
    10    0.04                           _346_ (net)
                  0.06    0.00    2.39 v _681_/A (sky130_fd_sc_hd__inv_2)
                  0.03    0.05    2.43 ^ _681_/Y (sky130_fd_sc_hd__inv_2)
     1    0.00                           _042_ (net)
                  0.03    0.00    2.43 ^ _735_/RESET_B (sky130_fd_sc_hd__dfrtp_1)
                                  2.43   data arrival time

                          0.00    0.00   clock clk (rise edge)
                          0.00    0.00   clock source latency
                  0.04    0.03    0.03 ^ clk (in)
     1    0.01                           clk (net)
                  0.04    0.00    0.03 ^ clkbuf_0_clk/A (sky130_fd_sc_hd__clkbuf_16)
                  0.05    0.14    0.17 ^ clkbuf_0_clk/X (sky130_fd_sc_hd__clkbuf_16)
     4    0.03                           clknet_0_clk (net)
                  0.05    0.00    0.17 ^ clkbuf_2_0__f_clk/A (sky130_fd_sc_hd__clkbuf_16)
                  0.05    0.14    0.31 ^ clkbuf_2_0__f_clk/X (sky130_fd_sc_hd__clkbuf_16)
    15    0.03                           clknet_2_0__leaf_clk (net)
                  0.05    0.00    0.31 ^ _735_/CLK (sky130_fd_sc_hd__dfrtp_1)
                          0.25    0.56   clock uncertainty
                          0.00    0.56   clock reconvergence pessimism
                          0.32    0.88   library removal time
                                  0.88   data required time
-----------------------------------------------------------------------------
                                  0.88   data required time
                                 -2.43   data arrival time
-----------------------------------------------------------------------------
                                  1.55   slack (MET)


Startpoint: rst (input port clocked by clk)
Endpoint: _736_ (removal check against rising-edge clock clk)
Path Group: asynchronous
Path Type: min

Fanout     Cap    Slew   Delay    Time   Description
-----------------------------------------------------------------------------
                          0.00    0.00   clock clk (rise edge)
                          0.00    0.00   clock network delay (propagated)
                          2.00    2.00 v input external delay
                  0.01    0.00    2.00 v rst (in)
     1    0.00                           rst (net)
                  0.01    0.00    2.00 v input17/A (sky130_fd_sc_hd__clkbuf_1)
                  0.02    0.07    2.07 v input17/X (sky130_fd_sc_hd__clkbuf_1)
     1    0.00                           net17 (net)
                  0.02    0.00    2.07 v _634_/A (sky130_fd_sc_hd__buf_4)
                  0.06    0.15    2.22 v _634_/X (sky130_fd_sc_hd__buf_4)
     9    0.04                           _341_ (net)
                  0.06    0.00    2.22 v _679_/A (sky130_fd_sc_hd__clkbuf_8)
                  0.06    0.17    2.39 v _679_/X (sky130_fd_sc_hd__clkbuf_8)
    10    0.04                           _346_ (net)
                  0.06    0.00    2.39 v _682_/A (sky130_fd_sc_hd__inv_2)
                  0.03    0.05    2.43 ^ _682_/Y (sky130_fd_sc_hd__inv_2)
     1    0.00                           _043_ (net)
                  0.03    0.00    2.43 ^ _736_/RESET_B (sky130_fd_sc_hd__dfrtp_2)
                                  2.43   data arrival time

                          0.00    0.00   clock clk (rise edge)
                          0.00    0.00   clock source latency
                  0.04    0.03    0.03 ^ clk (in)
     1    0.01                           clk (net)
                  0.04    0.00    0.03 ^ clkbuf_0_clk/A (sky130_fd_sc_hd__clkbuf_16)
                  0.05    0.14    0.17 ^ clkbuf_0_clk/X (sky130_fd_sc_hd__clkbuf_16)
     4    0.03                           clknet_0_clk (net)
                  0.05    0.00    0.17 ^ clkbuf_2_1__f_clk/A (sky130_fd_sc_hd__clkbuf_16)
                  0.05    0.14    0.31 ^ clkbuf_2_1__f_clk/X (sky130_fd_sc_hd__clkbuf_16)
    14    0.03                           clknet_2_1__leaf_clk (net)
                  0.05    0.00    0.31 ^ _736_/CLK (sky130_fd_sc_hd__dfrtp_2)
                          0.25    0.56   clock uncertainty
                          0.00    0.56   clock reconvergence pessimism
                          0.32    0.88   library removal time
                                  0.88   data required time
-----------------------------------------------------------------------------
                                  0.88   data required time
                                 -2.43   data arrival time
-----------------------------------------------------------------------------
                                  1.55   slack (MET)


Startpoint: rst (input port clocked by clk)
Endpoint: _737_ (removal check against rising-edge clock clk)
Path Group: asynchronous
Path Type: min

Fanout     Cap    Slew   Delay    Time   Description
-----------------------------------------------------------------------------
                          0.00    0.00   clock clk (rise edge)
                          0.00    0.00   clock network delay (propagated)
                          2.00    2.00 v input external delay
                  0.01    0.00    2.00 v rst (in)
     1    0.00                           rst (net)
                  0.01    0.00    2.00 v input17/A (sky130_fd_sc_hd__clkbuf_1)
                  0.02    0.07    2.07 v input17/X (sky130_fd_sc_hd__clkbuf_1)
     1    0.00                           net17 (net)
                  0.02    0.00    2.07 v _634_/A (sky130_fd_sc_hd__buf_4)
                  0.06    0.15    2.22 v _634_/X (sky130_fd_sc_hd__buf_4)
     9    0.04                           _341_ (net)
                  0.06    0.00    2.22 v _679_/A (sky130_fd_sc_hd__clkbuf_8)
                  0.06    0.17    2.39 v _679_/X (sky130_fd_sc_hd__clkbuf_8)
    10    0.04                           _346_ (net)
                  0.06    0.00    2.39 v _683_/A (sky130_fd_sc_hd__inv_2)
                  0.03    0.05    2.43 ^ _683_/Y (sky130_fd_sc_hd__inv_2)
     1    0.00                           _044_ (net)
                  0.03    0.00    2.43 ^ _737_/RESET_B (sky130_fd_sc_hd__dfrtp_2)
                                  2.43   data arrival time

                          0.00    0.00   clock clk (rise edge)
                          0.00    0.00   clock source latency
                  0.04    0.03    0.03 ^ clk (in)
     1    0.01                           clk (net)
                  0.04    0.00    0.03 ^ clkbuf_0_clk/A (sky130_fd_sc_hd__clkbuf_16)
                  0.05    0.14    0.17 ^ clkbuf_0_clk/X (sky130_fd_sc_hd__clkbuf_16)
     4    0.03                           clknet_0_clk (net)
                  0.05    0.00    0.17 ^ clkbuf_2_1__f_clk/A (sky130_fd_sc_hd__clkbuf_16)
                  0.05    0.14    0.31 ^ clkbuf_2_1__f_clk/X (sky130_fd_sc_hd__clkbuf_16)
    14    0.03                           clknet_2_1__leaf_clk (net)
                  0.05    0.00    0.31 ^ _737_/CLK (sky130_fd_sc_hd__dfrtp_2)
                          0.25    0.56   clock uncertainty
                          0.00    0.56   clock reconvergence pessimism
                          0.32    0.88   library removal time
                                  0.88   data required time
-----------------------------------------------------------------------------
                                  0.88   data required time
                                 -2.43   data arrival time
-----------------------------------------------------------------------------
                                  1.55   slack (MET)


Startpoint: rst (input port clocked by clk)
Endpoint: _738_ (removal check against rising-edge clock clk)
Path Group: asynchronous
Path Type: min

Fanout     Cap    Slew   Delay    Time   Description
-----------------------------------------------------------------------------
                          0.00    0.00   clock clk (rise edge)
                          0.00    0.00   clock network delay (propagated)
                          2.00    2.00 v input external delay
                  0.01    0.00    2.00 v rst (in)
     1    0.00                           rst (net)
                  0.01    0.00    2.00 v input17/A (sky130_fd_sc_hd__clkbuf_1)
                  0.02    0.07    2.07 v input17/X (sky130_fd_sc_hd__clkbuf_1)
     1    0.00                           net17 (net)
                  0.02    0.00    2.07 v _634_/A (sky130_fd_sc_hd__buf_4)
                  0.06    0.15    2.22 v _634_/X (sky130_fd_sc_hd__buf_4)
     9    0.04                           _341_ (net)
                  0.06    0.00    2.22 v _679_/A (sky130_fd_sc_hd__clkbuf_8)
                  0.06    0.17    2.39 v _679_/X (sky130_fd_sc_hd__clkbuf_8)
    10    0.04                           _346_ (net)
                  0.06    0.00    2.39 v _684_/A (sky130_fd_sc_hd__inv_2)
                  0.03    0.05    2.43 ^ _684_/Y (sky130_fd_sc_hd__inv_2)
     1    0.00                           _045_ (net)
                  0.03    0.00    2.43 ^ _738_/RESET_B (sky130_fd_sc_hd__dfrtp_2)
                                  2.43   data arrival time

                          0.00    0.00   clock clk (rise edge)
                          0.00    0.00   clock source latency
                  0.04    0.03    0.03 ^ clk (in)
     1    0.01                           clk (net)
                  0.04    0.00    0.03 ^ clkbuf_0_clk/A (sky130_fd_sc_hd__clkbuf_16)
                  0.05    0.14    0.17 ^ clkbuf_0_clk/X (sky130_fd_sc_hd__clkbuf_16)
     4    0.03                           clknet_0_clk (net)
                  0.05    0.00    0.17 ^ clkbuf_2_1__f_clk/A (sky130_fd_sc_hd__clkbuf_16)
                  0.05    0.14    0.31 ^ clkbuf_2_1__f_clk/X (sky130_fd_sc_hd__clkbuf_16)
    14    0.03                           clknet_2_1__leaf_clk (net)
                  0.05    0.00    0.31 ^ _738_/CLK (sky130_fd_sc_hd__dfrtp_2)
                          0.25    0.56   clock uncertainty
                          0.00    0.56   clock reconvergence pessimism
                          0.32    0.88   library removal time
                                  0.88   data required time
-----------------------------------------------------------------------------
                                  0.88   data required time
                                 -2.43   data arrival time
-----------------------------------------------------------------------------
                                  1.55   slack (MET)


Startpoint: rst (input port clocked by clk)
Endpoint: _699_ (removal check against rising-edge clock clk)
Path Group: asynchronous
Path Type: min

Fanout     Cap    Slew   Delay    Time   Description
-----------------------------------------------------------------------------
                          0.00    0.00   clock clk (rise edge)
                          0.00    0.00   clock network delay (propagated)
                          2.00    2.00 v input external delay
                  0.01    0.00    2.00 v rst (in)
     1    0.00                           rst (net)
                  0.01    0.00    2.00 v input17/A (sky130_fd_sc_hd__clkbuf_1)
                  0.02    0.07    2.07 v input17/X (sky130_fd_sc_hd__clkbuf_1)
     1    0.00                           net17 (net)
                  0.02    0.00    2.07 v _634_/A (sky130_fd_sc_hd__buf_4)
                  0.06    0.15    2.22 v _634_/X (sky130_fd_sc_hd__buf_4)
     9    0.04                           _341_ (net)
                  0.06    0.00    2.22 v _635_/A (sky130_fd_sc_hd__clkbuf_8)
                  0.06    0.17    2.39 v _635_/X (sky130_fd_sc_hd__clkbuf_8)
    10    0.04                           _342_ (net)
                  0.06    0.00    2.39 v _641_/A (sky130_fd_sc_hd__inv_2)
                  0.03    0.05    2.43 ^ _641_/Y (sky130_fd_sc_hd__inv_2)
     1    0.00                           _006_ (net)
                  0.03    0.00    2.43 ^ _699_/RESET_B (sky130_fd_sc_hd__dfrtp_4)
                                  2.43   data arrival time

                          0.00    0.00   clock clk (rise edge)
                          0.00    0.00   clock source latency
                  0.04    0.03    0.03 ^ clk (in)
     1    0.01                           clk (net)
                  0.04    0.00    0.03 ^ clkbuf_0_clk/A (sky130_fd_sc_hd__clkbuf_16)
                  0.05    0.14    0.17 ^ clkbuf_0_clk/X (sky130_fd_sc_hd__clkbuf_16)
     4    0.03                           clknet_0_clk (net)
                  0.05    0.00    0.17 ^ clkbuf_2_1__f_clk/A (sky130_fd_sc_hd__clkbuf_16)
                  0.05    0.14    0.31 ^ clkbuf_2_1__f_clk/X (sky130_fd_sc_hd__clkbuf_16)
    14    0.03                           clknet_2_1__leaf_clk (net)
                  0.05    0.00    0.31 ^ _699_/CLK (sky130_fd_sc_hd__dfrtp_4)
                          0.25    0.56   clock uncertainty
                          0.00    0.56   clock reconvergence pessimism
                          0.32    0.88   library removal time
                                  0.88   data required time
-----------------------------------------------------------------------------
                                  0.88   data required time
                                 -2.43   data arrival time
-----------------------------------------------------------------------------
                                  1.55   slack (MET)


Startpoint: rst (input port clocked by clk)
Endpoint: _731_ (removal check against rising-edge clock clk)
Path Group: asynchronous
Path Type: min

Fanout     Cap    Slew   Delay    Time   Description
-----------------------------------------------------------------------------
                          0.00    0.00   clock clk (rise edge)
                          0.00    0.00   clock network delay (propagated)
                          2.00    2.00 v input external delay
                  0.01    0.00    2.00 v rst (in)
     1    0.00                           rst (net)
                  0.01    0.00    2.00 v input17/A (sky130_fd_sc_hd__clkbuf_1)
                  0.02    0.07    2.07 v input17/X (sky130_fd_sc_hd__clkbuf_1)
     1    0.00                           net17 (net)
                  0.02    0.00    2.07 v _634_/A (sky130_fd_sc_hd__buf_4)
                  0.06    0.15    2.22 v _634_/X (sky130_fd_sc_hd__buf_4)
     9    0.04                           _341_ (net)
                  0.06    0.00    2.22 v _668_/A (sky130_fd_sc_hd__clkbuf_8)
                  0.06    0.17    2.39 v _668_/X (sky130_fd_sc_hd__clkbuf_8)
    10    0.04                           _345_ (net)
                  0.06    0.00    2.39 v _676_/A (sky130_fd_sc_hd__inv_2)
                  0.03    0.05    2.43 ^ _676_/Y (sky130_fd_sc_hd__inv_2)
     1    0.00                           _038_ (net)
                  0.03    0.00    2.43 ^ _731_/RESET_B (sky130_fd_sc_hd__dfrtp_4)
                                  2.43   data arrival time

                          0.00    0.00   clock clk (rise edge)
                          0.00    0.00   clock source latency
                  0.04    0.03    0.03 ^ clk (in)
     1    0.01                           clk (net)
                  0.04    0.00    0.03 ^ clkbuf_0_clk/A (sky130_fd_sc_hd__clkbuf_16)
                  0.05    0.14    0.17 ^ clkbuf_0_clk/X (sky130_fd_sc_hd__clkbuf_16)
     4    0.03                           clknet_0_clk (net)
                  0.05    0.00    0.17 ^ clkbuf_2_1__f_clk/A (sky130_fd_sc_hd__clkbuf_16)
                  0.05    0.14    0.31 ^ clkbuf_2_1__f_clk/X (sky130_fd_sc_hd__clkbuf_16)
    14    0.03                           clknet_2_1__leaf_clk (net)
                  0.05    0.00    0.31 ^ _731_/CLK (sky130_fd_sc_hd__dfrtp_4)
                          0.25    0.56   clock uncertainty
                          0.00    0.56   clock reconvergence pessimism
                          0.32    0.88   library removal time
                                  0.88   data required time
-----------------------------------------------------------------------------
                                  0.88   data required time
                                 -2.43   data arrival time
-----------------------------------------------------------------------------
                                  1.55   slack (MET)


Startpoint: rst (input port clocked by clk)
Endpoint: _694_ (removal check against rising-edge clock clk)
Path Group: asynchronous
Path Type: min

Fanout     Cap    Slew   Delay    Time   Description
-----------------------------------------------------------------------------
                          0.00    0.00   clock clk (rise edge)
                          0.00    0.00   clock network delay (propagated)
                          2.00    2.00 v input external delay
                  0.01    0.00    2.00 v rst (in)
     1    0.00                           rst (net)
                  0.01    0.00    2.00 v input17/A (sky130_fd_sc_hd__clkbuf_1)
                  0.02    0.07    2.07 v input17/X (sky130_fd_sc_hd__clkbuf_1)
     1    0.00                           net17 (net)
                  0.02    0.00    2.07 v _634_/A (sky130_fd_sc_hd__buf_4)
                  0.06    0.15    2.22 v _634_/X (sky130_fd_sc_hd__buf_4)
     9    0.04                           _341_ (net)
                  0.06    0.00    2.22 v _635_/A (sky130_fd_sc_hd__clkbuf_8)
                  0.06    0.17    2.39 v _635_/X (sky130_fd_sc_hd__clkbuf_8)
    10    0.04                           _342_ (net)
                  0.06    0.00    2.39 v _636_/A (sky130_fd_sc_hd__inv_2)
                  0.03    0.05    2.43 ^ _636_/Y (sky130_fd_sc_hd__inv_2)
     1    0.00                           _001_ (net)
                  0.03    0.00    2.43 ^ _694_/RESET_B (sky130_fd_sc_hd__dfrtp_1)
                                  2.43   data arrival time

                          0.00    0.00   clock clk (rise edge)
                          0.00    0.00   clock source latency
                  0.04    0.03    0.03 ^ clk (in)
     1    0.01                           clk (net)
                  0.04    0.00    0.03 ^ clkbuf_0_clk/A (sky130_fd_sc_hd__clkbuf_16)
                  0.05    0.14    0.17 ^ clkbuf_0_clk/X (sky130_fd_sc_hd__clkbuf_16)
     4    0.03                           clknet_0_clk (net)
                  0.05    0.00    0.17 ^ clkbuf_2_1__f_clk/A (sky130_fd_sc_hd__clkbuf_16)
                  0.05    0.14    0.31 ^ clkbuf_2_1__f_clk/X (sky130_fd_sc_hd__clkbuf_16)
    14    0.03                           clknet_2_1__leaf_clk (net)
                  0.05    0.00    0.31 ^ _694_/CLK (sky130_fd_sc_hd__dfrtp_1)
                          0.25    0.56   clock uncertainty
                          0.00    0.56   clock reconvergence pessimism
                          0.32    0.88   library removal time
                                  0.88   data required time
-----------------------------------------------------------------------------
                                  0.88   data required time
                                 -2.43   data arrival time
-----------------------------------------------------------------------------
                                  1.55   slack (MET)


Startpoint: rst (input port clocked by clk)
Endpoint: _695_ (removal check against rising-edge clock clk)
Path Group: asynchronous
Path Type: min

Fanout     Cap    Slew   Delay    Time   Description
-----------------------------------------------------------------------------
                          0.00    0.00   clock clk (rise edge)
                          0.00    0.00   clock network delay (propagated)
                          2.00    2.00 v input external delay
                  0.01    0.00    2.00 v rst (in)
     1    0.00                           rst (net)
                  0.01    0.00    2.00 v input17/A (sky130_fd_sc_hd__clkbuf_1)
                  0.02    0.07    2.07 v input17/X (sky130_fd_sc_hd__clkbuf_1)
     1    0.00                           net17 (net)
                  0.02    0.00    2.07 v _634_/A (sky130_fd_sc_hd__buf_4)
                  0.06    0.15    2.22 v _634_/X (sky130_fd_sc_hd__buf_4)
     9    0.04                           _341_ (net)
                  0.06    0.00    2.22 v _635_/A (sky130_fd_sc_hd__clkbuf_8)
                  0.06    0.17    2.39 v _635_/X (sky130_fd_sc_hd__clkbuf_8)
    10    0.04                           _342_ (net)
                  0.06    0.00    2.39 v _637_/A (sky130_fd_sc_hd__inv_2)
                  0.03    0.05    2.43 ^ _637_/Y (sky130_fd_sc_hd__inv_2)
     1    0.00                           _002_ (net)
                  0.03    0.00    2.43 ^ _695_/RESET_B (sky130_fd_sc_hd__dfrtp_1)
                                  2.43   data arrival time

                          0.00    0.00   clock clk (rise edge)
                          0.00    0.00   clock source latency
                  0.04    0.03    0.03 ^ clk (in)
     1    0.01                           clk (net)
                  0.04    0.00    0.03 ^ clkbuf_0_clk/A (sky130_fd_sc_hd__clkbuf_16)
                  0.05    0.14    0.17 ^ clkbuf_0_clk/X (sky130_fd_sc_hd__clkbuf_16)
     4    0.03                           clknet_0_clk (net)
                  0.05    0.00    0.17 ^ clkbuf_2_1__f_clk/A (sky130_fd_sc_hd__clkbuf_16)
                  0.05    0.14    0.31 ^ clkbuf_2_1__f_clk/X (sky130_fd_sc_hd__clkbuf_16)
    14    0.03                           clknet_2_1__leaf_clk (net)
                  0.05    0.00    0.31 ^ _695_/CLK (sky130_fd_sc_hd__dfrtp_1)
                          0.25    0.56   clock uncertainty
                          0.00    0.56   clock reconvergence pessimism
                          0.32    0.88   library removal time
                                  0.88   data required time
-----------------------------------------------------------------------------
                                  0.88   data required time
                                 -2.43   data arrival time
-----------------------------------------------------------------------------
                                  1.55   slack (MET)


Startpoint: rst (input port clocked by clk)
Endpoint: _703_ (removal check against rising-edge clock clk)
Path Group: asynchronous
Path Type: min

Fanout     Cap    Slew   Delay    Time   Description
-----------------------------------------------------------------------------
                          0.00    0.00   clock clk (rise edge)
                          0.00    0.00   clock network delay (propagated)
                          2.00    2.00 v input external delay
                  0.01    0.00    2.00 v rst (in)
     1    0.00                           rst (net)
                  0.01    0.00    2.00 v input17/A (sky130_fd_sc_hd__clkbuf_1)
                  0.02    0.07    2.07 v input17/X (sky130_fd_sc_hd__clkbuf_1)
     1    0.00                           net17 (net)
                  0.02    0.00    2.07 v _634_/A (sky130_fd_sc_hd__buf_4)
                  0.06    0.15    2.22 v _634_/X (sky130_fd_sc_hd__buf_4)
     9    0.04                           _341_ (net)
                  0.06    0.00    2.22 v _635_/A (sky130_fd_sc_hd__clkbuf_8)
                  0.06    0.17    2.39 v _635_/X (sky130_fd_sc_hd__clkbuf_8)
    10    0.04                           _342_ (net)
                  0.06    0.00    2.39 v _645_/A (sky130_fd_sc_hd__inv_2)
                  0.03    0.05    2.43 ^ _645_/Y (sky130_fd_sc_hd__inv_2)
     1    0.00                           _010_ (net)
                  0.03    0.00    2.43 ^ _703_/RESET_B (sky130_fd_sc_hd__dfrtp_1)
                                  2.43   data arrival time

                          0.00    0.00   clock clk (rise edge)
                          0.00    0.00   clock source latency
                  0.04    0.03    0.03 ^ clk (in)
     1    0.01                           clk (net)
                  0.04    0.00    0.03 ^ clkbuf_0_clk/A (sky130_fd_sc_hd__clkbuf_16)
                  0.05    0.14    0.17 ^ clkbuf_0_clk/X (sky130_fd_sc_hd__clkbuf_16)
     4    0.03                           clknet_0_clk (net)
                  0.05    0.00    0.17 ^ clkbuf_2_1__f_clk/A (sky130_fd_sc_hd__clkbuf_16)
                  0.05    0.14    0.31 ^ clkbuf_2_1__f_clk/X (sky130_fd_sc_hd__clkbuf_16)
    14    0.03                           clknet_2_1__leaf_clk (net)
                  0.05    0.00    0.31 ^ _703_/CLK (sky130_fd_sc_hd__dfrtp_1)
                          0.25    0.56   clock uncertainty
                          0.00    0.56   clock reconvergence pessimism
                          0.32    0.88   library removal time
                                  0.88   data required time
-----------------------------------------------------------------------------
                                  0.88   data required time
                                 -2.43   data arrival time
-----------------------------------------------------------------------------
                                  1.55   slack (MET)


Startpoint: rst (input port clocked by clk)
Endpoint: _706_ (removal check against rising-edge clock clk)
Path Group: asynchronous
Path Type: min

Fanout     Cap    Slew   Delay    Time   Description
-----------------------------------------------------------------------------
                          0.00    0.00   clock clk (rise edge)
                          0.00    0.00   clock network delay (propagated)
                          2.00    2.00 v input external delay
                  0.01    0.00    2.00 v rst (in)
     1    0.00                           rst (net)
                  0.01    0.00    2.00 v input17/A (sky130_fd_sc_hd__clkbuf_1)
                  0.02    0.07    2.07 v input17/X (sky130_fd_sc_hd__clkbuf_1)
     1    0.00                           net17 (net)
                  0.02    0.00    2.07 v _634_/A (sky130_fd_sc_hd__buf_4)
                  0.06    0.15    2.22 v _634_/X (sky130_fd_sc_hd__buf_4)
     9    0.04                           _341_ (net)
                  0.06    0.00    2.22 v _646_/A (sky130_fd_sc_hd__clkbuf_8)
                  0.06    0.17    2.39 v _646_/X (sky130_fd_sc_hd__clkbuf_8)
    10    0.04                           _343_ (net)
                  0.06    0.00    2.39 v _649_/A (sky130_fd_sc_hd__inv_2)
                  0.03    0.05    2.43 ^ _649_/Y (sky130_fd_sc_hd__inv_2)
     1    0.00                           _013_ (net)
                  0.03    0.00    2.43 ^ _706_/RESET_B (sky130_fd_sc_hd__dfrtp_1)
                                  2.43   data arrival time

                          0.00    0.00   clock clk (rise edge)
                          0.00    0.00   clock source latency
                  0.04    0.03    0.03 ^ clk (in)
     1    0.01                           clk (net)
                  0.04    0.00    0.03 ^ clkbuf_0_clk/A (sky130_fd_sc_hd__clkbuf_16)
                  0.05    0.14    0.17 ^ clkbuf_0_clk/X (sky130_fd_sc_hd__clkbuf_16)
     4    0.03                           clknet_0_clk (net)
                  0.05    0.00    0.17 ^ clkbuf_2_1__f_clk/A (sky130_fd_sc_hd__clkbuf_16)
                  0.05    0.14    0.31 ^ clkbuf_2_1__f_clk/X (sky130_fd_sc_hd__clkbuf_16)
    14    0.03                           clknet_2_1__leaf_clk (net)
                  0.05    0.00    0.31 ^ _706_/CLK (sky130_fd_sc_hd__dfrtp_1)
                          0.25    0.56   clock uncertainty
                          0.00    0.56   clock reconvergence pessimism
                          0.32    0.88   library removal time
                                  0.88   data required time
-----------------------------------------------------------------------------
                                  0.88   data required time
                                 -2.43   data arrival time
-----------------------------------------------------------------------------
                                  1.55   slack (MET)


Startpoint: rst (input port clocked by clk)
Endpoint: _709_ (removal check against rising-edge clock clk)
Path Group: asynchronous
Path Type: min

Fanout     Cap    Slew   Delay    Time   Description
-----------------------------------------------------------------------------
                          0.00    0.00   clock clk (rise edge)
                          0.00    0.00   clock network delay (propagated)
                          2.00    2.00 v input external delay
                  0.01    0.00    2.00 v rst (in)
     1    0.00                           rst (net)
                  0.01    0.00    2.00 v input17/A (sky130_fd_sc_hd__clkbuf_1)
                  0.02    0.07    2.07 v input17/X (sky130_fd_sc_hd__clkbuf_1)
     1    0.00                           net17 (net)
                  0.02    0.00    2.07 v _634_/A (sky130_fd_sc_hd__buf_4)
                  0.06    0.15    2.22 v _634_/X (sky130_fd_sc_hd__buf_4)
     9    0.04                           _341_ (net)
                  0.06    0.00    2.22 v _646_/A (sky130_fd_sc_hd__clkbuf_8)
                  0.06    0.17    2.39 v _646_/X (sky130_fd_sc_hd__clkbuf_8)
    10    0.04                           _343_ (net)
                  0.06    0.00    2.39 v _652_/A (sky130_fd_sc_hd__inv_2)
                  0.03    0.05    2.43 ^ _652_/Y (sky130_fd_sc_hd__inv_2)
     1    0.00                           _016_ (net)
                  0.03    0.00    2.43 ^ _709_/RESET_B (sky130_fd_sc_hd__dfrtp_1)
                                  2.43   data arrival time

                          0.00    0.00   clock clk (rise edge)
                          0.00    0.00   clock source latency
                  0.04    0.03    0.03 ^ clk (in)
     1    0.01                           clk (net)
                  0.04    0.00    0.03 ^ clkbuf_0_clk/A (sky130_fd_sc_hd__clkbuf_16)
                  0.05    0.14    0.17 ^ clkbuf_0_clk/X (sky130_fd_sc_hd__clkbuf_16)
     4    0.03                           clknet_0_clk (net)
                  0.05    0.00    0.17 ^ clkbuf_2_1__f_clk/A (sky130_fd_sc_hd__clkbuf_16)
                  0.05    0.14    0.31 ^ clkbuf_2_1__f_clk/X (sky130_fd_sc_hd__clkbuf_16)
    14    0.03                           clknet_2_1__leaf_clk (net)
                  0.05    0.00    0.31 ^ _709_/CLK (sky130_fd_sc_hd__dfrtp_1)
                          0.25    0.56   clock uncertainty
                          0.00    0.56   clock reconvergence pessimism
                          0.32    0.88   library removal time
                                  0.88   data required time
-----------------------------------------------------------------------------
                                  0.88   data required time
                                 -2.43   data arrival time
-----------------------------------------------------------------------------
                                  1.55   slack (MET)


Startpoint: rst (input port clocked by clk)
Endpoint: _712_ (removal check against rising-edge clock clk)
Path Group: asynchronous
Path Type: min

Fanout     Cap    Slew   Delay    Time   Description
-----------------------------------------------------------------------------
                          0.00    0.00   clock clk (rise edge)
                          0.00    0.00   clock network delay (propagated)
                          2.00    2.00 v input external delay
                  0.01    0.00    2.00 v rst (in)
     1    0.00                           rst (net)
                  0.01    0.00    2.00 v input17/A (sky130_fd_sc_hd__clkbuf_1)
                  0.02    0.07    2.07 v input17/X (sky130_fd_sc_hd__clkbuf_1)
     1    0.00                           net17 (net)
                  0.02    0.00    2.07 v _634_/A (sky130_fd_sc_hd__buf_4)
                  0.06    0.15    2.22 v _634_/X (sky130_fd_sc_hd__buf_4)
     9    0.04                           _341_ (net)
                  0.06    0.00    2.22 v _646_/A (sky130_fd_sc_hd__clkbuf_8)
                  0.06    0.17    2.39 v _646_/X (sky130_fd_sc_hd__clkbuf_8)
    10    0.04                           _343_ (net)
                  0.06    0.00    2.39 v _655_/A (sky130_fd_sc_hd__inv_2)
                  0.03    0.05    2.43 ^ _655_/Y (sky130_fd_sc_hd__inv_2)
     1    0.00                           _019_ (net)
                  0.03    0.00    2.43 ^ _712_/RESET_B (sky130_fd_sc_hd__dfrtp_1)
                                  2.43   data arrival time

                          0.00    0.00   clock clk (rise edge)
                          0.00    0.00   clock source latency
                  0.04    0.03    0.03 ^ clk (in)
     1    0.01                           clk (net)
                  0.04    0.00    0.03 ^ clkbuf_0_clk/A (sky130_fd_sc_hd__clkbuf_16)
                  0.05    0.14    0.17 ^ clkbuf_0_clk/X (sky130_fd_sc_hd__clkbuf_16)
     4    0.03                           clknet_0_clk (net)
                  0.05    0.00    0.17 ^ clkbuf_2_1__f_clk/A (sky130_fd_sc_hd__clkbuf_16)
                  0.05    0.14    0.31 ^ clkbuf_2_1__f_clk/X (sky130_fd_sc_hd__clkbuf_16)
    14    0.03                           clknet_2_1__leaf_clk (net)
                  0.05    0.00    0.31 ^ _712_/CLK (sky130_fd_sc_hd__dfrtp_1)
                          0.25    0.56   clock uncertainty
                          0.00    0.56   clock reconvergence pessimism
                          0.32    0.88   library removal time
                                  0.88   data required time
-----------------------------------------------------------------------------
                                  0.88   data required time
                                 -2.43   data arrival time
-----------------------------------------------------------------------------
                                  1.55   slack (MET)


Startpoint: rst (input port clocked by clk)
Endpoint: _714_ (removal check against rising-edge clock clk)
Path Group: asynchronous
Path Type: min

Fanout     Cap    Slew   Delay    Time   Description
-----------------------------------------------------------------------------
                          0.00    0.00   clock clk (rise edge)
                          0.00    0.00   clock network delay (propagated)
                          2.00    2.00 v input external delay
                  0.01    0.00    2.00 v rst (in)
     1    0.00                           rst (net)
                  0.01    0.00    2.00 v input17/A (sky130_fd_sc_hd__clkbuf_1)
                  0.02    0.07    2.07 v input17/X (sky130_fd_sc_hd__clkbuf_1)
     1    0.00                           net17 (net)
                  0.02    0.00    2.07 v _634_/A (sky130_fd_sc_hd__buf_4)
                  0.06    0.15    2.22 v _634_/X (sky130_fd_sc_hd__buf_4)
     9    0.04                           _341_ (net)
                  0.06    0.00    2.22 v _657_/A (sky130_fd_sc_hd__clkbuf_8)
                  0.06    0.17    2.39 v _657_/X (sky130_fd_sc_hd__clkbuf_8)
    10    0.04                           _344_ (net)
                  0.06    0.00    2.39 v _658_/A (sky130_fd_sc_hd__inv_2)
                  0.03    0.05    2.43 ^ _658_/Y (sky130_fd_sc_hd__inv_2)
     1    0.00                           _021_ (net)
                  0.03    0.00    2.43 ^ _714_/RESET_B (sky130_fd_sc_hd__dfrtp_1)
                                  2.43   data arrival time

                          0.00    0.00   clock clk (rise edge)
                          0.00    0.00   clock source latency
                  0.04    0.03    0.03 ^ clk (in)
     1    0.01                           clk (net)
                  0.04    0.00    0.03 ^ clkbuf_0_clk/A (sky130_fd_sc_hd__clkbuf_16)
                  0.05    0.14    0.17 ^ clkbuf_0_clk/X (sky130_fd_sc_hd__clkbuf_16)
     4    0.03                           clknet_0_clk (net)
                  0.05    0.00    0.17 ^ clkbuf_2_1__f_clk/A (sky130_fd_sc_hd__clkbuf_16)
                  0.05    0.14    0.31 ^ clkbuf_2_1__f_clk/X (sky130_fd_sc_hd__clkbuf_16)
    14    0.03                           clknet_2_1__leaf_clk (net)
                  0.05    0.00    0.31 ^ _714_/CLK (sky130_fd_sc_hd__dfrtp_1)
                          0.25    0.56   clock uncertainty
                          0.00    0.56   clock reconvergence pessimism
                          0.32    0.88   library removal time
                                  0.88   data required time
-----------------------------------------------------------------------------
                                  0.88   data required time
                                 -2.43   data arrival time
-----------------------------------------------------------------------------
                                  1.55   slack (MET)


Startpoint: rst (input port clocked by clk)
Endpoint: _719_ (removal check against rising-edge clock clk)
Path Group: asynchronous
Path Type: min

Fanout     Cap    Slew   Delay    Time   Description
-----------------------------------------------------------------------------
                          0.00    0.00   clock clk (rise edge)
                          0.00    0.00   clock network delay (propagated)
                          2.00    2.00 v input external delay
                  0.01    0.00    2.00 v rst (in)
     1    0.00                           rst (net)
                  0.01    0.00    2.00 v input17/A (sky130_fd_sc_hd__clkbuf_1)
                  0.02    0.07    2.07 v input17/X (sky130_fd_sc_hd__clkbuf_1)
     1    0.00                           net17 (net)
                  0.02    0.00    2.07 v _634_/A (sky130_fd_sc_hd__buf_4)
                  0.06    0.15    2.22 v _634_/X (sky130_fd_sc_hd__buf_4)
     9    0.04                           _341_ (net)
                  0.06    0.00    2.22 v _657_/A (sky130_fd_sc_hd__clkbuf_8)
                  0.06    0.17    2.39 v _657_/X (sky130_fd_sc_hd__clkbuf_8)
    10    0.04                           _344_ (net)
                  0.06    0.00    2.39 v _663_/A (sky130_fd_sc_hd__inv_2)
                  0.03    0.05    2.43 ^ _663_/Y (sky130_fd_sc_hd__inv_2)
     1    0.00                           _026_ (net)
                  0.03    0.00    2.43 ^ _719_/RESET_B (sky130_fd_sc_hd__dfrtp_1)
                                  2.43   data arrival time

                          0.00    0.00   clock clk (rise edge)
                          0.00    0.00   clock source latency
                  0.04    0.03    0.03 ^ clk (in)
     1    0.01                           clk (net)
                  0.04    0.00    0.03 ^ clkbuf_0_clk/A (sky130_fd_sc_hd__clkbuf_16)
                  0.05    0.14    0.17 ^ clkbuf_0_clk/X (sky130_fd_sc_hd__clkbuf_16)
     4    0.03                           clknet_0_clk (net)
                  0.05    0.00    0.17 ^ clkbuf_2_1__f_clk/A (sky130_fd_sc_hd__clkbuf_16)
                  0.05    0.14    0.31 ^ clkbuf_2_1__f_clk/X (sky130_fd_sc_hd__clkbuf_16)
    14    0.03                           clknet_2_1__leaf_clk (net)
                  0.05    0.00    0.31 ^ _719_/CLK (sky130_fd_sc_hd__dfrtp_1)
                          0.25    0.56   clock uncertainty
                          0.00    0.56   clock reconvergence pessimism
                          0.32    0.88   library removal time
                                  0.88   data required time
-----------------------------------------------------------------------------
                                  0.88   data required time
                                 -2.43   data arrival time
-----------------------------------------------------------------------------
                                  1.55   slack (MET)


Startpoint: rst (input port clocked by clk)
Endpoint: _723_ (removal check against rising-edge clock clk)
Path Group: asynchronous
Path Type: min

Fanout     Cap    Slew   Delay    Time   Description
-----------------------------------------------------------------------------
                          0.00    0.00   clock clk (rise edge)
                          0.00    0.00   clock network delay (propagated)
                          2.00    2.00 v input external delay
                  0.01    0.00    2.00 v rst (in)
     1    0.00                           rst (net)
                  0.01    0.00    2.00 v input17/A (sky130_fd_sc_hd__clkbuf_1)
                  0.02    0.07    2.07 v input17/X (sky130_fd_sc_hd__clkbuf_1)
     1    0.00                           net17 (net)
                  0.02    0.00    2.07 v _634_/A (sky130_fd_sc_hd__buf_4)
                  0.06    0.15    2.22 v _634_/X (sky130_fd_sc_hd__buf_4)
     9    0.04                           _341_ (net)
                  0.06    0.00    2.22 v _657_/A (sky130_fd_sc_hd__clkbuf_8)
                  0.06    0.17    2.39 v _657_/X (sky130_fd_sc_hd__clkbuf_8)
    10    0.04                           _344_ (net)
                  0.06    0.00    2.39 v _667_/A (sky130_fd_sc_hd__inv_2)
                  0.03    0.05    2.43 ^ _667_/Y (sky130_fd_sc_hd__inv_2)
     1    0.00                           _030_ (net)
                  0.03    0.00    2.43 ^ _723_/RESET_B (sky130_fd_sc_hd__dfrtp_1)
                                  2.43   data arrival time

                          0.00    0.00   clock clk (rise edge)
                          0.00    0.00   clock source latency
                  0.04    0.03    0.03 ^ clk (in)
     1    0.01                           clk (net)
                  0.04    0.00    0.03 ^ clkbuf_0_clk/A (sky130_fd_sc_hd__clkbuf_16)
                  0.05    0.14    0.17 ^ clkbuf_0_clk/X (sky130_fd_sc_hd__clkbuf_16)
     4    0.03                           clknet_0_clk (net)
                  0.05    0.00    0.17 ^ clkbuf_2_1__f_clk/A (sky130_fd_sc_hd__clkbuf_16)
                  0.05    0.14    0.31 ^ clkbuf_2_1__f_clk/X (sky130_fd_sc_hd__clkbuf_16)
    14    0.03                           clknet_2_1__leaf_clk (net)
                  0.05    0.00    0.31 ^ _723_/CLK (sky130_fd_sc_hd__dfrtp_1)
                          0.25    0.56   clock uncertainty
                          0.00    0.56   clock reconvergence pessimism
                          0.32    0.88   library removal time
                                  0.88   data required time
-----------------------------------------------------------------------------
                                  0.88   data required time
                                 -2.43   data arrival time
-----------------------------------------------------------------------------
                                  1.55   slack (MET)


Startpoint: rst (input port clocked by clk)
Endpoint: _724_ (removal check against rising-edge clock clk)
Path Group: asynchronous
Path Type: min

Fanout     Cap    Slew   Delay    Time   Description
-----------------------------------------------------------------------------
                          0.00    0.00   clock clk (rise edge)
                          0.00    0.00   clock network delay (propagated)
                          2.00    2.00 v input external delay
                  0.01    0.00    2.00 v rst (in)
     1    0.00                           rst (net)
                  0.01    0.00    2.00 v input17/A (sky130_fd_sc_hd__clkbuf_1)
                  0.02    0.07    2.07 v input17/X (sky130_fd_sc_hd__clkbuf_1)
     1    0.00                           net17 (net)
                  0.02    0.00    2.07 v _634_/A (sky130_fd_sc_hd__buf_4)
                  0.06    0.15    2.22 v _634_/X (sky130_fd_sc_hd__buf_4)
     9    0.04                           _341_ (net)
                  0.06    0.00    2.22 v _668_/A (sky130_fd_sc_hd__clkbuf_8)
                  0.06    0.17    2.39 v _668_/X (sky130_fd_sc_hd__clkbuf_8)
    10    0.04                           _345_ (net)
                  0.06    0.00    2.39 v _669_/A (sky130_fd_sc_hd__inv_2)
                  0.03    0.05    2.43 ^ _669_/Y (sky130_fd_sc_hd__inv_2)
     1    0.00                           _031_ (net)
                  0.03    0.00    2.43 ^ _724_/RESET_B (sky130_fd_sc_hd__dfrtp_2)
                                  2.43   data arrival time

                          0.00    0.00   clock clk (rise edge)
                          0.00    0.00   clock source latency
                  0.04    0.03    0.03 ^ clk (in)
     1    0.01                           clk (net)
                  0.04    0.00    0.03 ^ clkbuf_0_clk/A (sky130_fd_sc_hd__clkbuf_16)
                  0.05    0.14    0.17 ^ clkbuf_0_clk/X (sky130_fd_sc_hd__clkbuf_16)
     4    0.03                           clknet_0_clk (net)
                  0.05    0.00    0.17 ^ clkbuf_2_2__f_clk/A (sky130_fd_sc_hd__clkbuf_16)
                  0.05    0.14    0.31 ^ clkbuf_2_2__f_clk/X (sky130_fd_sc_hd__clkbuf_16)
    13    0.02                           clknet_2_2__leaf_clk (net)
                  0.05    0.00    0.31 ^ _724_/CLK (sky130_fd_sc_hd__dfrtp_2)
                          0.25    0.56   clock uncertainty
                          0.00    0.56   clock reconvergence pessimism
                          0.32    0.88   library removal time
                                  0.88   data required time
-----------------------------------------------------------------------------
                                  0.88   data required time
                                 -2.43   data arrival time
-----------------------------------------------------------------------------
                                  1.56   slack (MET)


Startpoint: rst (input port clocked by clk)
Endpoint: _743_ (removal check against rising-edge clock clk)
Path Group: asynchronous
Path Type: min

Fanout     Cap    Slew   Delay    Time   Description
-----------------------------------------------------------------------------
                          0.00    0.00   clock clk (rise edge)
                          0.00    0.00   clock network delay (propagated)
                          2.00    2.00 v input external delay
                  0.01    0.00    2.00 v rst (in)
     1    0.00                           rst (net)
                  0.01    0.00    2.00 v input17/A (sky130_fd_sc_hd__clkbuf_1)
                  0.02    0.07    2.07 v input17/X (sky130_fd_sc_hd__clkbuf_1)
     1    0.00                           net17 (net)
                  0.02    0.00    2.07 v _634_/A (sky130_fd_sc_hd__buf_4)
                  0.06    0.15    2.22 v _634_/X (sky130_fd_sc_hd__buf_4)
     9    0.04                           _341_ (net)
                  0.06    0.00    2.22 v _679_/A (sky130_fd_sc_hd__clkbuf_8)
                  0.06    0.17    2.39 v _679_/X (sky130_fd_sc_hd__clkbuf_8)
    10    0.04                           _346_ (net)
                  0.06    0.00    2.39 v _689_/A (sky130_fd_sc_hd__inv_2)
                  0.03    0.05    2.43 ^ _689_/Y (sky130_fd_sc_hd__inv_2)
     1    0.00                           _050_ (net)
                  0.03    0.00    2.43 ^ _743_/RESET_B (sky130_fd_sc_hd__dfrtp_2)
                                  2.43   data arrival time

                          0.00    0.00   clock clk (rise edge)
                          0.00    0.00   clock source latency
                  0.04    0.03    0.03 ^ clk (in)
     1    0.01                           clk (net)
                  0.04    0.00    0.03 ^ clkbuf_0_clk/A (sky130_fd_sc_hd__clkbuf_16)
                  0.05    0.14    0.17 ^ clkbuf_0_clk/X (sky130_fd_sc_hd__clkbuf_16)
     4    0.03                           clknet_0_clk (net)
                  0.05    0.00    0.17 ^ clkbuf_2_2__f_clk/A (sky130_fd_sc_hd__clkbuf_16)
                  0.05    0.14    0.31 ^ clkbuf_2_2__f_clk/X (sky130_fd_sc_hd__clkbuf_16)
    13    0.02                           clknet_2_2__leaf_clk (net)
                  0.05    0.00    0.31 ^ _743_/CLK (sky130_fd_sc_hd__dfrtp_2)
                          0.25    0.56   clock uncertainty
                          0.00    0.56   clock reconvergence pessimism
                          0.32    0.88   library removal time
                                  0.88   data required time
-----------------------------------------------------------------------------
                                  0.88   data required time
                                 -2.43   data arrival time
-----------------------------------------------------------------------------
                                  1.56   slack (MET)


Startpoint: rst (input port clocked by clk)
Endpoint: _740_ (removal check against rising-edge clock clk)
Path Group: asynchronous
Path Type: min

Fanout     Cap    Slew   Delay    Time   Description
-----------------------------------------------------------------------------
                          0.00    0.00   clock clk (rise edge)
                          0.00    0.00   clock network delay (propagated)
                          2.00    2.00 v input external delay
                  0.01    0.00    2.00 v rst (in)
     1    0.00                           rst (net)
                  0.01    0.00    2.00 v input17/A (sky130_fd_sc_hd__clkbuf_1)
                  0.02    0.07    2.07 v input17/X (sky130_fd_sc_hd__clkbuf_1)
     1    0.00                           net17 (net)
                  0.02    0.00    2.07 v _634_/A (sky130_fd_sc_hd__buf_4)
                  0.06    0.15    2.22 v _634_/X (sky130_fd_sc_hd__buf_4)
     9    0.04                           _341_ (net)
                  0.06    0.00    2.22 v _679_/A (sky130_fd_sc_hd__clkbuf_8)
                  0.06    0.17    2.39 v _679_/X (sky130_fd_sc_hd__clkbuf_8)
    10    0.04                           _346_ (net)
                  0.06    0.00    2.39 v _686_/A (sky130_fd_sc_hd__inv_2)
                  0.03    0.05    2.43 ^ _686_/Y (sky130_fd_sc_hd__inv_2)
     1    0.00                           _047_ (net)
                  0.03    0.00    2.43 ^ _740_/RESET_B (sky130_fd_sc_hd__dfrtp_4)
                                  2.43   data arrival time

                          0.00    0.00   clock clk (rise edge)
                          0.00    0.00   clock source latency
                  0.04    0.03    0.03 ^ clk (in)
     1    0.01                           clk (net)
                  0.04    0.00    0.03 ^ clkbuf_0_clk/A (sky130_fd_sc_hd__clkbuf_16)
                  0.05    0.14    0.17 ^ clkbuf_0_clk/X (sky130_fd_sc_hd__clkbuf_16)
     4    0.03                           clknet_0_clk (net)
                  0.05    0.00    0.17 ^ clkbuf_2_2__f_clk/A (sky130_fd_sc_hd__clkbuf_16)
                  0.05    0.14    0.31 ^ clkbuf_2_2__f_clk/X (sky130_fd_sc_hd__clkbuf_16)
    13    0.02                           clknet_2_2__leaf_clk (net)
                  0.05    0.00    0.31 ^ _740_/CLK (sky130_fd_sc_hd__dfrtp_4)
                          0.25    0.56   clock uncertainty
                          0.00    0.56   clock reconvergence pessimism
                          0.32    0.88   library removal time
                                  0.88   data required time
-----------------------------------------------------------------------------
                                  0.88   data required time
                                 -2.43   data arrival time
-----------------------------------------------------------------------------
                                  1.56   slack (MET)


Startpoint: rst (input port clocked by clk)
Endpoint: _741_ (removal check against rising-edge clock clk)
Path Group: asynchronous
Path Type: min

Fanout     Cap    Slew   Delay    Time   Description
-----------------------------------------------------------------------------
                          0.00    0.00   clock clk (rise edge)
                          0.00    0.00   clock network delay (propagated)
                          2.00    2.00 v input external delay
                  0.01    0.00    2.00 v rst (in)
     1    0.00                           rst (net)
                  0.01    0.00    2.00 v input17/A (sky130_fd_sc_hd__clkbuf_1)
                  0.02    0.07    2.07 v input17/X (sky130_fd_sc_hd__clkbuf_1)
     1    0.00                           net17 (net)
                  0.02    0.00    2.07 v _634_/A (sky130_fd_sc_hd__buf_4)
                  0.06    0.15    2.22 v _634_/X (sky130_fd_sc_hd__buf_4)
     9    0.04                           _341_ (net)
                  0.06    0.00    2.22 v _679_/A (sky130_fd_sc_hd__clkbuf_8)
                  0.06    0.17    2.39 v _679_/X (sky130_fd_sc_hd__clkbuf_8)
    10    0.04                           _346_ (net)
                  0.06    0.00    2.39 v _687_/A (sky130_fd_sc_hd__inv_2)
                  0.03    0.05    2.43 ^ _687_/Y (sky130_fd_sc_hd__inv_2)
     1    0.00                           _048_ (net)
                  0.03    0.00    2.43 ^ _741_/RESET_B (sky130_fd_sc_hd__dfrtp_4)
                                  2.43   data arrival time

                          0.00    0.00   clock clk (rise edge)
                          0.00    0.00   clock source latency
                  0.04    0.03    0.03 ^ clk (in)
     1    0.01                           clk (net)
                  0.04    0.00    0.03 ^ clkbuf_0_clk/A (sky130_fd_sc_hd__clkbuf_16)
                  0.05    0.14    0.17 ^ clkbuf_0_clk/X (sky130_fd_sc_hd__clkbuf_16)
     4    0.03                           clknet_0_clk (net)
                  0.05    0.00    0.17 ^ clkbuf_2_2__f_clk/A (sky130_fd_sc_hd__clkbuf_16)
                  0.05    0.14    0.31 ^ clkbuf_2_2__f_clk/X (sky130_fd_sc_hd__clkbuf_16)
    13    0.02                           clknet_2_2__leaf_clk (net)
                  0.05    0.00    0.31 ^ _741_/CLK (sky130_fd_sc_hd__dfrtp_4)
                          0.25    0.56   clock uncertainty
                          0.00    0.56   clock reconvergence pessimism
                          0.32    0.88   library removal time
                                  0.88   data required time
-----------------------------------------------------------------------------
                                  0.88   data required time
                                 -2.43   data arrival time
-----------------------------------------------------------------------------
                                  1.56   slack (MET)


Startpoint: rst (input port clocked by clk)
Endpoint: _742_ (removal check against rising-edge clock clk)
Path Group: asynchronous
Path Type: min

Fanout     Cap    Slew   Delay    Time   Description
-----------------------------------------------------------------------------
                          0.00    0.00   clock clk (rise edge)
                          0.00    0.00   clock network delay (propagated)
                          2.00    2.00 v input external delay
                  0.01    0.00    2.00 v rst (in)
     1    0.00                           rst (net)
                  0.01    0.00    2.00 v input17/A (sky130_fd_sc_hd__clkbuf_1)
                  0.02    0.07    2.07 v input17/X (sky130_fd_sc_hd__clkbuf_1)
     1    0.00                           net17 (net)
                  0.02    0.00    2.07 v _634_/A (sky130_fd_sc_hd__buf_4)
                  0.06    0.15    2.22 v _634_/X (sky130_fd_sc_hd__buf_4)
     9    0.04                           _341_ (net)
                  0.06    0.00    2.22 v _679_/A (sky130_fd_sc_hd__clkbuf_8)
                  0.06    0.17    2.39 v _679_/X (sky130_fd_sc_hd__clkbuf_8)
    10    0.04                           _346_ (net)
                  0.06    0.00    2.39 v _688_/A (sky130_fd_sc_hd__inv_2)
                  0.03    0.05    2.43 ^ _688_/Y (sky130_fd_sc_hd__inv_2)
     1    0.00                           _049_ (net)
                  0.03    0.00    2.43 ^ _742_/RESET_B (sky130_fd_sc_hd__dfrtp_4)
                                  2.43   data arrival time

                          0.00    0.00   clock clk (rise edge)
                          0.00    0.00   clock source latency
                  0.04    0.03    0.03 ^ clk (in)
     1    0.01                           clk (net)
                  0.04    0.00    0.03 ^ clkbuf_0_clk/A (sky130_fd_sc_hd__clkbuf_16)
                  0.05    0.14    0.17 ^ clkbuf_0_clk/X (sky130_fd_sc_hd__clkbuf_16)
     4    0.03                           clknet_0_clk (net)
                  0.05    0.00    0.17 ^ clkbuf_2_2__f_clk/A (sky130_fd_sc_hd__clkbuf_16)
                  0.05    0.14    0.31 ^ clkbuf_2_2__f_clk/X (sky130_fd_sc_hd__clkbuf_16)
    13    0.02                           clknet_2_2__leaf_clk (net)
                  0.05    0.00    0.31 ^ _742_/CLK (sky130_fd_sc_hd__dfrtp_4)
                          0.25    0.56   clock uncertainty
                          0.00    0.56   clock reconvergence pessimism
                          0.32    0.88   library removal time
                                  0.88   data required time
-----------------------------------------------------------------------------
                                  0.88   data required time
                                 -2.43   data arrival time
-----------------------------------------------------------------------------
                                  1.56   slack (MET)


Startpoint: rst (input port clocked by clk)
Endpoint: _701_ (removal check against rising-edge clock clk)
Path Group: asynchronous
Path Type: min

Fanout     Cap    Slew   Delay    Time   Description
-----------------------------------------------------------------------------
                          0.00    0.00   clock clk (rise edge)
                          0.00    0.00   clock network delay (propagated)
                          2.00    2.00 v input external delay
                  0.01    0.00    2.00 v rst (in)
     1    0.00                           rst (net)
                  0.01    0.00    2.00 v input17/A (sky130_fd_sc_hd__clkbuf_1)
                  0.02    0.07    2.07 v input17/X (sky130_fd_sc_hd__clkbuf_1)
     1    0.00                           net17 (net)
                  0.02    0.00    2.07 v _634_/A (sky130_fd_sc_hd__buf_4)
                  0.06    0.15    2.22 v _634_/X (sky130_fd_sc_hd__buf_4)
     9    0.04                           _341_ (net)
                  0.06    0.00    2.22 v _635_/A (sky130_fd_sc_hd__clkbuf_8)
                  0.06    0.17    2.39 v _635_/X (sky130_fd_sc_hd__clkbuf_8)
    10    0.04                           _342_ (net)
                  0.06    0.00    2.39 v _643_/A (sky130_fd_sc_hd__inv_2)
                  0.03    0.05    2.43 ^ _643_/Y (sky130_fd_sc_hd__inv_2)
     1    0.00                           _008_ (net)
                  0.03    0.00    2.43 ^ _701_/RESET_B (sky130_fd_sc_hd__dfrtp_1)
                                  2.43   data arrival time

                          0.00    0.00   clock clk (rise edge)
                          0.00    0.00   clock source latency
                  0.04    0.03    0.03 ^ clk (in)
     1    0.01                           clk (net)
                  0.04    0.00    0.03 ^ clkbuf_0_clk/A (sky130_fd_sc_hd__clkbuf_16)
                  0.05    0.14    0.17 ^ clkbuf_0_clk/X (sky130_fd_sc_hd__clkbuf_16)
     4    0.03                           clknet_0_clk (net)
                  0.05    0.00    0.17 ^ clkbuf_2_2__f_clk/A (sky130_fd_sc_hd__clkbuf_16)
                  0.05    0.14    0.31 ^ clkbuf_2_2__f_clk/X (sky130_fd_sc_hd__clkbuf_16)
    13    0.02                           clknet_2_2__leaf_clk (net)
                  0.05    0.00    0.31 ^ _701_/CLK (sky130_fd_sc_hd__dfrtp_1)
                          0.25    0.56   clock uncertainty
                          0.00    0.56   clock reconvergence pessimism
                          0.32    0.88   library removal time
                                  0.88   data required time
-----------------------------------------------------------------------------
                                  0.88   data required time
                                 -2.43   data arrival time
-----------------------------------------------------------------------------
                                  1.56   slack (MET)


Startpoint: rst (input port clocked by clk)
Endpoint: _705_ (removal check against rising-edge clock clk)
Path Group: asynchronous
Path Type: min

Fanout     Cap    Slew   Delay    Time   Description
-----------------------------------------------------------------------------
                          0.00    0.00   clock clk (rise edge)
                          0.00    0.00   clock network delay (propagated)
                          2.00    2.00 v input external delay
                  0.01    0.00    2.00 v rst (in)
     1    0.00                           rst (net)
                  0.01    0.00    2.00 v input17/A (sky130_fd_sc_hd__clkbuf_1)
                  0.02    0.07    2.07 v input17/X (sky130_fd_sc_hd__clkbuf_1)
     1    0.00                           net17 (net)
                  0.02    0.00    2.07 v _634_/A (sky130_fd_sc_hd__buf_4)
                  0.06    0.15    2.22 v _634_/X (sky130_fd_sc_hd__buf_4)
     9    0.04                           _341_ (net)
                  0.06    0.00    2.22 v _646_/A (sky130_fd_sc_hd__clkbuf_8)
                  0.06    0.17    2.39 v _646_/X (sky130_fd_sc_hd__clkbuf_8)
    10    0.04                           _343_ (net)
                  0.06    0.00    2.39 v _648_/A (sky130_fd_sc_hd__inv_2)
                  0.03    0.05    2.43 ^ _648_/Y (sky130_fd_sc_hd__inv_2)
     1    0.00                           _012_ (net)
                  0.03    0.00    2.43 ^ _705_/RESET_B (sky130_fd_sc_hd__dfrtp_1)
                                  2.43   data arrival time

                          0.00    0.00   clock clk (rise edge)
                          0.00    0.00   clock source latency
                  0.04    0.03    0.03 ^ clk (in)
     1    0.01                           clk (net)
                  0.04    0.00    0.03 ^ clkbuf_0_clk/A (sky130_fd_sc_hd__clkbuf_16)
                  0.05    0.14    0.17 ^ clkbuf_0_clk/X (sky130_fd_sc_hd__clkbuf_16)
     4    0.03                           clknet_0_clk (net)
                  0.05    0.00    0.17 ^ clkbuf_2_2__f_clk/A (sky130_fd_sc_hd__clkbuf_16)
                  0.05    0.14    0.31 ^ clkbuf_2_2__f_clk/X (sky130_fd_sc_hd__clkbuf_16)
    13    0.02                           clknet_2_2__leaf_clk (net)
                  0.05    0.00    0.31 ^ _705_/CLK (sky130_fd_sc_hd__dfrtp_1)
                          0.25    0.56   clock uncertainty
                          0.00    0.56   clock reconvergence pessimism
                          0.32    0.88   library removal time
                                  0.88   data required time
-----------------------------------------------------------------------------
                                  0.88   data required time
                                 -2.43   data arrival time
-----------------------------------------------------------------------------
                                  1.56   slack (MET)


Startpoint: rst (input port clocked by clk)
Endpoint: _707_ (removal check against rising-edge clock clk)
Path Group: asynchronous
Path Type: min

Fanout     Cap    Slew   Delay    Time   Description
-----------------------------------------------------------------------------
                          0.00    0.00   clock clk (rise edge)
                          0.00    0.00   clock network delay (propagated)
                          2.00    2.00 v input external delay
                  0.01    0.00    2.00 v rst (in)
     1    0.00                           rst (net)
                  0.01    0.00    2.00 v input17/A (sky130_fd_sc_hd__clkbuf_1)
                  0.02    0.07    2.07 v input17/X (sky130_fd_sc_hd__clkbuf_1)
     1    0.00                           net17 (net)
                  0.02    0.00    2.07 v _634_/A (sky130_fd_sc_hd__buf_4)
                  0.06    0.15    2.22 v _634_/X (sky130_fd_sc_hd__buf_4)
     9    0.04                           _341_ (net)
                  0.06    0.00    2.22 v _646_/A (sky130_fd_sc_hd__clkbuf_8)
                  0.06    0.17    2.39 v _646_/X (sky130_fd_sc_hd__clkbuf_8)
    10    0.04                           _343_ (net)
                  0.06    0.00    2.39 v _650_/A (sky130_fd_sc_hd__inv_2)
                  0.03    0.05    2.43 ^ _650_/Y (sky130_fd_sc_hd__inv_2)
     1    0.00                           _014_ (net)
                  0.03    0.00    2.43 ^ _707_/RESET_B (sky130_fd_sc_hd__dfrtp_1)
                                  2.43   data arrival time

                          0.00    0.00   clock clk (rise edge)
                          0.00    0.00   clock source latency
                  0.04    0.03    0.03 ^ clk (in)
     1    0.01                           clk (net)
                  0.04    0.00    0.03 ^ clkbuf_0_clk/A (sky130_fd_sc_hd__clkbuf_16)
                  0.05    0.14    0.17 ^ clkbuf_0_clk/X (sky130_fd_sc_hd__clkbuf_16)
     4    0.03                           clknet_0_clk (net)
                  0.05    0.00    0.17 ^ clkbuf_2_2__f_clk/A (sky130_fd_sc_hd__clkbuf_16)
                  0.05    0.14    0.31 ^ clkbuf_2_2__f_clk/X (sky130_fd_sc_hd__clkbuf_16)
    13    0.02                           clknet_2_2__leaf_clk (net)
                  0.05    0.00    0.31 ^ _707_/CLK (sky130_fd_sc_hd__dfrtp_1)
                          0.25    0.56   clock uncertainty
                          0.00    0.56   clock reconvergence pessimism
                          0.32    0.88   library removal time
                                  0.88   data required time
-----------------------------------------------------------------------------
                                  0.88   data required time
                                 -2.43   data arrival time
-----------------------------------------------------------------------------
                                  1.56   slack (MET)


Startpoint: rst (input port clocked by clk)
Endpoint: _708_ (removal check against rising-edge clock clk)
Path Group: asynchronous
Path Type: min

Fanout     Cap    Slew   Delay    Time   Description
-----------------------------------------------------------------------------
                          0.00    0.00   clock clk (rise edge)
                          0.00    0.00   clock network delay (propagated)
                          2.00    2.00 v input external delay
                  0.01    0.00    2.00 v rst (in)
     1    0.00                           rst (net)
                  0.01    0.00    2.00 v input17/A (sky130_fd_sc_hd__clkbuf_1)
                  0.02    0.07    2.07 v input17/X (sky130_fd_sc_hd__clkbuf_1)
     1    0.00                           net17 (net)
                  0.02    0.00    2.07 v _634_/A (sky130_fd_sc_hd__buf_4)
                  0.06    0.15    2.22 v _634_/X (sky130_fd_sc_hd__buf_4)
     9    0.04                           _341_ (net)
                  0.06    0.00    2.22 v _646_/A (sky130_fd_sc_hd__clkbuf_8)
                  0.06    0.17    2.39 v _646_/X (sky130_fd_sc_hd__clkbuf_8)
    10    0.04                           _343_ (net)
                  0.06    0.00    2.39 v _651_/A (sky130_fd_sc_hd__inv_2)
                  0.03    0.05    2.43 ^ _651_/Y (sky130_fd_sc_hd__inv_2)
     1    0.00                           _015_ (net)
                  0.03    0.00    2.43 ^ _708_/RESET_B (sky130_fd_sc_hd__dfrtp_1)
                                  2.43   data arrival time

                          0.00    0.00   clock clk (rise edge)
                          0.00    0.00   clock source latency
                  0.04    0.03    0.03 ^ clk (in)
     1    0.01                           clk (net)
                  0.04    0.00    0.03 ^ clkbuf_0_clk/A (sky130_fd_sc_hd__clkbuf_16)
                  0.05    0.14    0.17 ^ clkbuf_0_clk/X (sky130_fd_sc_hd__clkbuf_16)
     4    0.03                           clknet_0_clk (net)
                  0.05    0.00    0.17 ^ clkbuf_2_2__f_clk/A (sky130_fd_sc_hd__clkbuf_16)
                  0.05    0.14    0.31 ^ clkbuf_2_2__f_clk/X (sky130_fd_sc_hd__clkbuf_16)
    13    0.02                           clknet_2_2__leaf_clk (net)
                  0.05    0.00    0.31 ^ _708_/CLK (sky130_fd_sc_hd__dfrtp_1)
                          0.25    0.56   clock uncertainty
                          0.00    0.56   clock reconvergence pessimism
                          0.32    0.88   library removal time
                                  0.88   data required time
-----------------------------------------------------------------------------
                                  0.88   data required time
                                 -2.43   data arrival time
-----------------------------------------------------------------------------
                                  1.56   slack (MET)


Startpoint: rst (input port clocked by clk)
Endpoint: _711_ (removal check against rising-edge clock clk)
Path Group: asynchronous
Path Type: min

Fanout     Cap    Slew   Delay    Time   Description
-----------------------------------------------------------------------------
                          0.00    0.00   clock clk (rise edge)
                          0.00    0.00   clock network delay (propagated)
                          2.00    2.00 v input external delay
                  0.01    0.00    2.00 v rst (in)
     1    0.00                           rst (net)
                  0.01    0.00    2.00 v input17/A (sky130_fd_sc_hd__clkbuf_1)
                  0.02    0.07    2.07 v input17/X (sky130_fd_sc_hd__clkbuf_1)
     1    0.00                           net17 (net)
                  0.02    0.00    2.07 v _634_/A (sky130_fd_sc_hd__buf_4)
                  0.06    0.15    2.22 v _634_/X (sky130_fd_sc_hd__buf_4)
     9    0.04                           _341_ (net)
                  0.06    0.00    2.22 v _646_/A (sky130_fd_sc_hd__clkbuf_8)
                  0.06    0.17    2.39 v _646_/X (sky130_fd_sc_hd__clkbuf_8)
    10    0.04                           _343_ (net)
                  0.06    0.00    2.39 v _654_/A (sky130_fd_sc_hd__inv_2)
                  0.03    0.05    2.43 ^ _654_/Y (sky130_fd_sc_hd__inv_2)
     1    0.00                           _018_ (net)
                  0.03    0.00    2.43 ^ _711_/RESET_B (sky130_fd_sc_hd__dfrtp_1)
                                  2.43   data arrival time

                          0.00    0.00   clock clk (rise edge)
                          0.00    0.00   clock source latency
                  0.04    0.03    0.03 ^ clk (in)
     1    0.01                           clk (net)
                  0.04    0.00    0.03 ^ clkbuf_0_clk/A (sky130_fd_sc_hd__clkbuf_16)
                  0.05    0.14    0.17 ^ clkbuf_0_clk/X (sky130_fd_sc_hd__clkbuf_16)
     4    0.03                           clknet_0_clk (net)
                  0.05    0.00    0.17 ^ clkbuf_2_2__f_clk/A (sky130_fd_sc_hd__clkbuf_16)
                  0.05    0.14    0.31 ^ clkbuf_2_2__f_clk/X (sky130_fd_sc_hd__clkbuf_16)
    13    0.02                           clknet_2_2__leaf_clk (net)
                  0.05    0.00    0.31 ^ _711_/CLK (sky130_fd_sc_hd__dfrtp_1)
                          0.25    0.56   clock uncertainty
                          0.00    0.56   clock reconvergence pessimism
                          0.32    0.88   library removal time
                                  0.88   data required time
-----------------------------------------------------------------------------
                                  0.88   data required time
                                 -2.43   data arrival time
-----------------------------------------------------------------------------
                                  1.56   slack (MET)


Startpoint: rst (input port clocked by clk)
Endpoint: _717_ (removal check against rising-edge clock clk)
Path Group: asynchronous
Path Type: min

Fanout     Cap    Slew   Delay    Time   Description
-----------------------------------------------------------------------------
                          0.00    0.00   clock clk (rise edge)
                          0.00    0.00   clock network delay (propagated)
                          2.00    2.00 v input external delay
                  0.01    0.00    2.00 v rst (in)
     1    0.00                           rst (net)
                  0.01    0.00    2.00 v input17/A (sky130_fd_sc_hd__clkbuf_1)
                  0.02    0.07    2.07 v input17/X (sky130_fd_sc_hd__clkbuf_1)
     1    0.00                           net17 (net)
                  0.02    0.00    2.07 v _634_/A (sky130_fd_sc_hd__buf_4)
                  0.06    0.15    2.22 v _634_/X (sky130_fd_sc_hd__buf_4)
     9    0.04                           _341_ (net)
                  0.06    0.00    2.22 v _657_/A (sky130_fd_sc_hd__clkbuf_8)
                  0.06    0.17    2.39 v _657_/X (sky130_fd_sc_hd__clkbuf_8)
    10    0.04                           _344_ (net)
                  0.06    0.00    2.39 v _661_/A (sky130_fd_sc_hd__inv_2)
                  0.03    0.05    2.43 ^ _661_/Y (sky130_fd_sc_hd__inv_2)
     1    0.00                           _024_ (net)
                  0.03    0.00    2.43 ^ _717_/RESET_B (sky130_fd_sc_hd__dfrtp_1)
                                  2.43   data arrival time

                          0.00    0.00   clock clk (rise edge)
                          0.00    0.00   clock source latency
                  0.04    0.03    0.03 ^ clk (in)
     1    0.01                           clk (net)
                  0.04    0.00    0.03 ^ clkbuf_0_clk/A (sky130_fd_sc_hd__clkbuf_16)
                  0.05    0.14    0.17 ^ clkbuf_0_clk/X (sky130_fd_sc_hd__clkbuf_16)
     4    0.03                           clknet_0_clk (net)
                  0.05    0.00    0.17 ^ clkbuf_2_2__f_clk/A (sky130_fd_sc_hd__clkbuf_16)
                  0.05    0.14    0.31 ^ clkbuf_2_2__f_clk/X (sky130_fd_sc_hd__clkbuf_16)
    13    0.02                           clknet_2_2__leaf_clk (net)
                  0.05    0.00    0.31 ^ _717_/CLK (sky130_fd_sc_hd__dfrtp_1)
                          0.25    0.56   clock uncertainty
                          0.00    0.56   clock reconvergence pessimism
                          0.32    0.88   library removal time
                                  0.88   data required time
-----------------------------------------------------------------------------
                                  0.88   data required time
                                 -2.43   data arrival time
-----------------------------------------------------------------------------
                                  1.56   slack (MET)


Startpoint: rst (input port clocked by clk)
Endpoint: _718_ (removal check against rising-edge clock clk)
Path Group: asynchronous
Path Type: min

Fanout     Cap    Slew   Delay    Time   Description
-----------------------------------------------------------------------------
                          0.00    0.00   clock clk (rise edge)
                          0.00    0.00   clock network delay (propagated)
                          2.00    2.00 v input external delay
                  0.01    0.00    2.00 v rst (in)
     1    0.00                           rst (net)
                  0.01    0.00    2.00 v input17/A (sky130_fd_sc_hd__clkbuf_1)
                  0.02    0.07    2.07 v input17/X (sky130_fd_sc_hd__clkbuf_1)
     1    0.00                           net17 (net)
                  0.02    0.00    2.07 v _634_/A (sky130_fd_sc_hd__buf_4)
                  0.06    0.15    2.22 v _634_/X (sky130_fd_sc_hd__buf_4)
     9    0.04                           _341_ (net)
                  0.06    0.00    2.22 v _657_/A (sky130_fd_sc_hd__clkbuf_8)
                  0.06    0.17    2.39 v _657_/X (sky130_fd_sc_hd__clkbuf_8)
    10    0.04                           _344_ (net)
                  0.06    0.00    2.39 v _662_/A (sky130_fd_sc_hd__inv_2)
                  0.03    0.05    2.43 ^ _662_/Y (sky130_fd_sc_hd__inv_2)
     1    0.00                           _025_ (net)
                  0.03    0.00    2.43 ^ _718_/RESET_B (sky130_fd_sc_hd__dfrtp_1)
                                  2.43   data arrival time

                          0.00    0.00   clock clk (rise edge)
                          0.00    0.00   clock source latency
                  0.04    0.03    0.03 ^ clk (in)
     1    0.01                           clk (net)
                  0.04    0.00    0.03 ^ clkbuf_0_clk/A (sky130_fd_sc_hd__clkbuf_16)
                  0.05    0.14    0.17 ^ clkbuf_0_clk/X (sky130_fd_sc_hd__clkbuf_16)
     4    0.03                           clknet_0_clk (net)
                  0.05    0.00    0.17 ^ clkbuf_2_2__f_clk/A (sky130_fd_sc_hd__clkbuf_16)
                  0.05    0.14    0.31 ^ clkbuf_2_2__f_clk/X (sky130_fd_sc_hd__clkbuf_16)
    13    0.02                           clknet_2_2__leaf_clk (net)
                  0.05    0.00    0.31 ^ _718_/CLK (sky130_fd_sc_hd__dfrtp_1)
                          0.25    0.56   clock uncertainty
                          0.00    0.56   clock reconvergence pessimism
                          0.32    0.88   library removal time
                                  0.88   data required time
-----------------------------------------------------------------------------
                                  0.88   data required time
                                 -2.43   data arrival time
-----------------------------------------------------------------------------
                                  1.56   slack (MET)


Startpoint: rst (input port clocked by clk)
Endpoint: _698_ (removal check against rising-edge clock clk)
Path Group: asynchronous
Path Type: min

Fanout     Cap    Slew   Delay    Time   Description
-----------------------------------------------------------------------------
                          0.00    0.00   clock clk (rise edge)
                          0.00    0.00   clock network delay (propagated)
                          2.00    2.00 v input external delay
                  0.01    0.00    2.00 v rst (in)
     1    0.00                           rst (net)
                  0.01    0.00    2.00 v input17/A (sky130_fd_sc_hd__clkbuf_1)
                  0.02    0.07    2.07 v input17/X (sky130_fd_sc_hd__clkbuf_1)
     1    0.00                           net17 (net)
                  0.02    0.00    2.07 v _634_/A (sky130_fd_sc_hd__buf_4)
                  0.06    0.15    2.22 v _634_/X (sky130_fd_sc_hd__buf_4)
     9    0.04                           _341_ (net)
                  0.06    0.00    2.22 v _635_/A (sky130_fd_sc_hd__clkbuf_8)
                  0.06    0.17    2.39 v _635_/X (sky130_fd_sc_hd__clkbuf_8)
    10    0.04                           _342_ (net)
                  0.06    0.00    2.39 v _640_/A (sky130_fd_sc_hd__inv_2)
                  0.03    0.05    2.43 ^ _640_/Y (sky130_fd_sc_hd__inv_2)
     1    0.00                           _005_ (net)
                  0.03    0.00    2.43 ^ _698_/RESET_B (sky130_fd_sc_hd__dfrtp_2)
                                  2.43   data arrival time

                          0.00    0.00   clock clk (rise edge)
                          0.00    0.00   clock source latency
                  0.04    0.03    0.03 ^ clk (in)
     1    0.01                           clk (net)
                  0.04    0.00    0.03 ^ clkbuf_0_clk/A (sky130_fd_sc_hd__clkbuf_16)
                  0.05    0.14    0.17 ^ clkbuf_0_clk/X (sky130_fd_sc_hd__clkbuf_16)
     4    0.03                           clknet_0_clk (net)
                  0.05    0.00    0.17 ^ clkbuf_2_3__f_clk/A (sky130_fd_sc_hd__clkbuf_16)
                  0.05    0.14    0.31 ^ clkbuf_2_3__f_clk/X (sky130_fd_sc_hd__clkbuf_16)
    12    0.02                           clknet_2_3__leaf_clk (net)
                  0.05    0.00    0.31 ^ _698_/CLK (sky130_fd_sc_hd__dfrtp_2)
                          0.25    0.56   clock uncertainty
                          0.00    0.56   clock reconvergence pessimism
                          0.32    0.87   library removal time
                                  0.87   data required time
-----------------------------------------------------------------------------
                                  0.87   data required time
                                 -2.43   data arrival time
-----------------------------------------------------------------------------
                                  1.56   slack (MET)


Startpoint: rst (input port clocked by clk)
Endpoint: _715_ (removal check against rising-edge clock clk)
Path Group: asynchronous
Path Type: min

Fanout     Cap    Slew   Delay    Time   Description
-----------------------------------------------------------------------------
                          0.00    0.00   clock clk (rise edge)
                          0.00    0.00   clock network delay (propagated)
                          2.00    2.00 v input external delay
                  0.01    0.00    2.00 v rst (in)
     1    0.00                           rst (net)
                  0.01    0.00    2.00 v input17/A (sky130_fd_sc_hd__clkbuf_1)
                  0.02    0.07    2.07 v input17/X (sky130_fd_sc_hd__clkbuf_1)
     1    0.00                           net17 (net)
                  0.02    0.00    2.07 v _634_/A (sky130_fd_sc_hd__buf_4)
                  0.06    0.15    2.22 v _634_/X (sky130_fd_sc_hd__buf_4)
     9    0.04                           _341_ (net)
                  0.06    0.00    2.22 v _657_/A (sky130_fd_sc_hd__clkbuf_8)
                  0.06    0.17    2.39 v _657_/X (sky130_fd_sc_hd__clkbuf_8)
    10    0.04                           _344_ (net)
                  0.06    0.00    2.39 v _659_/A (sky130_fd_sc_hd__inv_2)
                  0.03    0.05    2.43 ^ _659_/Y (sky130_fd_sc_hd__inv_2)
     1    0.00                           _022_ (net)
                  0.03    0.00    2.43 ^ _715_/RESET_B (sky130_fd_sc_hd__dfrtp_2)
                                  2.43   data arrival time

                          0.00    0.00   clock clk (rise edge)
                          0.00    0.00   clock source latency
                  0.04    0.03    0.03 ^ clk (in)
     1    0.01                           clk (net)
                  0.04    0.00    0.03 ^ clkbuf_0_clk/A (sky130_fd_sc_hd__clkbuf_16)
                  0.05    0.14    0.17 ^ clkbuf_0_clk/X (sky130_fd_sc_hd__clkbuf_16)
     4    0.03                           clknet_0_clk (net)
                  0.05    0.00    0.17 ^ clkbuf_2_3__f_clk/A (sky130_fd_sc_hd__clkbuf_16)
                  0.05    0.14    0.31 ^ clkbuf_2_3__f_clk/X (sky130_fd_sc_hd__clkbuf_16)
    12    0.02                           clknet_2_3__leaf_clk (net)
                  0.05    0.00    0.31 ^ _715_/CLK (sky130_fd_sc_hd__dfrtp_2)
                          0.25    0.56   clock uncertainty
                          0.00    0.56   clock reconvergence pessimism
                          0.32    0.87   library removal time
                                  0.87   data required time
-----------------------------------------------------------------------------
                                  0.87   data required time
                                 -2.43   data arrival time
-----------------------------------------------------------------------------
                                  1.56   slack (MET)


Startpoint: rst (input port clocked by clk)
Endpoint: _739_ (removal check against rising-edge clock clk)
Path Group: asynchronous
Path Type: min

Fanout     Cap    Slew   Delay    Time   Description
-----------------------------------------------------------------------------
                          0.00    0.00   clock clk (rise edge)
                          0.00    0.00   clock network delay (propagated)
                          2.00    2.00 v input external delay
                  0.01    0.00    2.00 v rst (in)
     1    0.00                           rst (net)
                  0.01    0.00    2.00 v input17/A (sky130_fd_sc_hd__clkbuf_1)
                  0.02    0.07    2.07 v input17/X (sky130_fd_sc_hd__clkbuf_1)
     1    0.00                           net17 (net)
                  0.02    0.00    2.07 v _634_/A (sky130_fd_sc_hd__buf_4)
                  0.06    0.15    2.22 v _634_/X (sky130_fd_sc_hd__buf_4)
     9    0.04                           _341_ (net)
                  0.06    0.00    2.22 v _679_/A (sky130_fd_sc_hd__clkbuf_8)
                  0.06    0.17    2.39 v _679_/X (sky130_fd_sc_hd__clkbuf_8)
    10    0.04                           _346_ (net)
                  0.06    0.00    2.39 v _685_/A (sky130_fd_sc_hd__inv_2)
                  0.03    0.05    2.43 ^ _685_/Y (sky130_fd_sc_hd__inv_2)
     1    0.00                           _046_ (net)
                  0.03    0.00    2.43 ^ _739_/RESET_B (sky130_fd_sc_hd__dfrtp_2)
                                  2.43   data arrival time

                          0.00    0.00   clock clk (rise edge)
                          0.00    0.00   clock source latency
                  0.04    0.03    0.03 ^ clk (in)
     1    0.01                           clk (net)
                  0.04    0.00    0.03 ^ clkbuf_0_clk/A (sky130_fd_sc_hd__clkbuf_16)
                  0.05    0.14    0.17 ^ clkbuf_0_clk/X (sky130_fd_sc_hd__clkbuf_16)
     4    0.03                           clknet_0_clk (net)
                  0.05    0.00    0.17 ^ clkbuf_2_3__f_clk/A (sky130_fd_sc_hd__clkbuf_16)
                  0.05    0.14    0.31 ^ clkbuf_2_3__f_clk/X (sky130_fd_sc_hd__clkbuf_16)
    12    0.02                           clknet_2_3__leaf_clk (net)
                  0.05    0.00    0.31 ^ _739_/CLK (sky130_fd_sc_hd__dfrtp_2)
                          0.25    0.56   clock uncertainty
                          0.00    0.56   clock reconvergence pessimism
                          0.32    0.87   library removal time
                                  0.87   data required time
-----------------------------------------------------------------------------
                                  0.87   data required time
                                 -2.43   data arrival time
-----------------------------------------------------------------------------
                                  1.56   slack (MET)


Startpoint: rst (input port clocked by clk)
Endpoint: _728_ (removal check against rising-edge clock clk)
Path Group: asynchronous
Path Type: min

Fanout     Cap    Slew   Delay    Time   Description
-----------------------------------------------------------------------------
                          0.00    0.00   clock clk (rise edge)
                          0.00    0.00   clock network delay (propagated)
                          2.00    2.00 v input external delay
                  0.01    0.00    2.00 v rst (in)
     1    0.00                           rst (net)
                  0.01    0.00    2.00 v input17/A (sky130_fd_sc_hd__clkbuf_1)
                  0.02    0.07    2.07 v input17/X (sky130_fd_sc_hd__clkbuf_1)
     1    0.00                           net17 (net)
                  0.02    0.00    2.07 v _634_/A (sky130_fd_sc_hd__buf_4)
                  0.06    0.15    2.22 v _634_/X (sky130_fd_sc_hd__buf_4)
     9    0.04                           _341_ (net)
                  0.06    0.00    2.22 v _668_/A (sky130_fd_sc_hd__clkbuf_8)
                  0.06    0.17    2.39 v _668_/X (sky130_fd_sc_hd__clkbuf_8)
    10    0.04                           _345_ (net)
                  0.06    0.00    2.39 v _673_/A (sky130_fd_sc_hd__inv_2)
                  0.03    0.05    2.43 ^ _673_/Y (sky130_fd_sc_hd__inv_2)
     1    0.00                           _035_ (net)
                  0.03    0.00    2.43 ^ _728_/RESET_B (sky130_fd_sc_hd__dfrtp_4)
                                  2.43   data arrival time

                          0.00    0.00   clock clk (rise edge)
                          0.00    0.00   clock source latency
                  0.04    0.03    0.03 ^ clk (in)
     1    0.01                           clk (net)
                  0.04    0.00    0.03 ^ clkbuf_0_clk/A (sky130_fd_sc_hd__clkbuf_16)
                  0.05    0.14    0.17 ^ clkbuf_0_clk/X (sky130_fd_sc_hd__clkbuf_16)
     4    0.03                           clknet_0_clk (net)
                  0.05    0.00    0.17 ^ clkbuf_2_3__f_clk/A (sky130_fd_sc_hd__clkbuf_16)
                  0.05    0.14    0.31 ^ clkbuf_2_3__f_clk/X (sky130_fd_sc_hd__clkbuf_16)
    12    0.02                           clknet_2_3__leaf_clk (net)
                  0.05    0.00    0.31 ^ _728_/CLK (sky130_fd_sc_hd__dfrtp_4)
                          0.25    0.56   clock uncertainty
                          0.00    0.56   clock reconvergence pessimism
                          0.32    0.87   library removal time
                                  0.87   data required time
-----------------------------------------------------------------------------
                                  0.87   data required time
                                 -2.43   data arrival time
-----------------------------------------------------------------------------
                                  1.56   slack (MET)


Startpoint: rst (input port clocked by clk)
Endpoint: _732_ (removal check against rising-edge clock clk)
Path Group: asynchronous
Path Type: min

Fanout     Cap    Slew   Delay    Time   Description
-----------------------------------------------------------------------------
                          0.00    0.00   clock clk (rise edge)
                          0.00    0.00   clock network delay (propagated)
                          2.00    2.00 v input external delay
                  0.01    0.00    2.00 v rst (in)
     1    0.00                           rst (net)
                  0.01    0.00    2.00 v input17/A (sky130_fd_sc_hd__clkbuf_1)
                  0.02    0.07    2.07 v input17/X (sky130_fd_sc_hd__clkbuf_1)
     1    0.00                           net17 (net)
                  0.02    0.00    2.07 v _634_/A (sky130_fd_sc_hd__buf_4)
                  0.06    0.15    2.22 v _634_/X (sky130_fd_sc_hd__buf_4)
     9    0.04                           _341_ (net)
                  0.06    0.00    2.22 v _668_/A (sky130_fd_sc_hd__clkbuf_8)
                  0.06    0.17    2.39 v _668_/X (sky130_fd_sc_hd__clkbuf_8)
    10    0.04                           _345_ (net)
                  0.06    0.00    2.39 v _677_/A (sky130_fd_sc_hd__inv_2)
                  0.03    0.05    2.43 ^ _677_/Y (sky130_fd_sc_hd__inv_2)
     1    0.00                           _039_ (net)
                  0.03    0.00    2.43 ^ _732_/RESET_B (sky130_fd_sc_hd__dfrtp_4)
                                  2.43   data arrival time

                          0.00    0.00   clock clk (rise edge)
                          0.00    0.00   clock source latency
                  0.04    0.03    0.03 ^ clk (in)
     1    0.01                           clk (net)
                  0.04    0.00    0.03 ^ clkbuf_0_clk/A (sky130_fd_sc_hd__clkbuf_16)
                  0.05    0.14    0.17 ^ clkbuf_0_clk/X (sky130_fd_sc_hd__clkbuf_16)
     4    0.03                           clknet_0_clk (net)
                  0.05    0.00    0.17 ^ clkbuf_2_3__f_clk/A (sky130_fd_sc_hd__clkbuf_16)
                  0.05    0.14    0.31 ^ clkbuf_2_3__f_clk/X (sky130_fd_sc_hd__clkbuf_16)
    12    0.02                           clknet_2_3__leaf_clk (net)
                  0.05    0.00    0.31 ^ _732_/CLK (sky130_fd_sc_hd__dfrtp_4)
                          0.25    0.56   clock uncertainty
                          0.00    0.56   clock reconvergence pessimism
                          0.32    0.87   library removal time
                                  0.87   data required time
-----------------------------------------------------------------------------
                                  0.87   data required time
                                 -2.43   data arrival time
-----------------------------------------------------------------------------
                                  1.56   slack (MET)


Startpoint: rst (input port clocked by clk)
Endpoint: _696_ (removal check against rising-edge clock clk)
Path Group: asynchronous
Path Type: min

Fanout     Cap    Slew   Delay    Time   Description
-----------------------------------------------------------------------------
                          0.00    0.00   clock clk (rise edge)
                          0.00    0.00   clock network delay (propagated)
                          2.00    2.00 v input external delay
                  0.01    0.00    2.00 v rst (in)
     1    0.00                           rst (net)
                  0.01    0.00    2.00 v input17/A (sky130_fd_sc_hd__clkbuf_1)
                  0.02    0.07    2.07 v input17/X (sky130_fd_sc_hd__clkbuf_1)
     1    0.00                           net17 (net)
                  0.02    0.00    2.07 v _634_/A (sky130_fd_sc_hd__buf_4)
                  0.06    0.15    2.22 v _634_/X (sky130_fd_sc_hd__buf_4)
     9    0.04                           _341_ (net)
                  0.06    0.00    2.22 v _635_/A (sky130_fd_sc_hd__clkbuf_8)
                  0.06    0.17    2.39 v _635_/X (sky130_fd_sc_hd__clkbuf_8)
    10    0.04                           _342_ (net)
                  0.06    0.00    2.39 v _638_/A (sky130_fd_sc_hd__inv_2)
                  0.03    0.05    2.43 ^ _638_/Y (sky130_fd_sc_hd__inv_2)
     1    0.00                           _003_ (net)
                  0.03    0.00    2.43 ^ _696_/RESET_B (sky130_fd_sc_hd__dfrtp_1)
                                  2.43   data arrival time

                          0.00    0.00   clock clk (rise edge)
                          0.00    0.00   clock source latency
                  0.04    0.03    0.03 ^ clk (in)
     1    0.01                           clk (net)
                  0.04    0.00    0.03 ^ clkbuf_0_clk/A (sky130_fd_sc_hd__clkbuf_16)
                  0.05    0.14    0.17 ^ clkbuf_0_clk/X (sky130_fd_sc_hd__clkbuf_16)
     4    0.03                           clknet_0_clk (net)
                  0.05    0.00    0.17 ^ clkbuf_2_3__f_clk/A (sky130_fd_sc_hd__clkbuf_16)
                  0.05    0.14    0.31 ^ clkbuf_2_3__f_clk/X (sky130_fd_sc_hd__clkbuf_16)
    12    0.02                           clknet_2_3__leaf_clk (net)
                  0.05    0.00    0.31 ^ _696_/CLK (sky130_fd_sc_hd__dfrtp_1)
                          0.25    0.56   clock uncertainty
                          0.00    0.56   clock reconvergence pessimism
                          0.32    0.87   library removal time
                                  0.87   data required time
-----------------------------------------------------------------------------
                                  0.87   data required time
                                 -2.43   data arrival time
-----------------------------------------------------------------------------
                                  1.56   slack (MET)


Startpoint: rst (input port clocked by clk)
Endpoint: _697_ (removal check against rising-edge clock clk)
Path Group: asynchronous
Path Type: min

Fanout     Cap    Slew   Delay    Time   Description
-----------------------------------------------------------------------------
                          0.00    0.00   clock clk (rise edge)
                          0.00    0.00   clock network delay (propagated)
                          2.00    2.00 v input external delay
                  0.01    0.00    2.00 v rst (in)
     1    0.00                           rst (net)
                  0.01    0.00    2.00 v input17/A (sky130_fd_sc_hd__clkbuf_1)
                  0.02    0.07    2.07 v input17/X (sky130_fd_sc_hd__clkbuf_1)
     1    0.00                           net17 (net)
                  0.02    0.00    2.07 v _634_/A (sky130_fd_sc_hd__buf_4)
                  0.06    0.15    2.22 v _634_/X (sky130_fd_sc_hd__buf_4)
     9    0.04                           _341_ (net)
                  0.06    0.00    2.22 v _635_/A (sky130_fd_sc_hd__clkbuf_8)
                  0.06    0.17    2.39 v _635_/X (sky130_fd_sc_hd__clkbuf_8)
    10    0.04                           _342_ (net)
                  0.06    0.00    2.39 v _639_/A (sky130_fd_sc_hd__inv_2)
                  0.03    0.05    2.43 ^ _639_/Y (sky130_fd_sc_hd__inv_2)
     1    0.00                           _004_ (net)
                  0.03    0.00    2.43 ^ _697_/RESET_B (sky130_fd_sc_hd__dfrtp_1)
                                  2.43   data arrival time

                          0.00    0.00   clock clk (rise edge)
                          0.00    0.00   clock source latency
                  0.04    0.03    0.03 ^ clk (in)
     1    0.01                           clk (net)
                  0.04    0.00    0.03 ^ clkbuf_0_clk/A (sky130_fd_sc_hd__clkbuf_16)
                  0.05    0.14    0.17 ^ clkbuf_0_clk/X (sky130_fd_sc_hd__clkbuf_16)
     4    0.03                           clknet_0_clk (net)
                  0.05    0.00    0.17 ^ clkbuf_2_3__f_clk/A (sky130_fd_sc_hd__clkbuf_16)
                  0.05    0.14    0.31 ^ clkbuf_2_3__f_clk/X (sky130_fd_sc_hd__clkbuf_16)
    12    0.02                           clknet_2_3__leaf_clk (net)
                  0.05    0.00    0.31 ^ _697_/CLK (sky130_fd_sc_hd__dfrtp_1)
                          0.25    0.56   clock uncertainty
                          0.00    0.56   clock reconvergence pessimism
                          0.32    0.87   library removal time
                                  0.87   data required time
-----------------------------------------------------------------------------
                                  0.87   data required time
                                 -2.43   data arrival time
-----------------------------------------------------------------------------
                                  1.56   slack (MET)


Startpoint: rst (input port clocked by clk)
Endpoint: _700_ (removal check against rising-edge clock clk)
Path Group: asynchronous
Path Type: min

Fanout     Cap    Slew   Delay    Time   Description
-----------------------------------------------------------------------------
                          0.00    0.00   clock clk (rise edge)
                          0.00    0.00   clock network delay (propagated)
                          2.00    2.00 v input external delay
                  0.01    0.00    2.00 v rst (in)
     1    0.00                           rst (net)
                  0.01    0.00    2.00 v input17/A (sky130_fd_sc_hd__clkbuf_1)
                  0.02    0.07    2.07 v input17/X (sky130_fd_sc_hd__clkbuf_1)
     1    0.00                           net17 (net)
                  0.02    0.00    2.07 v _634_/A (sky130_fd_sc_hd__buf_4)
                  0.06    0.15    2.22 v _634_/X (sky130_fd_sc_hd__buf_4)
     9    0.04                           _341_ (net)
                  0.06    0.00    2.22 v _635_/A (sky130_fd_sc_hd__clkbuf_8)
                  0.06    0.17    2.39 v _635_/X (sky130_fd_sc_hd__clkbuf_8)
    10    0.04                           _342_ (net)
                  0.06    0.00    2.39 v _642_/A (sky130_fd_sc_hd__inv_2)
                  0.03    0.05    2.43 ^ _642_/Y (sky130_fd_sc_hd__inv_2)
     1    0.00                           _007_ (net)
                  0.03    0.00    2.43 ^ _700_/RESET_B (sky130_fd_sc_hd__dfrtp_1)
                                  2.43   data arrival time

                          0.00    0.00   clock clk (rise edge)
                          0.00    0.00   clock source latency
                  0.04    0.03    0.03 ^ clk (in)
     1    0.01                           clk (net)
                  0.04    0.00    0.03 ^ clkbuf_0_clk/A (sky130_fd_sc_hd__clkbuf_16)
                  0.05    0.14    0.17 ^ clkbuf_0_clk/X (sky130_fd_sc_hd__clkbuf_16)
     4    0.03                           clknet_0_clk (net)
                  0.05    0.00    0.17 ^ clkbuf_2_3__f_clk/A (sky130_fd_sc_hd__clkbuf_16)
                  0.05    0.14    0.31 ^ clkbuf_2_3__f_clk/X (sky130_fd_sc_hd__clkbuf_16)
    12    0.02                           clknet_2_3__leaf_clk (net)
                  0.05    0.00    0.31 ^ _700_/CLK (sky130_fd_sc_hd__dfrtp_1)
                          0.25    0.56   clock uncertainty
                          0.00    0.56   clock reconvergence pessimism
                          0.32    0.87   library removal time
                                  0.87   data required time
-----------------------------------------------------------------------------
                                  0.87   data required time
                                 -2.43   data arrival time
-----------------------------------------------------------------------------
                                  1.56   slack (MET)


Startpoint: rst (input port clocked by clk)
Endpoint: _713_ (removal check against rising-edge clock clk)
Path Group: asynchronous
Path Type: min

Fanout     Cap    Slew   Delay    Time   Description
-----------------------------------------------------------------------------
                          0.00    0.00   clock clk (rise edge)
                          0.00    0.00   clock network delay (propagated)
                          2.00    2.00 v input external delay
                  0.01    0.00    2.00 v rst (in)
     1    0.00                           rst (net)
                  0.01    0.00    2.00 v input17/A (sky130_fd_sc_hd__clkbuf_1)
                  0.02    0.07    2.07 v input17/X (sky130_fd_sc_hd__clkbuf_1)
     1    0.00                           net17 (net)
                  0.02    0.00    2.07 v _634_/A (sky130_fd_sc_hd__buf_4)
                  0.06    0.15    2.22 v _634_/X (sky130_fd_sc_hd__buf_4)
     9    0.04                           _341_ (net)
                  0.06    0.00    2.22 v _646_/A (sky130_fd_sc_hd__clkbuf_8)
                  0.06    0.17    2.39 v _646_/X (sky130_fd_sc_hd__clkbuf_8)
    10    0.04                           _343_ (net)
                  0.06    0.00    2.39 v _656_/A (sky130_fd_sc_hd__inv_2)
                  0.03    0.05    2.43 ^ _656_/Y (sky130_fd_sc_hd__inv_2)
     1    0.00                           _020_ (net)
                  0.03    0.00    2.43 ^ _713_/RESET_B (sky130_fd_sc_hd__dfrtp_1)
                                  2.43   data arrival time

                          0.00    0.00   clock clk (rise edge)
                          0.00    0.00   clock source latency
                  0.04    0.03    0.03 ^ clk (in)
     1    0.01                           clk (net)
                  0.04    0.00    0.03 ^ clkbuf_0_clk/A (sky130_fd_sc_hd__clkbuf_16)
                  0.05    0.14    0.17 ^ clkbuf_0_clk/X (sky130_fd_sc_hd__clkbuf_16)
     4    0.03                           clknet_0_clk (net)
                  0.05    0.00    0.17 ^ clkbuf_2_3__f_clk/A (sky130_fd_sc_hd__clkbuf_16)
                  0.05    0.14    0.31 ^ clkbuf_2_3__f_clk/X (sky130_fd_sc_hd__clkbuf_16)
    12    0.02                           clknet_2_3__leaf_clk (net)
                  0.05    0.00    0.31 ^ _713_/CLK (sky130_fd_sc_hd__dfrtp_1)
                          0.25    0.56   clock uncertainty
                          0.00    0.56   clock reconvergence pessimism
                          0.32    0.87   library removal time
                                  0.87   data required time
-----------------------------------------------------------------------------
                                  0.87   data required time
                                 -2.43   data arrival time
-----------------------------------------------------------------------------
                                  1.56   slack (MET)


Startpoint: _700_ (rising edge-triggered flip-flop clocked by clk)
Endpoint: done (output port clocked by clk)
Path Group: clk
Path Type: min

Fanout     Cap    Slew   Delay    Time   Description
-----------------------------------------------------------------------------
                          0.00    0.00   clock clk (rise edge)
                          0.00    0.00   clock source latency
                  0.04    0.03    0.03 ^ clk (in)
     1    0.01                           clk (net)
                  0.04    0.00    0.03 ^ clkbuf_0_clk/A (sky130_fd_sc_hd__clkbuf_16)
                  0.05    0.13    0.15 ^ clkbuf_0_clk/X (sky130_fd_sc_hd__clkbuf_16)
     4    0.03                           clknet_0_clk (net)
                  0.05    0.00    0.15 ^ clkbuf_2_3__f_clk/A (sky130_fd_sc_hd__clkbuf_16)
                  0.05    0.12    0.28 ^ clkbuf_2_3__f_clk/X (sky130_fd_sc_hd__clkbuf_16)
    12    0.02                           clknet_2_3__leaf_clk (net)
                  0.05    0.00    0.28 ^ _700_/CLK (sky130_fd_sc_hd__dfrtp_1)
                  0.06    0.31    0.59 ^ _700_/Q (sky130_fd_sc_hd__dfrtp_1)
     2    0.00                           net19 (net)
                  0.06    0.00    0.59 ^ output19/A (sky130_fd_sc_hd__clkbuf_4)
                  0.11    0.18    0.76 ^ output19/X (sky130_fd_sc_hd__clkbuf_4)
     1    0.03                           done (net)
                  0.11    0.00    0.76 ^ done (out)
                                  0.76   data arrival time

                          0.00    0.00   clock clk (rise edge)
                          0.00    0.00   clock network delay (propagated)
                          0.25    0.25   clock uncertainty
                          0.00    0.25   clock reconvergence pessimism
                         -2.00   -1.75   output external delay
                                 -1.75   data required time
-----------------------------------------------------------------------------
                                 -1.75   data required time
                                 -0.76   data arrival time
-----------------------------------------------------------------------------
                                  2.51   slack (MET)


Startpoint: _713_ (rising edge-triggered flip-flop clocked by clk)
Endpoint: product[12] (output port clocked by clk)
Path Group: clk
Path Type: min

Fanout     Cap    Slew   Delay    Time   Description
-----------------------------------------------------------------------------
                          0.00    0.00   clock clk (rise edge)
                          0.00    0.00   clock source latency
                  0.04    0.03    0.03 ^ clk (in)
     1    0.01                           clk (net)
                  0.04    0.00    0.03 ^ clkbuf_0_clk/A (sky130_fd_sc_hd__clkbuf_16)
                  0.05    0.13    0.15 ^ clkbuf_0_clk/X (sky130_fd_sc_hd__clkbuf_16)
     4    0.03                           clknet_0_clk (net)
                  0.05    0.00    0.15 ^ clkbuf_2_3__f_clk/A (sky130_fd_sc_hd__clkbuf_16)
                  0.05    0.12    0.28 ^ clkbuf_2_3__f_clk/X (sky130_fd_sc_hd__clkbuf_16)
    12    0.02                           clknet_2_3__leaf_clk (net)
                  0.05    0.00    0.28 ^ _713_/CLK (sky130_fd_sc_hd__dfrtp_1)
                  0.06    0.31    0.59 ^ _713_/Q (sky130_fd_sc_hd__dfrtp_1)
     2    0.00                           net23 (net)
                  0.06    0.00    0.59 ^ output23/A (sky130_fd_sc_hd__clkbuf_4)
                  0.11    0.18    0.76 ^ output23/X (sky130_fd_sc_hd__clkbuf_4)
     1    0.03                           product[12] (net)
                  0.11    0.00    0.76 ^ product[12] (out)
                                  0.76   data arrival time

                          0.00    0.00   clock clk (rise edge)
                          0.00    0.00   clock network delay (propagated)
                          0.25    0.25   clock uncertainty
                          0.00    0.25   clock reconvergence pessimism
                         -2.00   -1.75   output external delay
                                 -1.75   data required time
-----------------------------------------------------------------------------
                                 -1.75   data required time
                                 -0.76   data arrival time
-----------------------------------------------------------------------------
                                  2.51   slack (MET)


Startpoint: _701_ (rising edge-triggered flip-flop clocked by clk)
Endpoint: product[0] (output port clocked by clk)
Path Group: clk
Path Type: min

Fanout     Cap    Slew   Delay    Time   Description
-----------------------------------------------------------------------------
                          0.00    0.00   clock clk (rise edge)
                          0.00    0.00   clock source latency
                  0.04    0.03    0.03 ^ clk (in)
     1    0.01                           clk (net)
                  0.04    0.00    0.03 ^ clkbuf_0_clk/A (sky130_fd_sc_hd__clkbuf_16)
                  0.05    0.13    0.15 ^ clkbuf_0_clk/X (sky130_fd_sc_hd__clkbuf_16)
     4    0.03                           clknet_0_clk (net)
                  0.05    0.00    0.15 ^ clkbuf_2_2__f_clk/A (sky130_fd_sc_hd__clkbuf_16)
                  0.05    0.13    0.28 ^ clkbuf_2_2__f_clk/X (sky130_fd_sc_hd__clkbuf_16)
    13    0.02                           clknet_2_2__leaf_clk (net)
                  0.05    0.00    0.28 ^ _701_/CLK (sky130_fd_sc_hd__dfrtp_1)
                  0.06    0.31    0.59 ^ _701_/Q (sky130_fd_sc_hd__dfrtp_1)
     2    0.00                           net20 (net)
                  0.06    0.00    0.59 ^ output20/A (sky130_fd_sc_hd__clkbuf_4)
                  0.11    0.18    0.77 ^ output20/X (sky130_fd_sc_hd__clkbuf_4)
     1    0.03                           product[0] (net)
                  0.11    0.00    0.77 ^ product[0] (out)
                                  0.77   data arrival time

                          0.00    0.00   clock clk (rise edge)
                          0.00    0.00   clock network delay (propagated)
                          0.25    0.25   clock uncertainty
                          0.00    0.25   clock reconvergence pessimism
                         -2.00   -1.75   output external delay
                                 -1.75   data required time
-----------------------------------------------------------------------------
                                 -1.75   data required time
                                 -0.77   data arrival time
-----------------------------------------------------------------------------
                                  2.52   slack (MET)


Startpoint: _711_ (rising edge-triggered flip-flop clocked by clk)
Endpoint: product[10] (output port clocked by clk)
Path Group: clk
Path Type: min

Fanout     Cap    Slew   Delay    Time   Description
-----------------------------------------------------------------------------
                          0.00    0.00   clock clk (rise edge)
                          0.00    0.00   clock source latency
                  0.04    0.03    0.03 ^ clk (in)
     1    0.01                           clk (net)
                  0.04    0.00    0.03 ^ clkbuf_0_clk/A (sky130_fd_sc_hd__clkbuf_16)
                  0.05    0.13    0.15 ^ clkbuf_0_clk/X (sky130_fd_sc_hd__clkbuf_16)
     4    0.03                           clknet_0_clk (net)
                  0.05    0.00    0.15 ^ clkbuf_2_2__f_clk/A (sky130_fd_sc_hd__clkbuf_16)
                  0.05    0.13    0.28 ^ clkbuf_2_2__f_clk/X (sky130_fd_sc_hd__clkbuf_16)
    13    0.02                           clknet_2_2__leaf_clk (net)
                  0.05    0.00    0.28 ^ _711_/CLK (sky130_fd_sc_hd__dfrtp_1)
                  0.06    0.31    0.59 ^ _711_/Q (sky130_fd_sc_hd__dfrtp_1)
     2    0.00                           net21 (net)
                  0.06    0.00    0.59 ^ output21/A (sky130_fd_sc_hd__clkbuf_4)
                  0.11    0.18    0.77 ^ output21/X (sky130_fd_sc_hd__clkbuf_4)
     1    0.03                           product[10] (net)
                  0.11    0.00    0.77 ^ product[10] (out)
                                  0.77   data arrival time

                          0.00    0.00   clock clk (rise edge)
                          0.00    0.00   clock network delay (propagated)
                          0.25    0.25   clock uncertainty
                          0.00    0.25   clock reconvergence pessimism
                         -2.00   -1.75   output external delay
                                 -1.75   data required time
-----------------------------------------------------------------------------
                                 -1.75   data required time
                                 -0.77   data arrival time
-----------------------------------------------------------------------------
                                  2.52   slack (MET)


Startpoint: _705_ (rising edge-triggered flip-flop clocked by clk)
Endpoint: product[4] (output port clocked by clk)
Path Group: clk
Path Type: min

Fanout     Cap    Slew   Delay    Time   Description
-----------------------------------------------------------------------------
                          0.00    0.00   clock clk (rise edge)
                          0.00    0.00   clock source latency
                  0.04    0.03    0.03 ^ clk (in)
     1    0.01                           clk (net)
                  0.04    0.00    0.03 ^ clkbuf_0_clk/A (sky130_fd_sc_hd__clkbuf_16)
                  0.05    0.13    0.15 ^ clkbuf_0_clk/X (sky130_fd_sc_hd__clkbuf_16)
     4    0.03                           clknet_0_clk (net)
                  0.05    0.00    0.15 ^ clkbuf_2_2__f_clk/A (sky130_fd_sc_hd__clkbuf_16)
                  0.05    0.13    0.28 ^ clkbuf_2_2__f_clk/X (sky130_fd_sc_hd__clkbuf_16)
    13    0.02                           clknet_2_2__leaf_clk (net)
                  0.05    0.00    0.28 ^ _705_/CLK (sky130_fd_sc_hd__dfrtp_1)
                  0.06    0.31    0.59 ^ _705_/Q (sky130_fd_sc_hd__dfrtp_1)
     2    0.00                           net30 (net)
                  0.06    0.00    0.59 ^ output30/A (sky130_fd_sc_hd__clkbuf_4)
                  0.11    0.18    0.77 ^ output30/X (sky130_fd_sc_hd__clkbuf_4)
     1    0.03                           product[4] (net)
                  0.11    0.00    0.77 ^ product[4] (out)
                                  0.77   data arrival time

                          0.00    0.00   clock clk (rise edge)
                          0.00    0.00   clock network delay (propagated)
                          0.25    0.25   clock uncertainty
                          0.00    0.25   clock reconvergence pessimism
                         -2.00   -1.75   output external delay
                                 -1.75   data required time
-----------------------------------------------------------------------------
                                 -1.75   data required time
                                 -0.77   data arrival time
-----------------------------------------------------------------------------
                                  2.52   slack (MET)


Startpoint: _707_ (rising edge-triggered flip-flop clocked by clk)
Endpoint: product[6] (output port clocked by clk)
Path Group: clk
Path Type: min

Fanout     Cap    Slew   Delay    Time   Description
-----------------------------------------------------------------------------
                          0.00    0.00   clock clk (rise edge)
                          0.00    0.00   clock source latency
                  0.04    0.03    0.03 ^ clk (in)
     1    0.01                           clk (net)
                  0.04    0.00    0.03 ^ clkbuf_0_clk/A (sky130_fd_sc_hd__clkbuf_16)
                  0.05    0.13    0.15 ^ clkbuf_0_clk/X (sky130_fd_sc_hd__clkbuf_16)
     4    0.03                           clknet_0_clk (net)
                  0.05    0.00    0.15 ^ clkbuf_2_2__f_clk/A (sky130_fd_sc_hd__clkbuf_16)
                  0.05    0.13    0.28 ^ clkbuf_2_2__f_clk/X (sky130_fd_sc_hd__clkbuf_16)
    13    0.02                           clknet_2_2__leaf_clk (net)
                  0.05    0.00    0.28 ^ _707_/CLK (sky130_fd_sc_hd__dfrtp_1)
                  0.06    0.31    0.59 ^ _707_/Q (sky130_fd_sc_hd__dfrtp_1)
     2    0.00                           net32 (net)
                  0.06    0.00    0.59 ^ output32/A (sky130_fd_sc_hd__clkbuf_4)
                  0.11    0.18    0.77 ^ output32/X (sky130_fd_sc_hd__clkbuf_4)
     1    0.03                           product[6] (net)
                  0.11    0.00    0.77 ^ product[6] (out)
                                  0.77   data arrival time

                          0.00    0.00   clock clk (rise edge)
                          0.00    0.00   clock network delay (propagated)
                          0.25    0.25   clock uncertainty
                          0.00    0.25   clock reconvergence pessimism
                         -2.00   -1.75   output external delay
                                 -1.75   data required time
-----------------------------------------------------------------------------
                                 -1.75   data required time
                                 -0.77   data arrival time
-----------------------------------------------------------------------------
                                  2.52   slack (MET)


Startpoint: _708_ (rising edge-triggered flip-flop clocked by clk)
Endpoint: product[7] (output port clocked by clk)
Path Group: clk
Path Type: min

Fanout     Cap    Slew   Delay    Time   Description
-----------------------------------------------------------------------------
                          0.00    0.00   clock clk (rise edge)
                          0.00    0.00   clock source latency
                  0.04    0.03    0.03 ^ clk (in)
     1    0.01                           clk (net)
                  0.04    0.00    0.03 ^ clkbuf_0_clk/A (sky130_fd_sc_hd__clkbuf_16)
                  0.05    0.13    0.15 ^ clkbuf_0_clk/X (sky130_fd_sc_hd__clkbuf_16)
     4    0.03                           clknet_0_clk (net)
                  0.05    0.00    0.15 ^ clkbuf_2_2__f_clk/A (sky130_fd_sc_hd__clkbuf_16)
                  0.05    0.13    0.28 ^ clkbuf_2_2__f_clk/X (sky130_fd_sc_hd__clkbuf_16)
    13    0.02                           clknet_2_2__leaf_clk (net)
                  0.05    0.00    0.28 ^ _708_/CLK (sky130_fd_sc_hd__dfrtp_1)
                  0.06    0.31    0.59 ^ _708_/Q (sky130_fd_sc_hd__dfrtp_1)
     2    0.00                           net33 (net)
                  0.06    0.00    0.59 ^ output33/A (sky130_fd_sc_hd__clkbuf_4)
                  0.11    0.18    0.77 ^ output33/X (sky130_fd_sc_hd__clkbuf_4)
     1    0.03                           product[7] (net)
                  0.11    0.00    0.77 ^ product[7] (out)
                                  0.77   data arrival time

                          0.00    0.00   clock clk (rise edge)
                          0.00    0.00   clock network delay (propagated)
                          0.25    0.25   clock uncertainty
                          0.00    0.25   clock reconvergence pessimism
                         -2.00   -1.75   output external delay
                                 -1.75   data required time
-----------------------------------------------------------------------------
                                 -1.75   data required time
                                 -0.77   data arrival time
-----------------------------------------------------------------------------
                                  2.52   slack (MET)


Startpoint: _712_ (rising edge-triggered flip-flop clocked by clk)
Endpoint: product[11] (output port clocked by clk)
Path Group: clk
Path Type: min

Fanout     Cap    Slew   Delay    Time   Description
-----------------------------------------------------------------------------
                          0.00    0.00   clock clk (rise edge)
                          0.00    0.00   clock source latency
                  0.04    0.03    0.03 ^ clk (in)
     1    0.01                           clk (net)
                  0.04    0.00    0.03 ^ clkbuf_0_clk/A (sky130_fd_sc_hd__clkbuf_16)
                  0.05    0.13    0.15 ^ clkbuf_0_clk/X (sky130_fd_sc_hd__clkbuf_16)
     4    0.03                           clknet_0_clk (net)
                  0.05    0.00    0.15 ^ clkbuf_2_1__f_clk/A (sky130_fd_sc_hd__clkbuf_16)
                  0.05    0.13    0.28 ^ clkbuf_2_1__f_clk/X (sky130_fd_sc_hd__clkbuf_16)
    14    0.03                           clknet_2_1__leaf_clk (net)
                  0.05    0.00    0.28 ^ _712_/CLK (sky130_fd_sc_hd__dfrtp_1)
                  0.06    0.31    0.59 ^ _712_/Q (sky130_fd_sc_hd__dfrtp_1)
     2    0.00                           net22 (net)
                  0.06    0.00    0.59 ^ output22/A (sky130_fd_sc_hd__clkbuf_4)
                  0.11    0.18    0.77 ^ output22/X (sky130_fd_sc_hd__clkbuf_4)
     1    0.03                           product[11] (net)
                  0.11    0.00    0.77 ^ product[11] (out)
                                  0.77   data arrival time

                          0.00    0.00   clock clk (rise edge)
                          0.00    0.00   clock network delay (propagated)
                          0.25    0.25   clock uncertainty
                          0.00    0.25   clock reconvergence pessimism
                         -2.00   -1.75   output external delay
                                 -1.75   data required time
-----------------------------------------------------------------------------
                                 -1.75   data required time
                                 -0.77   data arrival time
-----------------------------------------------------------------------------
                                  2.52   slack (MET)


Startpoint: _703_ (rising edge-triggered flip-flop clocked by clk)
Endpoint: product[2] (output port clocked by clk)
Path Group: clk
Path Type: min

Fanout     Cap    Slew   Delay    Time   Description
-----------------------------------------------------------------------------
                          0.00    0.00   clock clk (rise edge)
                          0.00    0.00   clock source latency
                  0.04    0.03    0.03 ^ clk (in)
     1    0.01                           clk (net)
                  0.04    0.00    0.03 ^ clkbuf_0_clk/A (sky130_fd_sc_hd__clkbuf_16)
                  0.05    0.13    0.15 ^ clkbuf_0_clk/X (sky130_fd_sc_hd__clkbuf_16)
     4    0.03                           clknet_0_clk (net)
                  0.05    0.00    0.15 ^ clkbuf_2_1__f_clk/A (sky130_fd_sc_hd__clkbuf_16)
                  0.05    0.13    0.28 ^ clkbuf_2_1__f_clk/X (sky130_fd_sc_hd__clkbuf_16)
    14    0.03                           clknet_2_1__leaf_clk (net)
                  0.05    0.00    0.28 ^ _703_/CLK (sky130_fd_sc_hd__dfrtp_1)
                  0.06    0.31    0.59 ^ _703_/Q (sky130_fd_sc_hd__dfrtp_1)
     2    0.00                           net28 (net)
                  0.06    0.00    0.59 ^ output28/A (sky130_fd_sc_hd__clkbuf_4)
                  0.11    0.18    0.77 ^ output28/X (sky130_fd_sc_hd__clkbuf_4)
     1    0.03                           product[2] (net)
                  0.11    0.00    0.77 ^ product[2] (out)
                                  0.77   data arrival time

                          0.00    0.00   clock clk (rise edge)
                          0.00    0.00   clock network delay (propagated)
                          0.25    0.25   clock uncertainty
                          0.00    0.25   clock reconvergence pessimism
                         -2.00   -1.75   output external delay
                                 -1.75   data required time
-----------------------------------------------------------------------------
                                 -1.75   data required time
                                 -0.77   data arrival time
-----------------------------------------------------------------------------
                                  2.52   slack (MET)


Startpoint: _709_ (rising edge-triggered flip-flop clocked by clk)
Endpoint: product[8] (output port clocked by clk)
Path Group: clk
Path Type: min

Fanout     Cap    Slew   Delay    Time   Description
-----------------------------------------------------------------------------
                          0.00    0.00   clock clk (rise edge)
                          0.00    0.00   clock source latency
                  0.04    0.03    0.03 ^ clk (in)
     1    0.01                           clk (net)
                  0.04    0.00    0.03 ^ clkbuf_0_clk/A (sky130_fd_sc_hd__clkbuf_16)
                  0.05    0.13    0.15 ^ clkbuf_0_clk/X (sky130_fd_sc_hd__clkbuf_16)
     4    0.03                           clknet_0_clk (net)
                  0.05    0.00    0.15 ^ clkbuf_2_1__f_clk/A (sky130_fd_sc_hd__clkbuf_16)
                  0.05    0.13    0.28 ^ clkbuf_2_1__f_clk/X (sky130_fd_sc_hd__clkbuf_16)
    14    0.03                           clknet_2_1__leaf_clk (net)
                  0.05    0.00    0.28 ^ _709_/CLK (sky130_fd_sc_hd__dfrtp_1)
                  0.06    0.31    0.59 ^ _709_/Q (sky130_fd_sc_hd__dfrtp_1)
     2    0.00                           net34 (net)
                  0.06    0.00    0.59 ^ output34/A (sky130_fd_sc_hd__clkbuf_4)
                  0.11    0.18    0.77 ^ output34/X (sky130_fd_sc_hd__clkbuf_4)
     1    0.03                           product[8] (net)
                  0.11    0.00    0.77 ^ product[8] (out)
                                  0.77   data arrival time

                          0.00    0.00   clock clk (rise edge)
                          0.00    0.00   clock network delay (propagated)
                          0.25    0.25   clock uncertainty
                          0.00    0.25   clock reconvergence pessimism
                         -2.00   -1.75   output external delay
                                 -1.75   data required time
-----------------------------------------------------------------------------
                                 -1.75   data required time
                                 -0.77   data arrival time
-----------------------------------------------------------------------------
                                  2.52   slack (MET)


Startpoint: _716_ (rising edge-triggered flip-flop clocked by clk)
Endpoint: product[15] (output port clocked by clk)
Path Group: clk
Path Type: min

Fanout     Cap    Slew   Delay    Time   Description
-----------------------------------------------------------------------------
                          0.00    0.00   clock clk (rise edge)
                          0.00    0.00   clock source latency
                  0.04    0.03    0.03 ^ clk (in)
     1    0.01                           clk (net)
                  0.04    0.00    0.03 ^ clkbuf_0_clk/A (sky130_fd_sc_hd__clkbuf_16)
                  0.05    0.13    0.15 ^ clkbuf_0_clk/X (sky130_fd_sc_hd__clkbuf_16)
     4    0.03                           clknet_0_clk (net)
                  0.05    0.00    0.15 ^ clkbuf_2_0__f_clk/A (sky130_fd_sc_hd__clkbuf_16)
                  0.05    0.13    0.28 ^ clkbuf_2_0__f_clk/X (sky130_fd_sc_hd__clkbuf_16)
    15    0.03                           clknet_2_0__leaf_clk (net)
                  0.05    0.00    0.28 ^ _716_/CLK (sky130_fd_sc_hd__dfrtp_1)
                  0.06    0.31    0.59 ^ _716_/Q (sky130_fd_sc_hd__dfrtp_1)
     2    0.00                           net26 (net)
                  0.06    0.00    0.59 ^ output26/A (sky130_fd_sc_hd__clkbuf_4)
                  0.11    0.18    0.77 ^ output26/X (sky130_fd_sc_hd__clkbuf_4)
     1    0.03                           product[15] (net)
                  0.11    0.00    0.77 ^ product[15] (out)
                                  0.77   data arrival time

                          0.00    0.00   clock clk (rise edge)
                          0.00    0.00   clock network delay (propagated)
                          0.25    0.25   clock uncertainty
                          0.00    0.25   clock reconvergence pessimism
                         -2.00   -1.75   output external delay
                                 -1.75   data required time
-----------------------------------------------------------------------------
                                 -1.75   data required time
                                 -0.77   data arrival time
-----------------------------------------------------------------------------
                                  2.52   slack (MET)


Startpoint: _702_ (rising edge-triggered flip-flop clocked by clk)
Endpoint: product[1] (output port clocked by clk)
Path Group: clk
Path Type: min

Fanout     Cap    Slew   Delay    Time   Description
-----------------------------------------------------------------------------
                          0.00    0.00   clock clk (rise edge)
                          0.00    0.00   clock source latency
                  0.04    0.03    0.03 ^ clk (in)
     1    0.01                           clk (net)
                  0.04    0.00    0.03 ^ clkbuf_0_clk/A (sky130_fd_sc_hd__clkbuf_16)
                  0.05    0.13    0.15 ^ clkbuf_0_clk/X (sky130_fd_sc_hd__clkbuf_16)
     4    0.03                           clknet_0_clk (net)
                  0.05    0.00    0.15 ^ clkbuf_2_0__f_clk/A (sky130_fd_sc_hd__clkbuf_16)
                  0.05    0.13    0.28 ^ clkbuf_2_0__f_clk/X (sky130_fd_sc_hd__clkbuf_16)
    15    0.03                           clknet_2_0__leaf_clk (net)
                  0.05    0.00    0.28 ^ _702_/CLK (sky130_fd_sc_hd__dfrtp_1)
                  0.06    0.31    0.59 ^ _702_/Q (sky130_fd_sc_hd__dfrtp_1)
     2    0.00                           net27 (net)
                  0.06    0.00    0.59 ^ output27/A (sky130_fd_sc_hd__clkbuf_4)
                  0.11    0.18    0.77 ^ output27/X (sky130_fd_sc_hd__clkbuf_4)
     1    0.03                           product[1] (net)
                  0.11    0.00    0.77 ^ product[1] (out)
                                  0.77   data arrival time

                          0.00    0.00   clock clk (rise edge)
                          0.00    0.00   clock network delay (propagated)
                          0.25    0.25   clock uncertainty
                          0.00    0.25   clock reconvergence pessimism
                         -2.00   -1.75   output external delay
                                 -1.75   data required time
-----------------------------------------------------------------------------
                                 -1.75   data required time
                                 -0.77   data arrival time
-----------------------------------------------------------------------------
                                  2.52   slack (MET)


Startpoint: _704_ (rising edge-triggered flip-flop clocked by clk)
Endpoint: product[3] (output port clocked by clk)
Path Group: clk
Path Type: min

Fanout     Cap    Slew   Delay    Time   Description
-----------------------------------------------------------------------------
                          0.00    0.00   clock clk (rise edge)
                          0.00    0.00   clock source latency
                  0.04    0.03    0.03 ^ clk (in)
     1    0.01                           clk (net)
                  0.04    0.00    0.03 ^ clkbuf_0_clk/A (sky130_fd_sc_hd__clkbuf_16)
                  0.05    0.13    0.15 ^ clkbuf_0_clk/X (sky130_fd_sc_hd__clkbuf_16)
     4    0.03                           clknet_0_clk (net)
                  0.05    0.00    0.15 ^ clkbuf_2_0__f_clk/A (sky130_fd_sc_hd__clkbuf_16)
                  0.05    0.13    0.28 ^ clkbuf_2_0__f_clk/X (sky130_fd_sc_hd__clkbuf_16)
    15    0.03                           clknet_2_0__leaf_clk (net)
                  0.05    0.00    0.28 ^ _704_/CLK (sky130_fd_sc_hd__dfrtp_1)
                  0.06    0.31    0.59 ^ _704_/Q (sky130_fd_sc_hd__dfrtp_1)
     2    0.00                           net29 (net)
                  0.06    0.00    0.59 ^ output29/A (sky130_fd_sc_hd__clkbuf_4)
                  0.11    0.18    0.77 ^ output29/X (sky130_fd_sc_hd__clkbuf_4)
     1    0.03                           product[3] (net)
                  0.11    0.00    0.77 ^ product[3] (out)
                                  0.77   data arrival time

                          0.00    0.00   clock clk (rise edge)
                          0.00    0.00   clock network delay (propagated)
                          0.25    0.25   clock uncertainty
                          0.00    0.25   clock reconvergence pessimism
                         -2.00   -1.75   output external delay
                                 -1.75   data required time
-----------------------------------------------------------------------------
                                 -1.75   data required time
                                 -0.77   data arrival time
-----------------------------------------------------------------------------
                                  2.52   slack (MET)


Startpoint: _710_ (rising edge-triggered flip-flop clocked by clk)
Endpoint: product[9] (output port clocked by clk)
Path Group: clk
Path Type: min

Fanout     Cap    Slew   Delay    Time   Description
-----------------------------------------------------------------------------
                          0.00    0.00   clock clk (rise edge)
                          0.00    0.00   clock source latency
                  0.04    0.03    0.03 ^ clk (in)
     1    0.01                           clk (net)
                  0.04    0.00    0.03 ^ clkbuf_0_clk/A (sky130_fd_sc_hd__clkbuf_16)
                  0.05    0.13    0.15 ^ clkbuf_0_clk/X (sky130_fd_sc_hd__clkbuf_16)
     4    0.03                           clknet_0_clk (net)
                  0.05    0.00    0.15 ^ clkbuf_2_0__f_clk/A (sky130_fd_sc_hd__clkbuf_16)
                  0.05    0.13    0.28 ^ clkbuf_2_0__f_clk/X (sky130_fd_sc_hd__clkbuf_16)
    15    0.03                           clknet_2_0__leaf_clk (net)
                  0.05    0.00    0.28 ^ _710_/CLK (sky130_fd_sc_hd__dfrtp_1)
                  0.06    0.31    0.59 ^ _710_/Q (sky130_fd_sc_hd__dfrtp_1)
     2    0.00                           net35 (net)
                  0.06    0.00    0.59 ^ output35/A (sky130_fd_sc_hd__clkbuf_4)
                  0.11    0.18    0.77 ^ output35/X (sky130_fd_sc_hd__clkbuf_4)
     1    0.03                           product[9] (net)
                  0.11    0.00    0.77 ^ product[9] (out)
                                  0.77   data arrival time

                          0.00    0.00   clock clk (rise edge)
                          0.00    0.00   clock network delay (propagated)
                          0.25    0.25   clock uncertainty
                          0.00    0.25   clock reconvergence pessimism
                         -2.00   -1.75   output external delay
                                 -1.75   data required time
-----------------------------------------------------------------------------
                                 -1.75   data required time
                                 -0.77   data arrival time
-----------------------------------------------------------------------------
                                  2.52   slack (MET)


Startpoint: _714_ (rising edge-triggered flip-flop clocked by clk)
Endpoint: product[13] (output port clocked by clk)
Path Group: clk
Path Type: min

Fanout     Cap    Slew   Delay    Time   Description
-----------------------------------------------------------------------------
                          0.00    0.00   clock clk (rise edge)
                          0.00    0.00   clock source latency
                  0.04    0.03    0.03 ^ clk (in)
     1    0.01                           clk (net)
                  0.04    0.00    0.03 ^ clkbuf_0_clk/A (sky130_fd_sc_hd__clkbuf_16)
                  0.05    0.13    0.15 ^ clkbuf_0_clk/X (sky130_fd_sc_hd__clkbuf_16)
     4    0.03                           clknet_0_clk (net)
                  0.05    0.00    0.15 ^ clkbuf_2_1__f_clk/A (sky130_fd_sc_hd__clkbuf_16)
                  0.05    0.13    0.28 ^ clkbuf_2_1__f_clk/X (sky130_fd_sc_hd__clkbuf_16)
    14    0.03                           clknet_2_1__leaf_clk (net)
                  0.05    0.00    0.28 ^ _714_/CLK (sky130_fd_sc_hd__dfrtp_1)
                  0.05    0.31    0.59 ^ _714_/Q (sky130_fd_sc_hd__dfrtp_1)
     2    0.00                           net24 (net)
                  0.05    0.00    0.59 ^ output24/A (sky130_fd_sc_hd__buf_2)
                  0.17    0.19    0.78 ^ output24/X (sky130_fd_sc_hd__buf_2)
     1    0.03                           product[13] (net)
                  0.17    0.00    0.78 ^ product[13] (out)
                                  0.78   data arrival time

                          0.00    0.00   clock clk (rise edge)
                          0.00    0.00   clock network delay (propagated)
                          0.25    0.25   clock uncertainty
                          0.00    0.25   clock reconvergence pessimism
                         -2.00   -1.75   output external delay
                                 -1.75   data required time
-----------------------------------------------------------------------------
                                 -1.75   data required time
                                 -0.78   data arrival time
-----------------------------------------------------------------------------
                                  2.53   slack (MET)


Startpoint: _706_ (rising edge-triggered flip-flop clocked by clk)
Endpoint: product[5] (output port clocked by clk)
Path Group: clk
Path Type: min

Fanout     Cap    Slew   Delay    Time   Description
-----------------------------------------------------------------------------
                          0.00    0.00   clock clk (rise edge)
                          0.00    0.00   clock source latency
                  0.04    0.03    0.03 ^ clk (in)
     1    0.01                           clk (net)
                  0.04    0.00    0.03 ^ clkbuf_0_clk/A (sky130_fd_sc_hd__clkbuf_16)
                  0.05    0.13    0.15 ^ clkbuf_0_clk/X (sky130_fd_sc_hd__clkbuf_16)
     4    0.03                           clknet_0_clk (net)
                  0.05    0.00    0.15 ^ clkbuf_2_1__f_clk/A (sky130_fd_sc_hd__clkbuf_16)
                  0.05    0.13    0.28 ^ clkbuf_2_1__f_clk/X (sky130_fd_sc_hd__clkbuf_16)
    14    0.03                           clknet_2_1__leaf_clk (net)
                  0.05    0.00    0.28 ^ _706_/CLK (sky130_fd_sc_hd__dfrtp_1)
                  0.05    0.31    0.59 ^ _706_/Q (sky130_fd_sc_hd__dfrtp_1)
     2    0.00                           net31 (net)
                  0.05    0.00    0.59 ^ output31/A (sky130_fd_sc_hd__buf_2)
                  0.17    0.19    0.78 ^ output31/X (sky130_fd_sc_hd__buf_2)
     1    0.03                           product[5] (net)
                  0.17    0.00    0.78 ^ product[5] (out)
                                  0.78   data arrival time

                          0.00    0.00   clock clk (rise edge)
                          0.00    0.00   clock network delay (propagated)
                          0.25    0.25   clock uncertainty
                          0.00    0.25   clock reconvergence pessimism
                         -2.00   -1.75   output external delay
                                 -1.75   data required time
-----------------------------------------------------------------------------
                                 -1.75   data required time
                                 -0.78   data arrival time
-----------------------------------------------------------------------------
                                  2.53   slack (MET)


Startpoint: _715_ (rising edge-triggered flip-flop clocked by clk)
Endpoint: product[14] (output port clocked by clk)
Path Group: clk
Path Type: min

Fanout     Cap    Slew   Delay    Time   Description
-----------------------------------------------------------------------------
                          0.00    0.00   clock clk (rise edge)
                          0.00    0.00   clock source latency
                  0.04    0.03    0.03 ^ clk (in)
     1    0.01                           clk (net)
                  0.04    0.00    0.03 ^ clkbuf_0_clk/A (sky130_fd_sc_hd__clkbuf_16)
                  0.05    0.13    0.15 ^ clkbuf_0_clk/X (sky130_fd_sc_hd__clkbuf_16)
     4    0.03                           clknet_0_clk (net)
                  0.05    0.00    0.15 ^ clkbuf_2_3__f_clk/A (sky130_fd_sc_hd__clkbuf_16)
                  0.05    0.12    0.28 ^ clkbuf_2_3__f_clk/X (sky130_fd_sc_hd__clkbuf_16)
    12    0.02                           clknet_2_3__leaf_clk (net)
                  0.05    0.00    0.28 ^ _715_/CLK (sky130_fd_sc_hd__dfrtp_2)
                  0.05    0.32    0.60 ^ _715_/Q (sky130_fd_sc_hd__dfrtp_2)
     3    0.00                           net25 (net)
                  0.05    0.00    0.60 ^ output25/A (sky130_fd_sc_hd__clkbuf_4)
                  0.11    0.18    0.78 ^ output25/X (sky130_fd_sc_hd__clkbuf_4)
     1    0.03                           product[14] (net)
                  0.11    0.00    0.78 ^ product[14] (out)
                                  0.78   data arrival time

                          0.00    0.00   clock clk (rise edge)
                          0.00    0.00   clock network delay (propagated)
                          0.25    0.25   clock uncertainty
                          0.00    0.25   clock reconvergence pessimism
                         -2.00   -1.75   output external delay
                                 -1.75   data required time
-----------------------------------------------------------------------------
                                 -1.75   data required time
                                 -0.78   data arrival time
-----------------------------------------------------------------------------
                                  2.53   slack (MET)



min_report_end
max_report

===========================================================================
report_checks -path_delay max (Setup)
============================================================================
======================= Typical Corner ===================================

Startpoint: _715_ (rising edge-triggered flip-flop clocked by clk)
Endpoint: product[14] (output port clocked by clk)
Path Group: clk
Path Type: max

Fanout     Cap    Slew   Delay    Time   Description
-----------------------------------------------------------------------------
                          0.00    0.00   clock clk (rise edge)
                          0.00    0.00   clock source latency
                  0.04    0.03    0.03 ^ clk (in)
     1    0.01                           clk (net)
                  0.04    0.00    0.03 ^ clkbuf_0_clk/A (sky130_fd_sc_hd__clkbuf_16)
                  0.05    0.14    0.17 ^ clkbuf_0_clk/X (sky130_fd_sc_hd__clkbuf_16)
     4    0.03                           clknet_0_clk (net)
                  0.05    0.00    0.17 ^ clkbuf_2_3__f_clk/A (sky130_fd_sc_hd__clkbuf_16)
                  0.05    0.14    0.31 ^ clkbuf_2_3__f_clk/X (sky130_fd_sc_hd__clkbuf_16)
    12    0.02                           clknet_2_3__leaf_clk (net)
                  0.05    0.00    0.31 ^ _715_/CLK (sky130_fd_sc_hd__dfrtp_2)
                  0.04    0.41    0.71 v _715_/Q (sky130_fd_sc_hd__dfrtp_2)
     3    0.00                           net25 (net)
                  0.04    0.00    0.71 v output25/A (sky130_fd_sc_hd__clkbuf_4)
                  0.08    0.19    0.91 v output25/X (sky130_fd_sc_hd__clkbuf_4)
     1    0.03                           product[14] (net)
                  0.08    0.00    0.91 v product[14] (out)
                                  0.91   data arrival time

                         10.00   10.00   clock clk (rise edge)
                          0.00   10.00   clock network delay (propagated)
                         -0.25    9.75   clock uncertainty
                          0.00    9.75   clock reconvergence pessimism
                         -2.00    7.75   output external delay
                                  7.75   data required time
-----------------------------------------------------------------------------
                                  7.75   data required time
                                 -0.91   data arrival time
-----------------------------------------------------------------------------
                                  6.84   slack (MET)


Startpoint: _716_ (rising edge-triggered flip-flop clocked by clk)
Endpoint: product[15] (output port clocked by clk)
Path Group: clk
Path Type: max

Fanout     Cap    Slew   Delay    Time   Description
-----------------------------------------------------------------------------
                          0.00    0.00   clock clk (rise edge)
                          0.00    0.00   clock source latency
                  0.04    0.03    0.03 ^ clk (in)
     1    0.01                           clk (net)
                  0.04    0.00    0.03 ^ clkbuf_0_clk/A (sky130_fd_sc_hd__clkbuf_16)
                  0.05    0.14    0.17 ^ clkbuf_0_clk/X (sky130_fd_sc_hd__clkbuf_16)
     4    0.03                           clknet_0_clk (net)
                  0.05    0.00    0.17 ^ clkbuf_2_0__f_clk/A (sky130_fd_sc_hd__clkbuf_16)
                  0.05    0.14    0.31 ^ clkbuf_2_0__f_clk/X (sky130_fd_sc_hd__clkbuf_16)
    15    0.03                           clknet_2_0__leaf_clk (net)
                  0.05    0.00    0.31 ^ _716_/CLK (sky130_fd_sc_hd__dfrtp_1)
                  0.04    0.38    0.69 v _716_/Q (sky130_fd_sc_hd__dfrtp_1)
     2    0.00                           net26 (net)
                  0.04    0.00    0.69 v output26/A (sky130_fd_sc_hd__clkbuf_4)
                  0.08    0.19    0.88 v output26/X (sky130_fd_sc_hd__clkbuf_4)
     1    0.03                           product[15] (net)
                  0.08    0.00    0.88 v product[15] (out)
                                  0.88   data arrival time

                         10.00   10.00   clock clk (rise edge)
                          0.00   10.00   clock network delay (propagated)
                         -0.25    9.75   clock uncertainty
                          0.00    9.75   clock reconvergence pessimism
                         -2.00    7.75   output external delay
                                  7.75   data required time
-----------------------------------------------------------------------------
                                  7.75   data required time
                                 -0.88   data arrival time
-----------------------------------------------------------------------------
                                  6.87   slack (MET)


Startpoint: _702_ (rising edge-triggered flip-flop clocked by clk)
Endpoint: product[1] (output port clocked by clk)
Path Group: clk
Path Type: max

Fanout     Cap    Slew   Delay    Time   Description
-----------------------------------------------------------------------------
                          0.00    0.00   clock clk (rise edge)
                          0.00    0.00   clock source latency
                  0.04    0.03    0.03 ^ clk (in)
     1    0.01                           clk (net)
                  0.04    0.00    0.03 ^ clkbuf_0_clk/A (sky130_fd_sc_hd__clkbuf_16)
                  0.05    0.14    0.17 ^ clkbuf_0_clk/X (sky130_fd_sc_hd__clkbuf_16)
     4    0.03                           clknet_0_clk (net)
                  0.05    0.00    0.17 ^ clkbuf_2_0__f_clk/A (sky130_fd_sc_hd__clkbuf_16)
                  0.05    0.14    0.31 ^ clkbuf_2_0__f_clk/X (sky130_fd_sc_hd__clkbuf_16)
    15    0.03                           clknet_2_0__leaf_clk (net)
                  0.05    0.00    0.31 ^ _702_/CLK (sky130_fd_sc_hd__dfrtp_1)
                  0.04    0.38    0.69 v _702_/Q (sky130_fd_sc_hd__dfrtp_1)
     2    0.00                           net27 (net)
                  0.04    0.00    0.69 v output27/A (sky130_fd_sc_hd__clkbuf_4)
                  0.08    0.19    0.88 v output27/X (sky130_fd_sc_hd__clkbuf_4)
     1    0.03                           product[1] (net)
                  0.08    0.00    0.88 v product[1] (out)
                                  0.88   data arrival time

                         10.00   10.00   clock clk (rise edge)
                          0.00   10.00   clock network delay (propagated)
                         -0.25    9.75   clock uncertainty
                          0.00    9.75   clock reconvergence pessimism
                         -2.00    7.75   output external delay
                                  7.75   data required time
-----------------------------------------------------------------------------
                                  7.75   data required time
                                 -0.88   data arrival time
-----------------------------------------------------------------------------
                                  6.87   slack (MET)


Startpoint: _704_ (rising edge-triggered flip-flop clocked by clk)
Endpoint: product[3] (output port clocked by clk)
Path Group: clk
Path Type: max

Fanout     Cap    Slew   Delay    Time   Description
-----------------------------------------------------------------------------
                          0.00    0.00   clock clk (rise edge)
                          0.00    0.00   clock source latency
                  0.04    0.03    0.03 ^ clk (in)
     1    0.01                           clk (net)
                  0.04    0.00    0.03 ^ clkbuf_0_clk/A (sky130_fd_sc_hd__clkbuf_16)
                  0.05    0.14    0.17 ^ clkbuf_0_clk/X (sky130_fd_sc_hd__clkbuf_16)
     4    0.03                           clknet_0_clk (net)
                  0.05    0.00    0.17 ^ clkbuf_2_0__f_clk/A (sky130_fd_sc_hd__clkbuf_16)
                  0.05    0.14    0.31 ^ clkbuf_2_0__f_clk/X (sky130_fd_sc_hd__clkbuf_16)
    15    0.03                           clknet_2_0__leaf_clk (net)
                  0.05    0.00    0.31 ^ _704_/CLK (sky130_fd_sc_hd__dfrtp_1)
                  0.04    0.38    0.69 v _704_/Q (sky130_fd_sc_hd__dfrtp_1)
     2    0.00                           net29 (net)
                  0.04    0.00    0.69 v output29/A (sky130_fd_sc_hd__clkbuf_4)
                  0.08    0.19    0.88 v output29/X (sky130_fd_sc_hd__clkbuf_4)
     1    0.03                           product[3] (net)
                  0.08    0.00    0.88 v product[3] (out)
                                  0.88   data arrival time

                         10.00   10.00   clock clk (rise edge)
                          0.00   10.00   clock network delay (propagated)
                         -0.25    9.75   clock uncertainty
                          0.00    9.75   clock reconvergence pessimism
                         -2.00    7.75   output external delay
                                  7.75   data required time
-----------------------------------------------------------------------------
                                  7.75   data required time
                                 -0.88   data arrival time
-----------------------------------------------------------------------------
                                  6.87   slack (MET)


Startpoint: _710_ (rising edge-triggered flip-flop clocked by clk)
Endpoint: product[9] (output port clocked by clk)
Path Group: clk
Path Type: max

Fanout     Cap    Slew   Delay    Time   Description
-----------------------------------------------------------------------------
                          0.00    0.00   clock clk (rise edge)
                          0.00    0.00   clock source latency
                  0.04    0.03    0.03 ^ clk (in)
     1    0.01                           clk (net)
                  0.04    0.00    0.03 ^ clkbuf_0_clk/A (sky130_fd_sc_hd__clkbuf_16)
                  0.05    0.14    0.17 ^ clkbuf_0_clk/X (sky130_fd_sc_hd__clkbuf_16)
     4    0.03                           clknet_0_clk (net)
                  0.05    0.00    0.17 ^ clkbuf_2_0__f_clk/A (sky130_fd_sc_hd__clkbuf_16)
                  0.05    0.14    0.31 ^ clkbuf_2_0__f_clk/X (sky130_fd_sc_hd__clkbuf_16)
    15    0.03                           clknet_2_0__leaf_clk (net)
                  0.05    0.00    0.31 ^ _710_/CLK (sky130_fd_sc_hd__dfrtp_1)
                  0.04    0.38    0.69 v _710_/Q (sky130_fd_sc_hd__dfrtp_1)
     2    0.00                           net35 (net)
                  0.04    0.00    0.69 v output35/A (sky130_fd_sc_hd__clkbuf_4)
                  0.08    0.19    0.88 v output35/X (sky130_fd_sc_hd__clkbuf_4)
     1    0.03                           product[9] (net)
                  0.08    0.00    0.88 v product[9] (out)
                                  0.88   data arrival time

                         10.00   10.00   clock clk (rise edge)
                          0.00   10.00   clock network delay (propagated)
                         -0.25    9.75   clock uncertainty
                          0.00    9.75   clock reconvergence pessimism
                         -2.00    7.75   output external delay
                                  7.75   data required time
-----------------------------------------------------------------------------
                                  7.75   data required time
                                 -0.88   data arrival time
-----------------------------------------------------------------------------
                                  6.87   slack (MET)


Startpoint: _712_ (rising edge-triggered flip-flop clocked by clk)
Endpoint: product[11] (output port clocked by clk)
Path Group: clk
Path Type: max

Fanout     Cap    Slew   Delay    Time   Description
-----------------------------------------------------------------------------
                          0.00    0.00   clock clk (rise edge)
                          0.00    0.00   clock source latency
                  0.04    0.03    0.03 ^ clk (in)
     1    0.01                           clk (net)
                  0.04    0.00    0.03 ^ clkbuf_0_clk/A (sky130_fd_sc_hd__clkbuf_16)
                  0.05    0.14    0.17 ^ clkbuf_0_clk/X (sky130_fd_sc_hd__clkbuf_16)
     4    0.03                           clknet_0_clk (net)
                  0.05    0.00    0.17 ^ clkbuf_2_1__f_clk/A (sky130_fd_sc_hd__clkbuf_16)
                  0.05    0.14    0.31 ^ clkbuf_2_1__f_clk/X (sky130_fd_sc_hd__clkbuf_16)
    14    0.03                           clknet_2_1__leaf_clk (net)
                  0.05    0.00    0.31 ^ _712_/CLK (sky130_fd_sc_hd__dfrtp_1)
                  0.04    0.38    0.69 v _712_/Q (sky130_fd_sc_hd__dfrtp_1)
     2    0.00                           net22 (net)
                  0.04    0.00    0.69 v output22/A (sky130_fd_sc_hd__clkbuf_4)
                  0.08    0.19    0.88 v output22/X (sky130_fd_sc_hd__clkbuf_4)
     1    0.03                           product[11] (net)
                  0.08    0.00    0.88 v product[11] (out)
                                  0.88   data arrival time

                         10.00   10.00   clock clk (rise edge)
                          0.00   10.00   clock network delay (propagated)
                         -0.25    9.75   clock uncertainty
                          0.00    9.75   clock reconvergence pessimism
                         -2.00    7.75   output external delay
                                  7.75   data required time
-----------------------------------------------------------------------------
                                  7.75   data required time
                                 -0.88   data arrival time
-----------------------------------------------------------------------------
                                  6.87   slack (MET)


Startpoint: _703_ (rising edge-triggered flip-flop clocked by clk)
Endpoint: product[2] (output port clocked by clk)
Path Group: clk
Path Type: max

Fanout     Cap    Slew   Delay    Time   Description
-----------------------------------------------------------------------------
                          0.00    0.00   clock clk (rise edge)
                          0.00    0.00   clock source latency
                  0.04    0.03    0.03 ^ clk (in)
     1    0.01                           clk (net)
                  0.04    0.00    0.03 ^ clkbuf_0_clk/A (sky130_fd_sc_hd__clkbuf_16)
                  0.05    0.14    0.17 ^ clkbuf_0_clk/X (sky130_fd_sc_hd__clkbuf_16)
     4    0.03                           clknet_0_clk (net)
                  0.05    0.00    0.17 ^ clkbuf_2_1__f_clk/A (sky130_fd_sc_hd__clkbuf_16)
                  0.05    0.14    0.31 ^ clkbuf_2_1__f_clk/X (sky130_fd_sc_hd__clkbuf_16)
    14    0.03                           clknet_2_1__leaf_clk (net)
                  0.05    0.00    0.31 ^ _703_/CLK (sky130_fd_sc_hd__dfrtp_1)
                  0.04    0.38    0.69 v _703_/Q (sky130_fd_sc_hd__dfrtp_1)
     2    0.00                           net28 (net)
                  0.04    0.00    0.69 v output28/A (sky130_fd_sc_hd__clkbuf_4)
                  0.08    0.19    0.88 v output28/X (sky130_fd_sc_hd__clkbuf_4)
     1    0.03                           product[2] (net)
                  0.08    0.00    0.88 v product[2] (out)
                                  0.88   data arrival time

                         10.00   10.00   clock clk (rise edge)
                          0.00   10.00   clock network delay (propagated)
                         -0.25    9.75   clock uncertainty
                          0.00    9.75   clock reconvergence pessimism
                         -2.00    7.75   output external delay
                                  7.75   data required time
-----------------------------------------------------------------------------
                                  7.75   data required time
                                 -0.88   data arrival time
-----------------------------------------------------------------------------
                                  6.87   slack (MET)


Startpoint: _709_ (rising edge-triggered flip-flop clocked by clk)
Endpoint: product[8] (output port clocked by clk)
Path Group: clk
Path Type: max

Fanout     Cap    Slew   Delay    Time   Description
-----------------------------------------------------------------------------
                          0.00    0.00   clock clk (rise edge)
                          0.00    0.00   clock source latency
                  0.04    0.03    0.03 ^ clk (in)
     1    0.01                           clk (net)
                  0.04    0.00    0.03 ^ clkbuf_0_clk/A (sky130_fd_sc_hd__clkbuf_16)
                  0.05    0.14    0.17 ^ clkbuf_0_clk/X (sky130_fd_sc_hd__clkbuf_16)
     4    0.03                           clknet_0_clk (net)
                  0.05    0.00    0.17 ^ clkbuf_2_1__f_clk/A (sky130_fd_sc_hd__clkbuf_16)
                  0.05    0.14    0.31 ^ clkbuf_2_1__f_clk/X (sky130_fd_sc_hd__clkbuf_16)
    14    0.03                           clknet_2_1__leaf_clk (net)
                  0.05    0.00    0.31 ^ _709_/CLK (sky130_fd_sc_hd__dfrtp_1)
                  0.04    0.38    0.69 v _709_/Q (sky130_fd_sc_hd__dfrtp_1)
     2    0.00                           net34 (net)
                  0.04    0.00    0.69 v output34/A (sky130_fd_sc_hd__clkbuf_4)
                  0.08    0.19    0.88 v output34/X (sky130_fd_sc_hd__clkbuf_4)
     1    0.03                           product[8] (net)
                  0.08    0.00    0.88 v product[8] (out)
                                  0.88   data arrival time

                         10.00   10.00   clock clk (rise edge)
                          0.00   10.00   clock network delay (propagated)
                         -0.25    9.75   clock uncertainty
                          0.00    9.75   clock reconvergence pessimism
                         -2.00    7.75   output external delay
                                  7.75   data required time
-----------------------------------------------------------------------------
                                  7.75   data required time
                                 -0.88   data arrival time
-----------------------------------------------------------------------------
                                  6.87   slack (MET)


Startpoint: _701_ (rising edge-triggered flip-flop clocked by clk)
Endpoint: product[0] (output port clocked by clk)
Path Group: clk
Path Type: max

Fanout     Cap    Slew   Delay    Time   Description
-----------------------------------------------------------------------------
                          0.00    0.00   clock clk (rise edge)
                          0.00    0.00   clock source latency
                  0.04    0.03    0.03 ^ clk (in)
     1    0.01                           clk (net)
                  0.04    0.00    0.03 ^ clkbuf_0_clk/A (sky130_fd_sc_hd__clkbuf_16)
                  0.05    0.14    0.17 ^ clkbuf_0_clk/X (sky130_fd_sc_hd__clkbuf_16)
     4    0.03                           clknet_0_clk (net)
                  0.05    0.00    0.17 ^ clkbuf_2_2__f_clk/A (sky130_fd_sc_hd__clkbuf_16)
                  0.05    0.14    0.31 ^ clkbuf_2_2__f_clk/X (sky130_fd_sc_hd__clkbuf_16)
    13    0.02                           clknet_2_2__leaf_clk (net)
                  0.05    0.00    0.31 ^ _701_/CLK (sky130_fd_sc_hd__dfrtp_1)
                  0.04    0.38    0.69 v _701_/Q (sky130_fd_sc_hd__dfrtp_1)
     2    0.00                           net20 (net)
                  0.04    0.00    0.69 v output20/A (sky130_fd_sc_hd__clkbuf_4)
                  0.08    0.19    0.88 v output20/X (sky130_fd_sc_hd__clkbuf_4)
     1    0.03                           product[0] (net)
                  0.08    0.00    0.88 v product[0] (out)
                                  0.88   data arrival time

                         10.00   10.00   clock clk (rise edge)
                          0.00   10.00   clock network delay (propagated)
                         -0.25    9.75   clock uncertainty
                          0.00    9.75   clock reconvergence pessimism
                         -2.00    7.75   output external delay
                                  7.75   data required time
-----------------------------------------------------------------------------
                                  7.75   data required time
                                 -0.88   data arrival time
-----------------------------------------------------------------------------
                                  6.87   slack (MET)


Startpoint: _711_ (rising edge-triggered flip-flop clocked by clk)
Endpoint: product[10] (output port clocked by clk)
Path Group: clk
Path Type: max

Fanout     Cap    Slew   Delay    Time   Description
-----------------------------------------------------------------------------
                          0.00    0.00   clock clk (rise edge)
                          0.00    0.00   clock source latency
                  0.04    0.03    0.03 ^ clk (in)
     1    0.01                           clk (net)
                  0.04    0.00    0.03 ^ clkbuf_0_clk/A (sky130_fd_sc_hd__clkbuf_16)
                  0.05    0.14    0.17 ^ clkbuf_0_clk/X (sky130_fd_sc_hd__clkbuf_16)
     4    0.03                           clknet_0_clk (net)
                  0.05    0.00    0.17 ^ clkbuf_2_2__f_clk/A (sky130_fd_sc_hd__clkbuf_16)
                  0.05    0.14    0.31 ^ clkbuf_2_2__f_clk/X (sky130_fd_sc_hd__clkbuf_16)
    13    0.02                           clknet_2_2__leaf_clk (net)
                  0.05    0.00    0.31 ^ _711_/CLK (sky130_fd_sc_hd__dfrtp_1)
                  0.04    0.38    0.69 v _711_/Q (sky130_fd_sc_hd__dfrtp_1)
     2    0.00                           net21 (net)
                  0.04    0.00    0.69 v output21/A (sky130_fd_sc_hd__clkbuf_4)
                  0.08    0.19    0.88 v output21/X (sky130_fd_sc_hd__clkbuf_4)
     1    0.03                           product[10] (net)
                  0.08    0.00    0.88 v product[10] (out)
                                  0.88   data arrival time

                         10.00   10.00   clock clk (rise edge)
                          0.00   10.00   clock network delay (propagated)
                         -0.25    9.75   clock uncertainty
                          0.00    9.75   clock reconvergence pessimism
                         -2.00    7.75   output external delay
                                  7.75   data required time
-----------------------------------------------------------------------------
                                  7.75   data required time
                                 -0.88   data arrival time
-----------------------------------------------------------------------------
                                  6.87   slack (MET)


Startpoint: _705_ (rising edge-triggered flip-flop clocked by clk)
Endpoint: product[4] (output port clocked by clk)
Path Group: clk
Path Type: max

Fanout     Cap    Slew   Delay    Time   Description
-----------------------------------------------------------------------------
                          0.00    0.00   clock clk (rise edge)
                          0.00    0.00   clock source latency
                  0.04    0.03    0.03 ^ clk (in)
     1    0.01                           clk (net)
                  0.04    0.00    0.03 ^ clkbuf_0_clk/A (sky130_fd_sc_hd__clkbuf_16)
                  0.05    0.14    0.17 ^ clkbuf_0_clk/X (sky130_fd_sc_hd__clkbuf_16)
     4    0.03                           clknet_0_clk (net)
                  0.05    0.00    0.17 ^ clkbuf_2_2__f_clk/A (sky130_fd_sc_hd__clkbuf_16)
                  0.05    0.14    0.31 ^ clkbuf_2_2__f_clk/X (sky130_fd_sc_hd__clkbuf_16)
    13    0.02                           clknet_2_2__leaf_clk (net)
                  0.05    0.00    0.31 ^ _705_/CLK (sky130_fd_sc_hd__dfrtp_1)
                  0.04    0.38    0.69 v _705_/Q (sky130_fd_sc_hd__dfrtp_1)
     2    0.00                           net30 (net)
                  0.04    0.00    0.69 v output30/A (sky130_fd_sc_hd__clkbuf_4)
                  0.08    0.19    0.88 v output30/X (sky130_fd_sc_hd__clkbuf_4)
     1    0.03                           product[4] (net)
                  0.08    0.00    0.88 v product[4] (out)
                                  0.88   data arrival time

                         10.00   10.00   clock clk (rise edge)
                          0.00   10.00   clock network delay (propagated)
                         -0.25    9.75   clock uncertainty
                          0.00    9.75   clock reconvergence pessimism
                         -2.00    7.75   output external delay
                                  7.75   data required time
-----------------------------------------------------------------------------
                                  7.75   data required time
                                 -0.88   data arrival time
-----------------------------------------------------------------------------
                                  6.87   slack (MET)


Startpoint: _707_ (rising edge-triggered flip-flop clocked by clk)
Endpoint: product[6] (output port clocked by clk)
Path Group: clk
Path Type: max

Fanout     Cap    Slew   Delay    Time   Description
-----------------------------------------------------------------------------
                          0.00    0.00   clock clk (rise edge)
                          0.00    0.00   clock source latency
                  0.04    0.03    0.03 ^ clk (in)
     1    0.01                           clk (net)
                  0.04    0.00    0.03 ^ clkbuf_0_clk/A (sky130_fd_sc_hd__clkbuf_16)
                  0.05    0.14    0.17 ^ clkbuf_0_clk/X (sky130_fd_sc_hd__clkbuf_16)
     4    0.03                           clknet_0_clk (net)
                  0.05    0.00    0.17 ^ clkbuf_2_2__f_clk/A (sky130_fd_sc_hd__clkbuf_16)
                  0.05    0.14    0.31 ^ clkbuf_2_2__f_clk/X (sky130_fd_sc_hd__clkbuf_16)
    13    0.02                           clknet_2_2__leaf_clk (net)
                  0.05    0.00    0.31 ^ _707_/CLK (sky130_fd_sc_hd__dfrtp_1)
                  0.04    0.38    0.69 v _707_/Q (sky130_fd_sc_hd__dfrtp_1)
     2    0.00                           net32 (net)
                  0.04    0.00    0.69 v output32/A (sky130_fd_sc_hd__clkbuf_4)
                  0.08    0.19    0.88 v output32/X (sky130_fd_sc_hd__clkbuf_4)
     1    0.03                           product[6] (net)
                  0.08    0.00    0.88 v product[6] (out)
                                  0.88   data arrival time

                         10.00   10.00   clock clk (rise edge)
                          0.00   10.00   clock network delay (propagated)
                         -0.25    9.75   clock uncertainty
                          0.00    9.75   clock reconvergence pessimism
                         -2.00    7.75   output external delay
                                  7.75   data required time
-----------------------------------------------------------------------------
                                  7.75   data required time
                                 -0.88   data arrival time
-----------------------------------------------------------------------------
                                  6.87   slack (MET)


Startpoint: _708_ (rising edge-triggered flip-flop clocked by clk)
Endpoint: product[7] (output port clocked by clk)
Path Group: clk
Path Type: max

Fanout     Cap    Slew   Delay    Time   Description
-----------------------------------------------------------------------------
                          0.00    0.00   clock clk (rise edge)
                          0.00    0.00   clock source latency
                  0.04    0.03    0.03 ^ clk (in)
     1    0.01                           clk (net)
                  0.04    0.00    0.03 ^ clkbuf_0_clk/A (sky130_fd_sc_hd__clkbuf_16)
                  0.05    0.14    0.17 ^ clkbuf_0_clk/X (sky130_fd_sc_hd__clkbuf_16)
     4    0.03                           clknet_0_clk (net)
                  0.05    0.00    0.17 ^ clkbuf_2_2__f_clk/A (sky130_fd_sc_hd__clkbuf_16)
                  0.05    0.14    0.31 ^ clkbuf_2_2__f_clk/X (sky130_fd_sc_hd__clkbuf_16)
    13    0.02                           clknet_2_2__leaf_clk (net)
                  0.05    0.00    0.31 ^ _708_/CLK (sky130_fd_sc_hd__dfrtp_1)
                  0.04    0.38    0.69 v _708_/Q (sky130_fd_sc_hd__dfrtp_1)
     2    0.00                           net33 (net)
                  0.04    0.00    0.69 v output33/A (sky130_fd_sc_hd__clkbuf_4)
                  0.08    0.19    0.88 v output33/X (sky130_fd_sc_hd__clkbuf_4)
     1    0.03                           product[7] (net)
                  0.08    0.00    0.88 v product[7] (out)
                                  0.88   data arrival time

                         10.00   10.00   clock clk (rise edge)
                          0.00   10.00   clock network delay (propagated)
                         -0.25    9.75   clock uncertainty
                          0.00    9.75   clock reconvergence pessimism
                         -2.00    7.75   output external delay
                                  7.75   data required time
-----------------------------------------------------------------------------
                                  7.75   data required time
                                 -0.88   data arrival time
-----------------------------------------------------------------------------
                                  6.87   slack (MET)


Startpoint: _706_ (rising edge-triggered flip-flop clocked by clk)
Endpoint: product[5] (output port clocked by clk)
Path Group: clk
Path Type: max

Fanout     Cap    Slew   Delay    Time   Description
-----------------------------------------------------------------------------
                          0.00    0.00   clock clk (rise edge)
                          0.00    0.00   clock source latency
                  0.04    0.03    0.03 ^ clk (in)
     1    0.01                           clk (net)
                  0.04    0.00    0.03 ^ clkbuf_0_clk/A (sky130_fd_sc_hd__clkbuf_16)
                  0.05    0.14    0.17 ^ clkbuf_0_clk/X (sky130_fd_sc_hd__clkbuf_16)
     4    0.03                           clknet_0_clk (net)
                  0.05    0.00    0.17 ^ clkbuf_2_1__f_clk/A (sky130_fd_sc_hd__clkbuf_16)
                  0.05    0.14    0.31 ^ clkbuf_2_1__f_clk/X (sky130_fd_sc_hd__clkbuf_16)
    14    0.03                           clknet_2_1__leaf_clk (net)
                  0.05    0.00    0.31 ^ _706_/CLK (sky130_fd_sc_hd__dfrtp_1)
                  0.04    0.38    0.69 v _706_/Q (sky130_fd_sc_hd__dfrtp_1)
     2    0.00                           net31 (net)
                  0.04    0.00    0.69 v output31/A (sky130_fd_sc_hd__buf_2)
                  0.09    0.19    0.88 v output31/X (sky130_fd_sc_hd__buf_2)
     1    0.03                           product[5] (net)
                  0.09    0.00    0.88 v product[5] (out)
                                  0.88   data arrival time

                         10.00   10.00   clock clk (rise edge)
                          0.00   10.00   clock network delay (propagated)
                         -0.25    9.75   clock uncertainty
                          0.00    9.75   clock reconvergence pessimism
                         -2.00    7.75   output external delay
                                  7.75   data required time
-----------------------------------------------------------------------------
                                  7.75   data required time
                                 -0.88   data arrival time
-----------------------------------------------------------------------------
                                  6.87   slack (MET)


Startpoint: _700_ (rising edge-triggered flip-flop clocked by clk)
Endpoint: done (output port clocked by clk)
Path Group: clk
Path Type: max

Fanout     Cap    Slew   Delay    Time   Description
-----------------------------------------------------------------------------
                          0.00    0.00   clock clk (rise edge)
                          0.00    0.00   clock source latency
                  0.04    0.03    0.03 ^ clk (in)
     1    0.01                           clk (net)
                  0.04    0.00    0.03 ^ clkbuf_0_clk/A (sky130_fd_sc_hd__clkbuf_16)
                  0.05    0.14    0.17 ^ clkbuf_0_clk/X (sky130_fd_sc_hd__clkbuf_16)
     4    0.03                           clknet_0_clk (net)
                  0.05    0.00    0.17 ^ clkbuf_2_3__f_clk/A (sky130_fd_sc_hd__clkbuf_16)
                  0.05    0.14    0.31 ^ clkbuf_2_3__f_clk/X (sky130_fd_sc_hd__clkbuf_16)
    12    0.02                           clknet_2_3__leaf_clk (net)
                  0.05    0.00    0.31 ^ _700_/CLK (sky130_fd_sc_hd__dfrtp_1)
                  0.04    0.38    0.68 v _700_/Q (sky130_fd_sc_hd__dfrtp_1)
     2    0.00                           net19 (net)
                  0.04    0.00    0.68 v output19/A (sky130_fd_sc_hd__clkbuf_4)
                  0.08    0.19    0.87 v output19/X (sky130_fd_sc_hd__clkbuf_4)
     1    0.03                           done (net)
                  0.08    0.00    0.87 v done (out)
                                  0.87   data arrival time

                         10.00   10.00   clock clk (rise edge)
                          0.00   10.00   clock network delay (propagated)
                         -0.25    9.75   clock uncertainty
                          0.00    9.75   clock reconvergence pessimism
                         -2.00    7.75   output external delay
                                  7.75   data required time
-----------------------------------------------------------------------------
                                  7.75   data required time
                                 -0.87   data arrival time
-----------------------------------------------------------------------------
                                  6.88   slack (MET)


Startpoint: _713_ (rising edge-triggered flip-flop clocked by clk)
Endpoint: product[12] (output port clocked by clk)
Path Group: clk
Path Type: max

Fanout     Cap    Slew   Delay    Time   Description
-----------------------------------------------------------------------------
                          0.00    0.00   clock clk (rise edge)
                          0.00    0.00   clock source latency
                  0.04    0.03    0.03 ^ clk (in)
     1    0.01                           clk (net)
                  0.04    0.00    0.03 ^ clkbuf_0_clk/A (sky130_fd_sc_hd__clkbuf_16)
                  0.05    0.14    0.17 ^ clkbuf_0_clk/X (sky130_fd_sc_hd__clkbuf_16)
     4    0.03                           clknet_0_clk (net)
                  0.05    0.00    0.17 ^ clkbuf_2_3__f_clk/A (sky130_fd_sc_hd__clkbuf_16)
                  0.05    0.14    0.31 ^ clkbuf_2_3__f_clk/X (sky130_fd_sc_hd__clkbuf_16)
    12    0.02                           clknet_2_3__leaf_clk (net)
                  0.05    0.00    0.31 ^ _713_/CLK (sky130_fd_sc_hd__dfrtp_1)
                  0.04    0.38    0.68 v _713_/Q (sky130_fd_sc_hd__dfrtp_1)
     2    0.00                           net23 (net)
                  0.04    0.00    0.68 v output23/A (sky130_fd_sc_hd__clkbuf_4)
                  0.08    0.19    0.87 v output23/X (sky130_fd_sc_hd__clkbuf_4)
     1    0.03                           product[12] (net)
                  0.08    0.00    0.87 v product[12] (out)
                                  0.87   data arrival time

                         10.00   10.00   clock clk (rise edge)
                          0.00   10.00   clock network delay (propagated)
                         -0.25    9.75   clock uncertainty
                          0.00    9.75   clock reconvergence pessimism
                         -2.00    7.75   output external delay
                                  7.75   data required time
-----------------------------------------------------------------------------
                                  7.75   data required time
                                 -0.87   data arrival time
-----------------------------------------------------------------------------
                                  6.88   slack (MET)


Startpoint: _714_ (rising edge-triggered flip-flop clocked by clk)
Endpoint: product[13] (output port clocked by clk)
Path Group: clk
Path Type: max

Fanout     Cap    Slew   Delay    Time   Description
-----------------------------------------------------------------------------
                          0.00    0.00   clock clk (rise edge)
                          0.00    0.00   clock source latency
                  0.04    0.03    0.03 ^ clk (in)
     1    0.01                           clk (net)
                  0.04    0.00    0.03 ^ clkbuf_0_clk/A (sky130_fd_sc_hd__clkbuf_16)
                  0.05    0.14    0.17 ^ clkbuf_0_clk/X (sky130_fd_sc_hd__clkbuf_16)
     4    0.03                           clknet_0_clk (net)
                  0.05    0.00    0.17 ^ clkbuf_2_1__f_clk/A (sky130_fd_sc_hd__clkbuf_16)
                  0.05    0.14    0.31 ^ clkbuf_2_1__f_clk/X (sky130_fd_sc_hd__clkbuf_16)
    14    0.03                           clknet_2_1__leaf_clk (net)
                  0.05    0.00    0.31 ^ _714_/CLK (sky130_fd_sc_hd__dfrtp_1)
                  0.04    0.37    0.69 v _714_/Q (sky130_fd_sc_hd__dfrtp_1)
     2    0.00                           net24 (net)
                  0.04    0.00    0.69 v output24/A (sky130_fd_sc_hd__buf_2)
                  0.09    0.19    0.87 v output24/X (sky130_fd_sc_hd__buf_2)
     1    0.03                           product[13] (net)
                  0.09    0.00    0.87 v product[13] (out)
                                  0.87   data arrival time

                         10.00   10.00   clock clk (rise edge)
                          0.00   10.00   clock network delay (propagated)
                         -0.25    9.75   clock uncertainty
                          0.00    9.75   clock reconvergence pessimism
                         -2.00    7.75   output external delay
                                  7.75   data required time
-----------------------------------------------------------------------------
                                  7.75   data required time
                                 -0.87   data arrival time
-----------------------------------------------------------------------------
                                  6.88   slack (MET)


Startpoint: _725_ (rising edge-triggered flip-flop clocked by clk)
Endpoint: _747_ (rising edge-triggered flip-flop clocked by clk)
Path Group: clk
Path Type: max

Fanout     Cap    Slew   Delay    Time   Description
-----------------------------------------------------------------------------
                          0.00    0.00   clock clk (rise edge)
                          0.00    0.00   clock source latency
                  0.04    0.03    0.03 ^ clk (in)
     1    0.01                           clk (net)
                  0.04    0.00    0.03 ^ clkbuf_0_clk/A (sky130_fd_sc_hd__clkbuf_16)
                  0.05    0.14    0.17 ^ clkbuf_0_clk/X (sky130_fd_sc_hd__clkbuf_16)
     4    0.03                           clknet_0_clk (net)
                  0.05    0.00    0.17 ^ clkbuf_2_0__f_clk/A (sky130_fd_sc_hd__clkbuf_16)
                  0.05    0.14    0.31 ^ clkbuf_2_0__f_clk/X (sky130_fd_sc_hd__clkbuf_16)
    15    0.03                           clknet_2_0__leaf_clk (net)
                  0.05    0.00    0.31 ^ _725_/CLK (sky130_fd_sc_hd__dfrtp_4)
                  0.08    0.52    0.83 v _725_/Q (sky130_fd_sc_hd__dfrtp_4)
     6    0.02                           u_core.M[0] (net)
                  0.08    0.00    0.83 v _354_/B (sky130_fd_sc_hd__nor2_2)
                  0.24    0.22    1.05 ^ _354_/Y (sky130_fd_sc_hd__nor2_2)
     3    0.02                           _115_ (net)
                  0.24    0.00    1.05 ^ _366_/A (sky130_fd_sc_hd__clkbuf_4)
                  0.10    0.25    1.31 ^ _366_/X (sky130_fd_sc_hd__clkbuf_4)
    10    0.03                           _127_ (net)
                  0.10    0.00    1.31 ^ _381_/A (sky130_fd_sc_hd__nand2_2)
                  0.09    0.10    1.40 v _381_/Y (sky130_fd_sc_hd__nand2_2)
     6    0.02                           _142_ (net)
                  0.09    0.00    1.40 v _383_/A2 (sky130_fd_sc_hd__o21ai_1)
                  0.17    0.19    1.59 ^ _383_/Y (sky130_fd_sc_hd__o21ai_1)
     2    0.01                           _144_ (net)
                  0.17    0.00    1.59 ^ _384_/B1 (sky130_fd_sc_hd__o21ai_1)
                  0.08    0.12    1.71 v _384_/Y (sky130_fd_sc_hd__o21ai_1)
     2    0.01                           _145_ (net)
                  0.08    0.00    1.71 v _436_/A (sky130_fd_sc_hd__nand2_1)
                  0.08    0.10    1.81 ^ _436_/Y (sky130_fd_sc_hd__nand2_1)
     3    0.01                           _197_ (net)
                  0.08    0.00    1.81 ^ _437_/D1 (sky130_fd_sc_hd__o2111a_1)
                  0.09    0.21    2.02 ^ _437_/X (sky130_fd_sc_hd__o2111a_1)
     2    0.01                           _198_ (net)
                  0.09    0.00    2.02 ^ _438_/D (sky130_fd_sc_hd__nand4_2)
                  0.11    0.14    2.16 v _438_/Y (sky130_fd_sc_hd__nand4_2)
     3    0.01                           _199_ (net)
                  0.11    0.00    2.16 v _444_/A2 (sky130_fd_sc_hd__a21oi_1)
                  0.23    0.27    2.43 ^ _444_/Y (sky130_fd_sc_hd__a21oi_1)
     2    0.01                           _205_ (net)
                  0.23    0.00    2.43 ^ _450_/A2 (sky130_fd_sc_hd__o21bai_2)
                  0.06    0.10    2.53 v _450_/Y (sky130_fd_sc_hd__o21bai_2)
     3    0.01                           _211_ (net)
                  0.06    0.00    2.53 v _453_/B1 (sky130_fd_sc_hd__a22oi_1)
                  0.12    0.12    2.65 ^ _453_/Y (sky130_fd_sc_hd__a22oi_1)
     1    0.00                           _214_ (net)
                  0.12    0.00    2.65 ^ _459_/A2_N (sky130_fd_sc_hd__a2bb2o_1)
                  0.05    0.29    2.95 v _459_/X (sky130_fd_sc_hd__a2bb2o_1)
     1    0.00                           _107_ (net)
                  0.05    0.00    2.95 v _747_/D (sky130_fd_sc_hd__dfrtp_2)
                                  2.95   data arrival time

                         10.00   10.00   clock clk (rise edge)
                          0.00   10.00   clock source latency
                  0.04    0.03   10.03 ^ clk (in)
     1    0.01                           clk (net)
                  0.04    0.00   10.03 ^ clkbuf_0_clk/A (sky130_fd_sc_hd__clkbuf_16)
                  0.05    0.13   10.15 ^ clkbuf_0_clk/X (sky130_fd_sc_hd__clkbuf_16)
     4    0.03                           clknet_0_clk (net)
                  0.05    0.00   10.15 ^ clkbuf_2_3__f_clk/A (sky130_fd_sc_hd__clkbuf_16)
                  0.05    0.12   10.28 ^ clkbuf_2_3__f_clk/X (sky130_fd_sc_hd__clkbuf_16)
    12    0.02                           clknet_2_3__leaf_clk (net)
                  0.05    0.00   10.28 ^ _747_/CLK (sky130_fd_sc_hd__dfrtp_2)
                         -0.25   10.03   clock uncertainty
                          0.02   10.05   clock reconvergence pessimism
                         -0.12    9.93   library setup time
                                  9.93   data required time
-----------------------------------------------------------------------------
                                  9.93   data required time
                                 -2.95   data arrival time
-----------------------------------------------------------------------------
                                  6.98   slack (MET)


Startpoint: _725_ (rising edge-triggered flip-flop clocked by clk)
Endpoint: _714_ (rising edge-triggered flip-flop clocked by clk)
Path Group: clk
Path Type: max

Fanout     Cap    Slew   Delay    Time   Description
-----------------------------------------------------------------------------
                          0.00    0.00   clock clk (rise edge)
                          0.00    0.00   clock source latency
                  0.04    0.03    0.03 ^ clk (in)
     1    0.01                           clk (net)
                  0.04    0.00    0.03 ^ clkbuf_0_clk/A (sky130_fd_sc_hd__clkbuf_16)
                  0.05    0.14    0.17 ^ clkbuf_0_clk/X (sky130_fd_sc_hd__clkbuf_16)
     4    0.03                           clknet_0_clk (net)
                  0.05    0.00    0.17 ^ clkbuf_2_0__f_clk/A (sky130_fd_sc_hd__clkbuf_16)
                  0.05    0.14    0.31 ^ clkbuf_2_0__f_clk/X (sky130_fd_sc_hd__clkbuf_16)
    15    0.03                           clknet_2_0__leaf_clk (net)
                  0.05    0.00    0.31 ^ _725_/CLK (sky130_fd_sc_hd__dfrtp_4)
                  0.08    0.52    0.83 v _725_/Q (sky130_fd_sc_hd__dfrtp_4)
     6    0.02                           u_core.M[0] (net)
                  0.08    0.00    0.83 v _354_/B (sky130_fd_sc_hd__nor2_2)
                  0.24    0.22    1.05 ^ _354_/Y (sky130_fd_sc_hd__nor2_2)
     3    0.02                           _115_ (net)
                  0.24    0.00    1.05 ^ _366_/A (sky130_fd_sc_hd__clkbuf_4)
                  0.10    0.25    1.31 ^ _366_/X (sky130_fd_sc_hd__clkbuf_4)
    10    0.03                           _127_ (net)
                  0.10    0.00    1.31 ^ _381_/A (sky130_fd_sc_hd__nand2_2)
                  0.09    0.10    1.40 v _381_/Y (sky130_fd_sc_hd__nand2_2)
     6    0.02                           _142_ (net)
                  0.09    0.00    1.40 v _383_/A2 (sky130_fd_sc_hd__o21ai_1)
                  0.17    0.19    1.59 ^ _383_/Y (sky130_fd_sc_hd__o21ai_1)
     2    0.01                           _144_ (net)
                  0.17    0.00    1.59 ^ _384_/B1 (sky130_fd_sc_hd__o21ai_1)
                  0.08    0.12    1.71 v _384_/Y (sky130_fd_sc_hd__o21ai_1)
     2    0.01                           _145_ (net)
                  0.08    0.00    1.71 v _436_/A (sky130_fd_sc_hd__nand2_1)
                  0.08    0.10    1.81 ^ _436_/Y (sky130_fd_sc_hd__nand2_1)
     3    0.01                           _197_ (net)
                  0.08    0.00    1.81 ^ _437_/D1 (sky130_fd_sc_hd__o2111a_1)
                  0.09    0.21    2.02 ^ _437_/X (sky130_fd_sc_hd__o2111a_1)
     2    0.01                           _198_ (net)
                  0.09    0.00    2.02 ^ _515_/C (sky130_fd_sc_hd__nand3_1)
                  0.10    0.12    2.14 v _515_/Y (sky130_fd_sc_hd__nand3_1)
     3    0.01                           _268_ (net)
                  0.10    0.00    2.14 v _524_/A1 (sky130_fd_sc_hd__a21oi_1)
                  0.08    0.13    2.27 ^ _524_/Y (sky130_fd_sc_hd__a21oi_1)
     1    0.00                           _276_ (net)
                  0.08    0.00    2.27 ^ _526_/A1_N (sky130_fd_sc_hd__a2bb2o_1)
                  0.06    0.31    2.57 v _526_/X (sky130_fd_sc_hd__a2bb2o_1)
     2    0.00                           _278_ (net)
                  0.06    0.00    2.57 v _596_/A0 (sky130_fd_sc_hd__mux2_1)
                  0.05    0.29    2.86 v _596_/X (sky130_fd_sc_hd__mux2_1)
     1    0.00                           _324_ (net)
                  0.05    0.00    2.86 v _597_/A (sky130_fd_sc_hd__clkbuf_1)
                  0.02    0.09    2.95 v _597_/X (sky130_fd_sc_hd__clkbuf_1)
     1    0.00                           _074_ (net)
                  0.02    0.00    2.95 v _714_/D (sky130_fd_sc_hd__dfrtp_1)
                                  2.95   data arrival time

                         10.00   10.00   clock clk (rise edge)
                          0.00   10.00   clock source latency
                  0.04    0.03   10.03 ^ clk (in)
     1    0.01                           clk (net)
                  0.04    0.00   10.03 ^ clkbuf_0_clk/A (sky130_fd_sc_hd__clkbuf_16)
                  0.05    0.13   10.15 ^ clkbuf_0_clk/X (sky130_fd_sc_hd__clkbuf_16)
     4    0.03                           clknet_0_clk (net)
                  0.05    0.00   10.15 ^ clkbuf_2_1__f_clk/A (sky130_fd_sc_hd__clkbuf_16)
                  0.05    0.13   10.28 ^ clkbuf_2_1__f_clk/X (sky130_fd_sc_hd__clkbuf_16)
    14    0.03                           clknet_2_1__leaf_clk (net)
                  0.05    0.00   10.28 ^ _714_/CLK (sky130_fd_sc_hd__dfrtp_1)
                         -0.25   10.03   clock uncertainty
                          0.02   10.05   clock reconvergence pessimism
                         -0.10    9.94   library setup time
                                  9.94   data required time
-----------------------------------------------------------------------------
                                  9.94   data required time
                                 -2.95   data arrival time
-----------------------------------------------------------------------------
                                  7.00   slack (MET)


Startpoint: _725_ (rising edge-triggered flip-flop clocked by clk)
Endpoint: _744_ (rising edge-triggered flip-flop clocked by clk)
Path Group: clk
Path Type: max

Fanout     Cap    Slew   Delay    Time   Description
-----------------------------------------------------------------------------
                          0.00    0.00   clock clk (rise edge)
                          0.00    0.00   clock source latency
                  0.04    0.03    0.03 ^ clk (in)
     1    0.01                           clk (net)
                  0.04    0.00    0.03 ^ clkbuf_0_clk/A (sky130_fd_sc_hd__clkbuf_16)
                  0.05    0.14    0.17 ^ clkbuf_0_clk/X (sky130_fd_sc_hd__clkbuf_16)
     4    0.03                           clknet_0_clk (net)
                  0.05    0.00    0.17 ^ clkbuf_2_0__f_clk/A (sky130_fd_sc_hd__clkbuf_16)
                  0.05    0.14    0.31 ^ clkbuf_2_0__f_clk/X (sky130_fd_sc_hd__clkbuf_16)
    15    0.03                           clknet_2_0__leaf_clk (net)
                  0.05    0.00    0.31 ^ _725_/CLK (sky130_fd_sc_hd__dfrtp_4)
                  0.08    0.52    0.83 v _725_/Q (sky130_fd_sc_hd__dfrtp_4)
     6    0.02                           u_core.M[0] (net)
                  0.08    0.00    0.83 v _354_/B (sky130_fd_sc_hd__nor2_2)
                  0.24    0.22    1.05 ^ _354_/Y (sky130_fd_sc_hd__nor2_2)
     3    0.02                           _115_ (net)
                  0.24    0.00    1.05 ^ _366_/A (sky130_fd_sc_hd__clkbuf_4)
                  0.10    0.25    1.31 ^ _366_/X (sky130_fd_sc_hd__clkbuf_4)
    10    0.03                           _127_ (net)
                  0.10    0.00    1.31 ^ _381_/A (sky130_fd_sc_hd__nand2_2)
                  0.09    0.10    1.40 v _381_/Y (sky130_fd_sc_hd__nand2_2)
     6    0.02                           _142_ (net)
                  0.09    0.00    1.40 v _383_/A2 (sky130_fd_sc_hd__o21ai_1)
                  0.17    0.19    1.59 ^ _383_/Y (sky130_fd_sc_hd__o21ai_1)
     2    0.01                           _144_ (net)
                  0.17    0.00    1.59 ^ _384_/B1 (sky130_fd_sc_hd__o21ai_1)
                  0.08    0.12    1.71 v _384_/Y (sky130_fd_sc_hd__o21ai_1)
     2    0.01                           _145_ (net)
                  0.08    0.00    1.71 v _436_/A (sky130_fd_sc_hd__nand2_1)
                  0.08    0.10    1.81 ^ _436_/Y (sky130_fd_sc_hd__nand2_1)
     3    0.01                           _197_ (net)
                  0.08    0.00    1.81 ^ _437_/D1 (sky130_fd_sc_hd__o2111a_1)
                  0.09    0.21    2.02 ^ _437_/X (sky130_fd_sc_hd__o2111a_1)
     2    0.01                           _198_ (net)
                  0.09    0.00    2.02 ^ _438_/D (sky130_fd_sc_hd__nand4_2)
                  0.11    0.14    2.16 v _438_/Y (sky130_fd_sc_hd__nand4_2)
     3    0.01                           _199_ (net)
                  0.11    0.00    2.16 v _444_/A2 (sky130_fd_sc_hd__a21oi_1)
                  0.23    0.27    2.43 ^ _444_/Y (sky130_fd_sc_hd__a21oi_1)
     2    0.01                           _205_ (net)
                  0.23    0.00    2.43 ^ _471_/A2 (sky130_fd_sc_hd__o21bai_2)
                  0.06    0.10    2.53 v _471_/Y (sky130_fd_sc_hd__o21bai_2)
     3    0.01                           _230_ (net)
                  0.06    0.00    2.53 v _486_/B1 (sky130_fd_sc_hd__a22o_1)
                  0.04    0.18    2.71 v _486_/X (sky130_fd_sc_hd__a22o_1)
     1    0.00                           _244_ (net)
                  0.04    0.00    2.71 v _488_/B1 (sky130_fd_sc_hd__a22o_1)
                  0.04    0.17    2.89 v _488_/X (sky130_fd_sc_hd__a22o_1)
     1    0.00                           _104_ (net)
                  0.04    0.00    2.89 v _744_/D (sky130_fd_sc_hd__dfrtp_2)
                                  2.89   data arrival time

                         10.00   10.00   clock clk (rise edge)
                          0.00   10.00   clock source latency
                  0.04    0.03   10.03 ^ clk (in)
     1    0.01                           clk (net)
                  0.04    0.00   10.03 ^ clkbuf_0_clk/A (sky130_fd_sc_hd__clkbuf_16)
                  0.05    0.13   10.15 ^ clkbuf_0_clk/X (sky130_fd_sc_hd__clkbuf_16)
     4    0.03                           clknet_0_clk (net)
                  0.05    0.00   10.15 ^ clkbuf_2_2__f_clk/A (sky130_fd_sc_hd__clkbuf_16)
                  0.05    0.13   10.28 ^ clkbuf_2_2__f_clk/X (sky130_fd_sc_hd__clkbuf_16)
    13    0.02                           clknet_2_2__leaf_clk (net)
                  0.05    0.00   10.28 ^ _744_/CLK (sky130_fd_sc_hd__dfrtp_2)
                         -0.25   10.03   clock uncertainty
                          0.02   10.05   clock reconvergence pessimism
                         -0.11    9.94   library setup time
                                  9.94   data required time
-----------------------------------------------------------------------------
                                  9.94   data required time
                                 -2.89   data arrival time
-----------------------------------------------------------------------------
                                  7.05   slack (MET)


Startpoint: _725_ (rising edge-triggered flip-flop clocked by clk)
Endpoint: _745_ (rising edge-triggered flip-flop clocked by clk)
Path Group: clk
Path Type: max

Fanout     Cap    Slew   Delay    Time   Description
-----------------------------------------------------------------------------
                          0.00    0.00   clock clk (rise edge)
                          0.00    0.00   clock source latency
                  0.04    0.03    0.03 ^ clk (in)
     1    0.01                           clk (net)
                  0.04    0.00    0.03 ^ clkbuf_0_clk/A (sky130_fd_sc_hd__clkbuf_16)
                  0.05    0.14    0.17 ^ clkbuf_0_clk/X (sky130_fd_sc_hd__clkbuf_16)
     4    0.03                           clknet_0_clk (net)
                  0.05    0.00    0.17 ^ clkbuf_2_0__f_clk/A (sky130_fd_sc_hd__clkbuf_16)
                  0.05    0.14    0.31 ^ clkbuf_2_0__f_clk/X (sky130_fd_sc_hd__clkbuf_16)
    15    0.03                           clknet_2_0__leaf_clk (net)
                  0.05    0.00    0.31 ^ _725_/CLK (sky130_fd_sc_hd__dfrtp_4)
                  0.08    0.52    0.83 v _725_/Q (sky130_fd_sc_hd__dfrtp_4)
     6    0.02                           u_core.M[0] (net)
                  0.08    0.00    0.83 v _354_/B (sky130_fd_sc_hd__nor2_2)
                  0.24    0.22    1.05 ^ _354_/Y (sky130_fd_sc_hd__nor2_2)
     3    0.02                           _115_ (net)
                  0.24    0.00    1.05 ^ _366_/A (sky130_fd_sc_hd__clkbuf_4)
                  0.10    0.25    1.31 ^ _366_/X (sky130_fd_sc_hd__clkbuf_4)
    10    0.03                           _127_ (net)
                  0.10    0.00    1.31 ^ _381_/A (sky130_fd_sc_hd__nand2_2)
                  0.09    0.10    1.40 v _381_/Y (sky130_fd_sc_hd__nand2_2)
     6    0.02                           _142_ (net)
                  0.09    0.00    1.40 v _383_/A2 (sky130_fd_sc_hd__o21ai_1)
                  0.17    0.19    1.59 ^ _383_/Y (sky130_fd_sc_hd__o21ai_1)
     2    0.01                           _144_ (net)
                  0.17    0.00    1.59 ^ _384_/B1 (sky130_fd_sc_hd__o21ai_1)
                  0.08    0.12    1.71 v _384_/Y (sky130_fd_sc_hd__o21ai_1)
     2    0.01                           _145_ (net)
                  0.08    0.00    1.71 v _436_/A (sky130_fd_sc_hd__nand2_1)
                  0.08    0.10    1.81 ^ _436_/Y (sky130_fd_sc_hd__nand2_1)
     3    0.01                           _197_ (net)
                  0.08    0.00    1.81 ^ _437_/D1 (sky130_fd_sc_hd__o2111a_1)
                  0.09    0.21    2.02 ^ _437_/X (sky130_fd_sc_hd__o2111a_1)
     2    0.01                           _198_ (net)
                  0.09    0.00    2.02 ^ _438_/D (sky130_fd_sc_hd__nand4_2)
                  0.11    0.14    2.16 v _438_/Y (sky130_fd_sc_hd__nand4_2)
     3    0.01                           _199_ (net)
                  0.11    0.00    2.16 v _444_/A2 (sky130_fd_sc_hd__a21oi_1)
                  0.23    0.27    2.43 ^ _444_/Y (sky130_fd_sc_hd__a21oi_1)
     2    0.01                           _205_ (net)
                  0.23    0.00    2.43 ^ _471_/A2 (sky130_fd_sc_hd__o21bai_2)
                  0.06    0.10    2.53 v _471_/Y (sky130_fd_sc_hd__o21bai_2)
     3    0.01                           _230_ (net)
                  0.06    0.00    2.53 v _474_/C1 (sky130_fd_sc_hd__o211ai_1)
                  0.13    0.08    2.61 ^ _474_/Y (sky130_fd_sc_hd__o211ai_1)
     1    0.00                           _233_ (net)
                  0.13    0.00    2.61 ^ _475_/B1 (sky130_fd_sc_hd__o21ai_1)
                  0.05    0.08    2.69 v _475_/Y (sky130_fd_sc_hd__o21ai_1)
     1    0.00                           _234_ (net)
                  0.05    0.00    2.69 v _477_/A2 (sky130_fd_sc_hd__o21bai_1)
                  0.10    0.12    2.81 ^ _477_/Y (sky130_fd_sc_hd__o21bai_1)
     1    0.00                           _236_ (net)
                  0.10    0.00    2.81 ^ _479_/A (sky130_fd_sc_hd__nand2_1)
                  0.04    0.05    2.86 v _479_/Y (sky130_fd_sc_hd__nand2_1)
     1    0.00                           _105_ (net)
                  0.04    0.00    2.86 v _745_/D (sky130_fd_sc_hd__dfrtp_1)
                                  2.86   data arrival time

                         10.00   10.00   clock clk (rise edge)
                          0.00   10.00   clock source latency
                  0.04    0.03   10.03 ^ clk (in)
     1    0.01                           clk (net)
                  0.04    0.00   10.03 ^ clkbuf_0_clk/A (sky130_fd_sc_hd__clkbuf_16)
                  0.05    0.13   10.15 ^ clkbuf_0_clk/X (sky130_fd_sc_hd__clkbuf_16)
     4    0.03                           clknet_0_clk (net)
                  0.05    0.00   10.15 ^ clkbuf_2_3__f_clk/A (sky130_fd_sc_hd__clkbuf_16)
                  0.05    0.12   10.28 ^ clkbuf_2_3__f_clk/X (sky130_fd_sc_hd__clkbuf_16)
    12    0.02                           clknet_2_3__leaf_clk (net)
                  0.05    0.00   10.28 ^ _745_/CLK (sky130_fd_sc_hd__dfrtp_1)
                         -0.25   10.03   clock uncertainty
                          0.02   10.05   clock reconvergence pessimism
                         -0.11    9.93   library setup time
                                  9.93   data required time
-----------------------------------------------------------------------------
                                  9.93   data required time
                                 -2.86   data arrival time
-----------------------------------------------------------------------------
                                  7.07   slack (MET)


Startpoint: _725_ (rising edge-triggered flip-flop clocked by clk)
Endpoint: _715_ (rising edge-triggered flip-flop clocked by clk)
Path Group: clk
Path Type: max

Fanout     Cap    Slew   Delay    Time   Description
-----------------------------------------------------------------------------
                          0.00    0.00   clock clk (rise edge)
                          0.00    0.00   clock source latency
                  0.04    0.03    0.03 ^ clk (in)
     1    0.01                           clk (net)
                  0.04    0.00    0.03 ^ clkbuf_0_clk/A (sky130_fd_sc_hd__clkbuf_16)
                  0.05    0.14    0.17 ^ clkbuf_0_clk/X (sky130_fd_sc_hd__clkbuf_16)
     4    0.03                           clknet_0_clk (net)
                  0.05    0.00    0.17 ^ clkbuf_2_0__f_clk/A (sky130_fd_sc_hd__clkbuf_16)
                  0.05    0.14    0.31 ^ clkbuf_2_0__f_clk/X (sky130_fd_sc_hd__clkbuf_16)
    15    0.03                           clknet_2_0__leaf_clk (net)
                  0.05    0.00    0.31 ^ _725_/CLK (sky130_fd_sc_hd__dfrtp_4)
                  0.08    0.52    0.83 v _725_/Q (sky130_fd_sc_hd__dfrtp_4)
     6    0.02                           u_core.M[0] (net)
                  0.08    0.00    0.83 v _354_/B (sky130_fd_sc_hd__nor2_2)
                  0.24    0.22    1.05 ^ _354_/Y (sky130_fd_sc_hd__nor2_2)
     3    0.02                           _115_ (net)
                  0.24    0.00    1.05 ^ _366_/A (sky130_fd_sc_hd__clkbuf_4)
                  0.10    0.25    1.31 ^ _366_/X (sky130_fd_sc_hd__clkbuf_4)
    10    0.03                           _127_ (net)
                  0.10    0.00    1.31 ^ _381_/A (sky130_fd_sc_hd__nand2_2)
                  0.09    0.10    1.40 v _381_/Y (sky130_fd_sc_hd__nand2_2)
     6    0.02                           _142_ (net)
                  0.09    0.00    1.40 v _383_/A2 (sky130_fd_sc_hd__o21ai_1)
                  0.17    0.19    1.59 ^ _383_/Y (sky130_fd_sc_hd__o21ai_1)
     2    0.01                           _144_ (net)
                  0.17    0.00    1.59 ^ _384_/B1 (sky130_fd_sc_hd__o21ai_1)
                  0.08    0.12    1.71 v _384_/Y (sky130_fd_sc_hd__o21ai_1)
     2    0.01                           _145_ (net)
                  0.08    0.00    1.71 v _436_/A (sky130_fd_sc_hd__nand2_1)
                  0.08    0.10    1.81 ^ _436_/Y (sky130_fd_sc_hd__nand2_1)
     3    0.01                           _197_ (net)
                  0.08    0.00    1.81 ^ _437_/D1 (sky130_fd_sc_hd__o2111a_1)
                  0.09    0.21    2.02 ^ _437_/X (sky130_fd_sc_hd__o2111a_1)
     2    0.01                           _198_ (net)
                  0.09    0.00    2.02 ^ _515_/C (sky130_fd_sc_hd__nand3_1)
                  0.10    0.12    2.14 v _515_/Y (sky130_fd_sc_hd__nand3_1)
     3    0.01                           _268_ (net)
                  0.10    0.00    2.14 v _517_/A1 (sky130_fd_sc_hd__a21o_1)
                  0.04    0.19    2.33 v _517_/X (sky130_fd_sc_hd__a21o_1)
     2    0.00                           _270_ (net)
                  0.04    0.00    2.33 v _518_/A4 (sky130_fd_sc_hd__a41oi_1)
                  0.15    0.20    2.53 ^ _518_/Y (sky130_fd_sc_hd__a41oi_1)
     1    0.00                           _271_ (net)
                  0.15    0.00    2.53 ^ _520_/A (sky130_fd_sc_hd__nand2_1)
                  0.06    0.08    2.61 v _520_/Y (sky130_fd_sc_hd__nand2_1)
     2    0.00                           _273_ (net)
                  0.06    0.00    2.61 v _595_/A1 (sky130_fd_sc_hd__a32o_1)
                  0.04    0.22    2.84 v _595_/X (sky130_fd_sc_hd__a32o_1)
     1    0.00                           _075_ (net)
                  0.04    0.00    2.84 v _715_/D (sky130_fd_sc_hd__dfrtp_2)
                                  2.84   data arrival time

                         10.00   10.00   clock clk (rise edge)
                          0.00   10.00   clock source latency
                  0.04    0.03   10.03 ^ clk (in)
     1    0.01                           clk (net)
                  0.04    0.00   10.03 ^ clkbuf_0_clk/A (sky130_fd_sc_hd__clkbuf_16)
                  0.05    0.13   10.15 ^ clkbuf_0_clk/X (sky130_fd_sc_hd__clkbuf_16)
     4    0.03                           clknet_0_clk (net)
                  0.05    0.00   10.15 ^ clkbuf_2_3__f_clk/A (sky130_fd_sc_hd__clkbuf_16)
                  0.05    0.12   10.28 ^ clkbuf_2_3__f_clk/X (sky130_fd_sc_hd__clkbuf_16)
    12    0.02                           clknet_2_3__leaf_clk (net)
                  0.05    0.00   10.28 ^ _715_/CLK (sky130_fd_sc_hd__dfrtp_2)
                         -0.25   10.03   clock uncertainty
                          0.02   10.05   clock reconvergence pessimism
                         -0.11    9.93   library setup time
                                  9.93   data required time
-----------------------------------------------------------------------------
                                  9.93   data required time
                                 -2.84   data arrival time
-----------------------------------------------------------------------------
                                  7.10   slack (MET)


Startpoint: _725_ (rising edge-triggered flip-flop clocked by clk)
Endpoint: _746_ (rising edge-triggered flip-flop clocked by clk)
Path Group: clk
Path Type: max

Fanout     Cap    Slew   Delay    Time   Description
-----------------------------------------------------------------------------
                          0.00    0.00   clock clk (rise edge)
                          0.00    0.00   clock source latency
                  0.04    0.03    0.03 ^ clk (in)
     1    0.01                           clk (net)
                  0.04    0.00    0.03 ^ clkbuf_0_clk/A (sky130_fd_sc_hd__clkbuf_16)
                  0.05    0.14    0.17 ^ clkbuf_0_clk/X (sky130_fd_sc_hd__clkbuf_16)
     4    0.03                           clknet_0_clk (net)
                  0.05    0.00    0.17 ^ clkbuf_2_0__f_clk/A (sky130_fd_sc_hd__clkbuf_16)
                  0.05    0.14    0.31 ^ clkbuf_2_0__f_clk/X (sky130_fd_sc_hd__clkbuf_16)
    15    0.03                           clknet_2_0__leaf_clk (net)
                  0.05    0.00    0.31 ^ _725_/CLK (sky130_fd_sc_hd__dfrtp_4)
                  0.08    0.52    0.83 v _725_/Q (sky130_fd_sc_hd__dfrtp_4)
     6    0.02                           u_core.M[0] (net)
                  0.08    0.00    0.83 v _354_/B (sky130_fd_sc_hd__nor2_2)
                  0.24    0.22    1.05 ^ _354_/Y (sky130_fd_sc_hd__nor2_2)
     3    0.02                           _115_ (net)
                  0.24    0.00    1.05 ^ _366_/A (sky130_fd_sc_hd__clkbuf_4)
                  0.10    0.25    1.31 ^ _366_/X (sky130_fd_sc_hd__clkbuf_4)
    10    0.03                           _127_ (net)
                  0.10    0.00    1.31 ^ _381_/A (sky130_fd_sc_hd__nand2_2)
                  0.09    0.10    1.40 v _381_/Y (sky130_fd_sc_hd__nand2_2)
     6    0.02                           _142_ (net)
                  0.09    0.00    1.40 v _383_/A2 (sky130_fd_sc_hd__o21ai_1)
                  0.17    0.19    1.59 ^ _383_/Y (sky130_fd_sc_hd__o21ai_1)
     2    0.01                           _144_ (net)
                  0.17    0.00    1.59 ^ _384_/B1 (sky130_fd_sc_hd__o21ai_1)
                  0.08    0.12    1.71 v _384_/Y (sky130_fd_sc_hd__o21ai_1)
     2    0.01                           _145_ (net)
                  0.08    0.00    1.71 v _436_/A (sky130_fd_sc_hd__nand2_1)
                  0.08    0.10    1.81 ^ _436_/Y (sky130_fd_sc_hd__nand2_1)
     3    0.01                           _197_ (net)
                  0.08    0.00    1.81 ^ _437_/D1 (sky130_fd_sc_hd__o2111a_1)
                  0.09    0.21    2.02 ^ _437_/X (sky130_fd_sc_hd__o2111a_1)
     2    0.01                           _198_ (net)
                  0.09    0.00    2.02 ^ _438_/D (sky130_fd_sc_hd__nand4_2)
                  0.11    0.14    2.16 v _438_/Y (sky130_fd_sc_hd__nand4_2)
     3    0.01                           _199_ (net)
                  0.11    0.00    2.16 v _444_/A2 (sky130_fd_sc_hd__a21oi_1)
                  0.23    0.27    2.43 ^ _444_/Y (sky130_fd_sc_hd__a21oi_1)
     2    0.01                           _205_ (net)
                  0.23    0.00    2.43 ^ _450_/A2 (sky130_fd_sc_hd__o21bai_2)
                  0.06    0.10    2.53 v _450_/Y (sky130_fd_sc_hd__o21bai_2)
     3    0.01                           _211_ (net)
                  0.06    0.00    2.53 v _465_/A1 (sky130_fd_sc_hd__a31oi_1)
                  0.12    0.13    2.66 ^ _465_/Y (sky130_fd_sc_hd__a31oi_1)
     1    0.00                           _225_ (net)
                  0.12    0.00    2.66 ^ _466_/B (sky130_fd_sc_hd__nand2_1)
                  0.04    0.07    2.73 v _466_/Y (sky130_fd_sc_hd__nand2_1)
     1    0.00                           _226_ (net)
                  0.04    0.00    2.73 v _469_/A2_N (sky130_fd_sc_hd__o2bb2ai_1)
                  0.04    0.11    2.84 v _469_/Y (sky130_fd_sc_hd__o2bb2ai_1)
     1    0.00                           _106_ (net)
                  0.04    0.00    2.84 v _746_/D (sky130_fd_sc_hd__dfrtp_1)
                                  2.84   data arrival time

                         10.00   10.00   clock clk (rise edge)
                          0.00   10.00   clock source latency
                  0.04    0.03   10.03 ^ clk (in)
     1    0.01                           clk (net)
                  0.04    0.00   10.03 ^ clkbuf_0_clk/A (sky130_fd_sc_hd__clkbuf_16)
                  0.05    0.13   10.15 ^ clkbuf_0_clk/X (sky130_fd_sc_hd__clkbuf_16)
     4    0.03                           clknet_0_clk (net)
                  0.05    0.00   10.15 ^ clkbuf_2_3__f_clk/A (sky130_fd_sc_hd__clkbuf_16)
                  0.05    0.12   10.28 ^ clkbuf_2_3__f_clk/X (sky130_fd_sc_hd__clkbuf_16)
    12    0.02                           clknet_2_3__leaf_clk (net)
                  0.05    0.00   10.28 ^ _746_/CLK (sky130_fd_sc_hd__dfrtp_1)
                         -0.25   10.03   clock uncertainty
                          0.02   10.05   clock reconvergence pessimism
                         -0.11    9.93   library setup time
                                  9.93   data required time
-----------------------------------------------------------------------------
                                  9.93   data required time
                                 -2.84   data arrival time
-----------------------------------------------------------------------------
                                  7.10   slack (MET)


Startpoint: _725_ (rising edge-triggered flip-flop clocked by clk)
Endpoint: _740_ (rising edge-triggered flip-flop clocked by clk)
Path Group: clk
Path Type: max

Fanout     Cap    Slew   Delay    Time   Description
-----------------------------------------------------------------------------
                          0.00    0.00   clock clk (rise edge)
                          0.00    0.00   clock source latency
                  0.04    0.03    0.03 ^ clk (in)
     1    0.01                           clk (net)
                  0.04    0.00    0.03 ^ clkbuf_0_clk/A (sky130_fd_sc_hd__clkbuf_16)
                  0.05    0.14    0.17 ^ clkbuf_0_clk/X (sky130_fd_sc_hd__clkbuf_16)
     4    0.03                           clknet_0_clk (net)
                  0.05    0.00    0.17 ^ clkbuf_2_0__f_clk/A (sky130_fd_sc_hd__clkbuf_16)
                  0.05    0.14    0.31 ^ clkbuf_2_0__f_clk/X (sky130_fd_sc_hd__clkbuf_16)
    15    0.03                           clknet_2_0__leaf_clk (net)
                  0.05    0.00    0.31 ^ _725_/CLK (sky130_fd_sc_hd__dfrtp_4)
                  0.08    0.52    0.83 v _725_/Q (sky130_fd_sc_hd__dfrtp_4)
     6    0.02                           u_core.M[0] (net)
                  0.08    0.00    0.83 v _354_/B (sky130_fd_sc_hd__nor2_2)
                  0.24    0.22    1.05 ^ _354_/Y (sky130_fd_sc_hd__nor2_2)
     3    0.02                           _115_ (net)
                  0.24    0.00    1.05 ^ _366_/A (sky130_fd_sc_hd__clkbuf_4)
                  0.10    0.25    1.31 ^ _366_/X (sky130_fd_sc_hd__clkbuf_4)
    10    0.03                           _127_ (net)
                  0.10    0.00    1.31 ^ _381_/A (sky130_fd_sc_hd__nand2_2)
                  0.09    0.10    1.40 v _381_/Y (sky130_fd_sc_hd__nand2_2)
     6    0.02                           _142_ (net)
                  0.09    0.00    1.40 v _383_/A2 (sky130_fd_sc_hd__o21ai_1)
                  0.17    0.19    1.59 ^ _383_/Y (sky130_fd_sc_hd__o21ai_1)
     2    0.01                           _144_ (net)
                  0.17    0.00    1.59 ^ _384_/B1 (sky130_fd_sc_hd__o21ai_1)
                  0.08    0.12    1.71 v _384_/Y (sky130_fd_sc_hd__o21ai_1)
     2    0.01                           _145_ (net)
                  0.08    0.00    1.71 v _393_/A2 (sky130_fd_sc_hd__o21ai_2)
                  0.16    0.18    1.88 ^ _393_/Y (sky130_fd_sc_hd__o21ai_2)
     4    0.01                           _154_ (net)
                  0.16    0.00    1.88 ^ _405_/B1 (sky130_fd_sc_hd__o22a_1)
                  0.10    0.21    2.10 ^ _405_/X (sky130_fd_sc_hd__o22a_1)
     3    0.01                           _166_ (net)
                  0.10    0.00    2.10 ^ _482_/A (sky130_fd_sc_hd__nand2_2)
                  0.06    0.08    2.18 v _482_/Y (sky130_fd_sc_hd__nand2_2)
     5    0.01                           _240_ (net)
                  0.06    0.00    2.18 v _511_/B (sky130_fd_sc_hd__or2_1)
                  0.06    0.23    2.40 v _511_/X (sky130_fd_sc_hd__or2_1)
     1    0.00                           _265_ (net)
                  0.06    0.00    2.40 v _513_/B1 (sky130_fd_sc_hd__a22oi_2)
                  0.14    0.13    2.53 ^ _513_/Y (sky130_fd_sc_hd__a22oi_2)
     2    0.00                           _267_ (net)
                  0.14    0.00    2.53 ^ _514_/A2_N (sky130_fd_sc_hd__a2bb2o_1)
                  0.05    0.30    2.83 v _514_/X (sky130_fd_sc_hd__a2bb2o_1)
     1    0.00                           _100_ (net)
                  0.05    0.00    2.83 v _740_/D (sky130_fd_sc_hd__dfrtp_4)
                                  2.83   data arrival time

                         10.00   10.00   clock clk (rise edge)
                          0.00   10.00   clock source latency
                  0.04    0.03   10.03 ^ clk (in)
     1    0.01                           clk (net)
                  0.04    0.00   10.03 ^ clkbuf_0_clk/A (sky130_fd_sc_hd__clkbuf_16)
                  0.05    0.13   10.15 ^ clkbuf_0_clk/X (sky130_fd_sc_hd__clkbuf_16)
     4    0.03                           clknet_0_clk (net)
                  0.05    0.00   10.15 ^ clkbuf_2_2__f_clk/A (sky130_fd_sc_hd__clkbuf_16)
                  0.05    0.13   10.28 ^ clkbuf_2_2__f_clk/X (sky130_fd_sc_hd__clkbuf_16)
    13    0.02                           clknet_2_2__leaf_clk (net)
                  0.05    0.00   10.28 ^ _740_/CLK (sky130_fd_sc_hd__dfrtp_4)
                         -0.25   10.03   clock uncertainty
                          0.02   10.05   clock reconvergence pessimism
                         -0.11    9.93   library setup time
                                  9.93   data required time
-----------------------------------------------------------------------------
                                  9.93   data required time
                                 -2.83   data arrival time
-----------------------------------------------------------------------------
                                  7.10   slack (MET)


Startpoint: _725_ (rising edge-triggered flip-flop clocked by clk)
Endpoint: _742_ (rising edge-triggered flip-flop clocked by clk)
Path Group: clk
Path Type: max

Fanout     Cap    Slew   Delay    Time   Description
-----------------------------------------------------------------------------
                          0.00    0.00   clock clk (rise edge)
                          0.00    0.00   clock source latency
                  0.04    0.03    0.03 ^ clk (in)
     1    0.01                           clk (net)
                  0.04    0.00    0.03 ^ clkbuf_0_clk/A (sky130_fd_sc_hd__clkbuf_16)
                  0.05    0.14    0.17 ^ clkbuf_0_clk/X (sky130_fd_sc_hd__clkbuf_16)
     4    0.03                           clknet_0_clk (net)
                  0.05    0.00    0.17 ^ clkbuf_2_0__f_clk/A (sky130_fd_sc_hd__clkbuf_16)
                  0.05    0.14    0.31 ^ clkbuf_2_0__f_clk/X (sky130_fd_sc_hd__clkbuf_16)
    15    0.03                           clknet_2_0__leaf_clk (net)
                  0.05    0.00    0.31 ^ _725_/CLK (sky130_fd_sc_hd__dfrtp_4)
                  0.08    0.52    0.83 v _725_/Q (sky130_fd_sc_hd__dfrtp_4)
     6    0.02                           u_core.M[0] (net)
                  0.08    0.00    0.83 v _354_/B (sky130_fd_sc_hd__nor2_2)
                  0.24    0.22    1.05 ^ _354_/Y (sky130_fd_sc_hd__nor2_2)
     3    0.02                           _115_ (net)
                  0.24    0.00    1.05 ^ _366_/A (sky130_fd_sc_hd__clkbuf_4)
                  0.10    0.25    1.31 ^ _366_/X (sky130_fd_sc_hd__clkbuf_4)
    10    0.03                           _127_ (net)
                  0.10    0.00    1.31 ^ _381_/A (sky130_fd_sc_hd__nand2_2)
                  0.09    0.10    1.40 v _381_/Y (sky130_fd_sc_hd__nand2_2)
     6    0.02                           _142_ (net)
                  0.09    0.00    1.40 v _383_/A2 (sky130_fd_sc_hd__o21ai_1)
                  0.17    0.19    1.59 ^ _383_/Y (sky130_fd_sc_hd__o21ai_1)
     2    0.01                           _144_ (net)
                  0.17    0.00    1.59 ^ _384_/B1 (sky130_fd_sc_hd__o21ai_1)
                  0.08    0.12    1.71 v _384_/Y (sky130_fd_sc_hd__o21ai_1)
     2    0.01                           _145_ (net)
                  0.08    0.00    1.71 v _393_/A2 (sky130_fd_sc_hd__o21ai_2)
                  0.16    0.18    1.88 ^ _393_/Y (sky130_fd_sc_hd__o21ai_2)
     4    0.01                           _154_ (net)
                  0.16    0.00    1.88 ^ _405_/B1 (sky130_fd_sc_hd__o22a_1)
                  0.10    0.21    2.10 ^ _405_/X (sky130_fd_sc_hd__o22a_1)
     3    0.01                           _166_ (net)
                  0.10    0.00    2.10 ^ _482_/A (sky130_fd_sc_hd__nand2_2)
                  0.06    0.08    2.18 v _482_/Y (sky130_fd_sc_hd__nand2_2)
     5    0.01                           _240_ (net)
                  0.06    0.00    2.18 v _500_/A1 (sky130_fd_sc_hd__a211o_1)
                  0.04    0.26    2.44 v _500_/X (sky130_fd_sc_hd__a211o_1)
     1    0.00                           _256_ (net)
                  0.04    0.00    2.44 v _501_/B2 (sky130_fd_sc_hd__a22o_1)
                  0.04    0.20    2.64 v _501_/X (sky130_fd_sc_hd__a22o_1)
     1    0.00                           _257_ (net)
                  0.04    0.00    2.64 v _503_/B1 (sky130_fd_sc_hd__a22o_1)
                  0.04    0.17    2.81 v _503_/X (sky130_fd_sc_hd__a22o_1)
     1    0.00                           _102_ (net)
                  0.04    0.00    2.81 v _742_/D (sky130_fd_sc_hd__dfrtp_4)
                                  2.81   data arrival time

                         10.00   10.00   clock clk (rise edge)
                          0.00   10.00   clock source latency
                  0.04    0.03   10.03 ^ clk (in)
     1    0.01                           clk (net)
                  0.04    0.00   10.03 ^ clkbuf_0_clk/A (sky130_fd_sc_hd__clkbuf_16)
                  0.05    0.13   10.15 ^ clkbuf_0_clk/X (sky130_fd_sc_hd__clkbuf_16)
     4    0.03                           clknet_0_clk (net)
                  0.05    0.00   10.15 ^ clkbuf_2_2__f_clk/A (sky130_fd_sc_hd__clkbuf_16)
                  0.05    0.13   10.28 ^ clkbuf_2_2__f_clk/X (sky130_fd_sc_hd__clkbuf_16)
    13    0.02                           clknet_2_2__leaf_clk (net)
                  0.05    0.00   10.28 ^ _742_/CLK (sky130_fd_sc_hd__dfrtp_4)
                         -0.25   10.03   clock uncertainty
                          0.02   10.05   clock reconvergence pessimism
                         -0.11    9.94   library setup time
                                  9.94   data required time
-----------------------------------------------------------------------------
                                  9.94   data required time
                                 -2.81   data arrival time
-----------------------------------------------------------------------------
                                  7.13   slack (MET)


Startpoint: start (input port clocked by clk)
Endpoint: _719_ (rising edge-triggered flip-flop clocked by clk)
Path Group: clk
Path Type: max

Fanout     Cap    Slew   Delay    Time   Description
-----------------------------------------------------------------------------
                          0.00    0.00   clock clk (rise edge)
                          0.00    0.00   clock network delay (propagated)
                          2.00    2.00 ^ input external delay
                  0.02    0.01    2.01 ^ start (in)
     1    0.00                           start (net)
                  0.02    0.00    2.01 ^ input18/A (sky130_fd_sc_hd__clkbuf_4)
                  0.09    0.17    2.17 ^ input18/X (sky130_fd_sc_hd__clkbuf_4)
     5    0.03                           net18 (net)
                  0.09    0.00    2.17 ^ _480_/B (sky130_fd_sc_hd__nor2_1)
                  0.05    0.07    2.25 v _480_/Y (sky130_fd_sc_hd__nor2_1)
     4    0.01                           _238_ (net)
                  0.05    0.00    2.25 v _523_/A (sky130_fd_sc_hd__clkbuf_4)
                  0.06    0.18    2.43 v _523_/X (sky130_fd_sc_hd__clkbuf_4)
    10    0.02                           _275_ (net)
                  0.06    0.00    2.43 v _583_/B1 (sky130_fd_sc_hd__a22o_1)
                  0.04    0.18    2.61 v _583_/X (sky130_fd_sc_hd__a22o_1)
     1    0.00                           _316_ (net)
                  0.04    0.00    2.61 v _584_/B1 (sky130_fd_sc_hd__a31o_1)
                  0.03    0.18    2.79 v _584_/X (sky130_fd_sc_hd__a31o_1)
     1    0.00                           _079_ (net)
                  0.03    0.00    2.79 v _719_/D (sky130_fd_sc_hd__dfrtp_1)
                                  2.79   data arrival time

                         10.00   10.00   clock clk (rise edge)
                          0.00   10.00   clock source latency
                  0.04    0.03   10.03 ^ clk (in)
     1    0.01                           clk (net)
                  0.04    0.00   10.03 ^ clkbuf_0_clk/A (sky130_fd_sc_hd__clkbuf_16)
                  0.05    0.13   10.15 ^ clkbuf_0_clk/X (sky130_fd_sc_hd__clkbuf_16)
     4    0.03                           clknet_0_clk (net)
                  0.05    0.00   10.15 ^ clkbuf_2_1__f_clk/A (sky130_fd_sc_hd__clkbuf_16)
                  0.05    0.13   10.28 ^ clkbuf_2_1__f_clk/X (sky130_fd_sc_hd__clkbuf_16)
    14    0.03                           clknet_2_1__leaf_clk (net)
                  0.05    0.00   10.28 ^ _719_/CLK (sky130_fd_sc_hd__dfrtp_1)
                         -0.25   10.03   clock uncertainty
                          0.00   10.03   clock reconvergence pessimism
                         -0.11    9.92   library setup time
                                  9.92   data required time
-----------------------------------------------------------------------------
                                  9.92   data required time
                                 -2.79   data arrival time
-----------------------------------------------------------------------------
                                  7.14   slack (MET)


Startpoint: start (input port clocked by clk)
Endpoint: _723_ (rising edge-triggered flip-flop clocked by clk)
Path Group: clk
Path Type: max

Fanout     Cap    Slew   Delay    Time   Description
-----------------------------------------------------------------------------
                          0.00    0.00   clock clk (rise edge)
                          0.00    0.00   clock network delay (propagated)
                          2.00    2.00 ^ input external delay
                  0.02    0.01    2.01 ^ start (in)
     1    0.00                           start (net)
                  0.02    0.00    2.01 ^ input18/A (sky130_fd_sc_hd__clkbuf_4)
                  0.09    0.17    2.17 ^ input18/X (sky130_fd_sc_hd__clkbuf_4)
     5    0.03                           net18 (net)
                  0.09    0.00    2.17 ^ _480_/B (sky130_fd_sc_hd__nor2_1)
                  0.05    0.07    2.25 v _480_/Y (sky130_fd_sc_hd__nor2_1)
     4    0.01                           _238_ (net)
                  0.05    0.00    2.25 v _523_/A (sky130_fd_sc_hd__clkbuf_4)
                  0.06    0.18    2.43 v _523_/X (sky130_fd_sc_hd__clkbuf_4)
    10    0.02                           _275_ (net)
                  0.06    0.00    2.43 v _575_/B1 (sky130_fd_sc_hd__a22o_1)
                  0.04    0.18    2.61 v _575_/X (sky130_fd_sc_hd__a22o_1)
     1    0.00                           _312_ (net)
                  0.04    0.00    2.61 v _576_/B1 (sky130_fd_sc_hd__a31o_1)
                  0.03    0.18    2.79 v _576_/X (sky130_fd_sc_hd__a31o_1)
     1    0.00                           _083_ (net)
                  0.03    0.00    2.79 v _723_/D (sky130_fd_sc_hd__dfrtp_1)
                                  2.79   data arrival time

                         10.00   10.00   clock clk (rise edge)
                          0.00   10.00   clock source latency
                  0.04    0.03   10.03 ^ clk (in)
     1    0.01                           clk (net)
                  0.04    0.00   10.03 ^ clkbuf_0_clk/A (sky130_fd_sc_hd__clkbuf_16)
                  0.05    0.13   10.15 ^ clkbuf_0_clk/X (sky130_fd_sc_hd__clkbuf_16)
     4    0.03                           clknet_0_clk (net)
                  0.05    0.00   10.15 ^ clkbuf_2_1__f_clk/A (sky130_fd_sc_hd__clkbuf_16)
                  0.05    0.13   10.28 ^ clkbuf_2_1__f_clk/X (sky130_fd_sc_hd__clkbuf_16)
    14    0.03                           clknet_2_1__leaf_clk (net)
                  0.05    0.00   10.28 ^ _723_/CLK (sky130_fd_sc_hd__dfrtp_1)
                         -0.25   10.03   clock uncertainty
                          0.00   10.03   clock reconvergence pessimism
                         -0.11    9.92   library setup time
                                  9.92   data required time
-----------------------------------------------------------------------------
                                  9.92   data required time
                                 -2.79   data arrival time
-----------------------------------------------------------------------------
                                  7.14   slack (MET)


Startpoint: start (input port clocked by clk)
Endpoint: _724_ (rising edge-triggered flip-flop clocked by clk)
Path Group: clk
Path Type: max

Fanout     Cap    Slew   Delay    Time   Description
-----------------------------------------------------------------------------
                          0.00    0.00   clock clk (rise edge)
                          0.00    0.00   clock network delay (propagated)
                          2.00    2.00 ^ input external delay
                  0.02    0.01    2.01 ^ start (in)
     1    0.00                           start (net)
                  0.02    0.00    2.01 ^ input18/A (sky130_fd_sc_hd__clkbuf_4)
                  0.09    0.17    2.17 ^ input18/X (sky130_fd_sc_hd__clkbuf_4)
     5    0.03                           net18 (net)
                  0.09    0.00    2.17 ^ _480_/B (sky130_fd_sc_hd__nor2_1)
                  0.05    0.07    2.25 v _480_/Y (sky130_fd_sc_hd__nor2_1)
     4    0.01                           _238_ (net)
                  0.05    0.00    2.25 v _523_/A (sky130_fd_sc_hd__clkbuf_4)
                  0.06    0.18    2.43 v _523_/X (sky130_fd_sc_hd__clkbuf_4)
    10    0.02                           _275_ (net)
                  0.06    0.00    2.43 v _574_/A2 (sky130_fd_sc_hd__a221o_1)
                  0.05    0.35    2.78 v _574_/X (sky130_fd_sc_hd__a221o_1)
     1    0.00                           _084_ (net)
                  0.05    0.00    2.78 v _724_/D (sky130_fd_sc_hd__dfrtp_2)
                                  2.78   data arrival time

                         10.00   10.00   clock clk (rise edge)
                          0.00   10.00   clock source latency
                  0.04    0.03   10.03 ^ clk (in)
     1    0.01                           clk (net)
                  0.04    0.00   10.03 ^ clkbuf_0_clk/A (sky130_fd_sc_hd__clkbuf_16)
                  0.05    0.13   10.15 ^ clkbuf_0_clk/X (sky130_fd_sc_hd__clkbuf_16)
     4    0.03                           clknet_0_clk (net)
                  0.05    0.00   10.15 ^ clkbuf_2_2__f_clk/A (sky130_fd_sc_hd__clkbuf_16)
                  0.05    0.13   10.28 ^ clkbuf_2_2__f_clk/X (sky130_fd_sc_hd__clkbuf_16)
    13    0.02                           clknet_2_2__leaf_clk (net)
                  0.05    0.00   10.28 ^ _724_/CLK (sky130_fd_sc_hd__dfrtp_2)
                         -0.25   10.03   clock uncertainty
                          0.00   10.03   clock reconvergence pessimism
                         -0.12    9.91   library setup time
                                  9.91   data required time
-----------------------------------------------------------------------------
                                  9.91   data required time
                                 -2.78   data arrival time
-----------------------------------------------------------------------------
                                  7.14   slack (MET)


Startpoint: _725_ (rising edge-triggered flip-flop clocked by clk)
Endpoint: _739_ (rising edge-triggered flip-flop clocked by clk)
Path Group: clk
Path Type: max

Fanout     Cap    Slew   Delay    Time   Description
-----------------------------------------------------------------------------
                          0.00    0.00   clock clk (rise edge)
                          0.00    0.00   clock source latency
                  0.04    0.03    0.03 ^ clk (in)
     1    0.01                           clk (net)
                  0.04    0.00    0.03 ^ clkbuf_0_clk/A (sky130_fd_sc_hd__clkbuf_16)
                  0.05    0.14    0.17 ^ clkbuf_0_clk/X (sky130_fd_sc_hd__clkbuf_16)
     4    0.03                           clknet_0_clk (net)
                  0.05    0.00    0.17 ^ clkbuf_2_0__f_clk/A (sky130_fd_sc_hd__clkbuf_16)
                  0.05    0.14    0.31 ^ clkbuf_2_0__f_clk/X (sky130_fd_sc_hd__clkbuf_16)
    15    0.03                           clknet_2_0__leaf_clk (net)
                  0.05    0.00    0.31 ^ _725_/CLK (sky130_fd_sc_hd__dfrtp_4)
                  0.08    0.52    0.83 v _725_/Q (sky130_fd_sc_hd__dfrtp_4)
     6    0.02                           u_core.M[0] (net)
                  0.08    0.00    0.83 v _354_/B (sky130_fd_sc_hd__nor2_2)
                  0.24    0.22    1.05 ^ _354_/Y (sky130_fd_sc_hd__nor2_2)
     3    0.02                           _115_ (net)
                  0.24    0.00    1.05 ^ _366_/A (sky130_fd_sc_hd__clkbuf_4)
                  0.10    0.25    1.31 ^ _366_/X (sky130_fd_sc_hd__clkbuf_4)
    10    0.03                           _127_ (net)
                  0.10    0.00    1.31 ^ _381_/A (sky130_fd_sc_hd__nand2_2)
                  0.09    0.10    1.40 v _381_/Y (sky130_fd_sc_hd__nand2_2)
     6    0.02                           _142_ (net)
                  0.09    0.00    1.40 v _383_/A2 (sky130_fd_sc_hd__o21ai_1)
                  0.17    0.19    1.59 ^ _383_/Y (sky130_fd_sc_hd__o21ai_1)
     2    0.01                           _144_ (net)
                  0.17    0.00    1.59 ^ _384_/B1 (sky130_fd_sc_hd__o21ai_1)
                  0.08    0.12    1.71 v _384_/Y (sky130_fd_sc_hd__o21ai_1)
     2    0.01                           _145_ (net)
                  0.08    0.00    1.71 v _436_/A (sky130_fd_sc_hd__nand2_1)
                  0.08    0.10    1.81 ^ _436_/Y (sky130_fd_sc_hd__nand2_1)
     3    0.01                           _197_ (net)
                  0.08    0.00    1.81 ^ _437_/D1 (sky130_fd_sc_hd__o2111a_1)
                  0.09    0.21    2.02 ^ _437_/X (sky130_fd_sc_hd__o2111a_1)
     2    0.01                           _198_ (net)
                  0.09    0.00    2.02 ^ _515_/C (sky130_fd_sc_hd__nand3_1)
                  0.10    0.12    2.14 v _515_/Y (sky130_fd_sc_hd__nand3_1)
     3    0.01                           _268_ (net)
                  0.10    0.00    2.14 v _517_/A1 (sky130_fd_sc_hd__a21o_1)
                  0.04    0.19    2.33 v _517_/X (sky130_fd_sc_hd__a21o_1)
     2    0.00                           _270_ (net)
                  0.04    0.00    2.33 v _518_/A4 (sky130_fd_sc_hd__a41oi_1)
                  0.15    0.20    2.53 ^ _518_/Y (sky130_fd_sc_hd__a41oi_1)
     1    0.00                           _271_ (net)
                  0.15    0.00    2.53 ^ _520_/A (sky130_fd_sc_hd__nand2_1)
                  0.06    0.08    2.61 v _520_/Y (sky130_fd_sc_hd__nand2_1)
     2    0.00                           _273_ (net)
                  0.06    0.00    2.61 v _522_/B1 (sky130_fd_sc_hd__a22o_1)
                  0.04    0.18    2.80 v _522_/X (sky130_fd_sc_hd__a22o_1)
     1    0.00                           _099_ (net)
                  0.04    0.00    2.80 v _739_/D (sky130_fd_sc_hd__dfrtp_2)
                                  2.80   data arrival time

                         10.00   10.00   clock clk (rise edge)
                          0.00   10.00   clock source latency
                  0.04    0.03   10.03 ^ clk (in)
     1    0.01                           clk (net)
                  0.04    0.00   10.03 ^ clkbuf_0_clk/A (sky130_fd_sc_hd__clkbuf_16)
                  0.05    0.13   10.15 ^ clkbuf_0_clk/X (sky130_fd_sc_hd__clkbuf_16)
     4    0.03                           clknet_0_clk (net)
                  0.05    0.00   10.15 ^ clkbuf_2_3__f_clk/A (sky130_fd_sc_hd__clkbuf_16)
                  0.05    0.12   10.28 ^ clkbuf_2_3__f_clk/X (sky130_fd_sc_hd__clkbuf_16)
    12    0.02                           clknet_2_3__leaf_clk (net)
                  0.05    0.00   10.28 ^ _739_/CLK (sky130_fd_sc_hd__dfrtp_2)
                         -0.25   10.03   clock uncertainty
                          0.02   10.05   clock reconvergence pessimism
                         -0.11    9.93   library setup time
                                  9.93   data required time
-----------------------------------------------------------------------------
                                  9.93   data required time
                                 -2.80   data arrival time
-----------------------------------------------------------------------------
                                  7.14   slack (MET)


Startpoint: start (input port clocked by clk)
Endpoint: _720_ (rising edge-triggered flip-flop clocked by clk)
Path Group: clk
Path Type: max

Fanout     Cap    Slew   Delay    Time   Description
-----------------------------------------------------------------------------
                          0.00    0.00   clock clk (rise edge)
                          0.00    0.00   clock network delay (propagated)
                          2.00    2.00 ^ input external delay
                  0.02    0.01    2.01 ^ start (in)
     1    0.00                           start (net)
                  0.02    0.00    2.01 ^ input18/A (sky130_fd_sc_hd__clkbuf_4)
                  0.09    0.17    2.17 ^ input18/X (sky130_fd_sc_hd__clkbuf_4)
     5    0.03                           net18 (net)
                  0.09    0.00    2.17 ^ _480_/B (sky130_fd_sc_hd__nor2_1)
                  0.05    0.07    2.25 v _480_/Y (sky130_fd_sc_hd__nor2_1)
     4    0.01                           _238_ (net)
                  0.05    0.00    2.25 v _523_/A (sky130_fd_sc_hd__clkbuf_4)
                  0.06    0.18    2.43 v _523_/X (sky130_fd_sc_hd__clkbuf_4)
    10    0.02                           _275_ (net)
                  0.06    0.00    2.43 v _581_/B1 (sky130_fd_sc_hd__a22o_1)
                  0.04    0.18    2.61 v _581_/X (sky130_fd_sc_hd__a22o_1)
     1    0.00                           _315_ (net)
                  0.04    0.00    2.61 v _582_/B1 (sky130_fd_sc_hd__a31o_1)
                  0.03    0.18    2.79 v _582_/X (sky130_fd_sc_hd__a31o_1)
     1    0.00                           _080_ (net)
                  0.03    0.00    2.79 v _720_/D (sky130_fd_sc_hd__dfrtp_1)
                                  2.79   data arrival time

                         10.00   10.00   clock clk (rise edge)
                          0.00   10.00   clock source latency
                  0.04    0.03   10.03 ^ clk (in)
     1    0.01                           clk (net)
                  0.04    0.00   10.03 ^ clkbuf_0_clk/A (sky130_fd_sc_hd__clkbuf_16)
                  0.05    0.13   10.15 ^ clkbuf_0_clk/X (sky130_fd_sc_hd__clkbuf_16)
     4    0.03                           clknet_0_clk (net)
                  0.05    0.00   10.15 ^ clkbuf_2_0__f_clk/A (sky130_fd_sc_hd__clkbuf_16)
                  0.05    0.13   10.28 ^ clkbuf_2_0__f_clk/X (sky130_fd_sc_hd__clkbuf_16)
    15    0.03                           clknet_2_0__leaf_clk (net)
                  0.05    0.00   10.28 ^ _720_/CLK (sky130_fd_sc_hd__dfrtp_1)
                         -0.25   10.03   clock uncertainty
                          0.00   10.03   clock reconvergence pessimism
                         -0.11    9.93   library setup time
                                  9.93   data required time
-----------------------------------------------------------------------------
                                  9.93   data required time
                                 -2.79   data arrival time
-----------------------------------------------------------------------------
                                  7.14   slack (MET)


Startpoint: start (input port clocked by clk)
Endpoint: _721_ (rising edge-triggered flip-flop clocked by clk)
Path Group: clk
Path Type: max

Fanout     Cap    Slew   Delay    Time   Description
-----------------------------------------------------------------------------
                          0.00    0.00   clock clk (rise edge)
                          0.00    0.00   clock network delay (propagated)
                          2.00    2.00 ^ input external delay
                  0.02    0.01    2.01 ^ start (in)
     1    0.00                           start (net)
                  0.02    0.00    2.01 ^ input18/A (sky130_fd_sc_hd__clkbuf_4)
                  0.09    0.17    2.17 ^ input18/X (sky130_fd_sc_hd__clkbuf_4)
     5    0.03                           net18 (net)
                  0.09    0.00    2.17 ^ _480_/B (sky130_fd_sc_hd__nor2_1)
                  0.05    0.07    2.25 v _480_/Y (sky130_fd_sc_hd__nor2_1)
     4    0.01                           _238_ (net)
                  0.05    0.00    2.25 v _523_/A (sky130_fd_sc_hd__clkbuf_4)
                  0.06    0.18    2.43 v _523_/X (sky130_fd_sc_hd__clkbuf_4)
    10    0.02                           _275_ (net)
                  0.06    0.00    2.43 v _579_/B1 (sky130_fd_sc_hd__a22o_1)
                  0.04    0.18    2.61 v _579_/X (sky130_fd_sc_hd__a22o_1)
     1    0.00                           _314_ (net)
                  0.04    0.00    2.61 v _580_/B1 (sky130_fd_sc_hd__a31o_1)
                  0.03    0.18    2.79 v _580_/X (sky130_fd_sc_hd__a31o_1)
     1    0.00                           _081_ (net)
                  0.03    0.00    2.79 v _721_/D (sky130_fd_sc_hd__dfrtp_1)
                                  2.79   data arrival time

                         10.00   10.00   clock clk (rise edge)
                          0.00   10.00   clock source latency
                  0.04    0.03   10.03 ^ clk (in)
     1    0.01                           clk (net)
                  0.04    0.00   10.03 ^ clkbuf_0_clk/A (sky130_fd_sc_hd__clkbuf_16)
                  0.05    0.13   10.15 ^ clkbuf_0_clk/X (sky130_fd_sc_hd__clkbuf_16)
     4    0.03                           clknet_0_clk (net)
                  0.05    0.00   10.15 ^ clkbuf_2_0__f_clk/A (sky130_fd_sc_hd__clkbuf_16)
                  0.05    0.13   10.28 ^ clkbuf_2_0__f_clk/X (sky130_fd_sc_hd__clkbuf_16)
    15    0.03                           clknet_2_0__leaf_clk (net)
                  0.05    0.00   10.28 ^ _721_/CLK (sky130_fd_sc_hd__dfrtp_1)
                         -0.25   10.03   clock uncertainty
                          0.00   10.03   clock reconvergence pessimism
                         -0.11    9.93   library setup time
                                  9.93   data required time
-----------------------------------------------------------------------------
                                  9.93   data required time
                                 -2.79   data arrival time
-----------------------------------------------------------------------------
                                  7.14   slack (MET)


Startpoint: start (input port clocked by clk)
Endpoint: _722_ (rising edge-triggered flip-flop clocked by clk)
Path Group: clk
Path Type: max

Fanout     Cap    Slew   Delay    Time   Description
-----------------------------------------------------------------------------
                          0.00    0.00   clock clk (rise edge)
                          0.00    0.00   clock network delay (propagated)
                          2.00    2.00 ^ input external delay
                  0.02    0.01    2.01 ^ start (in)
     1    0.00                           start (net)
                  0.02    0.00    2.01 ^ input18/A (sky130_fd_sc_hd__clkbuf_4)
                  0.09    0.17    2.17 ^ input18/X (sky130_fd_sc_hd__clkbuf_4)
     5    0.03                           net18 (net)
                  0.09    0.00    2.17 ^ _480_/B (sky130_fd_sc_hd__nor2_1)
                  0.05    0.07    2.25 v _480_/Y (sky130_fd_sc_hd__nor2_1)
     4    0.01                           _238_ (net)
                  0.05    0.00    2.25 v _523_/A (sky130_fd_sc_hd__clkbuf_4)
                  0.06    0.18    2.43 v _523_/X (sky130_fd_sc_hd__clkbuf_4)
    10    0.02                           _275_ (net)
                  0.06    0.00    2.43 v _577_/B1 (sky130_fd_sc_hd__a22o_1)
                  0.04    0.18    2.61 v _577_/X (sky130_fd_sc_hd__a22o_1)
     1    0.00                           _313_ (net)
                  0.04    0.00    2.61 v _578_/B1 (sky130_fd_sc_hd__a31o_1)
                  0.03    0.18    2.79 v _578_/X (sky130_fd_sc_hd__a31o_1)
     1    0.00                           _082_ (net)
                  0.03    0.00    2.79 v _722_/D (sky130_fd_sc_hd__dfrtp_1)
                                  2.79   data arrival time

                         10.00   10.00   clock clk (rise edge)
                          0.00   10.00   clock source latency
                  0.04    0.03   10.03 ^ clk (in)
     1    0.01                           clk (net)
                  0.04    0.00   10.03 ^ clkbuf_0_clk/A (sky130_fd_sc_hd__clkbuf_16)
                  0.05    0.13   10.15 ^ clkbuf_0_clk/X (sky130_fd_sc_hd__clkbuf_16)
     4    0.03                           clknet_0_clk (net)
                  0.05    0.00   10.15 ^ clkbuf_2_0__f_clk/A (sky130_fd_sc_hd__clkbuf_16)
                  0.05    0.13   10.28 ^ clkbuf_2_0__f_clk/X (sky130_fd_sc_hd__clkbuf_16)
    15    0.03                           clknet_2_0__leaf_clk (net)
                  0.05    0.00   10.28 ^ _722_/CLK (sky130_fd_sc_hd__dfrtp_1)
                         -0.25   10.03   clock uncertainty
                          0.00   10.03   clock reconvergence pessimism
                         -0.11    9.93   library setup time
                                  9.93   data required time
-----------------------------------------------------------------------------
                                  9.93   data required time
                                 -2.79   data arrival time
-----------------------------------------------------------------------------
                                  7.14   slack (MET)


Startpoint: _725_ (rising edge-triggered flip-flop clocked by clk)
Endpoint: _738_ (rising edge-triggered flip-flop clocked by clk)
Path Group: clk
Path Type: max

Fanout     Cap    Slew   Delay    Time   Description
-----------------------------------------------------------------------------
                          0.00    0.00   clock clk (rise edge)
                          0.00    0.00   clock source latency
                  0.04    0.03    0.03 ^ clk (in)
     1    0.01                           clk (net)
                  0.04    0.00    0.03 ^ clkbuf_0_clk/A (sky130_fd_sc_hd__clkbuf_16)
                  0.05    0.14    0.17 ^ clkbuf_0_clk/X (sky130_fd_sc_hd__clkbuf_16)
     4    0.03                           clknet_0_clk (net)
                  0.05    0.00    0.17 ^ clkbuf_2_0__f_clk/A (sky130_fd_sc_hd__clkbuf_16)
                  0.05    0.14    0.31 ^ clkbuf_2_0__f_clk/X (sky130_fd_sc_hd__clkbuf_16)
    15    0.03                           clknet_2_0__leaf_clk (net)
                  0.05    0.00    0.31 ^ _725_/CLK (sky130_fd_sc_hd__dfrtp_4)
                  0.08    0.52    0.83 v _725_/Q (sky130_fd_sc_hd__dfrtp_4)
     6    0.02                           u_core.M[0] (net)
                  0.08    0.00    0.83 v _354_/B (sky130_fd_sc_hd__nor2_2)
                  0.24    0.22    1.05 ^ _354_/Y (sky130_fd_sc_hd__nor2_2)
     3    0.02                           _115_ (net)
                  0.24    0.00    1.05 ^ _366_/A (sky130_fd_sc_hd__clkbuf_4)
                  0.10    0.25    1.31 ^ _366_/X (sky130_fd_sc_hd__clkbuf_4)
    10    0.03                           _127_ (net)
                  0.10    0.00    1.31 ^ _381_/A (sky130_fd_sc_hd__nand2_2)
                  0.09    0.10    1.40 v _381_/Y (sky130_fd_sc_hd__nand2_2)
     6    0.02                           _142_ (net)
                  0.09    0.00    1.40 v _383_/A2 (sky130_fd_sc_hd__o21ai_1)
                  0.17    0.19    1.59 ^ _383_/Y (sky130_fd_sc_hd__o21ai_1)
     2    0.01                           _144_ (net)
                  0.17    0.00    1.59 ^ _384_/B1 (sky130_fd_sc_hd__o21ai_1)
                  0.08    0.12    1.71 v _384_/Y (sky130_fd_sc_hd__o21ai_1)
     2    0.01                           _145_ (net)
                  0.08    0.00    1.71 v _436_/A (sky130_fd_sc_hd__nand2_1)
                  0.08    0.10    1.81 ^ _436_/Y (sky130_fd_sc_hd__nand2_1)
     3    0.01                           _197_ (net)
                  0.08    0.00    1.81 ^ _437_/D1 (sky130_fd_sc_hd__o2111a_1)
                  0.09    0.21    2.02 ^ _437_/X (sky130_fd_sc_hd__o2111a_1)
     2    0.01                           _198_ (net)
                  0.09    0.00    2.02 ^ _515_/C (sky130_fd_sc_hd__nand3_1)
                  0.10    0.12    2.14 v _515_/Y (sky130_fd_sc_hd__nand3_1)
     3    0.01                           _268_ (net)
                  0.10    0.00    2.14 v _524_/A1 (sky130_fd_sc_hd__a21oi_1)
                  0.08    0.13    2.27 ^ _524_/Y (sky130_fd_sc_hd__a21oi_1)
     1    0.00                           _276_ (net)
                  0.08    0.00    2.27 ^ _526_/A1_N (sky130_fd_sc_hd__a2bb2o_1)
                  0.06    0.31    2.57 v _526_/X (sky130_fd_sc_hd__a2bb2o_1)
     2    0.00                           _278_ (net)
                  0.06    0.00    2.57 v _527_/B1 (sky130_fd_sc_hd__a22o_1)
                  0.04    0.18    2.75 v _527_/X (sky130_fd_sc_hd__a22o_1)
     1    0.00                           _098_ (net)
                  0.04    0.00    2.75 v _738_/D (sky130_fd_sc_hd__dfrtp_2)
                                  2.75   data arrival time

                         10.00   10.00   clock clk (rise edge)
                          0.00   10.00   clock source latency
                  0.04    0.03   10.03 ^ clk (in)
     1    0.01                           clk (net)
                  0.04    0.00   10.03 ^ clkbuf_0_clk/A (sky130_fd_sc_hd__clkbuf_16)
                  0.05    0.13   10.15 ^ clkbuf_0_clk/X (sky130_fd_sc_hd__clkbuf_16)
     4    0.03                           clknet_0_clk (net)
                  0.05    0.00   10.15 ^ clkbuf_2_1__f_clk/A (sky130_fd_sc_hd__clkbuf_16)
                  0.05    0.13   10.28 ^ clkbuf_2_1__f_clk/X (sky130_fd_sc_hd__clkbuf_16)
    14    0.03                           clknet_2_1__leaf_clk (net)
                  0.05    0.00   10.28 ^ _738_/CLK (sky130_fd_sc_hd__dfrtp_2)
                         -0.25   10.03   clock uncertainty
                          0.02   10.05   clock reconvergence pessimism
                         -0.11    9.94   library setup time
                                  9.94   data required time
-----------------------------------------------------------------------------
                                  9.94   data required time
                                 -2.75   data arrival time
-----------------------------------------------------------------------------
                                  7.19   slack (MET)


Startpoint: _725_ (rising edge-triggered flip-flop clocked by clk)
Endpoint: _741_ (rising edge-triggered flip-flop clocked by clk)
Path Group: clk
Path Type: max

Fanout     Cap    Slew   Delay    Time   Description
-----------------------------------------------------------------------------
                          0.00    0.00   clock clk (rise edge)
                          0.00    0.00   clock source latency
                  0.04    0.03    0.03 ^ clk (in)
     1    0.01                           clk (net)
                  0.04    0.00    0.03 ^ clkbuf_0_clk/A (sky130_fd_sc_hd__clkbuf_16)
                  0.05    0.14    0.17 ^ clkbuf_0_clk/X (sky130_fd_sc_hd__clkbuf_16)
     4    0.03                           clknet_0_clk (net)
                  0.05    0.00    0.17 ^ clkbuf_2_0__f_clk/A (sky130_fd_sc_hd__clkbuf_16)
                  0.05    0.14    0.31 ^ clkbuf_2_0__f_clk/X (sky130_fd_sc_hd__clkbuf_16)
    15    0.03                           clknet_2_0__leaf_clk (net)
                  0.05    0.00    0.31 ^ _725_/CLK (sky130_fd_sc_hd__dfrtp_4)
                  0.08    0.52    0.83 v _725_/Q (sky130_fd_sc_hd__dfrtp_4)
     6    0.02                           u_core.M[0] (net)
                  0.08    0.00    0.83 v _354_/B (sky130_fd_sc_hd__nor2_2)
                  0.24    0.22    1.05 ^ _354_/Y (sky130_fd_sc_hd__nor2_2)
     3    0.02                           _115_ (net)
                  0.24    0.00    1.05 ^ _366_/A (sky130_fd_sc_hd__clkbuf_4)
                  0.10    0.25    1.31 ^ _366_/X (sky130_fd_sc_hd__clkbuf_4)
    10    0.03                           _127_ (net)
                  0.10    0.00    1.31 ^ _381_/A (sky130_fd_sc_hd__nand2_2)
                  0.09    0.10    1.40 v _381_/Y (sky130_fd_sc_hd__nand2_2)
     6    0.02                           _142_ (net)
                  0.09    0.00    1.40 v _383_/A2 (sky130_fd_sc_hd__o21ai_1)
                  0.17    0.19    1.59 ^ _383_/Y (sky130_fd_sc_hd__o21ai_1)
     2    0.01                           _144_ (net)
                  0.17    0.00    1.59 ^ _384_/B1 (sky130_fd_sc_hd__o21ai_1)
                  0.08    0.12    1.71 v _384_/Y (sky130_fd_sc_hd__o21ai_1)
     2    0.01                           _145_ (net)
                  0.08    0.00    1.71 v _436_/A (sky130_fd_sc_hd__nand2_1)
                  0.08    0.10    1.81 ^ _436_/Y (sky130_fd_sc_hd__nand2_1)
     3    0.01                           _197_ (net)
                  0.08    0.00    1.81 ^ _437_/D1 (sky130_fd_sc_hd__o2111a_1)
                  0.09    0.21    2.02 ^ _437_/X (sky130_fd_sc_hd__o2111a_1)
     2    0.01                           _198_ (net)
                  0.09    0.00    2.02 ^ _438_/D (sky130_fd_sc_hd__nand4_2)
                  0.11    0.14    2.16 v _438_/Y (sky130_fd_sc_hd__nand4_2)
     3    0.01                           _199_ (net)
                  0.11    0.00    2.16 v _482_/B (sky130_fd_sc_hd__nand2_2)
                  0.08    0.12    2.28 ^ _482_/Y (sky130_fd_sc_hd__nand2_2)
     5    0.01                           _240_ (net)
                  0.08    0.00    2.28 ^ _505_/A (sky130_fd_sc_hd__nand2_1)
                  0.06    0.07    2.35 v _505_/Y (sky130_fd_sc_hd__nand2_1)
     2    0.00                           _260_ (net)
                  0.06    0.00    2.35 v _507_/A2 (sky130_fd_sc_hd__a31o_1)
                  0.04    0.21    2.56 v _507_/X (sky130_fd_sc_hd__a31o_1)
     1    0.00                           _262_ (net)
                  0.04    0.00    2.56 v _508_/B2 (sky130_fd_sc_hd__o22ai_1)
                  0.12    0.10    2.66 ^ _508_/Y (sky130_fd_sc_hd__o22ai_1)
     1    0.00                           _263_ (net)
                  0.12    0.00    2.66 ^ _510_/B1 (sky130_fd_sc_hd__o2bb2ai_1)
                  0.04    0.08    2.74 v _510_/Y (sky130_fd_sc_hd__o2bb2ai_1)
     1    0.00                           _101_ (net)
                  0.04    0.00    2.74 v _741_/D (sky130_fd_sc_hd__dfrtp_4)
                                  2.74   data arrival time

                         10.00   10.00   clock clk (rise edge)
                          0.00   10.00   clock source latency
                  0.04    0.03   10.03 ^ clk (in)
     1    0.01                           clk (net)
                  0.04    0.00   10.03 ^ clkbuf_0_clk/A (sky130_fd_sc_hd__clkbuf_16)
                  0.05    0.13   10.15 ^ clkbuf_0_clk/X (sky130_fd_sc_hd__clkbuf_16)
     4    0.03                           clknet_0_clk (net)
                  0.05    0.00   10.15 ^ clkbuf_2_2__f_clk/A (sky130_fd_sc_hd__clkbuf_16)
                  0.05    0.13   10.28 ^ clkbuf_2_2__f_clk/X (sky130_fd_sc_hd__clkbuf_16)
    13    0.02                           clknet_2_2__leaf_clk (net)
                  0.05    0.00   10.28 ^ _741_/CLK (sky130_fd_sc_hd__dfrtp_4)
                         -0.25   10.03   clock uncertainty
                          0.02   10.05   clock reconvergence pessimism
                         -0.11    9.93   library setup time
                                  9.93   data required time
-----------------------------------------------------------------------------
                                  9.93   data required time
                                 -2.74   data arrival time
-----------------------------------------------------------------------------
                                  7.20   slack (MET)


Startpoint: start (input port clocked by clk)
Endpoint: _743_ (rising edge-triggered flip-flop clocked by clk)
Path Group: clk
Path Type: max

Fanout     Cap    Slew   Delay    Time   Description
-----------------------------------------------------------------------------
                          0.00    0.00   clock clk (rise edge)
                          0.00    0.00   clock network delay (propagated)
                          2.00    2.00 v input external delay
                  0.01    0.00    2.00 v start (in)
     1    0.00                           start (net)
                  0.01    0.00    2.00 v input18/A (sky130_fd_sc_hd__clkbuf_4)
                  0.06    0.16    2.16 v input18/X (sky130_fd_sc_hd__clkbuf_4)
     5    0.02                           net18 (net)
                  0.06    0.00    2.16 v _467_/A (sky130_fd_sc_hd__clkbuf_4)
                  0.06    0.18    2.34 v _467_/X (sky130_fd_sc_hd__clkbuf_4)
    10    0.02                           _227_ (net)
                  0.06    0.00    2.34 v _498_/B (sky130_fd_sc_hd__or3b_1)
                  0.06    0.36    2.69 v _498_/X (sky130_fd_sc_hd__or3b_1)
     1    0.00                           _255_ (net)
                  0.06    0.00    2.69 v _499_/B (sky130_fd_sc_hd__nand2_1)
                  0.04    0.07    2.76 ^ _499_/Y (sky130_fd_sc_hd__nand2_1)
     1    0.00                           _103_ (net)
                  0.04    0.00    2.76 ^ _743_/D (sky130_fd_sc_hd__dfrtp_2)
                                  2.76   data arrival time

                         10.00   10.00   clock clk (rise edge)
                          0.00   10.00   clock source latency
                  0.04    0.03   10.03 ^ clk (in)
     1    0.01                           clk (net)
                  0.04    0.00   10.03 ^ clkbuf_0_clk/A (sky130_fd_sc_hd__clkbuf_16)
                  0.05    0.13   10.15 ^ clkbuf_0_clk/X (sky130_fd_sc_hd__clkbuf_16)
     4    0.03                           clknet_0_clk (net)
                  0.05    0.00   10.15 ^ clkbuf_2_2__f_clk/A (sky130_fd_sc_hd__clkbuf_16)
                  0.05    0.13   10.28 ^ clkbuf_2_2__f_clk/X (sky130_fd_sc_hd__clkbuf_16)
    13    0.02                           clknet_2_2__leaf_clk (net)
                  0.05    0.00   10.28 ^ _743_/CLK (sky130_fd_sc_hd__dfrtp_2)
                         -0.25   10.03   clock uncertainty
                          0.00   10.03   clock reconvergence pessimism
                         -0.06    9.97   library setup time
                                  9.97   data required time
-----------------------------------------------------------------------------
                                  9.97   data required time
                                 -2.76   data arrival time
-----------------------------------------------------------------------------
                                  7.21   slack (MET)


Startpoint: _725_ (rising edge-triggered flip-flop clocked by clk)
Endpoint: _712_ (rising edge-triggered flip-flop clocked by clk)
Path Group: clk
Path Type: max

Fanout     Cap    Slew   Delay    Time   Description
-----------------------------------------------------------------------------
                          0.00    0.00   clock clk (rise edge)
                          0.00    0.00   clock source latency
                  0.04    0.03    0.03 ^ clk (in)
     1    0.01                           clk (net)
                  0.04    0.00    0.03 ^ clkbuf_0_clk/A (sky130_fd_sc_hd__clkbuf_16)
                  0.05    0.14    0.17 ^ clkbuf_0_clk/X (sky130_fd_sc_hd__clkbuf_16)
     4    0.03                           clknet_0_clk (net)
                  0.05    0.00    0.17 ^ clkbuf_2_0__f_clk/A (sky130_fd_sc_hd__clkbuf_16)
                  0.05    0.14    0.31 ^ clkbuf_2_0__f_clk/X (sky130_fd_sc_hd__clkbuf_16)
    15    0.03                           clknet_2_0__leaf_clk (net)
                  0.05    0.00    0.31 ^ _725_/CLK (sky130_fd_sc_hd__dfrtp_4)
                  0.08    0.52    0.83 v _725_/Q (sky130_fd_sc_hd__dfrtp_4)
     6    0.02                           u_core.M[0] (net)
                  0.08    0.00    0.83 v _354_/B (sky130_fd_sc_hd__nor2_2)
                  0.24    0.22    1.05 ^ _354_/Y (sky130_fd_sc_hd__nor2_2)
     3    0.02                           _115_ (net)
                  0.24    0.00    1.05 ^ _366_/A (sky130_fd_sc_hd__clkbuf_4)
                  0.10    0.25    1.31 ^ _366_/X (sky130_fd_sc_hd__clkbuf_4)
    10    0.03                           _127_ (net)
                  0.10    0.00    1.31 ^ _381_/A (sky130_fd_sc_hd__nand2_2)
                  0.09    0.10    1.40 v _381_/Y (sky130_fd_sc_hd__nand2_2)
     6    0.02                           _142_ (net)
                  0.09    0.00    1.40 v _431_/A1 (sky130_fd_sc_hd__a31o_1)
                  0.06    0.23    1.63 v _431_/X (sky130_fd_sc_hd__a31o_1)
     3    0.01                           _192_ (net)
                  0.06    0.00    1.63 v _533_/A2 (sky130_fd_sc_hd__o22a_1)
                  0.04    0.20    1.83 v _533_/X (sky130_fd_sc_hd__o22a_1)
     1    0.00                           _283_ (net)
                  0.04    0.00    1.83 v _534_/B1 (sky130_fd_sc_hd__a21o_1)
                  0.03    0.14    1.98 v _534_/X (sky130_fd_sc_hd__a21o_1)
     1    0.00                           _284_ (net)
                  0.03    0.00    1.98 v _535_/C (sky130_fd_sc_hd__and3_1)
                  0.03    0.17    2.15 v _535_/X (sky130_fd_sc_hd__and3_1)
     1    0.00                           _285_ (net)
                  0.03    0.00    2.15 v _536_/B1 (sky130_fd_sc_hd__a31o_1)
                  0.04    0.19    2.34 v _536_/X (sky130_fd_sc_hd__a31o_1)
     2    0.00                           _286_ (net)
                  0.04    0.00    2.34 v _599_/A0 (sky130_fd_sc_hd__mux2_1)
                  0.05    0.28    2.62 v _599_/X (sky130_fd_sc_hd__mux2_1)
     1    0.00                           _325_ (net)
                  0.05    0.00    2.62 v _600_/A (sky130_fd_sc_hd__clkbuf_1)
                  0.02    0.09    2.71 v _600_/X (sky130_fd_sc_hd__clkbuf_1)
     1    0.00                           _072_ (net)
                  0.02    0.00    2.71 v _712_/D (sky130_fd_sc_hd__dfrtp_1)
                                  2.71   data arrival time

                         10.00   10.00   clock clk (rise edge)
                          0.00   10.00   clock source latency
                  0.04    0.03   10.03 ^ clk (in)
     1    0.01                           clk (net)
                  0.04    0.00   10.03 ^ clkbuf_0_clk/A (sky130_fd_sc_hd__clkbuf_16)
                  0.05    0.13   10.15 ^ clkbuf_0_clk/X (sky130_fd_sc_hd__clkbuf_16)
     4    0.03                           clknet_0_clk (net)
                  0.05    0.00   10.15 ^ clkbuf_2_1__f_clk/A (sky130_fd_sc_hd__clkbuf_16)
                  0.05    0.13   10.28 ^ clkbuf_2_1__f_clk/X (sky130_fd_sc_hd__clkbuf_16)
    14    0.03                           clknet_2_1__leaf_clk (net)
                  0.05    0.00   10.28 ^ _712_/CLK (sky130_fd_sc_hd__dfrtp_1)
                         -0.25   10.03   clock uncertainty
                          0.02   10.05   clock reconvergence pessimism
                         -0.10    9.94   library setup time
                                  9.94   data required time
-----------------------------------------------------------------------------
                                  9.94   data required time
                                 -2.71   data arrival time
-----------------------------------------------------------------------------
                                  7.24   slack (MET)


Startpoint: start (input port clocked by clk)
Endpoint: _732_ (rising edge-triggered flip-flop clocked by clk)
Path Group: clk
Path Type: max

Fanout     Cap    Slew   Delay    Time   Description
-----------------------------------------------------------------------------
                          0.00    0.00   clock clk (rise edge)
                          0.00    0.00   clock network delay (propagated)
                          2.00    2.00 v input external delay
                  0.01    0.00    2.00 v start (in)
     1    0.00                           start (net)
                  0.01    0.00    2.00 v input18/A (sky130_fd_sc_hd__clkbuf_4)
                  0.06    0.16    2.16 v input18/X (sky130_fd_sc_hd__clkbuf_4)
     5    0.02                           net18 (net)
                  0.06    0.00    2.16 v _554_/B (sky130_fd_sc_hd__nand2_8)
                  0.08    0.10    2.26 ^ _554_/Y (sky130_fd_sc_hd__nand2_8)
    10    0.03                           _300_ (net)
                  0.08    0.00    2.26 ^ _555_/S (sky130_fd_sc_hd__mux2_1)
                  0.05    0.33    2.59 v _555_/X (sky130_fd_sc_hd__mux2_1)
     1    0.00                           _301_ (net)
                  0.05    0.00    2.59 v _556_/A (sky130_fd_sc_hd__clkbuf_1)
                  0.02    0.09    2.68 v _556_/X (sky130_fd_sc_hd__clkbuf_1)
     1    0.00                           _092_ (net)
                  0.02    0.00    2.68 v _732_/D (sky130_fd_sc_hd__dfrtp_4)
                                  2.68   data arrival time

                         10.00   10.00   clock clk (rise edge)
                          0.00   10.00   clock source latency
                  0.04    0.03   10.03 ^ clk (in)
     1    0.01                           clk (net)
                  0.04    0.00   10.03 ^ clkbuf_0_clk/A (sky130_fd_sc_hd__clkbuf_16)
                  0.05    0.13   10.15 ^ clkbuf_0_clk/X (sky130_fd_sc_hd__clkbuf_16)
     4    0.03                           clknet_0_clk (net)
                  0.05    0.00   10.15 ^ clkbuf_2_3__f_clk/A (sky130_fd_sc_hd__clkbuf_16)
                  0.05    0.12   10.28 ^ clkbuf_2_3__f_clk/X (sky130_fd_sc_hd__clkbuf_16)
    12    0.02                           clknet_2_3__leaf_clk (net)
                  0.05    0.00   10.28 ^ _732_/CLK (sky130_fd_sc_hd__dfrtp_4)
                         -0.25   10.03   clock uncertainty
                          0.00   10.03   clock reconvergence pessimism
                         -0.10    9.92   library setup time
                                  9.92   data required time
-----------------------------------------------------------------------------
                                  9.92   data required time
                                 -2.68   data arrival time
-----------------------------------------------------------------------------
                                  7.24   slack (MET)


Startpoint: start (input port clocked by clk)
Endpoint: _728_ (rising edge-triggered flip-flop clocked by clk)
Path Group: clk
Path Type: max

Fanout     Cap    Slew   Delay    Time   Description
-----------------------------------------------------------------------------
                          0.00    0.00   clock clk (rise edge)
                          0.00    0.00   clock network delay (propagated)
                          2.00    2.00 v input external delay
                  0.01    0.00    2.00 v start (in)
     1    0.00                           start (net)
                  0.01    0.00    2.00 v input18/A (sky130_fd_sc_hd__clkbuf_4)
                  0.06    0.16    2.16 v input18/X (sky130_fd_sc_hd__clkbuf_4)
     5    0.02                           net18 (net)
                  0.06    0.00    2.16 v _554_/B (sky130_fd_sc_hd__nand2_8)
                  0.08    0.10    2.26 ^ _554_/Y (sky130_fd_sc_hd__nand2_8)
    10    0.03                           _300_ (net)
                  0.08    0.00    2.26 ^ _563_/S (sky130_fd_sc_hd__mux2_1)
                  0.05    0.33    2.59 v _563_/X (sky130_fd_sc_hd__mux2_1)
     1    0.00                           _305_ (net)
                  0.05    0.00    2.59 v _564_/A (sky130_fd_sc_hd__clkbuf_1)
                  0.02    0.09    2.68 v _564_/X (sky130_fd_sc_hd__clkbuf_1)
     1    0.00                           _088_ (net)
                  0.02    0.00    2.68 v _728_/D (sky130_fd_sc_hd__dfrtp_4)
                                  2.68   data arrival time

                         10.00   10.00   clock clk (rise edge)
                          0.00   10.00   clock source latency
                  0.04    0.03   10.03 ^ clk (in)
     1    0.01                           clk (net)
                  0.04    0.00   10.03 ^ clkbuf_0_clk/A (sky130_fd_sc_hd__clkbuf_16)
                  0.05    0.13   10.15 ^ clkbuf_0_clk/X (sky130_fd_sc_hd__clkbuf_16)
     4    0.03                           clknet_0_clk (net)
                  0.05    0.00   10.15 ^ clkbuf_2_3__f_clk/A (sky130_fd_sc_hd__clkbuf_16)
                  0.05    0.12   10.28 ^ clkbuf_2_3__f_clk/X (sky130_fd_sc_hd__clkbuf_16)
    12    0.02                           clknet_2_3__leaf_clk (net)
                  0.05    0.00   10.28 ^ _728_/CLK (sky130_fd_sc_hd__dfrtp_4)
                         -0.25   10.03   clock uncertainty
                          0.00   10.03   clock reconvergence pessimism
                         -0.10    9.92   library setup time
                                  9.92   data required time
-----------------------------------------------------------------------------
                                  9.92   data required time
                                 -2.68   data arrival time
-----------------------------------------------------------------------------
                                  7.24   slack (MET)


Startpoint: start (input port clocked by clk)
Endpoint: _731_ (rising edge-triggered flip-flop clocked by clk)
Path Group: clk
Path Type: max

Fanout     Cap    Slew   Delay    Time   Description
-----------------------------------------------------------------------------
                          0.00    0.00   clock clk (rise edge)
                          0.00    0.00   clock network delay (propagated)
                          2.00    2.00 v input external delay
                  0.01    0.00    2.00 v start (in)
     1    0.00                           start (net)
                  0.01    0.00    2.00 v input18/A (sky130_fd_sc_hd__clkbuf_4)
                  0.06    0.16    2.16 v input18/X (sky130_fd_sc_hd__clkbuf_4)
     5    0.02                           net18 (net)
                  0.06    0.00    2.16 v _554_/B (sky130_fd_sc_hd__nand2_8)
                  0.08    0.10    2.26 ^ _554_/Y (sky130_fd_sc_hd__nand2_8)
    10    0.03                           _300_ (net)
                  0.08    0.00    2.26 ^ _557_/S (sky130_fd_sc_hd__mux2_1)
                  0.05    0.33    2.59 v _557_/X (sky130_fd_sc_hd__mux2_1)
     1    0.00                           _302_ (net)
                  0.05    0.00    2.59 v _558_/A (sky130_fd_sc_hd__clkbuf_1)
                  0.02    0.09    2.68 v _558_/X (sky130_fd_sc_hd__clkbuf_1)
     1    0.00                           _091_ (net)
                  0.02    0.00    2.68 v _731_/D (sky130_fd_sc_hd__dfrtp_4)
                                  2.68   data arrival time

                         10.00   10.00   clock clk (rise edge)
                          0.00   10.00   clock source latency
                  0.04    0.03   10.03 ^ clk (in)
     1    0.01                           clk (net)
                  0.04    0.00   10.03 ^ clkbuf_0_clk/A (sky130_fd_sc_hd__clkbuf_16)
                  0.05    0.13   10.15 ^ clkbuf_0_clk/X (sky130_fd_sc_hd__clkbuf_16)
     4    0.03                           clknet_0_clk (net)
                  0.05    0.00   10.15 ^ clkbuf_2_1__f_clk/A (sky130_fd_sc_hd__clkbuf_16)
                  0.05    0.13   10.28 ^ clkbuf_2_1__f_clk/X (sky130_fd_sc_hd__clkbuf_16)
    14    0.03                           clknet_2_1__leaf_clk (net)
                  0.05    0.00   10.28 ^ _731_/CLK (sky130_fd_sc_hd__dfrtp_4)
                         -0.25   10.03   clock uncertainty
                          0.00   10.03   clock reconvergence pessimism
                         -0.10    9.93   library setup time
                                  9.93   data required time
-----------------------------------------------------------------------------
                                  9.93   data required time
                                 -2.68   data arrival time
-----------------------------------------------------------------------------
                                  7.25   slack (MET)


Startpoint: start (input port clocked by clk)
Endpoint: _726_ (rising edge-triggered flip-flop clocked by clk)
Path Group: clk
Path Type: max

Fanout     Cap    Slew   Delay    Time   Description
-----------------------------------------------------------------------------
                          0.00    0.00   clock clk (rise edge)
                          0.00    0.00   clock network delay (propagated)
                          2.00    2.00 v input external delay
                  0.01    0.00    2.00 v start (in)
     1    0.00                           start (net)
                  0.01    0.00    2.00 v input18/A (sky130_fd_sc_hd__clkbuf_4)
                  0.06    0.16    2.16 v input18/X (sky130_fd_sc_hd__clkbuf_4)
     5    0.02                           net18 (net)
                  0.06    0.00    2.16 v _554_/B (sky130_fd_sc_hd__nand2_8)
                  0.08    0.10    2.26 ^ _554_/Y (sky130_fd_sc_hd__nand2_8)
    10    0.03                           _300_ (net)
                  0.08    0.00    2.26 ^ _567_/S (sky130_fd_sc_hd__mux2_1)
                  0.05    0.33    2.59 v _567_/X (sky130_fd_sc_hd__mux2_1)
     1    0.00                           _307_ (net)
                  0.05    0.00    2.59 v _568_/A (sky130_fd_sc_hd__clkbuf_1)
                  0.02    0.09    2.68 v _568_/X (sky130_fd_sc_hd__clkbuf_1)
     1    0.00                           _086_ (net)
                  0.02    0.00    2.68 v _726_/D (sky130_fd_sc_hd__dfrtp_2)
                                  2.68   data arrival time

                         10.00   10.00   clock clk (rise edge)
                          0.00   10.00   clock source latency
                  0.04    0.03   10.03 ^ clk (in)
     1    0.01                           clk (net)
                  0.04    0.00   10.03 ^ clkbuf_0_clk/A (sky130_fd_sc_hd__clkbuf_16)
                  0.05    0.13   10.15 ^ clkbuf_0_clk/X (sky130_fd_sc_hd__clkbuf_16)
     4    0.03                           clknet_0_clk (net)
                  0.05    0.00   10.15 ^ clkbuf_2_0__f_clk/A (sky130_fd_sc_hd__clkbuf_16)
                  0.05    0.13   10.28 ^ clkbuf_2_0__f_clk/X (sky130_fd_sc_hd__clkbuf_16)
    15    0.03                           clknet_2_0__leaf_clk (net)
                  0.05    0.00   10.28 ^ _726_/CLK (sky130_fd_sc_hd__dfrtp_2)
                         -0.25   10.03   clock uncertainty
                          0.00   10.03   clock reconvergence pessimism
                         -0.10    9.93   library setup time
                                  9.93   data required time
-----------------------------------------------------------------------------
                                  9.93   data required time
                                 -2.68   data arrival time
-----------------------------------------------------------------------------
                                  7.25   slack (MET)


Startpoint: start (input port clocked by clk)
Endpoint: _729_ (rising edge-triggered flip-flop clocked by clk)
Path Group: clk
Path Type: max

Fanout     Cap    Slew   Delay    Time   Description
-----------------------------------------------------------------------------
                          0.00    0.00   clock clk (rise edge)
                          0.00    0.00   clock network delay (propagated)
                          2.00    2.00 v input external delay
                  0.01    0.00    2.00 v start (in)
     1    0.00                           start (net)
                  0.01    0.00    2.00 v input18/A (sky130_fd_sc_hd__clkbuf_4)
                  0.06    0.16    2.16 v input18/X (sky130_fd_sc_hd__clkbuf_4)
     5    0.02                           net18 (net)
                  0.06    0.00    2.16 v _554_/B (sky130_fd_sc_hd__nand2_8)
                  0.08    0.10    2.26 ^ _554_/Y (sky130_fd_sc_hd__nand2_8)
    10    0.03                           _300_ (net)
                  0.08    0.00    2.26 ^ _561_/S (sky130_fd_sc_hd__mux2_1)
                  0.05    0.33    2.59 v _561_/X (sky130_fd_sc_hd__mux2_1)
     1    0.00                           _304_ (net)
                  0.05    0.00    2.59 v _562_/A (sky130_fd_sc_hd__clkbuf_1)
                  0.02    0.09    2.68 v _562_/X (sky130_fd_sc_hd__clkbuf_1)
     1    0.00                           _089_ (net)
                  0.02    0.00    2.68 v _729_/D (sky130_fd_sc_hd__dfrtp_4)
                                  2.68   data arrival time

                         10.00   10.00   clock clk (rise edge)
                          0.00   10.00   clock source latency
                  0.04    0.03   10.03 ^ clk (in)
     1    0.01                           clk (net)
                  0.04    0.00   10.03 ^ clkbuf_0_clk/A (sky130_fd_sc_hd__clkbuf_16)
                  0.05    0.13   10.15 ^ clkbuf_0_clk/X (sky130_fd_sc_hd__clkbuf_16)
     4    0.03                           clknet_0_clk (net)
                  0.05    0.00   10.15 ^ clkbuf_2_0__f_clk/A (sky130_fd_sc_hd__clkbuf_16)
                  0.05    0.13   10.28 ^ clkbuf_2_0__f_clk/X (sky130_fd_sc_hd__clkbuf_16)
    15    0.03                           clknet_2_0__leaf_clk (net)
                  0.05    0.00   10.28 ^ _729_/CLK (sky130_fd_sc_hd__dfrtp_4)
                         -0.25   10.03   clock uncertainty
                          0.00   10.03   clock reconvergence pessimism
                         -0.10    9.93   library setup time
                                  9.93   data required time
-----------------------------------------------------------------------------
                                  9.93   data required time
                                 -2.68   data arrival time
-----------------------------------------------------------------------------
                                  7.25   slack (MET)


Startpoint: start (input port clocked by clk)
Endpoint: _727_ (rising edge-triggered flip-flop clocked by clk)
Path Group: clk
Path Type: max

Fanout     Cap    Slew   Delay    Time   Description
-----------------------------------------------------------------------------
                          0.00    0.00   clock clk (rise edge)
                          0.00    0.00   clock network delay (propagated)
                          2.00    2.00 v input external delay
                  0.01    0.00    2.00 v start (in)
     1    0.00                           start (net)
                  0.01    0.00    2.00 v input18/A (sky130_fd_sc_hd__clkbuf_4)
                  0.06    0.16    2.16 v input18/X (sky130_fd_sc_hd__clkbuf_4)
     5    0.02                           net18 (net)
                  0.06    0.00    2.16 v _554_/B (sky130_fd_sc_hd__nand2_8)
                  0.08    0.10    2.26 ^ _554_/Y (sky130_fd_sc_hd__nand2_8)
    10    0.03                           _300_ (net)
                  0.08    0.00    2.26 ^ _565_/S (sky130_fd_sc_hd__mux2_1)
                  0.05    0.33    2.59 v _565_/X (sky130_fd_sc_hd__mux2_1)
     1    0.00                           _306_ (net)
                  0.05    0.00    2.59 v _566_/A (sky130_fd_sc_hd__clkbuf_1)
                  0.02    0.09    2.68 v _566_/X (sky130_fd_sc_hd__clkbuf_1)
     1    0.00                           _087_ (net)
                  0.02    0.00    2.68 v _727_/D (sky130_fd_sc_hd__dfrtp_4)
                                  2.68   data arrival time

                         10.00   10.00   clock clk (rise edge)
                          0.00   10.00   clock source latency
                  0.04    0.03   10.03 ^ clk (in)
     1    0.01                           clk (net)
                  0.04    0.00   10.03 ^ clkbuf_0_clk/A (sky130_fd_sc_hd__clkbuf_16)
                  0.05    0.13   10.15 ^ clkbuf_0_clk/X (sky130_fd_sc_hd__clkbuf_16)
     4    0.03                           clknet_0_clk (net)
                  0.05    0.00   10.15 ^ clkbuf_2_0__f_clk/A (sky130_fd_sc_hd__clkbuf_16)
                  0.05    0.13   10.28 ^ clkbuf_2_0__f_clk/X (sky130_fd_sc_hd__clkbuf_16)
    15    0.03                           clknet_2_0__leaf_clk (net)
                  0.05    0.00   10.28 ^ _727_/CLK (sky130_fd_sc_hd__dfrtp_4)
                         -0.25   10.03   clock uncertainty
                          0.00   10.03   clock reconvergence pessimism
                         -0.10    9.93   library setup time
                                  9.93   data required time
-----------------------------------------------------------------------------
                                  9.93   data required time
                                 -2.68   data arrival time
-----------------------------------------------------------------------------
                                  7.25   slack (MET)


Startpoint: start (input port clocked by clk)
Endpoint: _725_ (rising edge-triggered flip-flop clocked by clk)
Path Group: clk
Path Type: max

Fanout     Cap    Slew   Delay    Time   Description
-----------------------------------------------------------------------------
                          0.00    0.00   clock clk (rise edge)
                          0.00    0.00   clock network delay (propagated)
                          2.00    2.00 v input external delay
                  0.01    0.00    2.00 v start (in)
     1    0.00                           start (net)
                  0.01    0.00    2.00 v input18/A (sky130_fd_sc_hd__clkbuf_4)
                  0.06    0.16    2.16 v input18/X (sky130_fd_sc_hd__clkbuf_4)
     5    0.02                           net18 (net)
                  0.06    0.00    2.16 v _554_/B (sky130_fd_sc_hd__nand2_8)
                  0.08    0.10    2.26 ^ _554_/Y (sky130_fd_sc_hd__nand2_8)
    10    0.03                           _300_ (net)
                  0.08    0.00    2.26 ^ _569_/S (sky130_fd_sc_hd__mux2_1)
                  0.05    0.33    2.59 v _569_/X (sky130_fd_sc_hd__mux2_1)
     1    0.00                           _308_ (net)
                  0.05    0.00    2.59 v _570_/A (sky130_fd_sc_hd__clkbuf_1)
                  0.02    0.09    2.68 v _570_/X (sky130_fd_sc_hd__clkbuf_1)
     1    0.00                           _085_ (net)
                  0.02    0.00    2.68 v _725_/D (sky130_fd_sc_hd__dfrtp_4)
                                  2.68   data arrival time

                         10.00   10.00   clock clk (rise edge)
                          0.00   10.00   clock source latency
                  0.04    0.03   10.03 ^ clk (in)
     1    0.01                           clk (net)
                  0.04    0.00   10.03 ^ clkbuf_0_clk/A (sky130_fd_sc_hd__clkbuf_16)
                  0.05    0.13   10.15 ^ clkbuf_0_clk/X (sky130_fd_sc_hd__clkbuf_16)
     4    0.03                           clknet_0_clk (net)
                  0.05    0.00   10.15 ^ clkbuf_2_0__f_clk/A (sky130_fd_sc_hd__clkbuf_16)
                  0.05    0.13   10.28 ^ clkbuf_2_0__f_clk/X (sky130_fd_sc_hd__clkbuf_16)
    15    0.03                           clknet_2_0__leaf_clk (net)
                  0.05    0.00   10.28 ^ _725_/CLK (sky130_fd_sc_hd__dfrtp_4)
                         -0.25   10.03   clock uncertainty
                          0.00   10.03   clock reconvergence pessimism
                         -0.10    9.93   library setup time
                                  9.93   data required time
-----------------------------------------------------------------------------
                                  9.93   data required time
                                 -2.68   data arrival time
-----------------------------------------------------------------------------
                                  7.25   slack (MET)


Startpoint: start (input port clocked by clk)
Endpoint: _730_ (rising edge-triggered flip-flop clocked by clk)
Path Group: clk
Path Type: max

Fanout     Cap    Slew   Delay    Time   Description
-----------------------------------------------------------------------------
                          0.00    0.00   clock clk (rise edge)
                          0.00    0.00   clock network delay (propagated)
                          2.00    2.00 v input external delay
                  0.01    0.00    2.00 v start (in)
     1    0.00                           start (net)
                  0.01    0.00    2.00 v input18/A (sky130_fd_sc_hd__clkbuf_4)
                  0.06    0.16    2.16 v input18/X (sky130_fd_sc_hd__clkbuf_4)
     5    0.02                           net18 (net)
                  0.06    0.00    2.16 v _554_/B (sky130_fd_sc_hd__nand2_8)
                  0.08    0.10    2.26 ^ _554_/Y (sky130_fd_sc_hd__nand2_8)
    10    0.03                           _300_ (net)
                  0.08    0.00    2.26 ^ _559_/S (sky130_fd_sc_hd__mux2_1)
                  0.05    0.33    2.59 v _559_/X (sky130_fd_sc_hd__mux2_1)
     1    0.00                           _303_ (net)
                  0.05    0.00    2.59 v _560_/A (sky130_fd_sc_hd__clkbuf_1)
                  0.02    0.09    2.68 v _560_/X (sky130_fd_sc_hd__clkbuf_1)
     1    0.00                           _090_ (net)
                  0.02    0.00    2.68 v _730_/D (sky130_fd_sc_hd__dfrtp_4)
                                  2.68   data arrival time

                         10.00   10.00   clock clk (rise edge)
                          0.00   10.00   clock source latency
                  0.04    0.03   10.03 ^ clk (in)
     1    0.01                           clk (net)
                  0.04    0.00   10.03 ^ clkbuf_0_clk/A (sky130_fd_sc_hd__clkbuf_16)
                  0.05    0.13   10.15 ^ clkbuf_0_clk/X (sky130_fd_sc_hd__clkbuf_16)
     4    0.03                           clknet_0_clk (net)
                  0.05    0.00   10.15 ^ clkbuf_2_0__f_clk/A (sky130_fd_sc_hd__clkbuf_16)
                  0.05    0.13   10.28 ^ clkbuf_2_0__f_clk/X (sky130_fd_sc_hd__clkbuf_16)
    15    0.03                           clknet_2_0__leaf_clk (net)
                  0.05    0.00   10.28 ^ _730_/CLK (sky130_fd_sc_hd__dfrtp_4)
                         -0.25   10.03   clock uncertainty
                          0.00   10.03   clock reconvergence pessimism
                         -0.10    9.93   library setup time
                                  9.93   data required time
-----------------------------------------------------------------------------
                                  9.93   data required time
                                 -2.68   data arrival time
-----------------------------------------------------------------------------
                                  7.25   slack (MET)


Startpoint: start (input port clocked by clk)
Endpoint: _736_ (rising edge-triggered flip-flop clocked by clk)
Path Group: clk
Path Type: max

Fanout     Cap    Slew   Delay    Time   Description
-----------------------------------------------------------------------------
                          0.00    0.00   clock clk (rise edge)
                          0.00    0.00   clock network delay (propagated)
                          2.00    2.00 v input external delay
                  0.01    0.00    2.00 v start (in)
     1    0.00                           start (net)
                  0.01    0.00    2.00 v input18/A (sky130_fd_sc_hd__clkbuf_4)
                  0.06    0.16    2.16 v input18/X (sky130_fd_sc_hd__clkbuf_4)
     5    0.02                           net18 (net)
                  0.06    0.00    2.16 v _480_/B (sky130_fd_sc_hd__nor2_1)
                  0.19    0.18    2.34 ^ _480_/Y (sky130_fd_sc_hd__nor2_1)
     4    0.01                           _238_ (net)
                  0.19    0.00    2.34 ^ _523_/A (sky130_fd_sc_hd__clkbuf_4)
                  0.09    0.23    2.57 ^ _523_/X (sky130_fd_sc_hd__clkbuf_4)
    10    0.03                           _275_ (net)
                  0.09    0.00    2.57 ^ _537_/A2 (sky130_fd_sc_hd__a22o_1)
                  0.04    0.14    2.71 ^ _537_/X (sky130_fd_sc_hd__a22o_1)
     1    0.00                           _096_ (net)
                  0.04    0.00    2.71 ^ _736_/D (sky130_fd_sc_hd__dfrtp_2)
                                  2.71   data arrival time

                         10.00   10.00   clock clk (rise edge)
                          0.00   10.00   clock source latency
                  0.04    0.03   10.03 ^ clk (in)
     1    0.01                           clk (net)
                  0.04    0.00   10.03 ^ clkbuf_0_clk/A (sky130_fd_sc_hd__clkbuf_16)
                  0.05    0.13   10.15 ^ clkbuf_0_clk/X (sky130_fd_sc_hd__clkbuf_16)
     4    0.03                           clknet_0_clk (net)
                  0.05    0.00   10.15 ^ clkbuf_2_1__f_clk/A (sky130_fd_sc_hd__clkbuf_16)
                  0.05    0.13   10.28 ^ clkbuf_2_1__f_clk/X (sky130_fd_sc_hd__clkbuf_16)
    14    0.03                           clknet_2_1__leaf_clk (net)
                  0.05    0.00   10.28 ^ _736_/CLK (sky130_fd_sc_hd__dfrtp_2)
                         -0.25   10.03   clock uncertainty
                          0.00   10.03   clock reconvergence pessimism
                         -0.06    9.97   library setup time
                                  9.97   data required time
-----------------------------------------------------------------------------
                                  9.97   data required time
                                 -2.71   data arrival time
-----------------------------------------------------------------------------
                                  7.26   slack (MET)


Startpoint: start (input port clocked by clk)
Endpoint: _733_ (rising edge-triggered flip-flop clocked by clk)
Path Group: clk
Path Type: max

Fanout     Cap    Slew   Delay    Time   Description
-----------------------------------------------------------------------------
                          0.00    0.00   clock clk (rise edge)
                          0.00    0.00   clock network delay (propagated)
                          2.00    2.00 ^ input external delay
                  0.02    0.01    2.01 ^ start (in)
     1    0.00                           start (net)
                  0.02    0.00    2.01 ^ input18/A (sky130_fd_sc_hd__clkbuf_4)
                  0.09    0.17    2.17 ^ input18/X (sky130_fd_sc_hd__clkbuf_4)
     5    0.03                           net18 (net)
                  0.09    0.00    2.17 ^ _480_/B (sky130_fd_sc_hd__nor2_1)
                  0.05    0.07    2.25 v _480_/Y (sky130_fd_sc_hd__nor2_1)
     4    0.01                           _238_ (net)
                  0.05    0.00    2.25 v _523_/A (sky130_fd_sc_hd__clkbuf_4)
                  0.06    0.18    2.43 v _523_/X (sky130_fd_sc_hd__clkbuf_4)
    10    0.02                           _275_ (net)
                  0.06    0.00    2.43 v _553_/A2 (sky130_fd_sc_hd__a22o_1)
                  0.04    0.23    2.66 v _553_/X (sky130_fd_sc_hd__a22o_1)
     1    0.00                           _093_ (net)
                  0.04    0.00    2.66 v _733_/D (sky130_fd_sc_hd__dfrtp_1)
                                  2.66   data arrival time

                         10.00   10.00   clock clk (rise edge)
                          0.00   10.00   clock source latency
                  0.04    0.03   10.03 ^ clk (in)
     1    0.01                           clk (net)
                  0.04    0.00   10.03 ^ clkbuf_0_clk/A (sky130_fd_sc_hd__clkbuf_16)
                  0.05    0.13   10.15 ^ clkbuf_0_clk/X (sky130_fd_sc_hd__clkbuf_16)
     4    0.03                           clknet_0_clk (net)
                  0.05    0.00   10.15 ^ clkbuf_2_0__f_clk/A (sky130_fd_sc_hd__clkbuf_16)
                  0.05    0.13   10.28 ^ clkbuf_2_0__f_clk/X (sky130_fd_sc_hd__clkbuf_16)
    15    0.03                           clknet_2_0__leaf_clk (net)
                  0.05    0.00   10.28 ^ _733_/CLK (sky130_fd_sc_hd__dfrtp_1)
                         -0.25   10.03   clock uncertainty
                          0.00   10.03   clock reconvergence pessimism
                         -0.11    9.92   library setup time
                                  9.92   data required time
-----------------------------------------------------------------------------
                                  9.92   data required time
                                 -2.66   data arrival time
-----------------------------------------------------------------------------
                                  7.27   slack (MET)


Startpoint: start (input port clocked by clk)
Endpoint: _734_ (rising edge-triggered flip-flop clocked by clk)
Path Group: clk
Path Type: max

Fanout     Cap    Slew   Delay    Time   Description
-----------------------------------------------------------------------------
                          0.00    0.00   clock clk (rise edge)
                          0.00    0.00   clock network delay (propagated)
                          2.00    2.00 ^ input external delay
                  0.02    0.01    2.01 ^ start (in)
     1    0.00                           start (net)
                  0.02    0.00    2.01 ^ input18/A (sky130_fd_sc_hd__clkbuf_4)
                  0.09    0.17    2.17 ^ input18/X (sky130_fd_sc_hd__clkbuf_4)
     5    0.03                           net18 (net)
                  0.09    0.00    2.17 ^ _480_/B (sky130_fd_sc_hd__nor2_1)
                  0.05    0.07    2.25 v _480_/Y (sky130_fd_sc_hd__nor2_1)
     4    0.01                           _238_ (net)
                  0.05    0.00    2.25 v _523_/A (sky130_fd_sc_hd__clkbuf_4)
                  0.06    0.18    2.43 v _523_/X (sky130_fd_sc_hd__clkbuf_4)
    10    0.02                           _275_ (net)
                  0.06    0.00    2.43 v _548_/A2 (sky130_fd_sc_hd__a22o_1)
                  0.04    0.23    2.66 v _548_/X (sky130_fd_sc_hd__a22o_1)
     1    0.00                           _094_ (net)
                  0.04    0.00    2.66 v _734_/D (sky130_fd_sc_hd__dfrtp_1)
                                  2.66   data arrival time

                         10.00   10.00   clock clk (rise edge)
                          0.00   10.00   clock source latency
                  0.04    0.03   10.03 ^ clk (in)
     1    0.01                           clk (net)
                  0.04    0.00   10.03 ^ clkbuf_0_clk/A (sky130_fd_sc_hd__clkbuf_16)
                  0.05    0.13   10.15 ^ clkbuf_0_clk/X (sky130_fd_sc_hd__clkbuf_16)
     4    0.03                           clknet_0_clk (net)
                  0.05    0.00   10.15 ^ clkbuf_2_0__f_clk/A (sky130_fd_sc_hd__clkbuf_16)
                  0.05    0.13   10.28 ^ clkbuf_2_0__f_clk/X (sky130_fd_sc_hd__clkbuf_16)
    15    0.03                           clknet_2_0__leaf_clk (net)
                  0.05    0.00   10.28 ^ _734_/CLK (sky130_fd_sc_hd__dfrtp_1)
                         -0.25   10.03   clock uncertainty
                          0.00   10.03   clock reconvergence pessimism
                         -0.11    9.92   library setup time
                                  9.92   data required time
-----------------------------------------------------------------------------
                                  9.92   data required time
                                 -2.66   data arrival time
-----------------------------------------------------------------------------
                                  7.27   slack (MET)


Startpoint: start (input port clocked by clk)
Endpoint: _699_ (rising edge-triggered flip-flop clocked by clk)
Path Group: clk
Path Type: max

Fanout     Cap    Slew   Delay    Time   Description
-----------------------------------------------------------------------------
                          0.00    0.00   clock clk (rise edge)
                          0.00    0.00   clock network delay (propagated)
                          2.00    2.00 v input external delay
                  0.01    0.00    2.00 v start (in)
     1    0.00                           start (net)
                  0.01    0.00    2.00 v input18/A (sky130_fd_sc_hd__clkbuf_4)
                  0.06    0.16    2.16 v input18/X (sky130_fd_sc_hd__clkbuf_4)
     5    0.02                           net18 (net)
                  0.06    0.00    2.16 v _480_/B (sky130_fd_sc_hd__nor2_1)
                  0.19    0.18    2.34 ^ _480_/Y (sky130_fd_sc_hd__nor2_1)
     4    0.01                           _238_ (net)
                  0.19    0.00    2.34 ^ _481_/A (sky130_fd_sc_hd__clkbuf_4)
                  0.09    0.23    2.57 ^ _481_/X (sky130_fd_sc_hd__clkbuf_4)
    10    0.02                           _239_ (net)
                  0.09    0.00    2.57 ^ _623_/B1 (sky130_fd_sc_hd__a22o_1)
                  0.04    0.12    2.69 ^ _623_/X (sky130_fd_sc_hd__a22o_1)
     1    0.00                           _059_ (net)
                  0.04    0.00    2.69 ^ _699_/D (sky130_fd_sc_hd__dfrtp_4)
                                  2.69   data arrival time

                         10.00   10.00   clock clk (rise edge)
                          0.00   10.00   clock source latency
                  0.04    0.03   10.03 ^ clk (in)
     1    0.01                           clk (net)
                  0.04    0.00   10.03 ^ clkbuf_0_clk/A (sky130_fd_sc_hd__clkbuf_16)
                  0.05    0.13   10.15 ^ clkbuf_0_clk/X (sky130_fd_sc_hd__clkbuf_16)
     4    0.03                           clknet_0_clk (net)
                  0.05    0.00   10.15 ^ clkbuf_2_1__f_clk/A (sky130_fd_sc_hd__clkbuf_16)
                  0.05    0.13   10.28 ^ clkbuf_2_1__f_clk/X (sky130_fd_sc_hd__clkbuf_16)
    14    0.03                           clknet_2_1__leaf_clk (net)
                  0.05    0.00   10.28 ^ _699_/CLK (sky130_fd_sc_hd__dfrtp_4)
                         -0.25   10.03   clock uncertainty
                          0.00   10.03   clock reconvergence pessimism
                         -0.06    9.97   library setup time
                                  9.97   data required time
-----------------------------------------------------------------------------
                                  9.97   data required time
                                 -2.69   data arrival time
-----------------------------------------------------------------------------
                                  7.28   slack (MET)


Startpoint: start (input port clocked by clk)
Endpoint: _737_ (rising edge-triggered flip-flop clocked by clk)
Path Group: clk
Path Type: max

Fanout     Cap    Slew   Delay    Time   Description
-----------------------------------------------------------------------------
                          0.00    0.00   clock clk (rise edge)
                          0.00    0.00   clock network delay (propagated)
                          2.00    2.00 v input external delay
                  0.01    0.00    2.00 v start (in)
     1    0.00                           start (net)
                  0.01    0.00    2.00 v input18/A (sky130_fd_sc_hd__clkbuf_4)
                  0.06    0.16    2.16 v input18/X (sky130_fd_sc_hd__clkbuf_4)
     5    0.02                           net18 (net)
                  0.06    0.00    2.16 v _480_/B (sky130_fd_sc_hd__nor2_1)
                  0.19    0.18    2.34 ^ _480_/Y (sky130_fd_sc_hd__nor2_1)
     4    0.01                           _238_ (net)
                  0.19    0.00    2.34 ^ _481_/A (sky130_fd_sc_hd__clkbuf_4)
                  0.09    0.23    2.57 ^ _481_/X (sky130_fd_sc_hd__clkbuf_4)
    10    0.02                           _239_ (net)
                  0.09    0.00    2.57 ^ _532_/A2 (sky130_fd_sc_hd__a21o_1)
                  0.03    0.12    2.68 ^ _532_/X (sky130_fd_sc_hd__a21o_1)
     1    0.00                           _097_ (net)
                  0.03    0.00    2.68 ^ _737_/D (sky130_fd_sc_hd__dfrtp_2)
                                  2.68   data arrival time

                         10.00   10.00   clock clk (rise edge)
                          0.00   10.00   clock source latency
                  0.04    0.03   10.03 ^ clk (in)
     1    0.01                           clk (net)
                  0.04    0.00   10.03 ^ clkbuf_0_clk/A (sky130_fd_sc_hd__clkbuf_16)
                  0.05    0.13   10.15 ^ clkbuf_0_clk/X (sky130_fd_sc_hd__clkbuf_16)
     4    0.03                           clknet_0_clk (net)
                  0.05    0.00   10.15 ^ clkbuf_2_1__f_clk/A (sky130_fd_sc_hd__clkbuf_16)
                  0.05    0.13   10.28 ^ clkbuf_2_1__f_clk/X (sky130_fd_sc_hd__clkbuf_16)
    14    0.03                           clknet_2_1__leaf_clk (net)
                  0.05    0.00   10.28 ^ _737_/CLK (sky130_fd_sc_hd__dfrtp_2)
                         -0.25   10.03   clock uncertainty
                          0.00   10.03   clock reconvergence pessimism
                         -0.06    9.97   library setup time
                                  9.97   data required time
-----------------------------------------------------------------------------
                                  9.97   data required time
                                 -2.68   data arrival time
-----------------------------------------------------------------------------
                                  7.29   slack (MET)


Startpoint: start (input port clocked by clk)
Endpoint: _694_ (rising edge-triggered flip-flop clocked by clk)
Path Group: clk
Path Type: max

Fanout     Cap    Slew   Delay    Time   Description
-----------------------------------------------------------------------------
                          0.00    0.00   clock clk (rise edge)
                          0.00    0.00   clock network delay (propagated)
                          2.00    2.00 v input external delay
                  0.01    0.00    2.00 v start (in)
     1    0.00                           start (net)
                  0.01    0.00    2.00 v input18/A (sky130_fd_sc_hd__clkbuf_4)
                  0.06    0.16    2.16 v input18/X (sky130_fd_sc_hd__clkbuf_4)
     5    0.02                           net18 (net)
                  0.06    0.00    2.16 v _480_/B (sky130_fd_sc_hd__nor2_1)
                  0.19    0.18    2.34 ^ _480_/Y (sky130_fd_sc_hd__nor2_1)
     4    0.01                           _238_ (net)
                  0.19    0.00    2.34 ^ _481_/A (sky130_fd_sc_hd__clkbuf_4)
                  0.09    0.23    2.57 ^ _481_/X (sky130_fd_sc_hd__clkbuf_4)
    10    0.02                           _239_ (net)
                  0.09    0.00    2.57 ^ _632_/A2 (sky130_fd_sc_hd__a21bo_1)
                  0.03    0.11    2.68 ^ _632_/X (sky130_fd_sc_hd__a21bo_1)
     1    0.00                           _055_ (net)
                  0.03    0.00    2.68 ^ _694_/D (sky130_fd_sc_hd__dfrtp_1)
                                  2.68   data arrival time

                         10.00   10.00   clock clk (rise edge)
                          0.00   10.00   clock source latency
                  0.04    0.03   10.03 ^ clk (in)
     1    0.01                           clk (net)
                  0.04    0.00   10.03 ^ clkbuf_0_clk/A (sky130_fd_sc_hd__clkbuf_16)
                  0.05    0.13   10.15 ^ clkbuf_0_clk/X (sky130_fd_sc_hd__clkbuf_16)
     4    0.03                           clknet_0_clk (net)
                  0.05    0.00   10.15 ^ clkbuf_2_1__f_clk/A (sky130_fd_sc_hd__clkbuf_16)
                  0.05    0.13   10.28 ^ clkbuf_2_1__f_clk/X (sky130_fd_sc_hd__clkbuf_16)
    14    0.03                           clknet_2_1__leaf_clk (net)
                  0.05    0.00   10.28 ^ _694_/CLK (sky130_fd_sc_hd__dfrtp_1)
                         -0.25   10.03   clock uncertainty
                          0.00   10.03   clock reconvergence pessimism
                         -0.06    9.98   library setup time
                                  9.98   data required time
-----------------------------------------------------------------------------
                                  9.98   data required time
                                 -2.68   data arrival time
-----------------------------------------------------------------------------
                                  7.30   slack (MET)


Startpoint: start (input port clocked by clk)
Endpoint: _735_ (rising edge-triggered flip-flop clocked by clk)
Path Group: clk
Path Type: max

Fanout     Cap    Slew   Delay    Time   Description
-----------------------------------------------------------------------------
                          0.00    0.00   clock clk (rise edge)
                          0.00    0.00   clock network delay (propagated)
                          2.00    2.00 v input external delay
                  0.01    0.00    2.00 v start (in)
     1    0.00                           start (net)
                  0.01    0.00    2.00 v input18/A (sky130_fd_sc_hd__clkbuf_4)
                  0.06    0.16    2.16 v input18/X (sky130_fd_sc_hd__clkbuf_4)
     5    0.02                           net18 (net)
                  0.06    0.00    2.16 v _480_/B (sky130_fd_sc_hd__nor2_1)
                  0.19    0.18    2.34 ^ _480_/Y (sky130_fd_sc_hd__nor2_1)
     4    0.01                           _238_ (net)
                  0.19    0.00    2.34 ^ _481_/A (sky130_fd_sc_hd__clkbuf_4)
                  0.09    0.23    2.57 ^ _481_/X (sky130_fd_sc_hd__clkbuf_4)
    10    0.02                           _239_ (net)
                  0.09    0.00    2.57 ^ _544_/A2 (sky130_fd_sc_hd__a21bo_1)
                  0.03    0.11    2.68 ^ _544_/X (sky130_fd_sc_hd__a21bo_1)
     1    0.00                           _095_ (net)
                  0.03    0.00    2.68 ^ _735_/D (sky130_fd_sc_hd__dfrtp_1)
                                  2.68   data arrival time

                         10.00   10.00   clock clk (rise edge)
                          0.00   10.00   clock source latency
                  0.04    0.03   10.03 ^ clk (in)
     1    0.01                           clk (net)
                  0.04    0.00   10.03 ^ clkbuf_0_clk/A (sky130_fd_sc_hd__clkbuf_16)
                  0.05    0.13   10.15 ^ clkbuf_0_clk/X (sky130_fd_sc_hd__clkbuf_16)
     4    0.03                           clknet_0_clk (net)
                  0.05    0.00   10.15 ^ clkbuf_2_0__f_clk/A (sky130_fd_sc_hd__clkbuf_16)
                  0.05    0.13   10.28 ^ clkbuf_2_0__f_clk/X (sky130_fd_sc_hd__clkbuf_16)
    15    0.03                           clknet_2_0__leaf_clk (net)
                  0.05    0.00   10.28 ^ _735_/CLK (sky130_fd_sc_hd__dfrtp_1)
                         -0.25   10.03   clock uncertainty
                          0.00   10.03   clock reconvergence pessimism
                         -0.06    9.98   library setup time
                                  9.98   data required time
-----------------------------------------------------------------------------
                                  9.98   data required time
                                 -2.68   data arrival time
-----------------------------------------------------------------------------
                                  7.30   slack (MET)


Startpoint: start (input port clocked by clk)
Endpoint: _698_ (rising edge-triggered flip-flop clocked by clk)
Path Group: clk
Path Type: max

Fanout     Cap    Slew   Delay    Time   Description
-----------------------------------------------------------------------------
                          0.00    0.00   clock clk (rise edge)
                          0.00    0.00   clock network delay (propagated)
                          2.00    2.00 v input external delay
                  0.01    0.00    2.00 v start (in)
     1    0.00                           start (net)
                  0.01    0.00    2.00 v input18/A (sky130_fd_sc_hd__clkbuf_4)
                  0.06    0.16    2.16 v input18/X (sky130_fd_sc_hd__clkbuf_4)
     5    0.02                           net18 (net)
                  0.06    0.00    2.16 v _480_/B (sky130_fd_sc_hd__nor2_1)
                  0.19    0.18    2.34 ^ _480_/Y (sky130_fd_sc_hd__nor2_1)
     4    0.01                           _238_ (net)
                  0.19    0.00    2.34 ^ _481_/A (sky130_fd_sc_hd__clkbuf_4)
                  0.09    0.23    2.57 ^ _481_/X (sky130_fd_sc_hd__clkbuf_4)
    10    0.02                           _239_ (net)
                  0.09    0.00    2.57 ^ _633_/B1 (sky130_fd_sc_hd__a21oi_1)
                  0.04    0.04    2.61 v _633_/Y (sky130_fd_sc_hd__a21oi_1)
     1    0.00                           _000_ (net)
                  0.04    0.00    2.61 v _698_/D (sky130_fd_sc_hd__dfrtp_2)
                                  2.61   data arrival time

                         10.00   10.00   clock clk (rise edge)
                          0.00   10.00   clock source latency
                  0.04    0.03   10.03 ^ clk (in)
     1    0.01                           clk (net)
                  0.04    0.00   10.03 ^ clkbuf_0_clk/A (sky130_fd_sc_hd__clkbuf_16)
                  0.05    0.13   10.15 ^ clkbuf_0_clk/X (sky130_fd_sc_hd__clkbuf_16)
     4    0.03                           clknet_0_clk (net)
                  0.05    0.00   10.15 ^ clkbuf_2_3__f_clk/A (sky130_fd_sc_hd__clkbuf_16)
                  0.05    0.12   10.28 ^ clkbuf_2_3__f_clk/X (sky130_fd_sc_hd__clkbuf_16)
    12    0.02                           clknet_2_3__leaf_clk (net)
                  0.05    0.00   10.28 ^ _698_/CLK (sky130_fd_sc_hd__dfrtp_2)
                         -0.25   10.03   clock uncertainty
                          0.00   10.03   clock reconvergence pessimism
                         -0.11    9.92   library setup time
                                  9.92   data required time
-----------------------------------------------------------------------------
                                  9.92   data required time
                                 -2.61   data arrival time
-----------------------------------------------------------------------------
                                  7.30   slack (MET)


Startpoint: start (input port clocked by clk)
Endpoint: _717_ (rising edge-triggered flip-flop clocked by clk)
Path Group: clk
Path Type: max

Fanout     Cap    Slew   Delay    Time   Description
-----------------------------------------------------------------------------
                          0.00    0.00   clock clk (rise edge)
                          0.00    0.00   clock network delay (propagated)
                          2.00    2.00 ^ input external delay
                  0.02    0.01    2.01 ^ start (in)
     1    0.00                           start (net)
                  0.02    0.00    2.01 ^ input18/A (sky130_fd_sc_hd__clkbuf_4)
                  0.09    0.17    2.17 ^ input18/X (sky130_fd_sc_hd__clkbuf_4)
     5    0.03                           net18 (net)
                  0.09    0.00    2.17 ^ _480_/B (sky130_fd_sc_hd__nor2_1)
                  0.05    0.07    2.25 v _480_/Y (sky130_fd_sc_hd__nor2_1)
     4    0.01                           _238_ (net)
                  0.05    0.00    2.25 v _587_/B1 (sky130_fd_sc_hd__a22o_1)
                  0.04    0.18    2.43 v _587_/X (sky130_fd_sc_hd__a22o_1)
     1    0.00                           _318_ (net)
                  0.04    0.00    2.43 v _588_/B1 (sky130_fd_sc_hd__a31o_1)
                  0.03    0.18    2.61 v _588_/X (sky130_fd_sc_hd__a31o_1)
     1    0.00                           _077_ (net)
                  0.03    0.00    2.61 v _717_/D (sky130_fd_sc_hd__dfrtp_1)
                                  2.61   data arrival time

                         10.00   10.00   clock clk (rise edge)
                          0.00   10.00   clock source latency
                  0.04    0.03   10.03 ^ clk (in)
     1    0.01                           clk (net)
                  0.04    0.00   10.03 ^ clkbuf_0_clk/A (sky130_fd_sc_hd__clkbuf_16)
                  0.05    0.13   10.15 ^ clkbuf_0_clk/X (sky130_fd_sc_hd__clkbuf_16)
     4    0.03                           clknet_0_clk (net)
                  0.05    0.00   10.15 ^ clkbuf_2_2__f_clk/A (sky130_fd_sc_hd__clkbuf_16)
                  0.05    0.13   10.28 ^ clkbuf_2_2__f_clk/X (sky130_fd_sc_hd__clkbuf_16)
    13    0.02                           clknet_2_2__leaf_clk (net)
                  0.05    0.00   10.28 ^ _717_/CLK (sky130_fd_sc_hd__dfrtp_1)
                         -0.25   10.03   clock uncertainty
                          0.00   10.03   clock reconvergence pessimism
                         -0.11    9.92   library setup time
                                  9.92   data required time
-----------------------------------------------------------------------------
                                  9.92   data required time
                                 -2.61   data arrival time
-----------------------------------------------------------------------------
                                  7.31   slack (MET)


Startpoint: start (input port clocked by clk)
Endpoint: _718_ (rising edge-triggered flip-flop clocked by clk)
Path Group: clk
Path Type: max

Fanout     Cap    Slew   Delay    Time   Description
-----------------------------------------------------------------------------
                          0.00    0.00   clock clk (rise edge)
                          0.00    0.00   clock network delay (propagated)
                          2.00    2.00 ^ input external delay
                  0.02    0.01    2.01 ^ start (in)
     1    0.00                           start (net)
                  0.02    0.00    2.01 ^ input18/A (sky130_fd_sc_hd__clkbuf_4)
                  0.09    0.17    2.17 ^ input18/X (sky130_fd_sc_hd__clkbuf_4)
     5    0.03                           net18 (net)
                  0.09    0.00    2.17 ^ _480_/B (sky130_fd_sc_hd__nor2_1)
                  0.05    0.07    2.25 v _480_/Y (sky130_fd_sc_hd__nor2_1)
     4    0.01                           _238_ (net)
                  0.05    0.00    2.25 v _585_/B1 (sky130_fd_sc_hd__a22o_1)
                  0.04    0.18    2.43 v _585_/X (sky130_fd_sc_hd__a22o_1)
     1    0.00                           _317_ (net)
                  0.04    0.00    2.43 v _586_/B1 (sky130_fd_sc_hd__a31o_1)
                  0.03    0.18    2.61 v _586_/X (sky130_fd_sc_hd__a31o_1)
     1    0.00                           _078_ (net)
                  0.03    0.00    2.61 v _718_/D (sky130_fd_sc_hd__dfrtp_1)
                                  2.61   data arrival time

                         10.00   10.00   clock clk (rise edge)
                          0.00   10.00   clock source latency
                  0.04    0.03   10.03 ^ clk (in)
     1    0.01                           clk (net)
                  0.04    0.00   10.03 ^ clkbuf_0_clk/A (sky130_fd_sc_hd__clkbuf_16)
                  0.05    0.13   10.15 ^ clkbuf_0_clk/X (sky130_fd_sc_hd__clkbuf_16)
     4    0.03                           clknet_0_clk (net)
                  0.05    0.00   10.15 ^ clkbuf_2_2__f_clk/A (sky130_fd_sc_hd__clkbuf_16)
                  0.05    0.13   10.28 ^ clkbuf_2_2__f_clk/X (sky130_fd_sc_hd__clkbuf_16)
    13    0.02                           clknet_2_2__leaf_clk (net)
                  0.05    0.00   10.28 ^ _718_/CLK (sky130_fd_sc_hd__dfrtp_1)
                         -0.25   10.03   clock uncertainty
                          0.00   10.03   clock reconvergence pessimism
                         -0.11    9.92   library setup time
                                  9.92   data required time
-----------------------------------------------------------------------------
                                  9.92   data required time
                                 -2.61   data arrival time
-----------------------------------------------------------------------------
                                  7.31   slack (MET)


Startpoint: _725_ (rising edge-triggered flip-flop clocked by clk)
Endpoint: _713_ (rising edge-triggered flip-flop clocked by clk)
Path Group: clk
Path Type: max

Fanout     Cap    Slew   Delay    Time   Description
-----------------------------------------------------------------------------
                          0.00    0.00   clock clk (rise edge)
                          0.00    0.00   clock source latency
                  0.04    0.03    0.03 ^ clk (in)
     1    0.01                           clk (net)
                  0.04    0.00    0.03 ^ clkbuf_0_clk/A (sky130_fd_sc_hd__clkbuf_16)
                  0.05    0.14    0.17 ^ clkbuf_0_clk/X (sky130_fd_sc_hd__clkbuf_16)
     4    0.03                           clknet_0_clk (net)
                  0.05    0.00    0.17 ^ clkbuf_2_0__f_clk/A (sky130_fd_sc_hd__clkbuf_16)
                  0.05    0.14    0.31 ^ clkbuf_2_0__f_clk/X (sky130_fd_sc_hd__clkbuf_16)
    15    0.03                           clknet_2_0__leaf_clk (net)
                  0.05    0.00    0.31 ^ _725_/CLK (sky130_fd_sc_hd__dfrtp_4)
                  0.08    0.52    0.83 v _725_/Q (sky130_fd_sc_hd__dfrtp_4)
     6    0.02                           u_core.M[0] (net)
                  0.08    0.00    0.83 v _354_/B (sky130_fd_sc_hd__nor2_2)
                  0.24    0.22    1.05 ^ _354_/Y (sky130_fd_sc_hd__nor2_2)
     3    0.02                           _115_ (net)
                  0.24    0.00    1.05 ^ _366_/A (sky130_fd_sc_hd__clkbuf_4)
                  0.10    0.25    1.31 ^ _366_/X (sky130_fd_sc_hd__clkbuf_4)
    10    0.03                           _127_ (net)
                  0.10    0.00    1.31 ^ _407_/A2 (sky130_fd_sc_hd__o21ai_1)
                  0.06    0.07    1.38 v _407_/Y (sky130_fd_sc_hd__o21ai_1)
     2    0.00                           _168_ (net)
                  0.06    0.00    1.38 v _409_/A (sky130_fd_sc_hd__nand3_1)
                  0.12    0.12    1.50 ^ _409_/Y (sky130_fd_sc_hd__nand3_1)
     3    0.01                           _170_ (net)
                  0.12    0.00    1.50 ^ _414_/A (sky130_fd_sc_hd__nand2_2)
                  0.07    0.10    1.59 v _414_/Y (sky130_fd_sc_hd__nand2_2)
     3    0.01                           _175_ (net)
                  0.07    0.00    1.59 v _428_/A1 (sky130_fd_sc_hd__o21bai_4)
                  0.16    0.20    1.79 ^ _428_/Y (sky130_fd_sc_hd__o21bai_4)
     5    0.02                           _189_ (net)
                  0.16    0.00    1.79 ^ _528_/C1 (sky130_fd_sc_hd__o2111ai_2)
                  0.11    0.15    1.95 v _528_/Y (sky130_fd_sc_hd__o2111ai_2)
     3    0.01                           _279_ (net)
                  0.11    0.00    1.95 v _530_/A4 (sky130_fd_sc_hd__a41o_1)
                  0.04    0.26    2.21 v _530_/X (sky130_fd_sc_hd__a41o_1)
     1    0.00                           _281_ (net)
                  0.04    0.00    2.21 v _531_/B2 (sky130_fd_sc_hd__o221a_1)
                  0.06    0.22    2.43 v _531_/X (sky130_fd_sc_hd__o221a_1)
     2    0.00                           _282_ (net)
                  0.06    0.00    2.43 v _598_/B1 (sky130_fd_sc_hd__a22o_1)
                  0.04    0.18    2.61 v _598_/X (sky130_fd_sc_hd__a22o_1)
     1    0.00                           _073_ (net)
                  0.04    0.00    2.61 v _713_/D (sky130_fd_sc_hd__dfrtp_1)
                                  2.61   data arrival time

                         10.00   10.00   clock clk (rise edge)
                          0.00   10.00   clock source latency
                  0.04    0.03   10.03 ^ clk (in)
     1    0.01                           clk (net)
                  0.04    0.00   10.03 ^ clkbuf_0_clk/A (sky130_fd_sc_hd__clkbuf_16)
                  0.05    0.13   10.15 ^ clkbuf_0_clk/X (sky130_fd_sc_hd__clkbuf_16)
     4    0.03                           clknet_0_clk (net)
                  0.05    0.00   10.15 ^ clkbuf_2_3__f_clk/A (sky130_fd_sc_hd__clkbuf_16)
                  0.05    0.12   10.28 ^ clkbuf_2_3__f_clk/X (sky130_fd_sc_hd__clkbuf_16)
    12    0.02                           clknet_2_3__leaf_clk (net)
                  0.05    0.00   10.28 ^ _713_/CLK (sky130_fd_sc_hd__dfrtp_1)
                         -0.25   10.03   clock uncertainty
                          0.02   10.05   clock reconvergence pessimism
                         -0.11    9.93   library setup time
                                  9.93   data required time
-----------------------------------------------------------------------------
                                  9.93   data required time
                                 -2.61   data arrival time
-----------------------------------------------------------------------------
                                  7.33   slack (MET)


Startpoint: _725_ (rising edge-triggered flip-flop clocked by clk)
Endpoint: _716_ (rising edge-triggered flip-flop clocked by clk)
Path Group: clk
Path Type: max

Fanout     Cap    Slew   Delay    Time   Description
-----------------------------------------------------------------------------
                          0.00    0.00   clock clk (rise edge)
                          0.00    0.00   clock source latency
                  0.04    0.03    0.03 ^ clk (in)
     1    0.01                           clk (net)
                  0.04    0.00    0.03 ^ clkbuf_0_clk/A (sky130_fd_sc_hd__clkbuf_16)
                  0.05    0.14    0.17 ^ clkbuf_0_clk/X (sky130_fd_sc_hd__clkbuf_16)
     4    0.03                           clknet_0_clk (net)
                  0.05    0.00    0.17 ^ clkbuf_2_0__f_clk/A (sky130_fd_sc_hd__clkbuf_16)
                  0.05    0.14    0.31 ^ clkbuf_2_0__f_clk/X (sky130_fd_sc_hd__clkbuf_16)
    15    0.03                           clknet_2_0__leaf_clk (net)
                  0.05    0.00    0.31 ^ _725_/CLK (sky130_fd_sc_hd__dfrtp_4)
                  0.08    0.52    0.83 v _725_/Q (sky130_fd_sc_hd__dfrtp_4)
     6    0.02                           u_core.M[0] (net)
                  0.08    0.00    0.83 v _354_/B (sky130_fd_sc_hd__nor2_2)
                  0.24    0.22    1.05 ^ _354_/Y (sky130_fd_sc_hd__nor2_2)
     3    0.02                           _115_ (net)
                  0.24    0.00    1.05 ^ _366_/A (sky130_fd_sc_hd__clkbuf_4)
                  0.10    0.25    1.31 ^ _366_/X (sky130_fd_sc_hd__clkbuf_4)
    10    0.03                           _127_ (net)
                  0.10    0.00    1.31 ^ _381_/A (sky130_fd_sc_hd__nand2_2)
                  0.09    0.10    1.40 v _381_/Y (sky130_fd_sc_hd__nand2_2)
     6    0.02                           _142_ (net)
                  0.09    0.00    1.40 v _383_/A2 (sky130_fd_sc_hd__o21ai_1)
                  0.17    0.19    1.59 ^ _383_/Y (sky130_fd_sc_hd__o21ai_1)
     2    0.01                           _144_ (net)
                  0.17    0.00    1.59 ^ _384_/B1 (sky130_fd_sc_hd__o21ai_1)
                  0.08    0.12    1.71 v _384_/Y (sky130_fd_sc_hd__o21ai_1)
     2    0.01                           _145_ (net)
                  0.08    0.00    1.71 v _393_/A2 (sky130_fd_sc_hd__o21ai_2)
                  0.16    0.18    1.88 ^ _393_/Y (sky130_fd_sc_hd__o21ai_2)
     4    0.01                           _154_ (net)
                  0.16    0.00    1.88 ^ _405_/B1 (sky130_fd_sc_hd__o22a_1)
                  0.10    0.21    2.10 ^ _405_/X (sky130_fd_sc_hd__o22a_1)
     3    0.01                           _166_ (net)
                  0.10    0.00    2.10 ^ _482_/A (sky130_fd_sc_hd__nand2_2)
                  0.06    0.08    2.18 v _482_/Y (sky130_fd_sc_hd__nand2_2)
     5    0.01                           _240_ (net)
                  0.06    0.00    2.18 v _511_/B (sky130_fd_sc_hd__or2_1)
                  0.06    0.23    2.40 v _511_/X (sky130_fd_sc_hd__or2_1)
     1    0.00                           _265_ (net)
                  0.06    0.00    2.40 v _513_/B1 (sky130_fd_sc_hd__a22oi_2)
                  0.14    0.13    2.53 ^ _513_/Y (sky130_fd_sc_hd__a22oi_2)
     2    0.00                           _267_ (net)
                  0.14    0.00    2.53 ^ _594_/A2 (sky130_fd_sc_hd__o21ai_1)
                  0.04    0.07    2.60 v _594_/Y (sky130_fd_sc_hd__o21ai_1)
     1    0.00                           _076_ (net)
                  0.04    0.00    2.60 v _716_/D (sky130_fd_sc_hd__dfrtp_1)
                                  2.60   data arrival time

                         10.00   10.00   clock clk (rise edge)
                          0.00   10.00   clock source latency
                  0.04    0.03   10.03 ^ clk (in)
     1    0.01                           clk (net)
                  0.04    0.00   10.03 ^ clkbuf_0_clk/A (sky130_fd_sc_hd__clkbuf_16)
                  0.05    0.13   10.15 ^ clkbuf_0_clk/X (sky130_fd_sc_hd__clkbuf_16)
     4    0.03                           clknet_0_clk (net)
                  0.05    0.00   10.15 ^ clkbuf_2_0__f_clk/A (sky130_fd_sc_hd__clkbuf_16)
                  0.05    0.13   10.28 ^ clkbuf_2_0__f_clk/X (sky130_fd_sc_hd__clkbuf_16)
    15    0.03                           clknet_2_0__leaf_clk (net)
                  0.05    0.00   10.28 ^ _716_/CLK (sky130_fd_sc_hd__dfrtp_1)
                         -0.25   10.03   clock uncertainty
                          0.03   10.06   clock reconvergence pessimism
                         -0.11    9.95   library setup time
                                  9.95   data required time
-----------------------------------------------------------------------------
                                  9.95   data required time
                                 -2.60   data arrival time
-----------------------------------------------------------------------------
                                  7.35   slack (MET)


Startpoint: start (input port clocked by clk)
Endpoint: _697_ (rising edge-triggered flip-flop clocked by clk)
Path Group: clk
Path Type: max

Fanout     Cap    Slew   Delay    Time   Description
-----------------------------------------------------------------------------
                          0.00    0.00   clock clk (rise edge)
                          0.00    0.00   clock network delay (propagated)
                          2.00    2.00 v input external delay
                  0.01    0.00    2.00 v start (in)
     1    0.00                           start (net)
                  0.01    0.00    2.00 v input18/A (sky130_fd_sc_hd__clkbuf_4)
                  0.06    0.16    2.16 v input18/X (sky130_fd_sc_hd__clkbuf_4)
     5    0.02                           net18 (net)
                  0.06    0.00    2.16 v _457_/B (sky130_fd_sc_hd__and2_1)
                  0.04    0.17    2.33 v _457_/X (sky130_fd_sc_hd__and2_1)
     2    0.00                           _218_ (net)
                  0.04    0.00    2.33 v _625_/A2 (sky130_fd_sc_hd__o21ai_1)
                  0.09    0.10    2.44 ^ _625_/Y (sky130_fd_sc_hd__o21ai_1)
     1    0.00                           _337_ (net)
                  0.09    0.00    2.44 ^ _626_/B1 (sky130_fd_sc_hd__o21ai_1)
                  0.04    0.07    2.51 v _626_/Y (sky130_fd_sc_hd__o21ai_1)
     1    0.00                           _058_ (net)
                  0.04    0.00    2.51 v _697_/D (sky130_fd_sc_hd__dfrtp_1)
                                  2.51   data arrival time

                         10.00   10.00   clock clk (rise edge)
                          0.00   10.00   clock source latency
                  0.04    0.03   10.03 ^ clk (in)
     1    0.01                           clk (net)
                  0.04    0.00   10.03 ^ clkbuf_0_clk/A (sky130_fd_sc_hd__clkbuf_16)
                  0.05    0.13   10.15 ^ clkbuf_0_clk/X (sky130_fd_sc_hd__clkbuf_16)
     4    0.03                           clknet_0_clk (net)
                  0.05    0.00   10.15 ^ clkbuf_2_3__f_clk/A (sky130_fd_sc_hd__clkbuf_16)
                  0.05    0.12   10.28 ^ clkbuf_2_3__f_clk/X (sky130_fd_sc_hd__clkbuf_16)
    12    0.02                           clknet_2_3__leaf_clk (net)
                  0.05    0.00   10.28 ^ _697_/CLK (sky130_fd_sc_hd__dfrtp_1)
                         -0.25   10.03   clock uncertainty
                          0.00   10.03   clock reconvergence pessimism
                         -0.11    9.92   library setup time
                                  9.92   data required time
-----------------------------------------------------------------------------
                                  9.92   data required time
                                 -2.51   data arrival time
-----------------------------------------------------------------------------
                                  7.41   slack (MET)


Startpoint: _699_ (rising edge-triggered flip-flop clocked by clk)
Endpoint: _709_ (rising edge-triggered flip-flop clocked by clk)
Path Group: clk
Path Type: max

Fanout     Cap    Slew   Delay    Time   Description
-----------------------------------------------------------------------------
                          0.00    0.00   clock clk (rise edge)
                          0.00    0.00   clock source latency
                  0.04    0.03    0.03 ^ clk (in)
     1    0.01                           clk (net)
                  0.04    0.00    0.03 ^ clkbuf_0_clk/A (sky130_fd_sc_hd__clkbuf_16)
                  0.05    0.14    0.17 ^ clkbuf_0_clk/X (sky130_fd_sc_hd__clkbuf_16)
     4    0.03                           clknet_0_clk (net)
                  0.05    0.00    0.17 ^ clkbuf_2_1__f_clk/A (sky130_fd_sc_hd__clkbuf_16)
                  0.05    0.14    0.31 ^ clkbuf_2_1__f_clk/X (sky130_fd_sc_hd__clkbuf_16)
    14    0.03                           clknet_2_1__leaf_clk (net)
                  0.05    0.00    0.31 ^ _699_/CLK (sky130_fd_sc_hd__dfrtp_4)
                  0.09    0.54    0.85 v _699_/Q (sky130_fd_sc_hd__dfrtp_4)
     9    0.03                           u_core.Q_1 (net)
                  0.09    0.00    0.85 v _347_/A_N (sky130_fd_sc_hd__and2b_1)
                  0.06    0.23    1.08 ^ _347_/X (sky130_fd_sc_hd__and2b_1)
     2    0.00                           _108_ (net)
                  0.06    0.00    1.08 ^ _418_/A2 (sky130_fd_sc_hd__o21bai_1)
                  0.06    0.07    1.15 v _418_/Y (sky130_fd_sc_hd__o21bai_1)
     2    0.00                           _179_ (net)
                  0.06    0.00    1.15 v _421_/A2 (sky130_fd_sc_hd__a21oi_1)
                  0.22    0.24    1.39 ^ _421_/Y (sky130_fd_sc_hd__a21oi_1)
     3    0.01                           _182_ (net)
                  0.22    0.00    1.39 ^ _549_/A_N (sky130_fd_sc_hd__and2b_1)
                  0.04    0.23    1.61 v _549_/X (sky130_fd_sc_hd__and2b_1)
     2    0.00                           _296_ (net)
                  0.04    0.00    1.61 v _550_/A3 (sky130_fd_sc_hd__o32a_1)
                  0.05    0.29    1.90 v _550_/X (sky130_fd_sc_hd__o32a_1)
     1    0.00                           _297_ (net)
                  0.05    0.00    1.90 v _552_/B1 (sky130_fd_sc_hd__a32o_1)
                  0.05    0.21    2.11 v _552_/X (sky130_fd_sc_hd__a32o_1)
     2    0.00                           _299_ (net)
                  0.05    0.00    2.11 v _604_/A0 (sky130_fd_sc_hd__mux2_1)
                  0.05    0.28    2.40 v _604_/X (sky130_fd_sc_hd__mux2_1)
     1    0.00                           _327_ (net)
                  0.05    0.00    2.40 v _605_/A (sky130_fd_sc_hd__clkbuf_1)
                  0.02    0.09    2.49 v _605_/X (sky130_fd_sc_hd__clkbuf_1)
     1    0.00                           _069_ (net)
                  0.02    0.00    2.49 v _709_/D (sky130_fd_sc_hd__dfrtp_1)
                                  2.49   data arrival time

                         10.00   10.00   clock clk (rise edge)
                          0.00   10.00   clock source latency
                  0.04    0.03   10.03 ^ clk (in)
     1    0.01                           clk (net)
                  0.04    0.00   10.03 ^ clkbuf_0_clk/A (sky130_fd_sc_hd__clkbuf_16)
                  0.05    0.13   10.15 ^ clkbuf_0_clk/X (sky130_fd_sc_hd__clkbuf_16)
     4    0.03                           clknet_0_clk (net)
                  0.05    0.00   10.15 ^ clkbuf_2_1__f_clk/A (sky130_fd_sc_hd__clkbuf_16)
                  0.05    0.13   10.28 ^ clkbuf_2_1__f_clk/X (sky130_fd_sc_hd__clkbuf_16)
    14    0.03                           clknet_2_1__leaf_clk (net)
                  0.05    0.00   10.28 ^ _709_/CLK (sky130_fd_sc_hd__dfrtp_1)
                         -0.25   10.03   clock uncertainty
                          0.03   10.06   clock reconvergence pessimism
                         -0.10    9.96   library setup time
                                  9.96   data required time
-----------------------------------------------------------------------------
                                  9.96   data required time
                                 -2.49   data arrival time
-----------------------------------------------------------------------------
                                  7.47   slack (MET)


Startpoint: _725_ (rising edge-triggered flip-flop clocked by clk)
Endpoint: _711_ (rising edge-triggered flip-flop clocked by clk)
Path Group: clk
Path Type: max

Fanout     Cap    Slew   Delay    Time   Description
-----------------------------------------------------------------------------
                          0.00    0.00   clock clk (rise edge)
                          0.00    0.00   clock source latency
                  0.04    0.03    0.03 ^ clk (in)
     1    0.01                           clk (net)
                  0.04    0.00    0.03 ^ clkbuf_0_clk/A (sky130_fd_sc_hd__clkbuf_16)
                  0.05    0.14    0.17 ^ clkbuf_0_clk/X (sky130_fd_sc_hd__clkbuf_16)
     4    0.03                           clknet_0_clk (net)
                  0.05    0.00    0.17 ^ clkbuf_2_0__f_clk/A (sky130_fd_sc_hd__clkbuf_16)
                  0.05    0.14    0.31 ^ clkbuf_2_0__f_clk/X (sky130_fd_sc_hd__clkbuf_16)
    15    0.03                           clknet_2_0__leaf_clk (net)
                  0.05    0.00    0.31 ^ _725_/CLK (sky130_fd_sc_hd__dfrtp_4)
                  0.08    0.52    0.83 v _725_/Q (sky130_fd_sc_hd__dfrtp_4)
     6    0.02                           u_core.M[0] (net)
                  0.08    0.00    0.83 v _354_/B (sky130_fd_sc_hd__nor2_2)
                  0.24    0.22    1.05 ^ _354_/Y (sky130_fd_sc_hd__nor2_2)
     3    0.02                           _115_ (net)
                  0.24    0.00    1.05 ^ _366_/A (sky130_fd_sc_hd__clkbuf_4)
                  0.10    0.25    1.31 ^ _366_/X (sky130_fd_sc_hd__clkbuf_4)
    10    0.03                           _127_ (net)
                  0.10    0.00    1.31 ^ _408_/C1 (sky130_fd_sc_hd__a211o_1)
                  0.05    0.12    1.42 ^ _408_/X (sky130_fd_sc_hd__a211o_1)
     2    0.00                           _169_ (net)
                  0.05    0.00    1.42 ^ _409_/B (sky130_fd_sc_hd__nand3_1)
                  0.11    0.12    1.54 v _409_/Y (sky130_fd_sc_hd__nand3_1)
     3    0.01                           _170_ (net)
                  0.11    0.00    1.54 v _414_/A (sky130_fd_sc_hd__nand2_2)
                  0.09    0.12    1.66 ^ _414_/Y (sky130_fd_sc_hd__nand2_2)
     3    0.01                           _175_ (net)
                  0.09    0.00    1.66 ^ _540_/A (sky130_fd_sc_hd__nor2_1)
                  0.04    0.05    1.71 v _540_/Y (sky130_fd_sc_hd__nor2_1)
     1    0.00                           _289_ (net)
                  0.04    0.00    1.71 v _541_/A2_N (sky130_fd_sc_hd__a2bb2o_1)
                  0.04    0.24    1.95 ^ _541_/X (sky130_fd_sc_hd__a2bb2o_1)
     1    0.00                           _290_ (net)
                  0.04    0.00    1.95 ^ _542_/C1 (sky130_fd_sc_hd__o221ai_1)
                  0.08    0.09    2.05 v _542_/Y (sky130_fd_sc_hd__o221ai_1)
     1    0.00                           _291_ (net)
                  0.08    0.00    2.05 v _543_/C1 (sky130_fd_sc_hd__o211ai_1)
                  0.15    0.10    2.15 ^ _543_/Y (sky130_fd_sc_hd__o211ai_1)
     2    0.00                           _292_ (net)
                  0.15    0.00    2.15 ^ _601_/A1_N (sky130_fd_sc_hd__a2bb2o_1)
                  0.05    0.31    2.45 v _601_/X (sky130_fd_sc_hd__a2bb2o_1)
     1    0.00                           _071_ (net)
                  0.05    0.00    2.45 v _711_/D (sky130_fd_sc_hd__dfrtp_1)
                                  2.45   data arrival time

                         10.00   10.00   clock clk (rise edge)
                          0.00   10.00   clock source latency
                  0.04    0.03   10.03 ^ clk (in)
     1    0.01                           clk (net)
                  0.04    0.00   10.03 ^ clkbuf_0_clk/A (sky130_fd_sc_hd__clkbuf_16)
                  0.05    0.13   10.15 ^ clkbuf_0_clk/X (sky130_fd_sc_hd__clkbuf_16)
     4    0.03                           clknet_0_clk (net)
                  0.05    0.00   10.15 ^ clkbuf_2_2__f_clk/A (sky130_fd_sc_hd__clkbuf_16)
                  0.05    0.13   10.28 ^ clkbuf_2_2__f_clk/X (sky130_fd_sc_hd__clkbuf_16)
    13    0.02                           clknet_2_2__leaf_clk (net)
                  0.05    0.00   10.28 ^ _711_/CLK (sky130_fd_sc_hd__dfrtp_1)
                         -0.25   10.03   clock uncertainty
                          0.02   10.05   clock reconvergence pessimism
                         -0.11    9.93   library setup time
                                  9.93   data required time
-----------------------------------------------------------------------------
                                  9.93   data required time
                                 -2.45   data arrival time
-----------------------------------------------------------------------------
                                  7.48   slack (MET)


Startpoint: _725_ (rising edge-triggered flip-flop clocked by clk)
Endpoint: _710_ (rising edge-triggered flip-flop clocked by clk)
Path Group: clk
Path Type: max

Fanout     Cap    Slew   Delay    Time   Description
-----------------------------------------------------------------------------
                          0.00    0.00   clock clk (rise edge)
                          0.00    0.00   clock source latency
                  0.04    0.03    0.03 ^ clk (in)
     1    0.01                           clk (net)
                  0.04    0.00    0.03 ^ clkbuf_0_clk/A (sky130_fd_sc_hd__clkbuf_16)
                  0.05    0.14    0.17 ^ clkbuf_0_clk/X (sky130_fd_sc_hd__clkbuf_16)
     4    0.03                           clknet_0_clk (net)
                  0.05    0.00    0.17 ^ clkbuf_2_0__f_clk/A (sky130_fd_sc_hd__clkbuf_16)
                  0.05    0.14    0.31 ^ clkbuf_2_0__f_clk/X (sky130_fd_sc_hd__clkbuf_16)
    15    0.03                           clknet_2_0__leaf_clk (net)
                  0.05    0.00    0.31 ^ _725_/CLK (sky130_fd_sc_hd__dfrtp_4)
                  0.08    0.52    0.83 v _725_/Q (sky130_fd_sc_hd__dfrtp_4)
     6    0.02                           u_core.M[0] (net)
                  0.08    0.00    0.83 v _354_/B (sky130_fd_sc_hd__nor2_2)
                  0.24    0.22    1.05 ^ _354_/Y (sky130_fd_sc_hd__nor2_2)
     3    0.02                           _115_ (net)
                  0.24    0.00    1.05 ^ _366_/A (sky130_fd_sc_hd__clkbuf_4)
                  0.10    0.25    1.31 ^ _366_/X (sky130_fd_sc_hd__clkbuf_4)
    10    0.03                           _127_ (net)
                  0.10    0.00    1.31 ^ _408_/C1 (sky130_fd_sc_hd__a211o_1)
                  0.05    0.12    1.42 ^ _408_/X (sky130_fd_sc_hd__a211o_1)
     2    0.00                           _169_ (net)
                  0.05    0.00    1.42 ^ _409_/B (sky130_fd_sc_hd__nand3_1)
                  0.11    0.12    1.54 v _409_/Y (sky130_fd_sc_hd__nand3_1)
     3    0.01                           _170_ (net)
                  0.11    0.00    1.54 v _546_/A1 (sky130_fd_sc_hd__a221o_1)
                  0.05    0.34    1.88 v _546_/X (sky130_fd_sc_hd__a221o_1)
     1    0.00                           _294_ (net)
                  0.05    0.00    1.88 v _547_/B2 (sky130_fd_sc_hd__a32o_1)
                  0.05    0.23    2.10 v _547_/X (sky130_fd_sc_hd__a32o_1)
     2    0.00                           _295_ (net)
                  0.05    0.00    2.10 v _602_/A0 (sky130_fd_sc_hd__mux2_1)
                  0.05    0.28    2.39 v _602_/X (sky130_fd_sc_hd__mux2_1)
     1    0.00                           _326_ (net)
                  0.05    0.00    2.39 v _603_/A (sky130_fd_sc_hd__clkbuf_1)
                  0.02    0.09    2.48 v _603_/X (sky130_fd_sc_hd__clkbuf_1)
     1    0.00                           _070_ (net)
                  0.02    0.00    2.48 v _710_/D (sky130_fd_sc_hd__dfrtp_1)
                                  2.48   data arrival time

                         10.00   10.00   clock clk (rise edge)
                          0.00   10.00   clock source latency
                  0.04    0.03   10.03 ^ clk (in)
     1    0.01                           clk (net)
                  0.04    0.00   10.03 ^ clkbuf_0_clk/A (sky130_fd_sc_hd__clkbuf_16)
                  0.05    0.13   10.15 ^ clkbuf_0_clk/X (sky130_fd_sc_hd__clkbuf_16)
     4    0.03                           clknet_0_clk (net)
                  0.05    0.00   10.15 ^ clkbuf_2_0__f_clk/A (sky130_fd_sc_hd__clkbuf_16)
                  0.05    0.13   10.28 ^ clkbuf_2_0__f_clk/X (sky130_fd_sc_hd__clkbuf_16)
    15    0.03                           clknet_2_0__leaf_clk (net)
                  0.05    0.00   10.28 ^ _710_/CLK (sky130_fd_sc_hd__dfrtp_1)
                         -0.25   10.03   clock uncertainty
                          0.03   10.06   clock reconvergence pessimism
                         -0.10    9.96   library setup time
                                  9.96   data required time
-----------------------------------------------------------------------------
                                  9.96   data required time
                                 -2.48   data arrival time
-----------------------------------------------------------------------------
                                  7.48   slack (MET)


Startpoint: start (input port clocked by clk)
Endpoint: _696_ (rising edge-triggered flip-flop clocked by clk)
Path Group: clk
Path Type: max

Fanout     Cap    Slew   Delay    Time   Description
-----------------------------------------------------------------------------
                          0.00    0.00   clock clk (rise edge)
                          0.00    0.00   clock network delay (propagated)
                          2.00    2.00 ^ input external delay
                  0.02    0.01    2.01 ^ start (in)
     1    0.00                           start (net)
                  0.02    0.00    2.01 ^ input18/A (sky130_fd_sc_hd__clkbuf_4)
                  0.09    0.17    2.17 ^ input18/X (sky130_fd_sc_hd__clkbuf_4)
     5    0.03                           net18 (net)
                  0.09    0.00    2.17 ^ _554_/B (sky130_fd_sc_hd__nand2_8)
                  0.07    0.08    2.25 v _554_/Y (sky130_fd_sc_hd__nand2_8)
    10    0.03                           _300_ (net)
                  0.07    0.00    2.25 v _628_/B1 (sky130_fd_sc_hd__o211ai_1)
                  0.14    0.10    2.35 ^ _628_/Y (sky130_fd_sc_hd__o211ai_1)
     1    0.00                           _339_ (net)
                  0.14    0.00    2.35 ^ _629_/B (sky130_fd_sc_hd__nand2_1)
                  0.04    0.07    2.42 v _629_/Y (sky130_fd_sc_hd__nand2_1)
     1    0.00                           _057_ (net)
                  0.04    0.00    2.42 v _696_/D (sky130_fd_sc_hd__dfrtp_1)
                                  2.42   data arrival time

                         10.00   10.00   clock clk (rise edge)
                          0.00   10.00   clock source latency
                  0.04    0.03   10.03 ^ clk (in)
     1    0.01                           clk (net)
                  0.04    0.00   10.03 ^ clkbuf_0_clk/A (sky130_fd_sc_hd__clkbuf_16)
                  0.05    0.13   10.15 ^ clkbuf_0_clk/X (sky130_fd_sc_hd__clkbuf_16)
     4    0.03                           clknet_0_clk (net)
                  0.05    0.00   10.15 ^ clkbuf_2_3__f_clk/A (sky130_fd_sc_hd__clkbuf_16)
                  0.05    0.12   10.28 ^ clkbuf_2_3__f_clk/X (sky130_fd_sc_hd__clkbuf_16)
    12    0.02                           clknet_2_3__leaf_clk (net)
                  0.05    0.00   10.28 ^ _696_/CLK (sky130_fd_sc_hd__dfrtp_1)
                         -0.25   10.03   clock uncertainty
                          0.00   10.03   clock reconvergence pessimism
                         -0.11    9.92   library setup time
                                  9.92   data required time
-----------------------------------------------------------------------------
                                  9.92   data required time
                                 -2.42   data arrival time
-----------------------------------------------------------------------------
                                  7.50   slack (MET)


Startpoint: start (input port clocked by clk)
Endpoint: _695_ (rising edge-triggered flip-flop clocked by clk)
Path Group: clk
Path Type: max

Fanout     Cap    Slew   Delay    Time   Description
-----------------------------------------------------------------------------
                          0.00    0.00   clock clk (rise edge)
                          0.00    0.00   clock network delay (propagated)
                          2.00    2.00 ^ input external delay
                  0.02    0.01    2.01 ^ start (in)
     1    0.00                           start (net)
                  0.02    0.00    2.01 ^ input18/A (sky130_fd_sc_hd__clkbuf_4)
                  0.09    0.17    2.17 ^ input18/X (sky130_fd_sc_hd__clkbuf_4)
     5    0.03                           net18 (net)
                  0.09    0.00    2.17 ^ _554_/B (sky130_fd_sc_hd__nand2_8)
                  0.07    0.08    2.25 v _554_/Y (sky130_fd_sc_hd__nand2_8)
    10    0.03                           _300_ (net)
                  0.07    0.00    2.25 v _630_/C1 (sky130_fd_sc_hd__o211ai_1)
                  0.13    0.08    2.34 ^ _630_/Y (sky130_fd_sc_hd__o211ai_1)
     1    0.00                           _340_ (net)
                  0.13    0.00    2.34 ^ _631_/B1 (sky130_fd_sc_hd__o21ai_1)
                  0.05    0.08    2.42 v _631_/Y (sky130_fd_sc_hd__o21ai_1)
     1    0.00                           _056_ (net)
                  0.05    0.00    2.42 v _695_/D (sky130_fd_sc_hd__dfrtp_1)
                                  2.42   data arrival time

                         10.00   10.00   clock clk (rise edge)
                          0.00   10.00   clock source latency
                  0.04    0.03   10.03 ^ clk (in)
     1    0.01                           clk (net)
                  0.04    0.00   10.03 ^ clkbuf_0_clk/A (sky130_fd_sc_hd__clkbuf_16)
                  0.05    0.13   10.15 ^ clkbuf_0_clk/X (sky130_fd_sc_hd__clkbuf_16)
     4    0.03                           clknet_0_clk (net)
                  0.05    0.00   10.15 ^ clkbuf_2_1__f_clk/A (sky130_fd_sc_hd__clkbuf_16)
                  0.05    0.13   10.28 ^ clkbuf_2_1__f_clk/X (sky130_fd_sc_hd__clkbuf_16)
    14    0.03                           clknet_2_1__leaf_clk (net)
                  0.05    0.00   10.28 ^ _695_/CLK (sky130_fd_sc_hd__dfrtp_1)
                         -0.25   10.03   clock uncertainty
                          0.00   10.03   clock reconvergence pessimism
                         -0.12    9.92   library setup time
                                  9.92   data required time
-----------------------------------------------------------------------------
                                  9.92   data required time
                                 -2.42   data arrival time
-----------------------------------------------------------------------------
                                  7.50   slack (MET)


Startpoint: _699_ (rising edge-triggered flip-flop clocked by clk)
Endpoint: _708_ (rising edge-triggered flip-flop clocked by clk)
Path Group: clk
Path Type: max

Fanout     Cap    Slew   Delay    Time   Description
-----------------------------------------------------------------------------
                          0.00    0.00   clock clk (rise edge)
                          0.00    0.00   clock source latency
                  0.04    0.03    0.03 ^ clk (in)
     1    0.01                           clk (net)
                  0.04    0.00    0.03 ^ clkbuf_0_clk/A (sky130_fd_sc_hd__clkbuf_16)
                  0.05    0.14    0.17 ^ clkbuf_0_clk/X (sky130_fd_sc_hd__clkbuf_16)
     4    0.03                           clknet_0_clk (net)
                  0.05    0.00    0.17 ^ clkbuf_2_1__f_clk/A (sky130_fd_sc_hd__clkbuf_16)
                  0.05    0.14    0.31 ^ clkbuf_2_1__f_clk/X (sky130_fd_sc_hd__clkbuf_16)
    14    0.03                           clknet_2_1__leaf_clk (net)
                  0.05    0.00    0.31 ^ _699_/CLK (sky130_fd_sc_hd__dfrtp_4)
                  0.09    0.54    0.85 v _699_/Q (sky130_fd_sc_hd__dfrtp_4)
     9    0.03                           u_core.Q_1 (net)
                  0.09    0.00    0.85 v _347_/A_N (sky130_fd_sc_hd__and2b_1)
                  0.06    0.23    1.08 ^ _347_/X (sky130_fd_sc_hd__and2b_1)
     2    0.00                           _108_ (net)
                  0.06    0.00    1.08 ^ _348_/A (sky130_fd_sc_hd__clkbuf_4)
                  0.11    0.20    1.28 ^ _348_/X (sky130_fd_sc_hd__clkbuf_4)
    10    0.03                           _109_ (net)
                  0.11    0.00    1.28 ^ _349_/A (sky130_fd_sc_hd__clkbuf_4)
                  0.09    0.20    1.48 ^ _349_/X (sky130_fd_sc_hd__clkbuf_4)
    10    0.02                           _110_ (net)
                  0.09    0.00    1.48 ^ _571_/A1 (sky130_fd_sc_hd__o21ai_1)
                  0.04    0.07    1.54 v _571_/Y (sky130_fd_sc_hd__o21ai_1)
     1    0.00                           _309_ (net)
                  0.04    0.00    1.54 v _572_/B1 (sky130_fd_sc_hd__a2bb2o_1)
                  0.06    0.29    1.83 v _572_/X (sky130_fd_sc_hd__a2bb2o_1)
     2    0.00                           _310_ (net)
                  0.06    0.00    1.83 v _606_/A0 (sky130_fd_sc_hd__mux2_1)
                  0.05    0.29    2.12 v _606_/X (sky130_fd_sc_hd__mux2_1)
     1    0.00                           _328_ (net)
                  0.05    0.00    2.12 v _607_/A (sky130_fd_sc_hd__clkbuf_1)
                  0.02    0.09    2.21 v _607_/X (sky130_fd_sc_hd__clkbuf_1)
     1    0.00                           _068_ (net)
                  0.02    0.00    2.21 v _708_/D (sky130_fd_sc_hd__dfrtp_1)
                                  2.21   data arrival time

                         10.00   10.00   clock clk (rise edge)
                          0.00   10.00   clock source latency
                  0.04    0.03   10.03 ^ clk (in)
     1    0.01                           clk (net)
                  0.04    0.00   10.03 ^ clkbuf_0_clk/A (sky130_fd_sc_hd__clkbuf_16)
                  0.05    0.13   10.15 ^ clkbuf_0_clk/X (sky130_fd_sc_hd__clkbuf_16)
     4    0.03                           clknet_0_clk (net)
                  0.05    0.00   10.15 ^ clkbuf_2_2__f_clk/A (sky130_fd_sc_hd__clkbuf_16)
                  0.05    0.13   10.28 ^ clkbuf_2_2__f_clk/X (sky130_fd_sc_hd__clkbuf_16)
    13    0.02                           clknet_2_2__leaf_clk (net)
                  0.05    0.00   10.28 ^ _708_/CLK (sky130_fd_sc_hd__dfrtp_1)
                         -0.25   10.03   clock uncertainty
                          0.02   10.05   clock reconvergence pessimism
                         -0.10    9.94   library setup time
                                  9.94   data required time
-----------------------------------------------------------------------------
                                  9.94   data required time
                                 -2.21   data arrival time
-----------------------------------------------------------------------------
                                  7.73   slack (MET)


Startpoint: rst (input port clocked by clk)
Endpoint: _728_ (recovery check against rising-edge clock clk)
Path Group: asynchronous
Path Type: max

Fanout     Cap    Slew   Delay    Time   Description
-----------------------------------------------------------------------------
                          0.00    0.00   clock clk (rise edge)
                          0.00    0.00   clock network delay (propagated)
                          2.00    2.00 v input external delay
                  0.01    0.00    2.00 v rst (in)
     1    0.00                           rst (net)
                  0.01    0.00    2.00 v input17/A (sky130_fd_sc_hd__clkbuf_1)
                  0.02    0.07    2.08 v input17/X (sky130_fd_sc_hd__clkbuf_1)
     1    0.00                           net17 (net)
                  0.02    0.00    2.08 v _634_/A (sky130_fd_sc_hd__buf_4)
                  0.06    0.17    2.24 v _634_/X (sky130_fd_sc_hd__buf_4)
     9    0.04                           _341_ (net)
                  0.06    0.00    2.24 v _668_/A (sky130_fd_sc_hd__clkbuf_8)
                  0.06    0.18    2.43 v _668_/X (sky130_fd_sc_hd__clkbuf_8)
    10    0.04                           _345_ (net)
                  0.06    0.00    2.43 v _673_/A (sky130_fd_sc_hd__inv_2)
                  0.03    0.05    2.48 ^ _673_/Y (sky130_fd_sc_hd__inv_2)
     1    0.00                           _035_ (net)
                  0.03    0.00    2.48 ^ _728_/RESET_B (sky130_fd_sc_hd__dfrtp_4)
                                  2.48   data arrival time

                         10.00   10.00   clock clk (rise edge)
                          0.00   10.00   clock source latency
                  0.04    0.03   10.03 ^ clk (in)
     1    0.01                           clk (net)
                  0.04    0.00   10.03 ^ clkbuf_0_clk/A (sky130_fd_sc_hd__clkbuf_16)
                  0.05    0.13   10.15 ^ clkbuf_0_clk/X (sky130_fd_sc_hd__clkbuf_16)
     4    0.03                           clknet_0_clk (net)
                  0.05    0.00   10.15 ^ clkbuf_2_3__f_clk/A (sky130_fd_sc_hd__clkbuf_16)
                  0.05    0.12   10.28 ^ clkbuf_2_3__f_clk/X (sky130_fd_sc_hd__clkbuf_16)
    12    0.02                           clknet_2_3__leaf_clk (net)
                  0.05    0.00   10.28 ^ _728_/CLK (sky130_fd_sc_hd__dfrtp_4)
                         -0.25   10.03   clock uncertainty
                          0.00   10.03   clock reconvergence pessimism
                          0.22   10.25   library recovery time
                                 10.25   data required time
-----------------------------------------------------------------------------
                                 10.25   data required time
                                 -2.48   data arrival time
-----------------------------------------------------------------------------
                                  7.77   slack (MET)


Startpoint: rst (input port clocked by clk)
Endpoint: _732_ (recovery check against rising-edge clock clk)
Path Group: asynchronous
Path Type: max

Fanout     Cap    Slew   Delay    Time   Description
-----------------------------------------------------------------------------
                          0.00    0.00   clock clk (rise edge)
                          0.00    0.00   clock network delay (propagated)
                          2.00    2.00 v input external delay
                  0.01    0.00    2.00 v rst (in)
     1    0.00                           rst (net)
                  0.01    0.00    2.00 v input17/A (sky130_fd_sc_hd__clkbuf_1)
                  0.02    0.07    2.08 v input17/X (sky130_fd_sc_hd__clkbuf_1)
     1    0.00                           net17 (net)
                  0.02    0.00    2.08 v _634_/A (sky130_fd_sc_hd__buf_4)
                  0.06    0.17    2.24 v _634_/X (sky130_fd_sc_hd__buf_4)
     9    0.04                           _341_ (net)
                  0.06    0.00    2.24 v _668_/A (sky130_fd_sc_hd__clkbuf_8)
                  0.06    0.18    2.43 v _668_/X (sky130_fd_sc_hd__clkbuf_8)
    10    0.04                           _345_ (net)
                  0.06    0.00    2.43 v _677_/A (sky130_fd_sc_hd__inv_2)
                  0.03    0.05    2.48 ^ _677_/Y (sky130_fd_sc_hd__inv_2)
     1    0.00                           _039_ (net)
                  0.03    0.00    2.48 ^ _732_/RESET_B (sky130_fd_sc_hd__dfrtp_4)
                                  2.48   data arrival time

                         10.00   10.00   clock clk (rise edge)
                          0.00   10.00   clock source latency
                  0.04    0.03   10.03 ^ clk (in)
     1    0.01                           clk (net)
                  0.04    0.00   10.03 ^ clkbuf_0_clk/A (sky130_fd_sc_hd__clkbuf_16)
                  0.05    0.13   10.15 ^ clkbuf_0_clk/X (sky130_fd_sc_hd__clkbuf_16)
     4    0.03                           clknet_0_clk (net)
                  0.05    0.00   10.15 ^ clkbuf_2_3__f_clk/A (sky130_fd_sc_hd__clkbuf_16)
                  0.05    0.12   10.28 ^ clkbuf_2_3__f_clk/X (sky130_fd_sc_hd__clkbuf_16)
    12    0.02                           clknet_2_3__leaf_clk (net)
                  0.05    0.00   10.28 ^ _732_/CLK (sky130_fd_sc_hd__dfrtp_4)
                         -0.25   10.03   clock uncertainty
                          0.00   10.03   clock reconvergence pessimism
                          0.22   10.25   library recovery time
                                 10.25   data required time
-----------------------------------------------------------------------------
                                 10.25   data required time
                                 -2.48   data arrival time
-----------------------------------------------------------------------------
                                  7.77   slack (MET)


Startpoint: rst (input port clocked by clk)
Endpoint: _698_ (recovery check against rising-edge clock clk)
Path Group: asynchronous
Path Type: max

Fanout     Cap    Slew   Delay    Time   Description
-----------------------------------------------------------------------------
                          0.00    0.00   clock clk (rise edge)
                          0.00    0.00   clock network delay (propagated)
                          2.00    2.00 v input external delay
                  0.01    0.00    2.00 v rst (in)
     1    0.00                           rst (net)
                  0.01    0.00    2.00 v input17/A (sky130_fd_sc_hd__clkbuf_1)
                  0.02    0.07    2.08 v input17/X (sky130_fd_sc_hd__clkbuf_1)
     1    0.00                           net17 (net)
                  0.02    0.00    2.08 v _634_/A (sky130_fd_sc_hd__buf_4)
                  0.06    0.17    2.24 v _634_/X (sky130_fd_sc_hd__buf_4)
     9    0.04                           _341_ (net)
                  0.06    0.00    2.24 v _635_/A (sky130_fd_sc_hd__clkbuf_8)
                  0.06    0.18    2.43 v _635_/X (sky130_fd_sc_hd__clkbuf_8)
    10    0.04                           _342_ (net)
                  0.06    0.00    2.43 v _640_/A (sky130_fd_sc_hd__inv_2)
                  0.03    0.05    2.48 ^ _640_/Y (sky130_fd_sc_hd__inv_2)
     1    0.00                           _005_ (net)
                  0.03    0.00    2.48 ^ _698_/RESET_B (sky130_fd_sc_hd__dfrtp_2)
                                  2.48   data arrival time

                         10.00   10.00   clock clk (rise edge)
                          0.00   10.00   clock source latency
                  0.04    0.03   10.03 ^ clk (in)
     1    0.01                           clk (net)
                  0.04    0.00   10.03 ^ clkbuf_0_clk/A (sky130_fd_sc_hd__clkbuf_16)
                  0.05    0.13   10.15 ^ clkbuf_0_clk/X (sky130_fd_sc_hd__clkbuf_16)
     4    0.03                           clknet_0_clk (net)
                  0.05    0.00   10.15 ^ clkbuf_2_3__f_clk/A (sky130_fd_sc_hd__clkbuf_16)
                  0.05    0.12   10.28 ^ clkbuf_2_3__f_clk/X (sky130_fd_sc_hd__clkbuf_16)
    12    0.02                           clknet_2_3__leaf_clk (net)
                  0.05    0.00   10.28 ^ _698_/CLK (sky130_fd_sc_hd__dfrtp_2)
                         -0.25   10.03   clock uncertainty
                          0.00   10.03   clock reconvergence pessimism
                          0.22   10.25   library recovery time
                                 10.25   data required time
-----------------------------------------------------------------------------
                                 10.25   data required time
                                 -2.48   data arrival time
-----------------------------------------------------------------------------
                                  7.77   slack (MET)


Startpoint: rst (input port clocked by clk)
Endpoint: _715_ (recovery check against rising-edge clock clk)
Path Group: asynchronous
Path Type: max

Fanout     Cap    Slew   Delay    Time   Description
-----------------------------------------------------------------------------
                          0.00    0.00   clock clk (rise edge)
                          0.00    0.00   clock network delay (propagated)
                          2.00    2.00 v input external delay
                  0.01    0.00    2.00 v rst (in)
     1    0.00                           rst (net)
                  0.01    0.00    2.00 v input17/A (sky130_fd_sc_hd__clkbuf_1)
                  0.02    0.07    2.08 v input17/X (sky130_fd_sc_hd__clkbuf_1)
     1    0.00                           net17 (net)
                  0.02    0.00    2.08 v _634_/A (sky130_fd_sc_hd__buf_4)
                  0.06    0.17    2.24 v _634_/X (sky130_fd_sc_hd__buf_4)
     9    0.04                           _341_ (net)
                  0.06    0.00    2.24 v _657_/A (sky130_fd_sc_hd__clkbuf_8)
                  0.06    0.18    2.43 v _657_/X (sky130_fd_sc_hd__clkbuf_8)
    10    0.04                           _344_ (net)
                  0.06    0.00    2.43 v _659_/A (sky130_fd_sc_hd__inv_2)
                  0.03    0.05    2.48 ^ _659_/Y (sky130_fd_sc_hd__inv_2)
     1    0.00                           _022_ (net)
                  0.03    0.00    2.48 ^ _715_/RESET_B (sky130_fd_sc_hd__dfrtp_2)
                                  2.48   data arrival time

                         10.00   10.00   clock clk (rise edge)
                          0.00   10.00   clock source latency
                  0.04    0.03   10.03 ^ clk (in)
     1    0.01                           clk (net)
                  0.04    0.00   10.03 ^ clkbuf_0_clk/A (sky130_fd_sc_hd__clkbuf_16)
                  0.05    0.13   10.15 ^ clkbuf_0_clk/X (sky130_fd_sc_hd__clkbuf_16)
     4    0.03                           clknet_0_clk (net)
                  0.05    0.00   10.15 ^ clkbuf_2_3__f_clk/A (sky130_fd_sc_hd__clkbuf_16)
                  0.05    0.12   10.28 ^ clkbuf_2_3__f_clk/X (sky130_fd_sc_hd__clkbuf_16)
    12    0.02                           clknet_2_3__leaf_clk (net)
                  0.05    0.00   10.28 ^ _715_/CLK (sky130_fd_sc_hd__dfrtp_2)
                         -0.25   10.03   clock uncertainty
                          0.00   10.03   clock reconvergence pessimism
                          0.22   10.25   library recovery time
                                 10.25   data required time
-----------------------------------------------------------------------------
                                 10.25   data required time
                                 -2.48   data arrival time
-----------------------------------------------------------------------------
                                  7.77   slack (MET)


Startpoint: rst (input port clocked by clk)
Endpoint: _739_ (recovery check against rising-edge clock clk)
Path Group: asynchronous
Path Type: max

Fanout     Cap    Slew   Delay    Time   Description
-----------------------------------------------------------------------------
                          0.00    0.00   clock clk (rise edge)
                          0.00    0.00   clock network delay (propagated)
                          2.00    2.00 v input external delay
                  0.01    0.00    2.00 v rst (in)
     1    0.00                           rst (net)
                  0.01    0.00    2.00 v input17/A (sky130_fd_sc_hd__clkbuf_1)
                  0.02    0.07    2.08 v input17/X (sky130_fd_sc_hd__clkbuf_1)
     1    0.00                           net17 (net)
                  0.02    0.00    2.08 v _634_/A (sky130_fd_sc_hd__buf_4)
                  0.06    0.17    2.24 v _634_/X (sky130_fd_sc_hd__buf_4)
     9    0.04                           _341_ (net)
                  0.06    0.00    2.24 v _679_/A (sky130_fd_sc_hd__clkbuf_8)
                  0.06    0.18    2.43 v _679_/X (sky130_fd_sc_hd__clkbuf_8)
    10    0.04                           _346_ (net)
                  0.06    0.00    2.43 v _685_/A (sky130_fd_sc_hd__inv_2)
                  0.03    0.05    2.48 ^ _685_/Y (sky130_fd_sc_hd__inv_2)
     1    0.00                           _046_ (net)
                  0.03    0.00    2.48 ^ _739_/RESET_B (sky130_fd_sc_hd__dfrtp_2)
                                  2.48   data arrival time

                         10.00   10.00   clock clk (rise edge)
                          0.00   10.00   clock source latency
                  0.04    0.03   10.03 ^ clk (in)
     1    0.01                           clk (net)
                  0.04    0.00   10.03 ^ clkbuf_0_clk/A (sky130_fd_sc_hd__clkbuf_16)
                  0.05    0.13   10.15 ^ clkbuf_0_clk/X (sky130_fd_sc_hd__clkbuf_16)
     4    0.03                           clknet_0_clk (net)
                  0.05    0.00   10.15 ^ clkbuf_2_3__f_clk/A (sky130_fd_sc_hd__clkbuf_16)
                  0.05    0.12   10.28 ^ clkbuf_2_3__f_clk/X (sky130_fd_sc_hd__clkbuf_16)
    12    0.02                           clknet_2_3__leaf_clk (net)
                  0.05    0.00   10.28 ^ _739_/CLK (sky130_fd_sc_hd__dfrtp_2)
                         -0.25   10.03   clock uncertainty
                          0.00   10.03   clock reconvergence pessimism
                          0.22   10.25   library recovery time
                                 10.25   data required time
-----------------------------------------------------------------------------
                                 10.25   data required time
                                 -2.48   data arrival time
-----------------------------------------------------------------------------
                                  7.77   slack (MET)


Startpoint: rst (input port clocked by clk)
Endpoint: _740_ (recovery check against rising-edge clock clk)
Path Group: asynchronous
Path Type: max

Fanout     Cap    Slew   Delay    Time   Description
-----------------------------------------------------------------------------
                          0.00    0.00   clock clk (rise edge)
                          0.00    0.00   clock network delay (propagated)
                          2.00    2.00 v input external delay
                  0.01    0.00    2.00 v rst (in)
     1    0.00                           rst (net)
                  0.01    0.00    2.00 v input17/A (sky130_fd_sc_hd__clkbuf_1)
                  0.02    0.07    2.08 v input17/X (sky130_fd_sc_hd__clkbuf_1)
     1    0.00                           net17 (net)
                  0.02    0.00    2.08 v _634_/A (sky130_fd_sc_hd__buf_4)
                  0.06    0.17    2.24 v _634_/X (sky130_fd_sc_hd__buf_4)
     9    0.04                           _341_ (net)
                  0.06    0.00    2.24 v _679_/A (sky130_fd_sc_hd__clkbuf_8)
                  0.06    0.18    2.43 v _679_/X (sky130_fd_sc_hd__clkbuf_8)
    10    0.04                           _346_ (net)
                  0.06    0.00    2.43 v _686_/A (sky130_fd_sc_hd__inv_2)
                  0.03    0.05    2.48 ^ _686_/Y (sky130_fd_sc_hd__inv_2)
     1    0.00                           _047_ (net)
                  0.03    0.00    2.48 ^ _740_/RESET_B (sky130_fd_sc_hd__dfrtp_4)
                                  2.48   data arrival time

                         10.00   10.00   clock clk (rise edge)
                          0.00   10.00   clock source latency
                  0.04    0.03   10.03 ^ clk (in)
     1    0.01                           clk (net)
                  0.04    0.00   10.03 ^ clkbuf_0_clk/A (sky130_fd_sc_hd__clkbuf_16)
                  0.05    0.13   10.15 ^ clkbuf_0_clk/X (sky130_fd_sc_hd__clkbuf_16)
     4    0.03                           clknet_0_clk (net)
                  0.05    0.00   10.15 ^ clkbuf_2_2__f_clk/A (sky130_fd_sc_hd__clkbuf_16)
                  0.05    0.13   10.28 ^ clkbuf_2_2__f_clk/X (sky130_fd_sc_hd__clkbuf_16)
    13    0.02                           clknet_2_2__leaf_clk (net)
                  0.05    0.00   10.28 ^ _740_/CLK (sky130_fd_sc_hd__dfrtp_4)
                         -0.25   10.03   clock uncertainty
                          0.00   10.03   clock reconvergence pessimism
                          0.22   10.25   library recovery time
                                 10.25   data required time
-----------------------------------------------------------------------------
                                 10.25   data required time
                                 -2.48   data arrival time
-----------------------------------------------------------------------------
                                  7.77   slack (MET)


Startpoint: rst (input port clocked by clk)
Endpoint: _741_ (recovery check against rising-edge clock clk)
Path Group: asynchronous
Path Type: max

Fanout     Cap    Slew   Delay    Time   Description
-----------------------------------------------------------------------------
                          0.00    0.00   clock clk (rise edge)
                          0.00    0.00   clock network delay (propagated)
                          2.00    2.00 v input external delay
                  0.01    0.00    2.00 v rst (in)
     1    0.00                           rst (net)
                  0.01    0.00    2.00 v input17/A (sky130_fd_sc_hd__clkbuf_1)
                  0.02    0.07    2.08 v input17/X (sky130_fd_sc_hd__clkbuf_1)
     1    0.00                           net17 (net)
                  0.02    0.00    2.08 v _634_/A (sky130_fd_sc_hd__buf_4)
                  0.06    0.17    2.24 v _634_/X (sky130_fd_sc_hd__buf_4)
     9    0.04                           _341_ (net)
                  0.06    0.00    2.24 v _679_/A (sky130_fd_sc_hd__clkbuf_8)
                  0.06    0.18    2.43 v _679_/X (sky130_fd_sc_hd__clkbuf_8)
    10    0.04                           _346_ (net)
                  0.06    0.00    2.43 v _687_/A (sky130_fd_sc_hd__inv_2)
                  0.03    0.05    2.48 ^ _687_/Y (sky130_fd_sc_hd__inv_2)
     1    0.00                           _048_ (net)
                  0.03    0.00    2.48 ^ _741_/RESET_B (sky130_fd_sc_hd__dfrtp_4)
                                  2.48   data arrival time

                         10.00   10.00   clock clk (rise edge)
                          0.00   10.00   clock source latency
                  0.04    0.03   10.03 ^ clk (in)
     1    0.01                           clk (net)
                  0.04    0.00   10.03 ^ clkbuf_0_clk/A (sky130_fd_sc_hd__clkbuf_16)
                  0.05    0.13   10.15 ^ clkbuf_0_clk/X (sky130_fd_sc_hd__clkbuf_16)
     4    0.03                           clknet_0_clk (net)
                  0.05    0.00   10.15 ^ clkbuf_2_2__f_clk/A (sky130_fd_sc_hd__clkbuf_16)
                  0.05    0.13   10.28 ^ clkbuf_2_2__f_clk/X (sky130_fd_sc_hd__clkbuf_16)
    13    0.02                           clknet_2_2__leaf_clk (net)
                  0.05    0.00   10.28 ^ _741_/CLK (sky130_fd_sc_hd__dfrtp_4)
                         -0.25   10.03   clock uncertainty
                          0.00   10.03   clock reconvergence pessimism
                          0.22   10.25   library recovery time
                                 10.25   data required time
-----------------------------------------------------------------------------
                                 10.25   data required time
                                 -2.48   data arrival time
-----------------------------------------------------------------------------
                                  7.77   slack (MET)


Startpoint: rst (input port clocked by clk)
Endpoint: _742_ (recovery check against rising-edge clock clk)
Path Group: asynchronous
Path Type: max

Fanout     Cap    Slew   Delay    Time   Description
-----------------------------------------------------------------------------
                          0.00    0.00   clock clk (rise edge)
                          0.00    0.00   clock network delay (propagated)
                          2.00    2.00 v input external delay
                  0.01    0.00    2.00 v rst (in)
     1    0.00                           rst (net)
                  0.01    0.00    2.00 v input17/A (sky130_fd_sc_hd__clkbuf_1)
                  0.02    0.07    2.08 v input17/X (sky130_fd_sc_hd__clkbuf_1)
     1    0.00                           net17 (net)
                  0.02    0.00    2.08 v _634_/A (sky130_fd_sc_hd__buf_4)
                  0.06    0.17    2.24 v _634_/X (sky130_fd_sc_hd__buf_4)
     9    0.04                           _341_ (net)
                  0.06    0.00    2.24 v _679_/A (sky130_fd_sc_hd__clkbuf_8)
                  0.06    0.18    2.43 v _679_/X (sky130_fd_sc_hd__clkbuf_8)
    10    0.04                           _346_ (net)
                  0.06    0.00    2.43 v _688_/A (sky130_fd_sc_hd__inv_2)
                  0.03    0.05    2.48 ^ _688_/Y (sky130_fd_sc_hd__inv_2)
     1    0.00                           _049_ (net)
                  0.03    0.00    2.48 ^ _742_/RESET_B (sky130_fd_sc_hd__dfrtp_4)
                                  2.48   data arrival time

                         10.00   10.00   clock clk (rise edge)
                          0.00   10.00   clock source latency
                  0.04    0.03   10.03 ^ clk (in)
     1    0.01                           clk (net)
                  0.04    0.00   10.03 ^ clkbuf_0_clk/A (sky130_fd_sc_hd__clkbuf_16)
                  0.05    0.13   10.15 ^ clkbuf_0_clk/X (sky130_fd_sc_hd__clkbuf_16)
     4    0.03                           clknet_0_clk (net)
                  0.05    0.00   10.15 ^ clkbuf_2_2__f_clk/A (sky130_fd_sc_hd__clkbuf_16)
                  0.05    0.13   10.28 ^ clkbuf_2_2__f_clk/X (sky130_fd_sc_hd__clkbuf_16)
    13    0.02                           clknet_2_2__leaf_clk (net)
                  0.05    0.00   10.28 ^ _742_/CLK (sky130_fd_sc_hd__dfrtp_4)
                         -0.25   10.03   clock uncertainty
                          0.00   10.03   clock reconvergence pessimism
                          0.22   10.25   library recovery time
                                 10.25   data required time
-----------------------------------------------------------------------------
                                 10.25   data required time
                                 -2.48   data arrival time
-----------------------------------------------------------------------------
                                  7.77   slack (MET)


Startpoint: rst (input port clocked by clk)
Endpoint: _724_ (recovery check against rising-edge clock clk)
Path Group: asynchronous
Path Type: max

Fanout     Cap    Slew   Delay    Time   Description
-----------------------------------------------------------------------------
                          0.00    0.00   clock clk (rise edge)
                          0.00    0.00   clock network delay (propagated)
                          2.00    2.00 v input external delay
                  0.01    0.00    2.00 v rst (in)
     1    0.00                           rst (net)
                  0.01    0.00    2.00 v input17/A (sky130_fd_sc_hd__clkbuf_1)
                  0.02    0.07    2.08 v input17/X (sky130_fd_sc_hd__clkbuf_1)
     1    0.00                           net17 (net)
                  0.02    0.00    2.08 v _634_/A (sky130_fd_sc_hd__buf_4)
                  0.06    0.17    2.24 v _634_/X (sky130_fd_sc_hd__buf_4)
     9    0.04                           _341_ (net)
                  0.06    0.00    2.24 v _668_/A (sky130_fd_sc_hd__clkbuf_8)
                  0.06    0.18    2.43 v _668_/X (sky130_fd_sc_hd__clkbuf_8)
    10    0.04                           _345_ (net)
                  0.06    0.00    2.43 v _669_/A (sky130_fd_sc_hd__inv_2)
                  0.03    0.05    2.48 ^ _669_/Y (sky130_fd_sc_hd__inv_2)
     1    0.00                           _031_ (net)
                  0.03    0.00    2.48 ^ _724_/RESET_B (sky130_fd_sc_hd__dfrtp_2)
                                  2.48   data arrival time

                         10.00   10.00   clock clk (rise edge)
                          0.00   10.00   clock source latency
                  0.04    0.03   10.03 ^ clk (in)
     1    0.01                           clk (net)
                  0.04    0.00   10.03 ^ clkbuf_0_clk/A (sky130_fd_sc_hd__clkbuf_16)
                  0.05    0.13   10.15 ^ clkbuf_0_clk/X (sky130_fd_sc_hd__clkbuf_16)
     4    0.03                           clknet_0_clk (net)
                  0.05    0.00   10.15 ^ clkbuf_2_2__f_clk/A (sky130_fd_sc_hd__clkbuf_16)
                  0.05    0.13   10.28 ^ clkbuf_2_2__f_clk/X (sky130_fd_sc_hd__clkbuf_16)
    13    0.02                           clknet_2_2__leaf_clk (net)
                  0.05    0.00   10.28 ^ _724_/CLK (sky130_fd_sc_hd__dfrtp_2)
                         -0.25   10.03   clock uncertainty
                          0.00   10.03   clock reconvergence pessimism
                          0.22   10.26   library recovery time
                                 10.26   data required time
-----------------------------------------------------------------------------
                                 10.26   data required time
                                 -2.48   data arrival time
-----------------------------------------------------------------------------
                                  7.78   slack (MET)


Startpoint: rst (input port clocked by clk)
Endpoint: _743_ (recovery check against rising-edge clock clk)
Path Group: asynchronous
Path Type: max

Fanout     Cap    Slew   Delay    Time   Description
-----------------------------------------------------------------------------
                          0.00    0.00   clock clk (rise edge)
                          0.00    0.00   clock network delay (propagated)
                          2.00    2.00 v input external delay
                  0.01    0.00    2.00 v rst (in)
     1    0.00                           rst (net)
                  0.01    0.00    2.00 v input17/A (sky130_fd_sc_hd__clkbuf_1)
                  0.02    0.07    2.08 v input17/X (sky130_fd_sc_hd__clkbuf_1)
     1    0.00                           net17 (net)
                  0.02    0.00    2.08 v _634_/A (sky130_fd_sc_hd__buf_4)
                  0.06    0.17    2.24 v _634_/X (sky130_fd_sc_hd__buf_4)
     9    0.04                           _341_ (net)
                  0.06    0.00    2.24 v _679_/A (sky130_fd_sc_hd__clkbuf_8)
                  0.06    0.18    2.43 v _679_/X (sky130_fd_sc_hd__clkbuf_8)
    10    0.04                           _346_ (net)
                  0.06    0.00    2.43 v _689_/A (sky130_fd_sc_hd__inv_2)
                  0.03    0.05    2.48 ^ _689_/Y (sky130_fd_sc_hd__inv_2)
     1    0.00                           _050_ (net)
                  0.03    0.00    2.48 ^ _743_/RESET_B (sky130_fd_sc_hd__dfrtp_2)
                                  2.48   data arrival time

                         10.00   10.00   clock clk (rise edge)
                          0.00   10.00   clock source latency
                  0.04    0.03   10.03 ^ clk (in)
     1    0.01                           clk (net)
                  0.04    0.00   10.03 ^ clkbuf_0_clk/A (sky130_fd_sc_hd__clkbuf_16)
                  0.05    0.13   10.15 ^ clkbuf_0_clk/X (sky130_fd_sc_hd__clkbuf_16)
     4    0.03                           clknet_0_clk (net)
                  0.05    0.00   10.15 ^ clkbuf_2_2__f_clk/A (sky130_fd_sc_hd__clkbuf_16)
                  0.05    0.13   10.28 ^ clkbuf_2_2__f_clk/X (sky130_fd_sc_hd__clkbuf_16)
    13    0.02                           clknet_2_2__leaf_clk (net)
                  0.05    0.00   10.28 ^ _743_/CLK (sky130_fd_sc_hd__dfrtp_2)
                         -0.25   10.03   clock uncertainty
                          0.00   10.03   clock reconvergence pessimism
                          0.22   10.26   library recovery time
                                 10.26   data required time
-----------------------------------------------------------------------------
                                 10.26   data required time
                                 -2.48   data arrival time
-----------------------------------------------------------------------------
                                  7.78   slack (MET)


Startpoint: rst (input port clocked by clk)
Endpoint: _699_ (recovery check against rising-edge clock clk)
Path Group: asynchronous
Path Type: max

Fanout     Cap    Slew   Delay    Time   Description
-----------------------------------------------------------------------------
                          0.00    0.00   clock clk (rise edge)
                          0.00    0.00   clock network delay (propagated)
                          2.00    2.00 v input external delay
                  0.01    0.00    2.00 v rst (in)
     1    0.00                           rst (net)
                  0.01    0.00    2.00 v input17/A (sky130_fd_sc_hd__clkbuf_1)
                  0.02    0.07    2.08 v input17/X (sky130_fd_sc_hd__clkbuf_1)
     1    0.00                           net17 (net)
                  0.02    0.00    2.08 v _634_/A (sky130_fd_sc_hd__buf_4)
                  0.06    0.17    2.24 v _634_/X (sky130_fd_sc_hd__buf_4)
     9    0.04                           _341_ (net)
                  0.06    0.00    2.24 v _635_/A (sky130_fd_sc_hd__clkbuf_8)
                  0.06    0.18    2.43 v _635_/X (sky130_fd_sc_hd__clkbuf_8)
    10    0.04                           _342_ (net)
                  0.06    0.00    2.43 v _641_/A (sky130_fd_sc_hd__inv_2)
                  0.03    0.05    2.48 ^ _641_/Y (sky130_fd_sc_hd__inv_2)
     1    0.00                           _006_ (net)
                  0.03    0.00    2.48 ^ _699_/RESET_B (sky130_fd_sc_hd__dfrtp_4)
                                  2.48   data arrival time

                         10.00   10.00   clock clk (rise edge)
                          0.00   10.00   clock source latency
                  0.04    0.03   10.03 ^ clk (in)
     1    0.01                           clk (net)
                  0.04    0.00   10.03 ^ clkbuf_0_clk/A (sky130_fd_sc_hd__clkbuf_16)
                  0.05    0.13   10.15 ^ clkbuf_0_clk/X (sky130_fd_sc_hd__clkbuf_16)
     4    0.03                           clknet_0_clk (net)
                  0.05    0.00   10.15 ^ clkbuf_2_1__f_clk/A (sky130_fd_sc_hd__clkbuf_16)
                  0.05    0.13   10.28 ^ clkbuf_2_1__f_clk/X (sky130_fd_sc_hd__clkbuf_16)
    14    0.03                           clknet_2_1__leaf_clk (net)
                  0.05    0.00   10.28 ^ _699_/CLK (sky130_fd_sc_hd__dfrtp_4)
                         -0.25   10.03   clock uncertainty
                          0.00   10.03   clock reconvergence pessimism
                          0.22   10.26   library recovery time
                                 10.26   data required time
-----------------------------------------------------------------------------
                                 10.26   data required time
                                 -2.48   data arrival time
-----------------------------------------------------------------------------
                                  7.78   slack (MET)


Startpoint: rst (input port clocked by clk)
Endpoint: _731_ (recovery check against rising-edge clock clk)
Path Group: asynchronous
Path Type: max

Fanout     Cap    Slew   Delay    Time   Description
-----------------------------------------------------------------------------
                          0.00    0.00   clock clk (rise edge)
                          0.00    0.00   clock network delay (propagated)
                          2.00    2.00 v input external delay
                  0.01    0.00    2.00 v rst (in)
     1    0.00                           rst (net)
                  0.01    0.00    2.00 v input17/A (sky130_fd_sc_hd__clkbuf_1)
                  0.02    0.07    2.08 v input17/X (sky130_fd_sc_hd__clkbuf_1)
     1    0.00                           net17 (net)
                  0.02    0.00    2.08 v _634_/A (sky130_fd_sc_hd__buf_4)
                  0.06    0.17    2.24 v _634_/X (sky130_fd_sc_hd__buf_4)
     9    0.04                           _341_ (net)
                  0.06    0.00    2.24 v _668_/A (sky130_fd_sc_hd__clkbuf_8)
                  0.06    0.18    2.43 v _668_/X (sky130_fd_sc_hd__clkbuf_8)
    10    0.04                           _345_ (net)
                  0.06    0.00    2.43 v _676_/A (sky130_fd_sc_hd__inv_2)
                  0.03    0.05    2.48 ^ _676_/Y (sky130_fd_sc_hd__inv_2)
     1    0.00                           _038_ (net)
                  0.03    0.00    2.48 ^ _731_/RESET_B (sky130_fd_sc_hd__dfrtp_4)
                                  2.48   data arrival time

                         10.00   10.00   clock clk (rise edge)
                          0.00   10.00   clock source latency
                  0.04    0.03   10.03 ^ clk (in)
     1    0.01                           clk (net)
                  0.04    0.00   10.03 ^ clkbuf_0_clk/A (sky130_fd_sc_hd__clkbuf_16)
                  0.05    0.13   10.15 ^ clkbuf_0_clk/X (sky130_fd_sc_hd__clkbuf_16)
     4    0.03                           clknet_0_clk (net)
                  0.05    0.00   10.15 ^ clkbuf_2_1__f_clk/A (sky130_fd_sc_hd__clkbuf_16)
                  0.05    0.13   10.28 ^ clkbuf_2_1__f_clk/X (sky130_fd_sc_hd__clkbuf_16)
    14    0.03                           clknet_2_1__leaf_clk (net)
                  0.05    0.00   10.28 ^ _731_/CLK (sky130_fd_sc_hd__dfrtp_4)
                         -0.25   10.03   clock uncertainty
                          0.00   10.03   clock reconvergence pessimism
                          0.22   10.26   library recovery time
                                 10.26   data required time
-----------------------------------------------------------------------------
                                 10.26   data required time
                                 -2.48   data arrival time
-----------------------------------------------------------------------------
                                  7.78   slack (MET)


Startpoint: rst (input port clocked by clk)
Endpoint: _736_ (recovery check against rising-edge clock clk)
Path Group: asynchronous
Path Type: max

Fanout     Cap    Slew   Delay    Time   Description
-----------------------------------------------------------------------------
                          0.00    0.00   clock clk (rise edge)
                          0.00    0.00   clock network delay (propagated)
                          2.00    2.00 v input external delay
                  0.01    0.00    2.00 v rst (in)
     1    0.00                           rst (net)
                  0.01    0.00    2.00 v input17/A (sky130_fd_sc_hd__clkbuf_1)
                  0.02    0.07    2.08 v input17/X (sky130_fd_sc_hd__clkbuf_1)
     1    0.00                           net17 (net)
                  0.02    0.00    2.08 v _634_/A (sky130_fd_sc_hd__buf_4)
                  0.06    0.17    2.24 v _634_/X (sky130_fd_sc_hd__buf_4)
     9    0.04                           _341_ (net)
                  0.06    0.00    2.24 v _679_/A (sky130_fd_sc_hd__clkbuf_8)
                  0.06    0.18    2.43 v _679_/X (sky130_fd_sc_hd__clkbuf_8)
    10    0.04                           _346_ (net)
                  0.06    0.00    2.43 v _682_/A (sky130_fd_sc_hd__inv_2)
                  0.03    0.05    2.48 ^ _682_/Y (sky130_fd_sc_hd__inv_2)
     1    0.00                           _043_ (net)
                  0.03    0.00    2.48 ^ _736_/RESET_B (sky130_fd_sc_hd__dfrtp_2)
                                  2.48   data arrival time

                         10.00   10.00   clock clk (rise edge)
                          0.00   10.00   clock source latency
                  0.04    0.03   10.03 ^ clk (in)
     1    0.01                           clk (net)
                  0.04    0.00   10.03 ^ clkbuf_0_clk/A (sky130_fd_sc_hd__clkbuf_16)
                  0.05    0.13   10.15 ^ clkbuf_0_clk/X (sky130_fd_sc_hd__clkbuf_16)
     4    0.03                           clknet_0_clk (net)
                  0.05    0.00   10.15 ^ clkbuf_2_1__f_clk/A (sky130_fd_sc_hd__clkbuf_16)
                  0.05    0.13   10.28 ^ clkbuf_2_1__f_clk/X (sky130_fd_sc_hd__clkbuf_16)
    14    0.03                           clknet_2_1__leaf_clk (net)
                  0.05    0.00   10.28 ^ _736_/CLK (sky130_fd_sc_hd__dfrtp_2)
                         -0.25   10.03   clock uncertainty
                          0.00   10.03   clock reconvergence pessimism
                          0.23   10.26   library recovery time
                                 10.26   data required time
-----------------------------------------------------------------------------
                                 10.26   data required time
                                 -2.48   data arrival time
-----------------------------------------------------------------------------
                                  7.78   slack (MET)


Startpoint: rst (input port clocked by clk)
Endpoint: _737_ (recovery check against rising-edge clock clk)
Path Group: asynchronous
Path Type: max

Fanout     Cap    Slew   Delay    Time   Description
-----------------------------------------------------------------------------
                          0.00    0.00   clock clk (rise edge)
                          0.00    0.00   clock network delay (propagated)
                          2.00    2.00 v input external delay
                  0.01    0.00    2.00 v rst (in)
     1    0.00                           rst (net)
                  0.01    0.00    2.00 v input17/A (sky130_fd_sc_hd__clkbuf_1)
                  0.02    0.07    2.08 v input17/X (sky130_fd_sc_hd__clkbuf_1)
     1    0.00                           net17 (net)
                  0.02    0.00    2.08 v _634_/A (sky130_fd_sc_hd__buf_4)
                  0.06    0.17    2.24 v _634_/X (sky130_fd_sc_hd__buf_4)
     9    0.04                           _341_ (net)
                  0.06    0.00    2.24 v _679_/A (sky130_fd_sc_hd__clkbuf_8)
                  0.06    0.18    2.43 v _679_/X (sky130_fd_sc_hd__clkbuf_8)
    10    0.04                           _346_ (net)
                  0.06    0.00    2.43 v _683_/A (sky130_fd_sc_hd__inv_2)
                  0.03    0.05    2.48 ^ _683_/Y (sky130_fd_sc_hd__inv_2)
     1    0.00                           _044_ (net)
                  0.03    0.00    2.48 ^ _737_/RESET_B (sky130_fd_sc_hd__dfrtp_2)
                                  2.48   data arrival time

                         10.00   10.00   clock clk (rise edge)
                          0.00   10.00   clock source latency
                  0.04    0.03   10.03 ^ clk (in)
     1    0.01                           clk (net)
                  0.04    0.00   10.03 ^ clkbuf_0_clk/A (sky130_fd_sc_hd__clkbuf_16)
                  0.05    0.13   10.15 ^ clkbuf_0_clk/X (sky130_fd_sc_hd__clkbuf_16)
     4    0.03                           clknet_0_clk (net)
                  0.05    0.00   10.15 ^ clkbuf_2_1__f_clk/A (sky130_fd_sc_hd__clkbuf_16)
                  0.05    0.13   10.28 ^ clkbuf_2_1__f_clk/X (sky130_fd_sc_hd__clkbuf_16)
    14    0.03                           clknet_2_1__leaf_clk (net)
                  0.05    0.00   10.28 ^ _737_/CLK (sky130_fd_sc_hd__dfrtp_2)
                         -0.25   10.03   clock uncertainty
                          0.00   10.03   clock reconvergence pessimism
                          0.23   10.26   library recovery time
                                 10.26   data required time
-----------------------------------------------------------------------------
                                 10.26   data required time
                                 -2.48   data arrival time
-----------------------------------------------------------------------------
                                  7.78   slack (MET)


Startpoint: rst (input port clocked by clk)
Endpoint: _738_ (recovery check against rising-edge clock clk)
Path Group: asynchronous
Path Type: max

Fanout     Cap    Slew   Delay    Time   Description
-----------------------------------------------------------------------------
                          0.00    0.00   clock clk (rise edge)
                          0.00    0.00   clock network delay (propagated)
                          2.00    2.00 v input external delay
                  0.01    0.00    2.00 v rst (in)
     1    0.00                           rst (net)
                  0.01    0.00    2.00 v input17/A (sky130_fd_sc_hd__clkbuf_1)
                  0.02    0.07    2.08 v input17/X (sky130_fd_sc_hd__clkbuf_1)
     1    0.00                           net17 (net)
                  0.02    0.00    2.08 v _634_/A (sky130_fd_sc_hd__buf_4)
                  0.06    0.17    2.24 v _634_/X (sky130_fd_sc_hd__buf_4)
     9    0.04                           _341_ (net)
                  0.06    0.00    2.24 v _679_/A (sky130_fd_sc_hd__clkbuf_8)
                  0.06    0.18    2.43 v _679_/X (sky130_fd_sc_hd__clkbuf_8)
    10    0.04                           _346_ (net)
                  0.06    0.00    2.43 v _684_/A (sky130_fd_sc_hd__inv_2)
                  0.03    0.05    2.48 ^ _684_/Y (sky130_fd_sc_hd__inv_2)
     1    0.00                           _045_ (net)
                  0.03    0.00    2.48 ^ _738_/RESET_B (sky130_fd_sc_hd__dfrtp_2)
                                  2.48   data arrival time

                         10.00   10.00   clock clk (rise edge)
                          0.00   10.00   clock source latency
                  0.04    0.03   10.03 ^ clk (in)
     1    0.01                           clk (net)
                  0.04    0.00   10.03 ^ clkbuf_0_clk/A (sky130_fd_sc_hd__clkbuf_16)
                  0.05    0.13   10.15 ^ clkbuf_0_clk/X (sky130_fd_sc_hd__clkbuf_16)
     4    0.03                           clknet_0_clk (net)
                  0.05    0.00   10.15 ^ clkbuf_2_1__f_clk/A (sky130_fd_sc_hd__clkbuf_16)
                  0.05    0.13   10.28 ^ clkbuf_2_1__f_clk/X (sky130_fd_sc_hd__clkbuf_16)
    14    0.03                           clknet_2_1__leaf_clk (net)
                  0.05    0.00   10.28 ^ _738_/CLK (sky130_fd_sc_hd__dfrtp_2)
                         -0.25   10.03   clock uncertainty
                          0.00   10.03   clock reconvergence pessimism
                          0.23   10.26   library recovery time
                                 10.26   data required time
-----------------------------------------------------------------------------
                                 10.26   data required time
                                 -2.48   data arrival time
-----------------------------------------------------------------------------
                                  7.78   slack (MET)


Startpoint: rst (input port clocked by clk)
Endpoint: _725_ (recovery check against rising-edge clock clk)
Path Group: asynchronous
Path Type: max

Fanout     Cap    Slew   Delay    Time   Description
-----------------------------------------------------------------------------
                          0.00    0.00   clock clk (rise edge)
                          0.00    0.00   clock network delay (propagated)
                          2.00    2.00 v input external delay
                  0.01    0.00    2.00 v rst (in)
     1    0.00                           rst (net)
                  0.01    0.00    2.00 v input17/A (sky130_fd_sc_hd__clkbuf_1)
                  0.02    0.07    2.08 v input17/X (sky130_fd_sc_hd__clkbuf_1)
     1    0.00                           net17 (net)
                  0.02    0.00    2.08 v _634_/A (sky130_fd_sc_hd__buf_4)
                  0.06    0.17    2.24 v _634_/X (sky130_fd_sc_hd__buf_4)
     9    0.04                           _341_ (net)
                  0.06    0.00    2.24 v _668_/A (sky130_fd_sc_hd__clkbuf_8)
                  0.06    0.18    2.43 v _668_/X (sky130_fd_sc_hd__clkbuf_8)
    10    0.04                           _345_ (net)
                  0.06    0.00    2.43 v _670_/A (sky130_fd_sc_hd__inv_2)
                  0.03    0.05    2.48 ^ _670_/Y (sky130_fd_sc_hd__inv_2)
     1    0.00                           _032_ (net)
                  0.03    0.00    2.48 ^ _725_/RESET_B (sky130_fd_sc_hd__dfrtp_4)
                                  2.48   data arrival time

                         10.00   10.00   clock clk (rise edge)
                          0.00   10.00   clock source latency
                  0.04    0.03   10.03 ^ clk (in)
     1    0.01                           clk (net)
                  0.04    0.00   10.03 ^ clkbuf_0_clk/A (sky130_fd_sc_hd__clkbuf_16)
                  0.05    0.13   10.15 ^ clkbuf_0_clk/X (sky130_fd_sc_hd__clkbuf_16)
     4    0.03                           clknet_0_clk (net)
                  0.05    0.00   10.15 ^ clkbuf_2_0__f_clk/A (sky130_fd_sc_hd__clkbuf_16)
                  0.05    0.13   10.28 ^ clkbuf_2_0__f_clk/X (sky130_fd_sc_hd__clkbuf_16)
    15    0.03                           clknet_2_0__leaf_clk (net)
                  0.05    0.00   10.28 ^ _725_/CLK (sky130_fd_sc_hd__dfrtp_4)
                         -0.25   10.03   clock uncertainty
                          0.00   10.03   clock reconvergence pessimism
                          0.22   10.26   library recovery time
                                 10.26   data required time
-----------------------------------------------------------------------------
                                 10.26   data required time
                                 -2.48   data arrival time
-----------------------------------------------------------------------------
                                  7.78   slack (MET)


Startpoint: rst (input port clocked by clk)
Endpoint: _727_ (recovery check against rising-edge clock clk)
Path Group: asynchronous
Path Type: max

Fanout     Cap    Slew   Delay    Time   Description
-----------------------------------------------------------------------------
                          0.00    0.00   clock clk (rise edge)
                          0.00    0.00   clock network delay (propagated)
                          2.00    2.00 v input external delay
                  0.01    0.00    2.00 v rst (in)
     1    0.00                           rst (net)
                  0.01    0.00    2.00 v input17/A (sky130_fd_sc_hd__clkbuf_1)
                  0.02    0.07    2.08 v input17/X (sky130_fd_sc_hd__clkbuf_1)
     1    0.00                           net17 (net)
                  0.02    0.00    2.08 v _634_/A (sky130_fd_sc_hd__buf_4)
                  0.06    0.17    2.24 v _634_/X (sky130_fd_sc_hd__buf_4)
     9    0.04                           _341_ (net)
                  0.06    0.00    2.24 v _668_/A (sky130_fd_sc_hd__clkbuf_8)
                  0.06    0.18    2.43 v _668_/X (sky130_fd_sc_hd__clkbuf_8)
    10    0.04                           _345_ (net)
                  0.06    0.00    2.43 v _672_/A (sky130_fd_sc_hd__inv_2)
                  0.03    0.05    2.48 ^ _672_/Y (sky130_fd_sc_hd__inv_2)
     1    0.00                           _034_ (net)
                  0.03    0.00    2.48 ^ _727_/RESET_B (sky130_fd_sc_hd__dfrtp_4)
                                  2.48   data arrival time

                         10.00   10.00   clock clk (rise edge)
                          0.00   10.00   clock source latency
                  0.04    0.03   10.03 ^ clk (in)
     1    0.01                           clk (net)
                  0.04    0.00   10.03 ^ clkbuf_0_clk/A (sky130_fd_sc_hd__clkbuf_16)
                  0.05    0.13   10.15 ^ clkbuf_0_clk/X (sky130_fd_sc_hd__clkbuf_16)
     4    0.03                           clknet_0_clk (net)
                  0.05    0.00   10.15 ^ clkbuf_2_0__f_clk/A (sky130_fd_sc_hd__clkbuf_16)
                  0.05    0.13   10.28 ^ clkbuf_2_0__f_clk/X (sky130_fd_sc_hd__clkbuf_16)
    15    0.03                           clknet_2_0__leaf_clk (net)
                  0.05    0.00   10.28 ^ _727_/CLK (sky130_fd_sc_hd__dfrtp_4)
                         -0.25   10.03   clock uncertainty
                          0.00   10.03   clock reconvergence pessimism
                          0.22   10.26   library recovery time
                                 10.26   data required time
-----------------------------------------------------------------------------
                                 10.26   data required time
                                 -2.48   data arrival time
-----------------------------------------------------------------------------
                                  7.78   slack (MET)


Startpoint: rst (input port clocked by clk)
Endpoint: _729_ (recovery check against rising-edge clock clk)
Path Group: asynchronous
Path Type: max

Fanout     Cap    Slew   Delay    Time   Description
-----------------------------------------------------------------------------
                          0.00    0.00   clock clk (rise edge)
                          0.00    0.00   clock network delay (propagated)
                          2.00    2.00 v input external delay
                  0.01    0.00    2.00 v rst (in)
     1    0.00                           rst (net)
                  0.01    0.00    2.00 v input17/A (sky130_fd_sc_hd__clkbuf_1)
                  0.02    0.07    2.08 v input17/X (sky130_fd_sc_hd__clkbuf_1)
     1    0.00                           net17 (net)
                  0.02    0.00    2.08 v _634_/A (sky130_fd_sc_hd__buf_4)
                  0.06    0.17    2.24 v _634_/X (sky130_fd_sc_hd__buf_4)
     9    0.04                           _341_ (net)
                  0.06    0.00    2.24 v _668_/A (sky130_fd_sc_hd__clkbuf_8)
                  0.06    0.18    2.43 v _668_/X (sky130_fd_sc_hd__clkbuf_8)
    10    0.04                           _345_ (net)
                  0.06    0.00    2.43 v _674_/A (sky130_fd_sc_hd__inv_2)
                  0.03    0.05    2.48 ^ _674_/Y (sky130_fd_sc_hd__inv_2)
     1    0.00                           _036_ (net)
                  0.03    0.00    2.48 ^ _729_/RESET_B (sky130_fd_sc_hd__dfrtp_4)
                                  2.48   data arrival time

                         10.00   10.00   clock clk (rise edge)
                          0.00   10.00   clock source latency
                  0.04    0.03   10.03 ^ clk (in)
     1    0.01                           clk (net)
                  0.04    0.00   10.03 ^ clkbuf_0_clk/A (sky130_fd_sc_hd__clkbuf_16)
                  0.05    0.13   10.15 ^ clkbuf_0_clk/X (sky130_fd_sc_hd__clkbuf_16)
     4    0.03                           clknet_0_clk (net)
                  0.05    0.00   10.15 ^ clkbuf_2_0__f_clk/A (sky130_fd_sc_hd__clkbuf_16)
                  0.05    0.13   10.28 ^ clkbuf_2_0__f_clk/X (sky130_fd_sc_hd__clkbuf_16)
    15    0.03                           clknet_2_0__leaf_clk (net)
                  0.05    0.00   10.28 ^ _729_/CLK (sky130_fd_sc_hd__dfrtp_4)
                         -0.25   10.03   clock uncertainty
                          0.00   10.03   clock reconvergence pessimism
                          0.22   10.26   library recovery time
                                 10.26   data required time
-----------------------------------------------------------------------------
                                 10.26   data required time
                                 -2.48   data arrival time
-----------------------------------------------------------------------------
                                  7.78   slack (MET)


Startpoint: rst (input port clocked by clk)
Endpoint: _730_ (recovery check against rising-edge clock clk)
Path Group: asynchronous
Path Type: max

Fanout     Cap    Slew   Delay    Time   Description
-----------------------------------------------------------------------------
                          0.00    0.00   clock clk (rise edge)
                          0.00    0.00   clock network delay (propagated)
                          2.00    2.00 v input external delay
                  0.01    0.00    2.00 v rst (in)
     1    0.00                           rst (net)
                  0.01    0.00    2.00 v input17/A (sky130_fd_sc_hd__clkbuf_1)
                  0.02    0.07    2.08 v input17/X (sky130_fd_sc_hd__clkbuf_1)
     1    0.00                           net17 (net)
                  0.02    0.00    2.08 v _634_/A (sky130_fd_sc_hd__buf_4)
                  0.06    0.17    2.24 v _634_/X (sky130_fd_sc_hd__buf_4)
     9    0.04                           _341_ (net)
                  0.06    0.00    2.24 v _668_/A (sky130_fd_sc_hd__clkbuf_8)
                  0.06    0.18    2.43 v _668_/X (sky130_fd_sc_hd__clkbuf_8)
    10    0.04                           _345_ (net)
                  0.06    0.00    2.43 v _675_/A (sky130_fd_sc_hd__inv_2)
                  0.03    0.05    2.48 ^ _675_/Y (sky130_fd_sc_hd__inv_2)
     1    0.00                           _037_ (net)
                  0.03    0.00    2.48 ^ _730_/RESET_B (sky130_fd_sc_hd__dfrtp_4)
                                  2.48   data arrival time

                         10.00   10.00   clock clk (rise edge)
                          0.00   10.00   clock source latency
                  0.04    0.03   10.03 ^ clk (in)
     1    0.01                           clk (net)
                  0.04    0.00   10.03 ^ clkbuf_0_clk/A (sky130_fd_sc_hd__clkbuf_16)
                  0.05    0.13   10.15 ^ clkbuf_0_clk/X (sky130_fd_sc_hd__clkbuf_16)
     4    0.03                           clknet_0_clk (net)
                  0.05    0.00   10.15 ^ clkbuf_2_0__f_clk/A (sky130_fd_sc_hd__clkbuf_16)
                  0.05    0.13   10.28 ^ clkbuf_2_0__f_clk/X (sky130_fd_sc_hd__clkbuf_16)
    15    0.03                           clknet_2_0__leaf_clk (net)
                  0.05    0.00   10.28 ^ _730_/CLK (sky130_fd_sc_hd__dfrtp_4)
                         -0.25   10.03   clock uncertainty
                          0.00   10.03   clock reconvergence pessimism
                          0.22   10.26   library recovery time
                                 10.26   data required time
-----------------------------------------------------------------------------
                                 10.26   data required time
                                 -2.48   data arrival time
-----------------------------------------------------------------------------
                                  7.78   slack (MET)


Startpoint: rst (input port clocked by clk)
Endpoint: _726_ (recovery check against rising-edge clock clk)
Path Group: asynchronous
Path Type: max

Fanout     Cap    Slew   Delay    Time   Description
-----------------------------------------------------------------------------
                          0.00    0.00   clock clk (rise edge)
                          0.00    0.00   clock network delay (propagated)
                          2.00    2.00 v input external delay
                  0.01    0.00    2.00 v rst (in)
     1    0.00                           rst (net)
                  0.01    0.00    2.00 v input17/A (sky130_fd_sc_hd__clkbuf_1)
                  0.02    0.07    2.08 v input17/X (sky130_fd_sc_hd__clkbuf_1)
     1    0.00                           net17 (net)
                  0.02    0.00    2.08 v _634_/A (sky130_fd_sc_hd__buf_4)
                  0.06    0.17    2.24 v _634_/X (sky130_fd_sc_hd__buf_4)
     9    0.04                           _341_ (net)
                  0.06    0.00    2.24 v _668_/A (sky130_fd_sc_hd__clkbuf_8)
                  0.06    0.18    2.43 v _668_/X (sky130_fd_sc_hd__clkbuf_8)
    10    0.04                           _345_ (net)
                  0.06    0.00    2.43 v _671_/A (sky130_fd_sc_hd__inv_2)
                  0.03    0.05    2.48 ^ _671_/Y (sky130_fd_sc_hd__inv_2)
     1    0.00                           _033_ (net)
                  0.03    0.00    2.48 ^ _726_/RESET_B (sky130_fd_sc_hd__dfrtp_2)
                                  2.48   data arrival time

                         10.00   10.00   clock clk (rise edge)
                          0.00   10.00   clock source latency
                  0.04    0.03   10.03 ^ clk (in)
     1    0.01                           clk (net)
                  0.04    0.00   10.03 ^ clkbuf_0_clk/A (sky130_fd_sc_hd__clkbuf_16)
                  0.05    0.13   10.15 ^ clkbuf_0_clk/X (sky130_fd_sc_hd__clkbuf_16)
     4    0.03                           clknet_0_clk (net)
                  0.05    0.00   10.15 ^ clkbuf_2_0__f_clk/A (sky130_fd_sc_hd__clkbuf_16)
                  0.05    0.13   10.28 ^ clkbuf_2_0__f_clk/X (sky130_fd_sc_hd__clkbuf_16)
    15    0.03                           clknet_2_0__leaf_clk (net)
                  0.05    0.00   10.28 ^ _726_/CLK (sky130_fd_sc_hd__dfrtp_2)
                         -0.25   10.03   clock uncertainty
                          0.00   10.03   clock reconvergence pessimism
                          0.23   10.26   library recovery time
                                 10.26   data required time
-----------------------------------------------------------------------------
                                 10.26   data required time
                                 -2.48   data arrival time
-----------------------------------------------------------------------------
                                  7.78   slack (MET)


Startpoint: rst (input port clocked by clk)
Endpoint: _696_ (recovery check against rising-edge clock clk)
Path Group: asynchronous
Path Type: max

Fanout     Cap    Slew   Delay    Time   Description
-----------------------------------------------------------------------------
                          0.00    0.00   clock clk (rise edge)
                          0.00    0.00   clock network delay (propagated)
                          2.00    2.00 v input external delay
                  0.01    0.00    2.00 v rst (in)
     1    0.00                           rst (net)
                  0.01    0.00    2.00 v input17/A (sky130_fd_sc_hd__clkbuf_1)
                  0.02    0.07    2.08 v input17/X (sky130_fd_sc_hd__clkbuf_1)
     1    0.00                           net17 (net)
                  0.02    0.00    2.08 v _634_/A (sky130_fd_sc_hd__buf_4)
                  0.06    0.17    2.24 v _634_/X (sky130_fd_sc_hd__buf_4)
     9    0.04                           _341_ (net)
                  0.06    0.00    2.24 v _635_/A (sky130_fd_sc_hd__clkbuf_8)
                  0.06    0.18    2.43 v _635_/X (sky130_fd_sc_hd__clkbuf_8)
    10    0.04                           _342_ (net)
                  0.06    0.00    2.43 v _638_/A (sky130_fd_sc_hd__inv_2)
                  0.03    0.05    2.48 ^ _638_/Y (sky130_fd_sc_hd__inv_2)
     1    0.00                           _003_ (net)
                  0.03    0.00    2.48 ^ _696_/RESET_B (sky130_fd_sc_hd__dfrtp_1)
                                  2.48   data arrival time

                         10.00   10.00   clock clk (rise edge)
                          0.00   10.00   clock source latency
                  0.04    0.03   10.03 ^ clk (in)
     1    0.01                           clk (net)
                  0.04    0.00   10.03 ^ clkbuf_0_clk/A (sky130_fd_sc_hd__clkbuf_16)
                  0.05    0.13   10.15 ^ clkbuf_0_clk/X (sky130_fd_sc_hd__clkbuf_16)
     4    0.03                           clknet_0_clk (net)
                  0.05    0.00   10.15 ^ clkbuf_2_3__f_clk/A (sky130_fd_sc_hd__clkbuf_16)
                  0.05    0.12   10.28 ^ clkbuf_2_3__f_clk/X (sky130_fd_sc_hd__clkbuf_16)
    12    0.02                           clknet_2_3__leaf_clk (net)
                  0.05    0.00   10.28 ^ _696_/CLK (sky130_fd_sc_hd__dfrtp_1)
                         -0.25   10.03   clock uncertainty
                          0.00   10.03   clock reconvergence pessimism
                          0.23   10.26   library recovery time
                                 10.26   data required time
-----------------------------------------------------------------------------
                                 10.26   data required time
                                 -2.48   data arrival time
-----------------------------------------------------------------------------
                                  7.78   slack (MET)


Startpoint: rst (input port clocked by clk)
Endpoint: _697_ (recovery check against rising-edge clock clk)
Path Group: asynchronous
Path Type: max

Fanout     Cap    Slew   Delay    Time   Description
-----------------------------------------------------------------------------
                          0.00    0.00   clock clk (rise edge)
                          0.00    0.00   clock network delay (propagated)
                          2.00    2.00 v input external delay
                  0.01    0.00    2.00 v rst (in)
     1    0.00                           rst (net)
                  0.01    0.00    2.00 v input17/A (sky130_fd_sc_hd__clkbuf_1)
                  0.02    0.07    2.08 v input17/X (sky130_fd_sc_hd__clkbuf_1)
     1    0.00                           net17 (net)
                  0.02    0.00    2.08 v _634_/A (sky130_fd_sc_hd__buf_4)
                  0.06    0.17    2.24 v _634_/X (sky130_fd_sc_hd__buf_4)
     9    0.04                           _341_ (net)
                  0.06    0.00    2.24 v _635_/A (sky130_fd_sc_hd__clkbuf_8)
                  0.06    0.18    2.43 v _635_/X (sky130_fd_sc_hd__clkbuf_8)
    10    0.04                           _342_ (net)
                  0.06    0.00    2.43 v _639_/A (sky130_fd_sc_hd__inv_2)
                  0.03    0.05    2.48 ^ _639_/Y (sky130_fd_sc_hd__inv_2)
     1    0.00                           _004_ (net)
                  0.03    0.00    2.48 ^ _697_/RESET_B (sky130_fd_sc_hd__dfrtp_1)
                                  2.48   data arrival time

                         10.00   10.00   clock clk (rise edge)
                          0.00   10.00   clock source latency
                  0.04    0.03   10.03 ^ clk (in)
     1    0.01                           clk (net)
                  0.04    0.00   10.03 ^ clkbuf_0_clk/A (sky130_fd_sc_hd__clkbuf_16)
                  0.05    0.13   10.15 ^ clkbuf_0_clk/X (sky130_fd_sc_hd__clkbuf_16)
     4    0.03                           clknet_0_clk (net)
                  0.05    0.00   10.15 ^ clkbuf_2_3__f_clk/A (sky130_fd_sc_hd__clkbuf_16)
                  0.05    0.12   10.28 ^ clkbuf_2_3__f_clk/X (sky130_fd_sc_hd__clkbuf_16)
    12    0.02                           clknet_2_3__leaf_clk (net)
                  0.05    0.00   10.28 ^ _697_/CLK (sky130_fd_sc_hd__dfrtp_1)
                         -0.25   10.03   clock uncertainty
                          0.00   10.03   clock reconvergence pessimism
                          0.23   10.26   library recovery time
                                 10.26   data required time
-----------------------------------------------------------------------------
                                 10.26   data required time
                                 -2.48   data arrival time
-----------------------------------------------------------------------------
                                  7.78   slack (MET)


Startpoint: rst (input port clocked by clk)
Endpoint: _700_ (recovery check against rising-edge clock clk)
Path Group: asynchronous
Path Type: max

Fanout     Cap    Slew   Delay    Time   Description
-----------------------------------------------------------------------------
                          0.00    0.00   clock clk (rise edge)
                          0.00    0.00   clock network delay (propagated)
                          2.00    2.00 v input external delay
                  0.01    0.00    2.00 v rst (in)
     1    0.00                           rst (net)
                  0.01    0.00    2.00 v input17/A (sky130_fd_sc_hd__clkbuf_1)
                  0.02    0.07    2.08 v input17/X (sky130_fd_sc_hd__clkbuf_1)
     1    0.00                           net17 (net)
                  0.02    0.00    2.08 v _634_/A (sky130_fd_sc_hd__buf_4)
                  0.06    0.17    2.24 v _634_/X (sky130_fd_sc_hd__buf_4)
     9    0.04                           _341_ (net)
                  0.06    0.00    2.24 v _635_/A (sky130_fd_sc_hd__clkbuf_8)
                  0.06    0.18    2.43 v _635_/X (sky130_fd_sc_hd__clkbuf_8)
    10    0.04                           _342_ (net)
                  0.06    0.00    2.43 v _642_/A (sky130_fd_sc_hd__inv_2)
                  0.03    0.05    2.48 ^ _642_/Y (sky130_fd_sc_hd__inv_2)
     1    0.00                           _007_ (net)
                  0.03    0.00    2.48 ^ _700_/RESET_B (sky130_fd_sc_hd__dfrtp_1)
                                  2.48   data arrival time

                         10.00   10.00   clock clk (rise edge)
                          0.00   10.00   clock source latency
                  0.04    0.03   10.03 ^ clk (in)
     1    0.01                           clk (net)
                  0.04    0.00   10.03 ^ clkbuf_0_clk/A (sky130_fd_sc_hd__clkbuf_16)
                  0.05    0.13   10.15 ^ clkbuf_0_clk/X (sky130_fd_sc_hd__clkbuf_16)
     4    0.03                           clknet_0_clk (net)
                  0.05    0.00   10.15 ^ clkbuf_2_3__f_clk/A (sky130_fd_sc_hd__clkbuf_16)
                  0.05    0.12   10.28 ^ clkbuf_2_3__f_clk/X (sky130_fd_sc_hd__clkbuf_16)
    12    0.02                           clknet_2_3__leaf_clk (net)
                  0.05    0.00   10.28 ^ _700_/CLK (sky130_fd_sc_hd__dfrtp_1)
                         -0.25   10.03   clock uncertainty
                          0.00   10.03   clock reconvergence pessimism
                          0.23   10.26   library recovery time
                                 10.26   data required time
-----------------------------------------------------------------------------
                                 10.26   data required time
                                 -2.48   data arrival time
-----------------------------------------------------------------------------
                                  7.78   slack (MET)


Startpoint: rst (input port clocked by clk)
Endpoint: _713_ (recovery check against rising-edge clock clk)
Path Group: asynchronous
Path Type: max

Fanout     Cap    Slew   Delay    Time   Description
-----------------------------------------------------------------------------
                          0.00    0.00   clock clk (rise edge)
                          0.00    0.00   clock network delay (propagated)
                          2.00    2.00 v input external delay
                  0.01    0.00    2.00 v rst (in)
     1    0.00                           rst (net)
                  0.01    0.00    2.00 v input17/A (sky130_fd_sc_hd__clkbuf_1)
                  0.02    0.07    2.08 v input17/X (sky130_fd_sc_hd__clkbuf_1)
     1    0.00                           net17 (net)
                  0.02    0.00    2.08 v _634_/A (sky130_fd_sc_hd__buf_4)
                  0.06    0.17    2.24 v _634_/X (sky130_fd_sc_hd__buf_4)
     9    0.04                           _341_ (net)
                  0.06    0.00    2.24 v _646_/A (sky130_fd_sc_hd__clkbuf_8)
                  0.06    0.18    2.43 v _646_/X (sky130_fd_sc_hd__clkbuf_8)
    10    0.04                           _343_ (net)
                  0.06    0.00    2.43 v _656_/A (sky130_fd_sc_hd__inv_2)
                  0.03    0.05    2.48 ^ _656_/Y (sky130_fd_sc_hd__inv_2)
     1    0.00                           _020_ (net)
                  0.03    0.00    2.48 ^ _713_/RESET_B (sky130_fd_sc_hd__dfrtp_1)
                                  2.48   data arrival time

                         10.00   10.00   clock clk (rise edge)
                          0.00   10.00   clock source latency
                  0.04    0.03   10.03 ^ clk (in)
     1    0.01                           clk (net)
                  0.04    0.00   10.03 ^ clkbuf_0_clk/A (sky130_fd_sc_hd__clkbuf_16)
                  0.05    0.13   10.15 ^ clkbuf_0_clk/X (sky130_fd_sc_hd__clkbuf_16)
     4    0.03                           clknet_0_clk (net)
                  0.05    0.00   10.15 ^ clkbuf_2_3__f_clk/A (sky130_fd_sc_hd__clkbuf_16)
                  0.05    0.12   10.28 ^ clkbuf_2_3__f_clk/X (sky130_fd_sc_hd__clkbuf_16)
    12    0.02                           clknet_2_3__leaf_clk (net)
                  0.05    0.00   10.28 ^ _713_/CLK (sky130_fd_sc_hd__dfrtp_1)
                         -0.25   10.03   clock uncertainty
                          0.00   10.03   clock reconvergence pessimism
                          0.23   10.26   library recovery time
                                 10.26   data required time
-----------------------------------------------------------------------------
                                 10.26   data required time
                                 -2.48   data arrival time
-----------------------------------------------------------------------------
                                  7.78   slack (MET)


Startpoint: rst (input port clocked by clk)
Endpoint: _701_ (recovery check against rising-edge clock clk)
Path Group: asynchronous
Path Type: max

Fanout     Cap    Slew   Delay    Time   Description
-----------------------------------------------------------------------------
                          0.00    0.00   clock clk (rise edge)
                          0.00    0.00   clock network delay (propagated)
                          2.00    2.00 v input external delay
                  0.01    0.00    2.00 v rst (in)
     1    0.00                           rst (net)
                  0.01    0.00    2.00 v input17/A (sky130_fd_sc_hd__clkbuf_1)
                  0.02    0.07    2.08 v input17/X (sky130_fd_sc_hd__clkbuf_1)
     1    0.00                           net17 (net)
                  0.02    0.00    2.08 v _634_/A (sky130_fd_sc_hd__buf_4)
                  0.06    0.17    2.24 v _634_/X (sky130_fd_sc_hd__buf_4)
     9    0.04                           _341_ (net)
                  0.06    0.00    2.24 v _635_/A (sky130_fd_sc_hd__clkbuf_8)
                  0.06    0.18    2.43 v _635_/X (sky130_fd_sc_hd__clkbuf_8)
    10    0.04                           _342_ (net)
                  0.06    0.00    2.43 v _643_/A (sky130_fd_sc_hd__inv_2)
                  0.03    0.05    2.48 ^ _643_/Y (sky130_fd_sc_hd__inv_2)
     1    0.00                           _008_ (net)
                  0.03    0.00    2.48 ^ _701_/RESET_B (sky130_fd_sc_hd__dfrtp_1)
                                  2.48   data arrival time

                         10.00   10.00   clock clk (rise edge)
                          0.00   10.00   clock source latency
                  0.04    0.03   10.03 ^ clk (in)
     1    0.01                           clk (net)
                  0.04    0.00   10.03 ^ clkbuf_0_clk/A (sky130_fd_sc_hd__clkbuf_16)
                  0.05    0.13   10.15 ^ clkbuf_0_clk/X (sky130_fd_sc_hd__clkbuf_16)
     4    0.03                           clknet_0_clk (net)
                  0.05    0.00   10.15 ^ clkbuf_2_2__f_clk/A (sky130_fd_sc_hd__clkbuf_16)
                  0.05    0.13   10.28 ^ clkbuf_2_2__f_clk/X (sky130_fd_sc_hd__clkbuf_16)
    13    0.02                           clknet_2_2__leaf_clk (net)
                  0.05    0.00   10.28 ^ _701_/CLK (sky130_fd_sc_hd__dfrtp_1)
                         -0.25   10.03   clock uncertainty
                          0.00   10.03   clock reconvergence pessimism
                          0.24   10.27   library recovery time
                                 10.27   data required time
-----------------------------------------------------------------------------
                                 10.27   data required time
                                 -2.48   data arrival time
-----------------------------------------------------------------------------
                                  7.79   slack (MET)


Startpoint: rst (input port clocked by clk)
Endpoint: _705_ (recovery check against rising-edge clock clk)
Path Group: asynchronous
Path Type: max

Fanout     Cap    Slew   Delay    Time   Description
-----------------------------------------------------------------------------
                          0.00    0.00   clock clk (rise edge)
                          0.00    0.00   clock network delay (propagated)
                          2.00    2.00 v input external delay
                  0.01    0.00    2.00 v rst (in)
     1    0.00                           rst (net)
                  0.01    0.00    2.00 v input17/A (sky130_fd_sc_hd__clkbuf_1)
                  0.02    0.07    2.08 v input17/X (sky130_fd_sc_hd__clkbuf_1)
     1    0.00                           net17 (net)
                  0.02    0.00    2.08 v _634_/A (sky130_fd_sc_hd__buf_4)
                  0.06    0.17    2.24 v _634_/X (sky130_fd_sc_hd__buf_4)
     9    0.04                           _341_ (net)
                  0.06    0.00    2.24 v _646_/A (sky130_fd_sc_hd__clkbuf_8)
                  0.06    0.18    2.43 v _646_/X (sky130_fd_sc_hd__clkbuf_8)
    10    0.04                           _343_ (net)
                  0.06    0.00    2.43 v _648_/A (sky130_fd_sc_hd__inv_2)
                  0.03    0.05    2.48 ^ _648_/Y (sky130_fd_sc_hd__inv_2)
     1    0.00                           _012_ (net)
                  0.03    0.00    2.48 ^ _705_/RESET_B (sky130_fd_sc_hd__dfrtp_1)
                                  2.48   data arrival time

                         10.00   10.00   clock clk (rise edge)
                          0.00   10.00   clock source latency
                  0.04    0.03   10.03 ^ clk (in)
     1    0.01                           clk (net)
                  0.04    0.00   10.03 ^ clkbuf_0_clk/A (sky130_fd_sc_hd__clkbuf_16)
                  0.05    0.13   10.15 ^ clkbuf_0_clk/X (sky130_fd_sc_hd__clkbuf_16)
     4    0.03                           clknet_0_clk (net)
                  0.05    0.00   10.15 ^ clkbuf_2_2__f_clk/A (sky130_fd_sc_hd__clkbuf_16)
                  0.05    0.13   10.28 ^ clkbuf_2_2__f_clk/X (sky130_fd_sc_hd__clkbuf_16)
    13    0.02                           clknet_2_2__leaf_clk (net)
                  0.05    0.00   10.28 ^ _705_/CLK (sky130_fd_sc_hd__dfrtp_1)
                         -0.25   10.03   clock uncertainty
                          0.00   10.03   clock reconvergence pessimism
                          0.24   10.27   library recovery time
                                 10.27   data required time
-----------------------------------------------------------------------------
                                 10.27   data required time
                                 -2.48   data arrival time
-----------------------------------------------------------------------------
                                  7.79   slack (MET)


Startpoint: rst (input port clocked by clk)
Endpoint: _707_ (recovery check against rising-edge clock clk)
Path Group: asynchronous
Path Type: max

Fanout     Cap    Slew   Delay    Time   Description
-----------------------------------------------------------------------------
                          0.00    0.00   clock clk (rise edge)
                          0.00    0.00   clock network delay (propagated)
                          2.00    2.00 v input external delay
                  0.01    0.00    2.00 v rst (in)
     1    0.00                           rst (net)
                  0.01    0.00    2.00 v input17/A (sky130_fd_sc_hd__clkbuf_1)
                  0.02    0.07    2.08 v input17/X (sky130_fd_sc_hd__clkbuf_1)
     1    0.00                           net17 (net)
                  0.02    0.00    2.08 v _634_/A (sky130_fd_sc_hd__buf_4)
                  0.06    0.17    2.24 v _634_/X (sky130_fd_sc_hd__buf_4)
     9    0.04                           _341_ (net)
                  0.06    0.00    2.24 v _646_/A (sky130_fd_sc_hd__clkbuf_8)
                  0.06    0.18    2.43 v _646_/X (sky130_fd_sc_hd__clkbuf_8)
    10    0.04                           _343_ (net)
                  0.06    0.00    2.43 v _650_/A (sky130_fd_sc_hd__inv_2)
                  0.03    0.05    2.48 ^ _650_/Y (sky130_fd_sc_hd__inv_2)
     1    0.00                           _014_ (net)
                  0.03    0.00    2.48 ^ _707_/RESET_B (sky130_fd_sc_hd__dfrtp_1)
                                  2.48   data arrival time

                         10.00   10.00   clock clk (rise edge)
                          0.00   10.00   clock source latency
                  0.04    0.03   10.03 ^ clk (in)
     1    0.01                           clk (net)
                  0.04    0.00   10.03 ^ clkbuf_0_clk/A (sky130_fd_sc_hd__clkbuf_16)
                  0.05    0.13   10.15 ^ clkbuf_0_clk/X (sky130_fd_sc_hd__clkbuf_16)
     4    0.03                           clknet_0_clk (net)
                  0.05    0.00   10.15 ^ clkbuf_2_2__f_clk/A (sky130_fd_sc_hd__clkbuf_16)
                  0.05    0.13   10.28 ^ clkbuf_2_2__f_clk/X (sky130_fd_sc_hd__clkbuf_16)
    13    0.02                           clknet_2_2__leaf_clk (net)
                  0.05    0.00   10.28 ^ _707_/CLK (sky130_fd_sc_hd__dfrtp_1)
                         -0.25   10.03   clock uncertainty
                          0.00   10.03   clock reconvergence pessimism
                          0.24   10.27   library recovery time
                                 10.27   data required time
-----------------------------------------------------------------------------
                                 10.27   data required time
                                 -2.48   data arrival time
-----------------------------------------------------------------------------
                                  7.79   slack (MET)


Startpoint: rst (input port clocked by clk)
Endpoint: _708_ (recovery check against rising-edge clock clk)
Path Group: asynchronous
Path Type: max

Fanout     Cap    Slew   Delay    Time   Description
-----------------------------------------------------------------------------
                          0.00    0.00   clock clk (rise edge)
                          0.00    0.00   clock network delay (propagated)
                          2.00    2.00 v input external delay
                  0.01    0.00    2.00 v rst (in)
     1    0.00                           rst (net)
                  0.01    0.00    2.00 v input17/A (sky130_fd_sc_hd__clkbuf_1)
                  0.02    0.07    2.08 v input17/X (sky130_fd_sc_hd__clkbuf_1)
     1    0.00                           net17 (net)
                  0.02    0.00    2.08 v _634_/A (sky130_fd_sc_hd__buf_4)
                  0.06    0.17    2.24 v _634_/X (sky130_fd_sc_hd__buf_4)
     9    0.04                           _341_ (net)
                  0.06    0.00    2.24 v _646_/A (sky130_fd_sc_hd__clkbuf_8)
                  0.06    0.18    2.43 v _646_/X (sky130_fd_sc_hd__clkbuf_8)
    10    0.04                           _343_ (net)
                  0.06    0.00    2.43 v _651_/A (sky130_fd_sc_hd__inv_2)
                  0.03    0.05    2.48 ^ _651_/Y (sky130_fd_sc_hd__inv_2)
     1    0.00                           _015_ (net)
                  0.03    0.00    2.48 ^ _708_/RESET_B (sky130_fd_sc_hd__dfrtp_1)
                                  2.48   data arrival time

                         10.00   10.00   clock clk (rise edge)
                          0.00   10.00   clock source latency
                  0.04    0.03   10.03 ^ clk (in)
     1    0.01                           clk (net)
                  0.04    0.00   10.03 ^ clkbuf_0_clk/A (sky130_fd_sc_hd__clkbuf_16)
                  0.05    0.13   10.15 ^ clkbuf_0_clk/X (sky130_fd_sc_hd__clkbuf_16)
     4    0.03                           clknet_0_clk (net)
                  0.05    0.00   10.15 ^ clkbuf_2_2__f_clk/A (sky130_fd_sc_hd__clkbuf_16)
                  0.05    0.13   10.28 ^ clkbuf_2_2__f_clk/X (sky130_fd_sc_hd__clkbuf_16)
    13    0.02                           clknet_2_2__leaf_clk (net)
                  0.05    0.00   10.28 ^ _708_/CLK (sky130_fd_sc_hd__dfrtp_1)
                         -0.25   10.03   clock uncertainty
                          0.00   10.03   clock reconvergence pessimism
                          0.24   10.27   library recovery time
                                 10.27   data required time
-----------------------------------------------------------------------------
                                 10.27   data required time
                                 -2.48   data arrival time
-----------------------------------------------------------------------------
                                  7.79   slack (MET)


Startpoint: rst (input port clocked by clk)
Endpoint: _711_ (recovery check against rising-edge clock clk)
Path Group: asynchronous
Path Type: max

Fanout     Cap    Slew   Delay    Time   Description
-----------------------------------------------------------------------------
                          0.00    0.00   clock clk (rise edge)
                          0.00    0.00   clock network delay (propagated)
                          2.00    2.00 v input external delay
                  0.01    0.00    2.00 v rst (in)
     1    0.00                           rst (net)
                  0.01    0.00    2.00 v input17/A (sky130_fd_sc_hd__clkbuf_1)
                  0.02    0.07    2.08 v input17/X (sky130_fd_sc_hd__clkbuf_1)
     1    0.00                           net17 (net)
                  0.02    0.00    2.08 v _634_/A (sky130_fd_sc_hd__buf_4)
                  0.06    0.17    2.24 v _634_/X (sky130_fd_sc_hd__buf_4)
     9    0.04                           _341_ (net)
                  0.06    0.00    2.24 v _646_/A (sky130_fd_sc_hd__clkbuf_8)
                  0.06    0.18    2.43 v _646_/X (sky130_fd_sc_hd__clkbuf_8)
    10    0.04                           _343_ (net)
                  0.06    0.00    2.43 v _654_/A (sky130_fd_sc_hd__inv_2)
                  0.03    0.05    2.48 ^ _654_/Y (sky130_fd_sc_hd__inv_2)
     1    0.00                           _018_ (net)
                  0.03    0.00    2.48 ^ _711_/RESET_B (sky130_fd_sc_hd__dfrtp_1)
                                  2.48   data arrival time

                         10.00   10.00   clock clk (rise edge)
                          0.00   10.00   clock source latency
                  0.04    0.03   10.03 ^ clk (in)
     1    0.01                           clk (net)
                  0.04    0.00   10.03 ^ clkbuf_0_clk/A (sky130_fd_sc_hd__clkbuf_16)
                  0.05    0.13   10.15 ^ clkbuf_0_clk/X (sky130_fd_sc_hd__clkbuf_16)
     4    0.03                           clknet_0_clk (net)
                  0.05    0.00   10.15 ^ clkbuf_2_2__f_clk/A (sky130_fd_sc_hd__clkbuf_16)
                  0.05    0.13   10.28 ^ clkbuf_2_2__f_clk/X (sky130_fd_sc_hd__clkbuf_16)
    13    0.02                           clknet_2_2__leaf_clk (net)
                  0.05    0.00   10.28 ^ _711_/CLK (sky130_fd_sc_hd__dfrtp_1)
                         -0.25   10.03   clock uncertainty
                          0.00   10.03   clock reconvergence pessimism
                          0.24   10.27   library recovery time
                                 10.27   data required time
-----------------------------------------------------------------------------
                                 10.27   data required time
                                 -2.48   data arrival time
-----------------------------------------------------------------------------
                                  7.79   slack (MET)


Startpoint: rst (input port clocked by clk)
Endpoint: _717_ (recovery check against rising-edge clock clk)
Path Group: asynchronous
Path Type: max

Fanout     Cap    Slew   Delay    Time   Description
-----------------------------------------------------------------------------
                          0.00    0.00   clock clk (rise edge)
                          0.00    0.00   clock network delay (propagated)
                          2.00    2.00 v input external delay
                  0.01    0.00    2.00 v rst (in)
     1    0.00                           rst (net)
                  0.01    0.00    2.00 v input17/A (sky130_fd_sc_hd__clkbuf_1)
                  0.02    0.07    2.08 v input17/X (sky130_fd_sc_hd__clkbuf_1)
     1    0.00                           net17 (net)
                  0.02    0.00    2.08 v _634_/A (sky130_fd_sc_hd__buf_4)
                  0.06    0.17    2.24 v _634_/X (sky130_fd_sc_hd__buf_4)
     9    0.04                           _341_ (net)
                  0.06    0.00    2.24 v _657_/A (sky130_fd_sc_hd__clkbuf_8)
                  0.06    0.18    2.43 v _657_/X (sky130_fd_sc_hd__clkbuf_8)
    10    0.04                           _344_ (net)
                  0.06    0.00    2.43 v _661_/A (sky130_fd_sc_hd__inv_2)
                  0.03    0.05    2.48 ^ _661_/Y (sky130_fd_sc_hd__inv_2)
     1    0.00                           _024_ (net)
                  0.03    0.00    2.48 ^ _717_/RESET_B (sky130_fd_sc_hd__dfrtp_1)
                                  2.48   data arrival time

                         10.00   10.00   clock clk (rise edge)
                          0.00   10.00   clock source latency
                  0.04    0.03   10.03 ^ clk (in)
     1    0.01                           clk (net)
                  0.04    0.00   10.03 ^ clkbuf_0_clk/A (sky130_fd_sc_hd__clkbuf_16)
                  0.05    0.13   10.15 ^ clkbuf_0_clk/X (sky130_fd_sc_hd__clkbuf_16)
     4    0.03                           clknet_0_clk (net)
                  0.05    0.00   10.15 ^ clkbuf_2_2__f_clk/A (sky130_fd_sc_hd__clkbuf_16)
                  0.05    0.13   10.28 ^ clkbuf_2_2__f_clk/X (sky130_fd_sc_hd__clkbuf_16)
    13    0.02                           clknet_2_2__leaf_clk (net)
                  0.05    0.00   10.28 ^ _717_/CLK (sky130_fd_sc_hd__dfrtp_1)
                         -0.25   10.03   clock uncertainty
                          0.00   10.03   clock reconvergence pessimism
                          0.24   10.27   library recovery time
                                 10.27   data required time
-----------------------------------------------------------------------------
                                 10.27   data required time
                                 -2.48   data arrival time
-----------------------------------------------------------------------------
                                  7.79   slack (MET)


Startpoint: rst (input port clocked by clk)
Endpoint: _718_ (recovery check against rising-edge clock clk)
Path Group: asynchronous
Path Type: max

Fanout     Cap    Slew   Delay    Time   Description
-----------------------------------------------------------------------------
                          0.00    0.00   clock clk (rise edge)
                          0.00    0.00   clock network delay (propagated)
                          2.00    2.00 v input external delay
                  0.01    0.00    2.00 v rst (in)
     1    0.00                           rst (net)
                  0.01    0.00    2.00 v input17/A (sky130_fd_sc_hd__clkbuf_1)
                  0.02    0.07    2.08 v input17/X (sky130_fd_sc_hd__clkbuf_1)
     1    0.00                           net17 (net)
                  0.02    0.00    2.08 v _634_/A (sky130_fd_sc_hd__buf_4)
                  0.06    0.17    2.24 v _634_/X (sky130_fd_sc_hd__buf_4)
     9    0.04                           _341_ (net)
                  0.06    0.00    2.24 v _657_/A (sky130_fd_sc_hd__clkbuf_8)
                  0.06    0.18    2.43 v _657_/X (sky130_fd_sc_hd__clkbuf_8)
    10    0.04                           _344_ (net)
                  0.06    0.00    2.43 v _662_/A (sky130_fd_sc_hd__inv_2)
                  0.03    0.05    2.48 ^ _662_/Y (sky130_fd_sc_hd__inv_2)
     1    0.00                           _025_ (net)
                  0.03    0.00    2.48 ^ _718_/RESET_B (sky130_fd_sc_hd__dfrtp_1)
                                  2.48   data arrival time

                         10.00   10.00   clock clk (rise edge)
                          0.00   10.00   clock source latency
                  0.04    0.03   10.03 ^ clk (in)
     1    0.01                           clk (net)
                  0.04    0.00   10.03 ^ clkbuf_0_clk/A (sky130_fd_sc_hd__clkbuf_16)
                  0.05    0.13   10.15 ^ clkbuf_0_clk/X (sky130_fd_sc_hd__clkbuf_16)
     4    0.03                           clknet_0_clk (net)
                  0.05    0.00   10.15 ^ clkbuf_2_2__f_clk/A (sky130_fd_sc_hd__clkbuf_16)
                  0.05    0.13   10.28 ^ clkbuf_2_2__f_clk/X (sky130_fd_sc_hd__clkbuf_16)
    13    0.02                           clknet_2_2__leaf_clk (net)
                  0.05    0.00   10.28 ^ _718_/CLK (sky130_fd_sc_hd__dfrtp_1)
                         -0.25   10.03   clock uncertainty
                          0.00   10.03   clock reconvergence pessimism
                          0.24   10.27   library recovery time
                                 10.27   data required time
-----------------------------------------------------------------------------
                                 10.27   data required time
                                 -2.48   data arrival time
-----------------------------------------------------------------------------
                                  7.79   slack (MET)


Startpoint: rst (input port clocked by clk)
Endpoint: _694_ (recovery check against rising-edge clock clk)
Path Group: asynchronous
Path Type: max

Fanout     Cap    Slew   Delay    Time   Description
-----------------------------------------------------------------------------
                          0.00    0.00   clock clk (rise edge)
                          0.00    0.00   clock network delay (propagated)
                          2.00    2.00 v input external delay
                  0.01    0.00    2.00 v rst (in)
     1    0.00                           rst (net)
                  0.01    0.00    2.00 v input17/A (sky130_fd_sc_hd__clkbuf_1)
                  0.02    0.07    2.08 v input17/X (sky130_fd_sc_hd__clkbuf_1)
     1    0.00                           net17 (net)
                  0.02    0.00    2.08 v _634_/A (sky130_fd_sc_hd__buf_4)
                  0.06    0.17    2.24 v _634_/X (sky130_fd_sc_hd__buf_4)
     9    0.04                           _341_ (net)
                  0.06    0.00    2.24 v _635_/A (sky130_fd_sc_hd__clkbuf_8)
                  0.06    0.18    2.43 v _635_/X (sky130_fd_sc_hd__clkbuf_8)
    10    0.04                           _342_ (net)
                  0.06    0.00    2.43 v _636_/A (sky130_fd_sc_hd__inv_2)
                  0.03    0.05    2.48 ^ _636_/Y (sky130_fd_sc_hd__inv_2)
     1    0.00                           _001_ (net)
                  0.03    0.00    2.48 ^ _694_/RESET_B (sky130_fd_sc_hd__dfrtp_1)
                                  2.48   data arrival time

                         10.00   10.00   clock clk (rise edge)
                          0.00   10.00   clock source latency
                  0.04    0.03   10.03 ^ clk (in)
     1    0.01                           clk (net)
                  0.04    0.00   10.03 ^ clkbuf_0_clk/A (sky130_fd_sc_hd__clkbuf_16)
                  0.05    0.13   10.15 ^ clkbuf_0_clk/X (sky130_fd_sc_hd__clkbuf_16)
     4    0.03                           clknet_0_clk (net)
                  0.05    0.00   10.15 ^ clkbuf_2_1__f_clk/A (sky130_fd_sc_hd__clkbuf_16)
                  0.05    0.13   10.28 ^ clkbuf_2_1__f_clk/X (sky130_fd_sc_hd__clkbuf_16)
    14    0.03                           clknet_2_1__leaf_clk (net)
                  0.05    0.00   10.28 ^ _694_/CLK (sky130_fd_sc_hd__dfrtp_1)
                         -0.25   10.03   clock uncertainty
                          0.00   10.03   clock reconvergence pessimism
                          0.24   10.27   library recovery time
                                 10.27   data required time
-----------------------------------------------------------------------------
                                 10.27   data required time
                                 -2.48   data arrival time
-----------------------------------------------------------------------------
                                  7.79   slack (MET)


Startpoint: rst (input port clocked by clk)
Endpoint: _695_ (recovery check against rising-edge clock clk)
Path Group: asynchronous
Path Type: max

Fanout     Cap    Slew   Delay    Time   Description
-----------------------------------------------------------------------------
                          0.00    0.00   clock clk (rise edge)
                          0.00    0.00   clock network delay (propagated)
                          2.00    2.00 v input external delay
                  0.01    0.00    2.00 v rst (in)
     1    0.00                           rst (net)
                  0.01    0.00    2.00 v input17/A (sky130_fd_sc_hd__clkbuf_1)
                  0.02    0.07    2.08 v input17/X (sky130_fd_sc_hd__clkbuf_1)
     1    0.00                           net17 (net)
                  0.02    0.00    2.08 v _634_/A (sky130_fd_sc_hd__buf_4)
                  0.06    0.17    2.24 v _634_/X (sky130_fd_sc_hd__buf_4)
     9    0.04                           _341_ (net)
                  0.06    0.00    2.24 v _635_/A (sky130_fd_sc_hd__clkbuf_8)
                  0.06    0.18    2.43 v _635_/X (sky130_fd_sc_hd__clkbuf_8)
    10    0.04                           _342_ (net)
                  0.06    0.00    2.43 v _637_/A (sky130_fd_sc_hd__inv_2)
                  0.03    0.05    2.48 ^ _637_/Y (sky130_fd_sc_hd__inv_2)
     1    0.00                           _002_ (net)
                  0.03    0.00    2.48 ^ _695_/RESET_B (sky130_fd_sc_hd__dfrtp_1)
                                  2.48   data arrival time

                         10.00   10.00   clock clk (rise edge)
                          0.00   10.00   clock source latency
                  0.04    0.03   10.03 ^ clk (in)
     1    0.01                           clk (net)
                  0.04    0.00   10.03 ^ clkbuf_0_clk/A (sky130_fd_sc_hd__clkbuf_16)
                  0.05    0.13   10.15 ^ clkbuf_0_clk/X (sky130_fd_sc_hd__clkbuf_16)
     4    0.03                           clknet_0_clk (net)
                  0.05    0.00   10.15 ^ clkbuf_2_1__f_clk/A (sky130_fd_sc_hd__clkbuf_16)
                  0.05    0.13   10.28 ^ clkbuf_2_1__f_clk/X (sky130_fd_sc_hd__clkbuf_16)
    14    0.03                           clknet_2_1__leaf_clk (net)
                  0.05    0.00   10.28 ^ _695_/CLK (sky130_fd_sc_hd__dfrtp_1)
                         -0.25   10.03   clock uncertainty
                          0.00   10.03   clock reconvergence pessimism
                          0.24   10.27   library recovery time
                                 10.27   data required time
-----------------------------------------------------------------------------
                                 10.27   data required time
                                 -2.48   data arrival time
-----------------------------------------------------------------------------
                                  7.79   slack (MET)


Startpoint: rst (input port clocked by clk)
Endpoint: _703_ (recovery check against rising-edge clock clk)
Path Group: asynchronous
Path Type: max

Fanout     Cap    Slew   Delay    Time   Description
-----------------------------------------------------------------------------
                          0.00    0.00   clock clk (rise edge)
                          0.00    0.00   clock network delay (propagated)
                          2.00    2.00 v input external delay
                  0.01    0.00    2.00 v rst (in)
     1    0.00                           rst (net)
                  0.01    0.00    2.00 v input17/A (sky130_fd_sc_hd__clkbuf_1)
                  0.02    0.07    2.08 v input17/X (sky130_fd_sc_hd__clkbuf_1)
     1    0.00                           net17 (net)
                  0.02    0.00    2.08 v _634_/A (sky130_fd_sc_hd__buf_4)
                  0.06    0.17    2.24 v _634_/X (sky130_fd_sc_hd__buf_4)
     9    0.04                           _341_ (net)
                  0.06    0.00    2.24 v _635_/A (sky130_fd_sc_hd__clkbuf_8)
                  0.06    0.18    2.43 v _635_/X (sky130_fd_sc_hd__clkbuf_8)
    10    0.04                           _342_ (net)
                  0.06    0.00    2.43 v _645_/A (sky130_fd_sc_hd__inv_2)
                  0.03    0.05    2.48 ^ _645_/Y (sky130_fd_sc_hd__inv_2)
     1    0.00                           _010_ (net)
                  0.03    0.00    2.48 ^ _703_/RESET_B (sky130_fd_sc_hd__dfrtp_1)
                                  2.48   data arrival time

                         10.00   10.00   clock clk (rise edge)
                          0.00   10.00   clock source latency
                  0.04    0.03   10.03 ^ clk (in)
     1    0.01                           clk (net)
                  0.04    0.00   10.03 ^ clkbuf_0_clk/A (sky130_fd_sc_hd__clkbuf_16)
                  0.05    0.13   10.15 ^ clkbuf_0_clk/X (sky130_fd_sc_hd__clkbuf_16)
     4    0.03                           clknet_0_clk (net)
                  0.05    0.00   10.15 ^ clkbuf_2_1__f_clk/A (sky130_fd_sc_hd__clkbuf_16)
                  0.05    0.13   10.28 ^ clkbuf_2_1__f_clk/X (sky130_fd_sc_hd__clkbuf_16)
    14    0.03                           clknet_2_1__leaf_clk (net)
                  0.05    0.00   10.28 ^ _703_/CLK (sky130_fd_sc_hd__dfrtp_1)
                         -0.25   10.03   clock uncertainty
                          0.00   10.03   clock reconvergence pessimism
                          0.24   10.27   library recovery time
                                 10.27   data required time
-----------------------------------------------------------------------------
                                 10.27   data required time
                                 -2.48   data arrival time
-----------------------------------------------------------------------------
                                  7.79   slack (MET)


Startpoint: rst (input port clocked by clk)
Endpoint: _706_ (recovery check against rising-edge clock clk)
Path Group: asynchronous
Path Type: max

Fanout     Cap    Slew   Delay    Time   Description
-----------------------------------------------------------------------------
                          0.00    0.00   clock clk (rise edge)
                          0.00    0.00   clock network delay (propagated)
                          2.00    2.00 v input external delay
                  0.01    0.00    2.00 v rst (in)
     1    0.00                           rst (net)
                  0.01    0.00    2.00 v input17/A (sky130_fd_sc_hd__clkbuf_1)
                  0.02    0.07    2.08 v input17/X (sky130_fd_sc_hd__clkbuf_1)
     1    0.00                           net17 (net)
                  0.02    0.00    2.08 v _634_/A (sky130_fd_sc_hd__buf_4)
                  0.06    0.17    2.24 v _634_/X (sky130_fd_sc_hd__buf_4)
     9    0.04                           _341_ (net)
                  0.06    0.00    2.24 v _646_/A (sky130_fd_sc_hd__clkbuf_8)
                  0.06    0.18    2.43 v _646_/X (sky130_fd_sc_hd__clkbuf_8)
    10    0.04                           _343_ (net)
                  0.06    0.00    2.43 v _649_/A (sky130_fd_sc_hd__inv_2)
                  0.03    0.05    2.48 ^ _649_/Y (sky130_fd_sc_hd__inv_2)
     1    0.00                           _013_ (net)
                  0.03    0.00    2.48 ^ _706_/RESET_B (sky130_fd_sc_hd__dfrtp_1)
                                  2.48   data arrival time

                         10.00   10.00   clock clk (rise edge)
                          0.00   10.00   clock source latency
                  0.04    0.03   10.03 ^ clk (in)
     1    0.01                           clk (net)
                  0.04    0.00   10.03 ^ clkbuf_0_clk/A (sky130_fd_sc_hd__clkbuf_16)
                  0.05    0.13   10.15 ^ clkbuf_0_clk/X (sky130_fd_sc_hd__clkbuf_16)
     4    0.03                           clknet_0_clk (net)
                  0.05    0.00   10.15 ^ clkbuf_2_1__f_clk/A (sky130_fd_sc_hd__clkbuf_16)
                  0.05    0.13   10.28 ^ clkbuf_2_1__f_clk/X (sky130_fd_sc_hd__clkbuf_16)
    14    0.03                           clknet_2_1__leaf_clk (net)
                  0.05    0.00   10.28 ^ _706_/CLK (sky130_fd_sc_hd__dfrtp_1)
                         -0.25   10.03   clock uncertainty
                          0.00   10.03   clock reconvergence pessimism
                          0.24   10.27   library recovery time
                                 10.27   data required time
-----------------------------------------------------------------------------
                                 10.27   data required time
                                 -2.48   data arrival time
-----------------------------------------------------------------------------
                                  7.79   slack (MET)


Startpoint: rst (input port clocked by clk)
Endpoint: _709_ (recovery check against rising-edge clock clk)
Path Group: asynchronous
Path Type: max

Fanout     Cap    Slew   Delay    Time   Description
-----------------------------------------------------------------------------
                          0.00    0.00   clock clk (rise edge)
                          0.00    0.00   clock network delay (propagated)
                          2.00    2.00 v input external delay
                  0.01    0.00    2.00 v rst (in)
     1    0.00                           rst (net)
                  0.01    0.00    2.00 v input17/A (sky130_fd_sc_hd__clkbuf_1)
                  0.02    0.07    2.08 v input17/X (sky130_fd_sc_hd__clkbuf_1)
     1    0.00                           net17 (net)
                  0.02    0.00    2.08 v _634_/A (sky130_fd_sc_hd__buf_4)
                  0.06    0.17    2.24 v _634_/X (sky130_fd_sc_hd__buf_4)
     9    0.04                           _341_ (net)
                  0.06    0.00    2.24 v _646_/A (sky130_fd_sc_hd__clkbuf_8)
                  0.06    0.18    2.43 v _646_/X (sky130_fd_sc_hd__clkbuf_8)
    10    0.04                           _343_ (net)
                  0.06    0.00    2.43 v _652_/A (sky130_fd_sc_hd__inv_2)
                  0.03    0.05    2.48 ^ _652_/Y (sky130_fd_sc_hd__inv_2)
     1    0.00                           _016_ (net)
                  0.03    0.00    2.48 ^ _709_/RESET_B (sky130_fd_sc_hd__dfrtp_1)
                                  2.48   data arrival time

                         10.00   10.00   clock clk (rise edge)
                          0.00   10.00   clock source latency
                  0.04    0.03   10.03 ^ clk (in)
     1    0.01                           clk (net)
                  0.04    0.00   10.03 ^ clkbuf_0_clk/A (sky130_fd_sc_hd__clkbuf_16)
                  0.05    0.13   10.15 ^ clkbuf_0_clk/X (sky130_fd_sc_hd__clkbuf_16)
     4    0.03                           clknet_0_clk (net)
                  0.05    0.00   10.15 ^ clkbuf_2_1__f_clk/A (sky130_fd_sc_hd__clkbuf_16)
                  0.05    0.13   10.28 ^ clkbuf_2_1__f_clk/X (sky130_fd_sc_hd__clkbuf_16)
    14    0.03                           clknet_2_1__leaf_clk (net)
                  0.05    0.00   10.28 ^ _709_/CLK (sky130_fd_sc_hd__dfrtp_1)
                         -0.25   10.03   clock uncertainty
                          0.00   10.03   clock reconvergence pessimism
                          0.24   10.27   library recovery time
                                 10.27   data required time
-----------------------------------------------------------------------------
                                 10.27   data required time
                                 -2.48   data arrival time
-----------------------------------------------------------------------------
                                  7.79   slack (MET)


Startpoint: rst (input port clocked by clk)
Endpoint: _712_ (recovery check against rising-edge clock clk)
Path Group: asynchronous
Path Type: max

Fanout     Cap    Slew   Delay    Time   Description
-----------------------------------------------------------------------------
                          0.00    0.00   clock clk (rise edge)
                          0.00    0.00   clock network delay (propagated)
                          2.00    2.00 v input external delay
                  0.01    0.00    2.00 v rst (in)
     1    0.00                           rst (net)
                  0.01    0.00    2.00 v input17/A (sky130_fd_sc_hd__clkbuf_1)
                  0.02    0.07    2.08 v input17/X (sky130_fd_sc_hd__clkbuf_1)
     1    0.00                           net17 (net)
                  0.02    0.00    2.08 v _634_/A (sky130_fd_sc_hd__buf_4)
                  0.06    0.17    2.24 v _634_/X (sky130_fd_sc_hd__buf_4)
     9    0.04                           _341_ (net)
                  0.06    0.00    2.24 v _646_/A (sky130_fd_sc_hd__clkbuf_8)
                  0.06    0.18    2.43 v _646_/X (sky130_fd_sc_hd__clkbuf_8)
    10    0.04                           _343_ (net)
                  0.06    0.00    2.43 v _655_/A (sky130_fd_sc_hd__inv_2)
                  0.03    0.05    2.48 ^ _655_/Y (sky130_fd_sc_hd__inv_2)
     1    0.00                           _019_ (net)
                  0.03    0.00    2.48 ^ _712_/RESET_B (sky130_fd_sc_hd__dfrtp_1)
                                  2.48   data arrival time

                         10.00   10.00   clock clk (rise edge)
                          0.00   10.00   clock source latency
                  0.04    0.03   10.03 ^ clk (in)
     1    0.01                           clk (net)
                  0.04    0.00   10.03 ^ clkbuf_0_clk/A (sky130_fd_sc_hd__clkbuf_16)
                  0.05    0.13   10.15 ^ clkbuf_0_clk/X (sky130_fd_sc_hd__clkbuf_16)
     4    0.03                           clknet_0_clk (net)
                  0.05    0.00   10.15 ^ clkbuf_2_1__f_clk/A (sky130_fd_sc_hd__clkbuf_16)
                  0.05    0.13   10.28 ^ clkbuf_2_1__f_clk/X (sky130_fd_sc_hd__clkbuf_16)
    14    0.03                           clknet_2_1__leaf_clk (net)
                  0.05    0.00   10.28 ^ _712_/CLK (sky130_fd_sc_hd__dfrtp_1)
                         -0.25   10.03   clock uncertainty
                          0.00   10.03   clock reconvergence pessimism
                          0.24   10.27   library recovery time
                                 10.27   data required time
-----------------------------------------------------------------------------
                                 10.27   data required time
                                 -2.48   data arrival time
-----------------------------------------------------------------------------
                                  7.79   slack (MET)


Startpoint: rst (input port clocked by clk)
Endpoint: _714_ (recovery check against rising-edge clock clk)
Path Group: asynchronous
Path Type: max

Fanout     Cap    Slew   Delay    Time   Description
-----------------------------------------------------------------------------
                          0.00    0.00   clock clk (rise edge)
                          0.00    0.00   clock network delay (propagated)
                          2.00    2.00 v input external delay
                  0.01    0.00    2.00 v rst (in)
     1    0.00                           rst (net)
                  0.01    0.00    2.00 v input17/A (sky130_fd_sc_hd__clkbuf_1)
                  0.02    0.07    2.08 v input17/X (sky130_fd_sc_hd__clkbuf_1)
     1    0.00                           net17 (net)
                  0.02    0.00    2.08 v _634_/A (sky130_fd_sc_hd__buf_4)
                  0.06    0.17    2.24 v _634_/X (sky130_fd_sc_hd__buf_4)
     9    0.04                           _341_ (net)
                  0.06    0.00    2.24 v _657_/A (sky130_fd_sc_hd__clkbuf_8)
                  0.06    0.18    2.43 v _657_/X (sky130_fd_sc_hd__clkbuf_8)
    10    0.04                           _344_ (net)
                  0.06    0.00    2.43 v _658_/A (sky130_fd_sc_hd__inv_2)
                  0.03    0.05    2.48 ^ _658_/Y (sky130_fd_sc_hd__inv_2)
     1    0.00                           _021_ (net)
                  0.03    0.00    2.48 ^ _714_/RESET_B (sky130_fd_sc_hd__dfrtp_1)
                                  2.48   data arrival time

                         10.00   10.00   clock clk (rise edge)
                          0.00   10.00   clock source latency
                  0.04    0.03   10.03 ^ clk (in)
     1    0.01                           clk (net)
                  0.04    0.00   10.03 ^ clkbuf_0_clk/A (sky130_fd_sc_hd__clkbuf_16)
                  0.05    0.13   10.15 ^ clkbuf_0_clk/X (sky130_fd_sc_hd__clkbuf_16)
     4    0.03                           clknet_0_clk (net)
                  0.05    0.00   10.15 ^ clkbuf_2_1__f_clk/A (sky130_fd_sc_hd__clkbuf_16)
                  0.05    0.13   10.28 ^ clkbuf_2_1__f_clk/X (sky130_fd_sc_hd__clkbuf_16)
    14    0.03                           clknet_2_1__leaf_clk (net)
                  0.05    0.00   10.28 ^ _714_/CLK (sky130_fd_sc_hd__dfrtp_1)
                         -0.25   10.03   clock uncertainty
                          0.00   10.03   clock reconvergence pessimism
                          0.24   10.27   library recovery time
                                 10.27   data required time
-----------------------------------------------------------------------------
                                 10.27   data required time
                                 -2.48   data arrival time
-----------------------------------------------------------------------------
                                  7.79   slack (MET)


Startpoint: rst (input port clocked by clk)
Endpoint: _719_ (recovery check against rising-edge clock clk)
Path Group: asynchronous
Path Type: max

Fanout     Cap    Slew   Delay    Time   Description
-----------------------------------------------------------------------------
                          0.00    0.00   clock clk (rise edge)
                          0.00    0.00   clock network delay (propagated)
                          2.00    2.00 v input external delay
                  0.01    0.00    2.00 v rst (in)
     1    0.00                           rst (net)
                  0.01    0.00    2.00 v input17/A (sky130_fd_sc_hd__clkbuf_1)
                  0.02    0.07    2.08 v input17/X (sky130_fd_sc_hd__clkbuf_1)
     1    0.00                           net17 (net)
                  0.02    0.00    2.08 v _634_/A (sky130_fd_sc_hd__buf_4)
                  0.06    0.17    2.24 v _634_/X (sky130_fd_sc_hd__buf_4)
     9    0.04                           _341_ (net)
                  0.06    0.00    2.24 v _657_/A (sky130_fd_sc_hd__clkbuf_8)
                  0.06    0.18    2.43 v _657_/X (sky130_fd_sc_hd__clkbuf_8)
    10    0.04                           _344_ (net)
                  0.06    0.00    2.43 v _663_/A (sky130_fd_sc_hd__inv_2)
                  0.03    0.05    2.48 ^ _663_/Y (sky130_fd_sc_hd__inv_2)
     1    0.00                           _026_ (net)
                  0.03    0.00    2.48 ^ _719_/RESET_B (sky130_fd_sc_hd__dfrtp_1)
                                  2.48   data arrival time

                         10.00   10.00   clock clk (rise edge)
                          0.00   10.00   clock source latency
                  0.04    0.03   10.03 ^ clk (in)
     1    0.01                           clk (net)
                  0.04    0.00   10.03 ^ clkbuf_0_clk/A (sky130_fd_sc_hd__clkbuf_16)
                  0.05    0.13   10.15 ^ clkbuf_0_clk/X (sky130_fd_sc_hd__clkbuf_16)
     4    0.03                           clknet_0_clk (net)
                  0.05    0.00   10.15 ^ clkbuf_2_1__f_clk/A (sky130_fd_sc_hd__clkbuf_16)
                  0.05    0.13   10.28 ^ clkbuf_2_1__f_clk/X (sky130_fd_sc_hd__clkbuf_16)
    14    0.03                           clknet_2_1__leaf_clk (net)
                  0.05    0.00   10.28 ^ _719_/CLK (sky130_fd_sc_hd__dfrtp_1)
                         -0.25   10.03   clock uncertainty
                          0.00   10.03   clock reconvergence pessimism
                          0.24   10.27   library recovery time
                                 10.27   data required time
-----------------------------------------------------------------------------
                                 10.27   data required time
                                 -2.48   data arrival time
-----------------------------------------------------------------------------
                                  7.79   slack (MET)


Startpoint: rst (input port clocked by clk)
Endpoint: _723_ (recovery check against rising-edge clock clk)
Path Group: asynchronous
Path Type: max

Fanout     Cap    Slew   Delay    Time   Description
-----------------------------------------------------------------------------
                          0.00    0.00   clock clk (rise edge)
                          0.00    0.00   clock network delay (propagated)
                          2.00    2.00 v input external delay
                  0.01    0.00    2.00 v rst (in)
     1    0.00                           rst (net)
                  0.01    0.00    2.00 v input17/A (sky130_fd_sc_hd__clkbuf_1)
                  0.02    0.07    2.08 v input17/X (sky130_fd_sc_hd__clkbuf_1)
     1    0.00                           net17 (net)
                  0.02    0.00    2.08 v _634_/A (sky130_fd_sc_hd__buf_4)
                  0.06    0.17    2.24 v _634_/X (sky130_fd_sc_hd__buf_4)
     9    0.04                           _341_ (net)
                  0.06    0.00    2.24 v _657_/A (sky130_fd_sc_hd__clkbuf_8)
                  0.06    0.18    2.43 v _657_/X (sky130_fd_sc_hd__clkbuf_8)
    10    0.04                           _344_ (net)
                  0.06    0.00    2.43 v _667_/A (sky130_fd_sc_hd__inv_2)
                  0.03    0.05    2.48 ^ _667_/Y (sky130_fd_sc_hd__inv_2)
     1    0.00                           _030_ (net)
                  0.03    0.00    2.48 ^ _723_/RESET_B (sky130_fd_sc_hd__dfrtp_1)
                                  2.48   data arrival time

                         10.00   10.00   clock clk (rise edge)
                          0.00   10.00   clock source latency
                  0.04    0.03   10.03 ^ clk (in)
     1    0.01                           clk (net)
                  0.04    0.00   10.03 ^ clkbuf_0_clk/A (sky130_fd_sc_hd__clkbuf_16)
                  0.05    0.13   10.15 ^ clkbuf_0_clk/X (sky130_fd_sc_hd__clkbuf_16)
     4    0.03                           clknet_0_clk (net)
                  0.05    0.00   10.15 ^ clkbuf_2_1__f_clk/A (sky130_fd_sc_hd__clkbuf_16)
                  0.05    0.13   10.28 ^ clkbuf_2_1__f_clk/X (sky130_fd_sc_hd__clkbuf_16)
    14    0.03                           clknet_2_1__leaf_clk (net)
                  0.05    0.00   10.28 ^ _723_/CLK (sky130_fd_sc_hd__dfrtp_1)
                         -0.25   10.03   clock uncertainty
                          0.00   10.03   clock reconvergence pessimism
                          0.24   10.27   library recovery time
                                 10.27   data required time
-----------------------------------------------------------------------------
                                 10.27   data required time
                                 -2.48   data arrival time
-----------------------------------------------------------------------------
                                  7.79   slack (MET)


Startpoint: rst (input port clocked by clk)
Endpoint: _702_ (recovery check against rising-edge clock clk)
Path Group: asynchronous
Path Type: max

Fanout     Cap    Slew   Delay    Time   Description
-----------------------------------------------------------------------------
                          0.00    0.00   clock clk (rise edge)
                          0.00    0.00   clock network delay (propagated)
                          2.00    2.00 v input external delay
                  0.01    0.00    2.00 v rst (in)
     1    0.00                           rst (net)
                  0.01    0.00    2.00 v input17/A (sky130_fd_sc_hd__clkbuf_1)
                  0.02    0.07    2.08 v input17/X (sky130_fd_sc_hd__clkbuf_1)
     1    0.00                           net17 (net)
                  0.02    0.00    2.08 v _634_/A (sky130_fd_sc_hd__buf_4)
                  0.06    0.17    2.24 v _634_/X (sky130_fd_sc_hd__buf_4)
     9    0.04                           _341_ (net)
                  0.06    0.00    2.24 v _635_/A (sky130_fd_sc_hd__clkbuf_8)
                  0.06    0.18    2.43 v _635_/X (sky130_fd_sc_hd__clkbuf_8)
    10    0.04                           _342_ (net)
                  0.06    0.00    2.43 v _644_/A (sky130_fd_sc_hd__inv_2)
                  0.03    0.05    2.48 ^ _644_/Y (sky130_fd_sc_hd__inv_2)
     1    0.00                           _009_ (net)
                  0.03    0.00    2.48 ^ _702_/RESET_B (sky130_fd_sc_hd__dfrtp_1)
                                  2.48   data arrival time

                         10.00   10.00   clock clk (rise edge)
                          0.00   10.00   clock source latency
                  0.04    0.03   10.03 ^ clk (in)
     1    0.01                           clk (net)
                  0.04    0.00   10.03 ^ clkbuf_0_clk/A (sky130_fd_sc_hd__clkbuf_16)
                  0.05    0.13   10.15 ^ clkbuf_0_clk/X (sky130_fd_sc_hd__clkbuf_16)
     4    0.03                           clknet_0_clk (net)
                  0.05    0.00   10.15 ^ clkbuf_2_0__f_clk/A (sky130_fd_sc_hd__clkbuf_16)
                  0.05    0.13   10.28 ^ clkbuf_2_0__f_clk/X (sky130_fd_sc_hd__clkbuf_16)
    15    0.03                           clknet_2_0__leaf_clk (net)
                  0.05    0.00   10.28 ^ _702_/CLK (sky130_fd_sc_hd__dfrtp_1)
                         -0.25   10.03   clock uncertainty
                          0.00   10.03   clock reconvergence pessimism
                          0.24   10.27   library recovery time
                                 10.27   data required time
-----------------------------------------------------------------------------
                                 10.27   data required time
                                 -2.48   data arrival time
-----------------------------------------------------------------------------
                                  7.79   slack (MET)


Startpoint: rst (input port clocked by clk)
Endpoint: _704_ (recovery check against rising-edge clock clk)
Path Group: asynchronous
Path Type: max

Fanout     Cap    Slew   Delay    Time   Description
-----------------------------------------------------------------------------
                          0.00    0.00   clock clk (rise edge)
                          0.00    0.00   clock network delay (propagated)
                          2.00    2.00 v input external delay
                  0.01    0.00    2.00 v rst (in)
     1    0.00                           rst (net)
                  0.01    0.00    2.00 v input17/A (sky130_fd_sc_hd__clkbuf_1)
                  0.02    0.07    2.08 v input17/X (sky130_fd_sc_hd__clkbuf_1)
     1    0.00                           net17 (net)
                  0.02    0.00    2.08 v _634_/A (sky130_fd_sc_hd__buf_4)
                  0.06    0.17    2.24 v _634_/X (sky130_fd_sc_hd__buf_4)
     9    0.04                           _341_ (net)
                  0.06    0.00    2.24 v _646_/A (sky130_fd_sc_hd__clkbuf_8)
                  0.06    0.18    2.43 v _646_/X (sky130_fd_sc_hd__clkbuf_8)
    10    0.04                           _343_ (net)
                  0.06    0.00    2.43 v _647_/A (sky130_fd_sc_hd__inv_2)
                  0.03    0.05    2.48 ^ _647_/Y (sky130_fd_sc_hd__inv_2)
     1    0.00                           _011_ (net)
                  0.03    0.00    2.48 ^ _704_/RESET_B (sky130_fd_sc_hd__dfrtp_1)
                                  2.48   data arrival time

                         10.00   10.00   clock clk (rise edge)
                          0.00   10.00   clock source latency
                  0.04    0.03   10.03 ^ clk (in)
     1    0.01                           clk (net)
                  0.04    0.00   10.03 ^ clkbuf_0_clk/A (sky130_fd_sc_hd__clkbuf_16)
                  0.05    0.13   10.15 ^ clkbuf_0_clk/X (sky130_fd_sc_hd__clkbuf_16)
     4    0.03                           clknet_0_clk (net)
                  0.05    0.00   10.15 ^ clkbuf_2_0__f_clk/A (sky130_fd_sc_hd__clkbuf_16)
                  0.05    0.13   10.28 ^ clkbuf_2_0__f_clk/X (sky130_fd_sc_hd__clkbuf_16)
    15    0.03                           clknet_2_0__leaf_clk (net)
                  0.05    0.00   10.28 ^ _704_/CLK (sky130_fd_sc_hd__dfrtp_1)
                         -0.25   10.03   clock uncertainty
                          0.00   10.03   clock reconvergence pessimism
                          0.24   10.27   library recovery time
                                 10.27   data required time
-----------------------------------------------------------------------------
                                 10.27   data required time
                                 -2.48   data arrival time
-----------------------------------------------------------------------------
                                  7.79   slack (MET)


Startpoint: rst (input port clocked by clk)
Endpoint: _710_ (recovery check against rising-edge clock clk)
Path Group: asynchronous
Path Type: max

Fanout     Cap    Slew   Delay    Time   Description
-----------------------------------------------------------------------------
                          0.00    0.00   clock clk (rise edge)
                          0.00    0.00   clock network delay (propagated)
                          2.00    2.00 v input external delay
                  0.01    0.00    2.00 v rst (in)
     1    0.00                           rst (net)
                  0.01    0.00    2.00 v input17/A (sky130_fd_sc_hd__clkbuf_1)
                  0.02    0.07    2.08 v input17/X (sky130_fd_sc_hd__clkbuf_1)
     1    0.00                           net17 (net)
                  0.02    0.00    2.08 v _634_/A (sky130_fd_sc_hd__buf_4)
                  0.06    0.17    2.24 v _634_/X (sky130_fd_sc_hd__buf_4)
     9    0.04                           _341_ (net)
                  0.06    0.00    2.24 v _646_/A (sky130_fd_sc_hd__clkbuf_8)
                  0.06    0.18    2.43 v _646_/X (sky130_fd_sc_hd__clkbuf_8)
    10    0.04                           _343_ (net)
                  0.06    0.00    2.43 v _653_/A (sky130_fd_sc_hd__inv_2)
                  0.03    0.05    2.48 ^ _653_/Y (sky130_fd_sc_hd__inv_2)
     1    0.00                           _017_ (net)
                  0.03    0.00    2.48 ^ _710_/RESET_B (sky130_fd_sc_hd__dfrtp_1)
                                  2.48   data arrival time

                         10.00   10.00   clock clk (rise edge)
                          0.00   10.00   clock source latency
                  0.04    0.03   10.03 ^ clk (in)
     1    0.01                           clk (net)
                  0.04    0.00   10.03 ^ clkbuf_0_clk/A (sky130_fd_sc_hd__clkbuf_16)
                  0.05    0.13   10.15 ^ clkbuf_0_clk/X (sky130_fd_sc_hd__clkbuf_16)
     4    0.03                           clknet_0_clk (net)
                  0.05    0.00   10.15 ^ clkbuf_2_0__f_clk/A (sky130_fd_sc_hd__clkbuf_16)
                  0.05    0.13   10.28 ^ clkbuf_2_0__f_clk/X (sky130_fd_sc_hd__clkbuf_16)
    15    0.03                           clknet_2_0__leaf_clk (net)
                  0.05    0.00   10.28 ^ _710_/CLK (sky130_fd_sc_hd__dfrtp_1)
                         -0.25   10.03   clock uncertainty
                          0.00   10.03   clock reconvergence pessimism
                          0.24   10.27   library recovery time
                                 10.27   data required time
-----------------------------------------------------------------------------
                                 10.27   data required time
                                 -2.48   data arrival time
-----------------------------------------------------------------------------
                                  7.79   slack (MET)


Startpoint: rst (input port clocked by clk)
Endpoint: _716_ (recovery check against rising-edge clock clk)
Path Group: asynchronous
Path Type: max

Fanout     Cap    Slew   Delay    Time   Description
-----------------------------------------------------------------------------
                          0.00    0.00   clock clk (rise edge)
                          0.00    0.00   clock network delay (propagated)
                          2.00    2.00 v input external delay
                  0.01    0.00    2.00 v rst (in)
     1    0.00                           rst (net)
                  0.01    0.00    2.00 v input17/A (sky130_fd_sc_hd__clkbuf_1)
                  0.02    0.07    2.08 v input17/X (sky130_fd_sc_hd__clkbuf_1)
     1    0.00                           net17 (net)
                  0.02    0.00    2.08 v _634_/A (sky130_fd_sc_hd__buf_4)
                  0.06    0.17    2.24 v _634_/X (sky130_fd_sc_hd__buf_4)
     9    0.04                           _341_ (net)
                  0.06    0.00    2.24 v _657_/A (sky130_fd_sc_hd__clkbuf_8)
                  0.06    0.18    2.43 v _657_/X (sky130_fd_sc_hd__clkbuf_8)
    10    0.04                           _344_ (net)
                  0.06    0.00    2.43 v _660_/A (sky130_fd_sc_hd__inv_2)
                  0.03    0.05    2.48 ^ _660_/Y (sky130_fd_sc_hd__inv_2)
     1    0.00                           _023_ (net)
                  0.03    0.00    2.48 ^ _716_/RESET_B (sky130_fd_sc_hd__dfrtp_1)
                                  2.48   data arrival time

                         10.00   10.00   clock clk (rise edge)
                          0.00   10.00   clock source latency
                  0.04    0.03   10.03 ^ clk (in)
     1    0.01                           clk (net)
                  0.04    0.00   10.03 ^ clkbuf_0_clk/A (sky130_fd_sc_hd__clkbuf_16)
                  0.05    0.13   10.15 ^ clkbuf_0_clk/X (sky130_fd_sc_hd__clkbuf_16)
     4    0.03                           clknet_0_clk (net)
                  0.05    0.00   10.15 ^ clkbuf_2_0__f_clk/A (sky130_fd_sc_hd__clkbuf_16)
                  0.05    0.13   10.28 ^ clkbuf_2_0__f_clk/X (sky130_fd_sc_hd__clkbuf_16)
    15    0.03                           clknet_2_0__leaf_clk (net)
                  0.05    0.00   10.28 ^ _716_/CLK (sky130_fd_sc_hd__dfrtp_1)
                         -0.25   10.03   clock uncertainty
                          0.00   10.03   clock reconvergence pessimism
                          0.24   10.27   library recovery time
                                 10.27   data required time
-----------------------------------------------------------------------------
                                 10.27   data required time
                                 -2.48   data arrival time
-----------------------------------------------------------------------------
                                  7.79   slack (MET)


Startpoint: rst (input port clocked by clk)
Endpoint: _720_ (recovery check against rising-edge clock clk)
Path Group: asynchronous
Path Type: max

Fanout     Cap    Slew   Delay    Time   Description
-----------------------------------------------------------------------------
                          0.00    0.00   clock clk (rise edge)
                          0.00    0.00   clock network delay (propagated)
                          2.00    2.00 v input external delay
                  0.01    0.00    2.00 v rst (in)
     1    0.00                           rst (net)
                  0.01    0.00    2.00 v input17/A (sky130_fd_sc_hd__clkbuf_1)
                  0.02    0.07    2.08 v input17/X (sky130_fd_sc_hd__clkbuf_1)
     1    0.00                           net17 (net)
                  0.02    0.00    2.08 v _634_/A (sky130_fd_sc_hd__buf_4)
                  0.06    0.17    2.24 v _634_/X (sky130_fd_sc_hd__buf_4)
     9    0.04                           _341_ (net)
                  0.06    0.00    2.24 v _657_/A (sky130_fd_sc_hd__clkbuf_8)
                  0.06    0.18    2.43 v _657_/X (sky130_fd_sc_hd__clkbuf_8)
    10    0.04                           _344_ (net)
                  0.06    0.00    2.43 v _664_/A (sky130_fd_sc_hd__inv_2)
                  0.03    0.05    2.48 ^ _664_/Y (sky130_fd_sc_hd__inv_2)
     1    0.00                           _027_ (net)
                  0.03    0.00    2.48 ^ _720_/RESET_B (sky130_fd_sc_hd__dfrtp_1)
                                  2.48   data arrival time

                         10.00   10.00   clock clk (rise edge)
                          0.00   10.00   clock source latency
                  0.04    0.03   10.03 ^ clk (in)
     1    0.01                           clk (net)
                  0.04    0.00   10.03 ^ clkbuf_0_clk/A (sky130_fd_sc_hd__clkbuf_16)
                  0.05    0.13   10.15 ^ clkbuf_0_clk/X (sky130_fd_sc_hd__clkbuf_16)
     4    0.03                           clknet_0_clk (net)
                  0.05    0.00   10.15 ^ clkbuf_2_0__f_clk/A (sky130_fd_sc_hd__clkbuf_16)
                  0.05    0.13   10.28 ^ clkbuf_2_0__f_clk/X (sky130_fd_sc_hd__clkbuf_16)
    15    0.03                           clknet_2_0__leaf_clk (net)
                  0.05    0.00   10.28 ^ _720_/CLK (sky130_fd_sc_hd__dfrtp_1)
                         -0.25   10.03   clock uncertainty
                          0.00   10.03   clock reconvergence pessimism
                          0.24   10.27   library recovery time
                                 10.27   data required time
-----------------------------------------------------------------------------
                                 10.27   data required time
                                 -2.48   data arrival time
-----------------------------------------------------------------------------
                                  7.79   slack (MET)


Startpoint: rst (input port clocked by clk)
Endpoint: _721_ (recovery check against rising-edge clock clk)
Path Group: asynchronous
Path Type: max

Fanout     Cap    Slew   Delay    Time   Description
-----------------------------------------------------------------------------
                          0.00    0.00   clock clk (rise edge)
                          0.00    0.00   clock network delay (propagated)
                          2.00    2.00 v input external delay
                  0.01    0.00    2.00 v rst (in)
     1    0.00                           rst (net)
                  0.01    0.00    2.00 v input17/A (sky130_fd_sc_hd__clkbuf_1)
                  0.02    0.07    2.08 v input17/X (sky130_fd_sc_hd__clkbuf_1)
     1    0.00                           net17 (net)
                  0.02    0.00    2.08 v _634_/A (sky130_fd_sc_hd__buf_4)
                  0.06    0.17    2.24 v _634_/X (sky130_fd_sc_hd__buf_4)
     9    0.04                           _341_ (net)
                  0.06    0.00    2.24 v _657_/A (sky130_fd_sc_hd__clkbuf_8)
                  0.06    0.18    2.43 v _657_/X (sky130_fd_sc_hd__clkbuf_8)
    10    0.04                           _344_ (net)
                  0.06    0.00    2.43 v _665_/A (sky130_fd_sc_hd__inv_2)
                  0.03    0.05    2.48 ^ _665_/Y (sky130_fd_sc_hd__inv_2)
     1    0.00                           _028_ (net)
                  0.03    0.00    2.48 ^ _721_/RESET_B (sky130_fd_sc_hd__dfrtp_1)
                                  2.48   data arrival time

                         10.00   10.00   clock clk (rise edge)
                          0.00   10.00   clock source latency
                  0.04    0.03   10.03 ^ clk (in)
     1    0.01                           clk (net)
                  0.04    0.00   10.03 ^ clkbuf_0_clk/A (sky130_fd_sc_hd__clkbuf_16)
                  0.05    0.13   10.15 ^ clkbuf_0_clk/X (sky130_fd_sc_hd__clkbuf_16)
     4    0.03                           clknet_0_clk (net)
                  0.05    0.00   10.15 ^ clkbuf_2_0__f_clk/A (sky130_fd_sc_hd__clkbuf_16)
                  0.05    0.13   10.28 ^ clkbuf_2_0__f_clk/X (sky130_fd_sc_hd__clkbuf_16)
    15    0.03                           clknet_2_0__leaf_clk (net)
                  0.05    0.00   10.28 ^ _721_/CLK (sky130_fd_sc_hd__dfrtp_1)
                         -0.25   10.03   clock uncertainty
                          0.00   10.03   clock reconvergence pessimism
                          0.24   10.27   library recovery time
                                 10.27   data required time
-----------------------------------------------------------------------------
                                 10.27   data required time
                                 -2.48   data arrival time
-----------------------------------------------------------------------------
                                  7.79   slack (MET)


Startpoint: rst (input port clocked by clk)
Endpoint: _722_ (recovery check against rising-edge clock clk)
Path Group: asynchronous
Path Type: max

Fanout     Cap    Slew   Delay    Time   Description
-----------------------------------------------------------------------------
                          0.00    0.00   clock clk (rise edge)
                          0.00    0.00   clock network delay (propagated)
                          2.00    2.00 v input external delay
                  0.01    0.00    2.00 v rst (in)
     1    0.00                           rst (net)
                  0.01    0.00    2.00 v input17/A (sky130_fd_sc_hd__clkbuf_1)
                  0.02    0.07    2.08 v input17/X (sky130_fd_sc_hd__clkbuf_1)
     1    0.00                           net17 (net)
                  0.02    0.00    2.08 v _634_/A (sky130_fd_sc_hd__buf_4)
                  0.06    0.17    2.24 v _634_/X (sky130_fd_sc_hd__buf_4)
     9    0.04                           _341_ (net)
                  0.06    0.00    2.24 v _657_/A (sky130_fd_sc_hd__clkbuf_8)
                  0.06    0.18    2.43 v _657_/X (sky130_fd_sc_hd__clkbuf_8)
    10    0.04                           _344_ (net)
                  0.06    0.00    2.43 v _666_/A (sky130_fd_sc_hd__inv_2)
                  0.03    0.05    2.48 ^ _666_/Y (sky130_fd_sc_hd__inv_2)
     1    0.00                           _029_ (net)
                  0.03    0.00    2.48 ^ _722_/RESET_B (sky130_fd_sc_hd__dfrtp_1)
                                  2.48   data arrival time

                         10.00   10.00   clock clk (rise edge)
                          0.00   10.00   clock source latency
                  0.04    0.03   10.03 ^ clk (in)
     1    0.01                           clk (net)
                  0.04    0.00   10.03 ^ clkbuf_0_clk/A (sky130_fd_sc_hd__clkbuf_16)
                  0.05    0.13   10.15 ^ clkbuf_0_clk/X (sky130_fd_sc_hd__clkbuf_16)
     4    0.03                           clknet_0_clk (net)
                  0.05    0.00   10.15 ^ clkbuf_2_0__f_clk/A (sky130_fd_sc_hd__clkbuf_16)
                  0.05    0.13   10.28 ^ clkbuf_2_0__f_clk/X (sky130_fd_sc_hd__clkbuf_16)
    15    0.03                           clknet_2_0__leaf_clk (net)
                  0.05    0.00   10.28 ^ _722_/CLK (sky130_fd_sc_hd__dfrtp_1)
                         -0.25   10.03   clock uncertainty
                          0.00   10.03   clock reconvergence pessimism
                          0.24   10.27   library recovery time
                                 10.27   data required time
-----------------------------------------------------------------------------
                                 10.27   data required time
                                 -2.48   data arrival time
-----------------------------------------------------------------------------
                                  7.79   slack (MET)


Startpoint: rst (input port clocked by clk)
Endpoint: _733_ (recovery check against rising-edge clock clk)
Path Group: asynchronous
Path Type: max

Fanout     Cap    Slew   Delay    Time   Description
-----------------------------------------------------------------------------
                          0.00    0.00   clock clk (rise edge)
                          0.00    0.00   clock network delay (propagated)
                          2.00    2.00 v input external delay
                  0.01    0.00    2.00 v rst (in)
     1    0.00                           rst (net)
                  0.01    0.00    2.00 v input17/A (sky130_fd_sc_hd__clkbuf_1)
                  0.02    0.07    2.08 v input17/X (sky130_fd_sc_hd__clkbuf_1)
     1    0.00                           net17 (net)
                  0.02    0.00    2.08 v _634_/A (sky130_fd_sc_hd__buf_4)
                  0.06    0.17    2.24 v _634_/X (sky130_fd_sc_hd__buf_4)
     9    0.04                           _341_ (net)
                  0.06    0.00    2.24 v _668_/A (sky130_fd_sc_hd__clkbuf_8)
                  0.06    0.18    2.43 v _668_/X (sky130_fd_sc_hd__clkbuf_8)
    10    0.04                           _345_ (net)
                  0.06    0.00    2.43 v _678_/A (sky130_fd_sc_hd__inv_2)
                  0.03    0.05    2.48 ^ _678_/Y (sky130_fd_sc_hd__inv_2)
     1    0.00                           _040_ (net)
                  0.03    0.00    2.48 ^ _733_/RESET_B (sky130_fd_sc_hd__dfrtp_1)
                                  2.48   data arrival time

                         10.00   10.00   clock clk (rise edge)
                          0.00   10.00   clock source latency
                  0.04    0.03   10.03 ^ clk (in)
     1    0.01                           clk (net)
                  0.04    0.00   10.03 ^ clkbuf_0_clk/A (sky130_fd_sc_hd__clkbuf_16)
                  0.05    0.13   10.15 ^ clkbuf_0_clk/X (sky130_fd_sc_hd__clkbuf_16)
     4    0.03                           clknet_0_clk (net)
                  0.05    0.00   10.15 ^ clkbuf_2_0__f_clk/A (sky130_fd_sc_hd__clkbuf_16)
                  0.05    0.13   10.28 ^ clkbuf_2_0__f_clk/X (sky130_fd_sc_hd__clkbuf_16)
    15    0.03                           clknet_2_0__leaf_clk (net)
                  0.05    0.00   10.28 ^ _733_/CLK (sky130_fd_sc_hd__dfrtp_1)
                         -0.25   10.03   clock uncertainty
                          0.00   10.03   clock reconvergence pessimism
                          0.24   10.27   library recovery time
                                 10.27   data required time
-----------------------------------------------------------------------------
                                 10.27   data required time
                                 -2.48   data arrival time
-----------------------------------------------------------------------------
                                  7.79   slack (MET)


Startpoint: rst (input port clocked by clk)
Endpoint: _734_ (recovery check against rising-edge clock clk)
Path Group: asynchronous
Path Type: max

Fanout     Cap    Slew   Delay    Time   Description
-----------------------------------------------------------------------------
                          0.00    0.00   clock clk (rise edge)
                          0.00    0.00   clock network delay (propagated)
                          2.00    2.00 v input external delay
                  0.01    0.00    2.00 v rst (in)
     1    0.00                           rst (net)
                  0.01    0.00    2.00 v input17/A (sky130_fd_sc_hd__clkbuf_1)
                  0.02    0.07    2.08 v input17/X (sky130_fd_sc_hd__clkbuf_1)
     1    0.00                           net17 (net)
                  0.02    0.00    2.08 v _634_/A (sky130_fd_sc_hd__buf_4)
                  0.06    0.17    2.24 v _634_/X (sky130_fd_sc_hd__buf_4)
     9    0.04                           _341_ (net)
                  0.06    0.00    2.24 v _679_/A (sky130_fd_sc_hd__clkbuf_8)
                  0.06    0.18    2.43 v _679_/X (sky130_fd_sc_hd__clkbuf_8)
    10    0.04                           _346_ (net)
                  0.06    0.00    2.43 v _680_/A (sky130_fd_sc_hd__inv_2)
                  0.03    0.05    2.48 ^ _680_/Y (sky130_fd_sc_hd__inv_2)
     1    0.00                           _041_ (net)
                  0.03    0.00    2.48 ^ _734_/RESET_B (sky130_fd_sc_hd__dfrtp_1)
                                  2.48   data arrival time

                         10.00   10.00   clock clk (rise edge)
                          0.00   10.00   clock source latency
                  0.04    0.03   10.03 ^ clk (in)
     1    0.01                           clk (net)
                  0.04    0.00   10.03 ^ clkbuf_0_clk/A (sky130_fd_sc_hd__clkbuf_16)
                  0.05    0.13   10.15 ^ clkbuf_0_clk/X (sky130_fd_sc_hd__clkbuf_16)
     4    0.03                           clknet_0_clk (net)
                  0.05    0.00   10.15 ^ clkbuf_2_0__f_clk/A (sky130_fd_sc_hd__clkbuf_16)
                  0.05    0.13   10.28 ^ clkbuf_2_0__f_clk/X (sky130_fd_sc_hd__clkbuf_16)
    15    0.03                           clknet_2_0__leaf_clk (net)
                  0.05    0.00   10.28 ^ _734_/CLK (sky130_fd_sc_hd__dfrtp_1)
                         -0.25   10.03   clock uncertainty
                          0.00   10.03   clock reconvergence pessimism
                          0.24   10.27   library recovery time
                                 10.27   data required time
-----------------------------------------------------------------------------
                                 10.27   data required time
                                 -2.48   data arrival time
-----------------------------------------------------------------------------
                                  7.79   slack (MET)


Startpoint: rst (input port clocked by clk)
Endpoint: _735_ (recovery check against rising-edge clock clk)
Path Group: asynchronous
Path Type: max

Fanout     Cap    Slew   Delay    Time   Description
-----------------------------------------------------------------------------
                          0.00    0.00   clock clk (rise edge)
                          0.00    0.00   clock network delay (propagated)
                          2.00    2.00 v input external delay
                  0.01    0.00    2.00 v rst (in)
     1    0.00                           rst (net)
                  0.01    0.00    2.00 v input17/A (sky130_fd_sc_hd__clkbuf_1)
                  0.02    0.07    2.08 v input17/X (sky130_fd_sc_hd__clkbuf_1)
     1    0.00                           net17 (net)
                  0.02    0.00    2.08 v _634_/A (sky130_fd_sc_hd__buf_4)
                  0.06    0.17    2.24 v _634_/X (sky130_fd_sc_hd__buf_4)
     9    0.04                           _341_ (net)
                  0.06    0.00    2.24 v _679_/A (sky130_fd_sc_hd__clkbuf_8)
                  0.06    0.18    2.43 v _679_/X (sky130_fd_sc_hd__clkbuf_8)
    10    0.04                           _346_ (net)
                  0.06    0.00    2.43 v _681_/A (sky130_fd_sc_hd__inv_2)
                  0.03    0.05    2.48 ^ _681_/Y (sky130_fd_sc_hd__inv_2)
     1    0.00                           _042_ (net)
                  0.03    0.00    2.48 ^ _735_/RESET_B (sky130_fd_sc_hd__dfrtp_1)
                                  2.48   data arrival time

                         10.00   10.00   clock clk (rise edge)
                          0.00   10.00   clock source latency
                  0.04    0.03   10.03 ^ clk (in)
     1    0.01                           clk (net)
                  0.04    0.00   10.03 ^ clkbuf_0_clk/A (sky130_fd_sc_hd__clkbuf_16)
                  0.05    0.13   10.15 ^ clkbuf_0_clk/X (sky130_fd_sc_hd__clkbuf_16)
     4    0.03                           clknet_0_clk (net)
                  0.05    0.00   10.15 ^ clkbuf_2_0__f_clk/A (sky130_fd_sc_hd__clkbuf_16)
                  0.05    0.13   10.28 ^ clkbuf_2_0__f_clk/X (sky130_fd_sc_hd__clkbuf_16)
    15    0.03                           clknet_2_0__leaf_clk (net)
                  0.05    0.00   10.28 ^ _735_/CLK (sky130_fd_sc_hd__dfrtp_1)
                         -0.25   10.03   clock uncertainty
                          0.00   10.03   clock reconvergence pessimism
                          0.24   10.27   library recovery time
                                 10.27   data required time
-----------------------------------------------------------------------------
                                 10.27   data required time
                                 -2.48   data arrival time
-----------------------------------------------------------------------------
                                  7.79   slack (MET)


Startpoint: rst (input port clocked by clk)
Endpoint: _747_ (recovery check against rising-edge clock clk)
Path Group: asynchronous
Path Type: max

Fanout     Cap    Slew   Delay    Time   Description
-----------------------------------------------------------------------------
                          0.00    0.00   clock clk (rise edge)
                          0.00    0.00   clock network delay (propagated)
                          2.00    2.00 v input external delay
                  0.01    0.00    2.00 v rst (in)
     1    0.00                           rst (net)
                  0.01    0.00    2.00 v input17/A (sky130_fd_sc_hd__clkbuf_1)
                  0.02    0.07    2.08 v input17/X (sky130_fd_sc_hd__clkbuf_1)
     1    0.00                           net17 (net)
                  0.02    0.00    2.08 v _634_/A (sky130_fd_sc_hd__buf_4)
                  0.06    0.17    2.24 v _634_/X (sky130_fd_sc_hd__buf_4)
     9    0.04                           _341_ (net)
                  0.06    0.00    2.24 v _693_/A (sky130_fd_sc_hd__inv_2)
                  0.03    0.05    2.30 ^ _693_/Y (sky130_fd_sc_hd__inv_2)
     1    0.00                           _054_ (net)
                  0.03    0.00    2.30 ^ _747_/RESET_B (sky130_fd_sc_hd__dfrtp_2)
                                  2.30   data arrival time

                         10.00   10.00   clock clk (rise edge)
                          0.00   10.00   clock source latency
                  0.04    0.03   10.03 ^ clk (in)
     1    0.01                           clk (net)
                  0.04    0.00   10.03 ^ clkbuf_0_clk/A (sky130_fd_sc_hd__clkbuf_16)
                  0.05    0.13   10.15 ^ clkbuf_0_clk/X (sky130_fd_sc_hd__clkbuf_16)
     4    0.03                           clknet_0_clk (net)
                  0.05    0.00   10.15 ^ clkbuf_2_3__f_clk/A (sky130_fd_sc_hd__clkbuf_16)
                  0.05    0.12   10.28 ^ clkbuf_2_3__f_clk/X (sky130_fd_sc_hd__clkbuf_16)
    12    0.02                           clknet_2_3__leaf_clk (net)
                  0.05    0.00   10.28 ^ _747_/CLK (sky130_fd_sc_hd__dfrtp_2)
                         -0.25   10.03   clock uncertainty
                          0.00   10.03   clock reconvergence pessimism
                          0.22   10.25   library recovery time
                                 10.25   data required time
-----------------------------------------------------------------------------
                                 10.25   data required time
                                 -2.30   data arrival time
-----------------------------------------------------------------------------
                                  7.96   slack (MET)


Startpoint: rst (input port clocked by clk)
Endpoint: _744_ (recovery check against rising-edge clock clk)
Path Group: asynchronous
Path Type: max

Fanout     Cap    Slew   Delay    Time   Description
-----------------------------------------------------------------------------
                          0.00    0.00   clock clk (rise edge)
                          0.00    0.00   clock network delay (propagated)
                          2.00    2.00 v input external delay
                  0.01    0.00    2.00 v rst (in)
     1    0.00                           rst (net)
                  0.01    0.00    2.00 v input17/A (sky130_fd_sc_hd__clkbuf_1)
                  0.02    0.07    2.08 v input17/X (sky130_fd_sc_hd__clkbuf_1)
     1    0.00                           net17 (net)
                  0.02    0.00    2.08 v _634_/A (sky130_fd_sc_hd__buf_4)
                  0.06    0.17    2.24 v _634_/X (sky130_fd_sc_hd__buf_4)
     9    0.04                           _341_ (net)
                  0.06    0.00    2.24 v _690_/A (sky130_fd_sc_hd__inv_2)
                  0.03    0.05    2.30 ^ _690_/Y (sky130_fd_sc_hd__inv_2)
     1    0.00                           _051_ (net)
                  0.03    0.00    2.30 ^ _744_/RESET_B (sky130_fd_sc_hd__dfrtp_2)
                                  2.30   data arrival time

                         10.00   10.00   clock clk (rise edge)
                          0.00   10.00   clock source latency
                  0.04    0.03   10.03 ^ clk (in)
     1    0.01                           clk (net)
                  0.04    0.00   10.03 ^ clkbuf_0_clk/A (sky130_fd_sc_hd__clkbuf_16)
                  0.05    0.13   10.15 ^ clkbuf_0_clk/X (sky130_fd_sc_hd__clkbuf_16)
     4    0.03                           clknet_0_clk (net)
                  0.05    0.00   10.15 ^ clkbuf_2_2__f_clk/A (sky130_fd_sc_hd__clkbuf_16)
                  0.05    0.13   10.28 ^ clkbuf_2_2__f_clk/X (sky130_fd_sc_hd__clkbuf_16)
    13    0.02                           clknet_2_2__leaf_clk (net)
                  0.05    0.00   10.28 ^ _744_/CLK (sky130_fd_sc_hd__dfrtp_2)
                         -0.25   10.03   clock uncertainty
                          0.00   10.03   clock reconvergence pessimism
                          0.22   10.26   library recovery time
                                 10.26   data required time
-----------------------------------------------------------------------------
                                 10.26   data required time
                                 -2.30   data arrival time
-----------------------------------------------------------------------------
                                  7.96   slack (MET)


Startpoint: rst (input port clocked by clk)
Endpoint: _745_ (recovery check against rising-edge clock clk)
Path Group: asynchronous
Path Type: max

Fanout     Cap    Slew   Delay    Time   Description
-----------------------------------------------------------------------------
                          0.00    0.00   clock clk (rise edge)
                          0.00    0.00   clock network delay (propagated)
                          2.00    2.00 v input external delay
                  0.01    0.00    2.00 v rst (in)
     1    0.00                           rst (net)
                  0.01    0.00    2.00 v input17/A (sky130_fd_sc_hd__clkbuf_1)
                  0.02    0.07    2.08 v input17/X (sky130_fd_sc_hd__clkbuf_1)
     1    0.00                           net17 (net)
                  0.02    0.00    2.08 v _634_/A (sky130_fd_sc_hd__buf_4)
                  0.06    0.17    2.24 v _634_/X (sky130_fd_sc_hd__buf_4)
     9    0.04                           _341_ (net)
                  0.06    0.00    2.24 v _691_/A (sky130_fd_sc_hd__inv_2)
                  0.03    0.05    2.30 ^ _691_/Y (sky130_fd_sc_hd__inv_2)
     1    0.00                           _052_ (net)
                  0.03    0.00    2.30 ^ _745_/RESET_B (sky130_fd_sc_hd__dfrtp_1)
                                  2.30   data arrival time

                         10.00   10.00   clock clk (rise edge)
                          0.00   10.00   clock source latency
                  0.04    0.03   10.03 ^ clk (in)
     1    0.01                           clk (net)
                  0.04    0.00   10.03 ^ clkbuf_0_clk/A (sky130_fd_sc_hd__clkbuf_16)
                  0.05    0.13   10.15 ^ clkbuf_0_clk/X (sky130_fd_sc_hd__clkbuf_16)
     4    0.03                           clknet_0_clk (net)
                  0.05    0.00   10.15 ^ clkbuf_2_3__f_clk/A (sky130_fd_sc_hd__clkbuf_16)
                  0.05    0.12   10.28 ^ clkbuf_2_3__f_clk/X (sky130_fd_sc_hd__clkbuf_16)
    12    0.02                           clknet_2_3__leaf_clk (net)
                  0.05    0.00   10.28 ^ _745_/CLK (sky130_fd_sc_hd__dfrtp_1)
                         -0.25   10.03   clock uncertainty
                          0.00   10.03   clock reconvergence pessimism
                          0.23   10.26   library recovery time
                                 10.26   data required time
-----------------------------------------------------------------------------
                                 10.26   data required time
                                 -2.30   data arrival time
-----------------------------------------------------------------------------
                                  7.97   slack (MET)


Startpoint: rst (input port clocked by clk)
Endpoint: _746_ (recovery check against rising-edge clock clk)
Path Group: asynchronous
Path Type: max

Fanout     Cap    Slew   Delay    Time   Description
-----------------------------------------------------------------------------
                          0.00    0.00   clock clk (rise edge)
                          0.00    0.00   clock network delay (propagated)
                          2.00    2.00 v input external delay
                  0.01    0.00    2.00 v rst (in)
     1    0.00                           rst (net)
                  0.01    0.00    2.00 v input17/A (sky130_fd_sc_hd__clkbuf_1)
                  0.02    0.07    2.08 v input17/X (sky130_fd_sc_hd__clkbuf_1)
     1    0.00                           net17 (net)
                  0.02    0.00    2.08 v _634_/A (sky130_fd_sc_hd__buf_4)
                  0.06    0.17    2.24 v _634_/X (sky130_fd_sc_hd__buf_4)
     9    0.04                           _341_ (net)
                  0.06    0.00    2.24 v _692_/A (sky130_fd_sc_hd__inv_2)
                  0.03    0.05    2.30 ^ _692_/Y (sky130_fd_sc_hd__inv_2)
     1    0.00                           _053_ (net)
                  0.03    0.00    2.30 ^ _746_/RESET_B (sky130_fd_sc_hd__dfrtp_1)
                                  2.30   data arrival time

                         10.00   10.00   clock clk (rise edge)
                          0.00   10.00   clock source latency
                  0.04    0.03   10.03 ^ clk (in)
     1    0.01                           clk (net)
                  0.04    0.00   10.03 ^ clkbuf_0_clk/A (sky130_fd_sc_hd__clkbuf_16)
                  0.05    0.13   10.15 ^ clkbuf_0_clk/X (sky130_fd_sc_hd__clkbuf_16)
     4    0.03                           clknet_0_clk (net)
                  0.05    0.00   10.15 ^ clkbuf_2_3__f_clk/A (sky130_fd_sc_hd__clkbuf_16)
                  0.05    0.12   10.28 ^ clkbuf_2_3__f_clk/X (sky130_fd_sc_hd__clkbuf_16)
    12    0.02                           clknet_2_3__leaf_clk (net)
                  0.05    0.00   10.28 ^ _746_/CLK (sky130_fd_sc_hd__dfrtp_1)
                         -0.25   10.03   clock uncertainty
                          0.00   10.03   clock reconvergence pessimism
                          0.23   10.26   library recovery time
                                 10.26   data required time
-----------------------------------------------------------------------------
                                 10.26   data required time
                                 -2.30   data arrival time
-----------------------------------------------------------------------------
                                  7.97   slack (MET)


Startpoint: _697_ (rising edge-triggered flip-flop clocked by clk)
Endpoint: _707_ (rising edge-triggered flip-flop clocked by clk)
Path Group: clk
Path Type: max

Fanout     Cap    Slew   Delay    Time   Description
-----------------------------------------------------------------------------
                          0.00    0.00   clock clk (rise edge)
                          0.00    0.00   clock source latency
                  0.04    0.03    0.03 ^ clk (in)
     1    0.01                           clk (net)
                  0.04    0.00    0.03 ^ clkbuf_0_clk/A (sky130_fd_sc_hd__clkbuf_16)
                  0.05    0.14    0.17 ^ clkbuf_0_clk/X (sky130_fd_sc_hd__clkbuf_16)
     4    0.03                           clknet_0_clk (net)
                  0.05    0.00    0.17 ^ clkbuf_2_3__f_clk/A (sky130_fd_sc_hd__clkbuf_16)
                  0.05    0.14    0.31 ^ clkbuf_2_3__f_clk/X (sky130_fd_sc_hd__clkbuf_16)
    12    0.02                           clknet_2_3__leaf_clk (net)
                  0.05    0.00    0.31 ^ _697_/CLK (sky130_fd_sc_hd__dfrtp_1)
                  0.05    0.39    0.69 v _697_/Q (sky130_fd_sc_hd__dfrtp_1)
     3    0.01                           u_core.count[3] (net)
                  0.05    0.00    0.69 v _589_/A (sky130_fd_sc_hd__nor4b_1)
                  0.31    0.35    1.05 ^ _589_/Y (sky130_fd_sc_hd__nor4b_1)
     2    0.00                           _319_ (net)
                  0.31    0.00    1.05 ^ wire36/A (sky130_fd_sc_hd__clkbuf_2)
                  0.10    0.23    1.28 ^ wire36/X (sky130_fd_sc_hd__clkbuf_2)
     4    0.02                           net36 (net)
                  0.10    0.00    1.28 ^ _590_/B (sky130_fd_sc_hd__nand2_4)
                  0.06    0.09    1.36 v _590_/Y (sky130_fd_sc_hd__nand2_4)
     7    0.02                           _320_ (net)
                  0.06    0.00    1.36 v _591_/A (sky130_fd_sc_hd__buf_4)
                  0.05    0.18    1.54 v _591_/X (sky130_fd_sc_hd__buf_4)
    10    0.03                           _321_ (net)
                  0.05    0.00    1.54 v _608_/S (sky130_fd_sc_hd__mux2_1)
                  0.05    0.31    1.86 v _608_/X (sky130_fd_sc_hd__mux2_1)
     1    0.00                           _329_ (net)
                  0.05    0.00    1.86 v _609_/A (sky130_fd_sc_hd__clkbuf_1)
                  0.02    0.09    1.95 v _609_/X (sky130_fd_sc_hd__clkbuf_1)
     1    0.00                           _067_ (net)
                  0.02    0.00    1.95 v _707_/D (sky130_fd_sc_hd__dfrtp_1)
                                  1.95   data arrival time

                         10.00   10.00   clock clk (rise edge)
                          0.00   10.00   clock source latency
                  0.04    0.03   10.03 ^ clk (in)
     1    0.01                           clk (net)
                  0.04    0.00   10.03 ^ clkbuf_0_clk/A (sky130_fd_sc_hd__clkbuf_16)
                  0.05    0.13   10.15 ^ clkbuf_0_clk/X (sky130_fd_sc_hd__clkbuf_16)
     4    0.03                           clknet_0_clk (net)
                  0.05    0.00   10.15 ^ clkbuf_2_2__f_clk/A (sky130_fd_sc_hd__clkbuf_16)
                  0.05    0.13   10.28 ^ clkbuf_2_2__f_clk/X (sky130_fd_sc_hd__clkbuf_16)
    13    0.02                           clknet_2_2__leaf_clk (net)
                  0.05    0.00   10.28 ^ _707_/CLK (sky130_fd_sc_hd__dfrtp_1)
                         -0.25   10.03   clock uncertainty
                          0.02   10.05   clock reconvergence pessimism
                         -0.10    9.94   library setup time
                                  9.94   data required time
-----------------------------------------------------------------------------
                                  9.94   data required time
                                 -1.95   data arrival time
-----------------------------------------------------------------------------
                                  8.00   slack (MET)


Startpoint: _697_ (rising edge-triggered flip-flop clocked by clk)
Endpoint: _701_ (rising edge-triggered flip-flop clocked by clk)
Path Group: clk
Path Type: max

Fanout     Cap    Slew   Delay    Time   Description
-----------------------------------------------------------------------------
                          0.00    0.00   clock clk (rise edge)
                          0.00    0.00   clock source latency
                  0.04    0.03    0.03 ^ clk (in)
     1    0.01                           clk (net)
                  0.04    0.00    0.03 ^ clkbuf_0_clk/A (sky130_fd_sc_hd__clkbuf_16)
                  0.05    0.14    0.17 ^ clkbuf_0_clk/X (sky130_fd_sc_hd__clkbuf_16)
     4    0.03                           clknet_0_clk (net)
                  0.05    0.00    0.17 ^ clkbuf_2_3__f_clk/A (sky130_fd_sc_hd__clkbuf_16)
                  0.05    0.14    0.31 ^ clkbuf_2_3__f_clk/X (sky130_fd_sc_hd__clkbuf_16)
    12    0.02                           clknet_2_3__leaf_clk (net)
                  0.05    0.00    0.31 ^ _697_/CLK (sky130_fd_sc_hd__dfrtp_1)
                  0.05    0.39    0.69 v _697_/Q (sky130_fd_sc_hd__dfrtp_1)
     3    0.01                           u_core.count[3] (net)
                  0.05    0.00    0.69 v _589_/A (sky130_fd_sc_hd__nor4b_1)
                  0.31    0.35    1.05 ^ _589_/Y (sky130_fd_sc_hd__nor4b_1)
     2    0.00                           _319_ (net)
                  0.31    0.00    1.05 ^ wire36/A (sky130_fd_sc_hd__clkbuf_2)
                  0.10    0.23    1.28 ^ wire36/X (sky130_fd_sc_hd__clkbuf_2)
     4    0.02                           net36 (net)
                  0.10    0.00    1.28 ^ _590_/B (sky130_fd_sc_hd__nand2_4)
                  0.06    0.09    1.36 v _590_/Y (sky130_fd_sc_hd__nand2_4)
     7    0.02                           _320_ (net)
                  0.06    0.00    1.36 v _620_/S (sky130_fd_sc_hd__mux2_1)
                  0.05    0.32    1.68 v _620_/X (sky130_fd_sc_hd__mux2_1)
     1    0.00                           _335_ (net)
                  0.05    0.00    1.68 v _621_/A (sky130_fd_sc_hd__clkbuf_1)
                  0.02    0.09    1.77 v _621_/X (sky130_fd_sc_hd__clkbuf_1)
     1    0.00                           _061_ (net)
                  0.02    0.00    1.77 v _701_/D (sky130_fd_sc_hd__dfrtp_1)
                                  1.77   data arrival time

                         10.00   10.00   clock clk (rise edge)
                          0.00   10.00   clock source latency
                  0.04    0.03   10.03 ^ clk (in)
     1    0.01                           clk (net)
                  0.04    0.00   10.03 ^ clkbuf_0_clk/A (sky130_fd_sc_hd__clkbuf_16)
                  0.05    0.13   10.15 ^ clkbuf_0_clk/X (sky130_fd_sc_hd__clkbuf_16)
     4    0.03                           clknet_0_clk (net)
                  0.05    0.00   10.15 ^ clkbuf_2_2__f_clk/A (sky130_fd_sc_hd__clkbuf_16)
                  0.05    0.13   10.28 ^ clkbuf_2_2__f_clk/X (sky130_fd_sc_hd__clkbuf_16)
    13    0.02                           clknet_2_2__leaf_clk (net)
                  0.05    0.00   10.28 ^ _701_/CLK (sky130_fd_sc_hd__dfrtp_1)
                         -0.25   10.03   clock uncertainty
                          0.02   10.05   clock reconvergence pessimism
                         -0.10    9.94   library setup time
                                  9.94   data required time
-----------------------------------------------------------------------------
                                  9.94   data required time
                                 -1.77   data arrival time
-----------------------------------------------------------------------------
                                  8.17   slack (MET)


Startpoint: _697_ (rising edge-triggered flip-flop clocked by clk)
Endpoint: _705_ (rising edge-triggered flip-flop clocked by clk)
Path Group: clk
Path Type: max

Fanout     Cap    Slew   Delay    Time   Description
-----------------------------------------------------------------------------
                          0.00    0.00   clock clk (rise edge)
                          0.00    0.00   clock source latency
                  0.04    0.03    0.03 ^ clk (in)
     1    0.01                           clk (net)
                  0.04    0.00    0.03 ^ clkbuf_0_clk/A (sky130_fd_sc_hd__clkbuf_16)
                  0.05    0.14    0.17 ^ clkbuf_0_clk/X (sky130_fd_sc_hd__clkbuf_16)
     4    0.03                           clknet_0_clk (net)
                  0.05    0.00    0.17 ^ clkbuf_2_3__f_clk/A (sky130_fd_sc_hd__clkbuf_16)
                  0.05    0.14    0.31 ^ clkbuf_2_3__f_clk/X (sky130_fd_sc_hd__clkbuf_16)
    12    0.02                           clknet_2_3__leaf_clk (net)
                  0.05    0.00    0.31 ^ _697_/CLK (sky130_fd_sc_hd__dfrtp_1)
                  0.05    0.39    0.69 v _697_/Q (sky130_fd_sc_hd__dfrtp_1)
     3    0.01                           u_core.count[3] (net)
                  0.05    0.00    0.69 v _589_/A (sky130_fd_sc_hd__nor4b_1)
                  0.31    0.35    1.05 ^ _589_/Y (sky130_fd_sc_hd__nor4b_1)
     2    0.00                           _319_ (net)
                  0.31    0.00    1.05 ^ wire36/A (sky130_fd_sc_hd__clkbuf_2)
                  0.10    0.23    1.28 ^ wire36/X (sky130_fd_sc_hd__clkbuf_2)
     4    0.02                           net36 (net)
                  0.10    0.00    1.28 ^ _590_/B (sky130_fd_sc_hd__nand2_4)
                  0.06    0.09    1.36 v _590_/Y (sky130_fd_sc_hd__nand2_4)
     7    0.02                           _320_ (net)
                  0.06    0.00    1.36 v _612_/S (sky130_fd_sc_hd__mux2_1)
                  0.05    0.32    1.68 v _612_/X (sky130_fd_sc_hd__mux2_1)
     1    0.00                           _331_ (net)
                  0.05    0.00    1.68 v _613_/A (sky130_fd_sc_hd__clkbuf_1)
                  0.02    0.09    1.77 v _613_/X (sky130_fd_sc_hd__clkbuf_1)
     1    0.00                           _065_ (net)
                  0.02    0.00    1.77 v _705_/D (sky130_fd_sc_hd__dfrtp_1)
                                  1.77   data arrival time

                         10.00   10.00   clock clk (rise edge)
                          0.00   10.00   clock source latency
                  0.04    0.03   10.03 ^ clk (in)
     1    0.01                           clk (net)
                  0.04    0.00   10.03 ^ clkbuf_0_clk/A (sky130_fd_sc_hd__clkbuf_16)
                  0.05    0.13   10.15 ^ clkbuf_0_clk/X (sky130_fd_sc_hd__clkbuf_16)
     4    0.03                           clknet_0_clk (net)
                  0.05    0.00   10.15 ^ clkbuf_2_2__f_clk/A (sky130_fd_sc_hd__clkbuf_16)
                  0.05    0.13   10.28 ^ clkbuf_2_2__f_clk/X (sky130_fd_sc_hd__clkbuf_16)
    13    0.02                           clknet_2_2__leaf_clk (net)
                  0.05    0.00   10.28 ^ _705_/CLK (sky130_fd_sc_hd__dfrtp_1)
                         -0.25   10.03   clock uncertainty
                          0.02   10.05   clock reconvergence pessimism
                         -0.10    9.94   library setup time
                                  9.94   data required time
-----------------------------------------------------------------------------
                                  9.94   data required time
                                 -1.77   data arrival time
-----------------------------------------------------------------------------
                                  8.17   slack (MET)


Startpoint: _697_ (rising edge-triggered flip-flop clocked by clk)
Endpoint: _703_ (rising edge-triggered flip-flop clocked by clk)
Path Group: clk
Path Type: max

Fanout     Cap    Slew   Delay    Time   Description
-----------------------------------------------------------------------------
                          0.00    0.00   clock clk (rise edge)
                          0.00    0.00   clock source latency
                  0.04    0.03    0.03 ^ clk (in)
     1    0.01                           clk (net)
                  0.04    0.00    0.03 ^ clkbuf_0_clk/A (sky130_fd_sc_hd__clkbuf_16)
                  0.05    0.14    0.17 ^ clkbuf_0_clk/X (sky130_fd_sc_hd__clkbuf_16)
     4    0.03                           clknet_0_clk (net)
                  0.05    0.00    0.17 ^ clkbuf_2_3__f_clk/A (sky130_fd_sc_hd__clkbuf_16)
                  0.05    0.14    0.31 ^ clkbuf_2_3__f_clk/X (sky130_fd_sc_hd__clkbuf_16)
    12    0.02                           clknet_2_3__leaf_clk (net)
                  0.05    0.00    0.31 ^ _697_/CLK (sky130_fd_sc_hd__dfrtp_1)
                  0.05    0.39    0.69 v _697_/Q (sky130_fd_sc_hd__dfrtp_1)
     3    0.01                           u_core.count[3] (net)
                  0.05    0.00    0.69 v _589_/A (sky130_fd_sc_hd__nor4b_1)
                  0.31    0.35    1.05 ^ _589_/Y (sky130_fd_sc_hd__nor4b_1)
     2    0.00                           _319_ (net)
                  0.31    0.00    1.05 ^ wire36/A (sky130_fd_sc_hd__clkbuf_2)
                  0.10    0.23    1.28 ^ wire36/X (sky130_fd_sc_hd__clkbuf_2)
     4    0.02                           net36 (net)
                  0.10    0.00    1.28 ^ _590_/B (sky130_fd_sc_hd__nand2_4)
                  0.06    0.09    1.36 v _590_/Y (sky130_fd_sc_hd__nand2_4)
     7    0.02                           _320_ (net)
                  0.06    0.00    1.36 v _616_/S (sky130_fd_sc_hd__mux2_1)
                  0.05    0.32    1.68 v _616_/X (sky130_fd_sc_hd__mux2_1)
     1    0.00                           _333_ (net)
                  0.05    0.00    1.68 v _617_/A (sky130_fd_sc_hd__clkbuf_1)
                  0.02    0.09    1.77 v _617_/X (sky130_fd_sc_hd__clkbuf_1)
     1    0.00                           _063_ (net)
                  0.02    0.00    1.77 v _703_/D (sky130_fd_sc_hd__dfrtp_1)
                                  1.77   data arrival time

                         10.00   10.00   clock clk (rise edge)
                          0.00   10.00   clock source latency
                  0.04    0.03   10.03 ^ clk (in)
     1    0.01                           clk (net)
                  0.04    0.00   10.03 ^ clkbuf_0_clk/A (sky130_fd_sc_hd__clkbuf_16)
                  0.05    0.13   10.15 ^ clkbuf_0_clk/X (sky130_fd_sc_hd__clkbuf_16)
     4    0.03                           clknet_0_clk (net)
                  0.05    0.00   10.15 ^ clkbuf_2_1__f_clk/A (sky130_fd_sc_hd__clkbuf_16)
                  0.05    0.13   10.28 ^ clkbuf_2_1__f_clk/X (sky130_fd_sc_hd__clkbuf_16)
    14    0.03                           clknet_2_1__leaf_clk (net)
                  0.05    0.00   10.28 ^ _703_/CLK (sky130_fd_sc_hd__dfrtp_1)
                         -0.25   10.03   clock uncertainty
                          0.02   10.05   clock reconvergence pessimism
                         -0.10    9.94   library setup time
                                  9.94   data required time
-----------------------------------------------------------------------------
                                  9.94   data required time
                                 -1.77   data arrival time
-----------------------------------------------------------------------------
                                  8.17   slack (MET)


Startpoint: _697_ (rising edge-triggered flip-flop clocked by clk)
Endpoint: _706_ (rising edge-triggered flip-flop clocked by clk)
Path Group: clk
Path Type: max

Fanout     Cap    Slew   Delay    Time   Description
-----------------------------------------------------------------------------
                          0.00    0.00   clock clk (rise edge)
                          0.00    0.00   clock source latency
                  0.04    0.03    0.03 ^ clk (in)
     1    0.01                           clk (net)
                  0.04    0.00    0.03 ^ clkbuf_0_clk/A (sky130_fd_sc_hd__clkbuf_16)
                  0.05    0.14    0.17 ^ clkbuf_0_clk/X (sky130_fd_sc_hd__clkbuf_16)
     4    0.03                           clknet_0_clk (net)
                  0.05    0.00    0.17 ^ clkbuf_2_3__f_clk/A (sky130_fd_sc_hd__clkbuf_16)
                  0.05    0.14    0.31 ^ clkbuf_2_3__f_clk/X (sky130_fd_sc_hd__clkbuf_16)
    12    0.02                           clknet_2_3__leaf_clk (net)
                  0.05    0.00    0.31 ^ _697_/CLK (sky130_fd_sc_hd__dfrtp_1)
                  0.05    0.39    0.69 v _697_/Q (sky130_fd_sc_hd__dfrtp_1)
     3    0.01                           u_core.count[3] (net)
                  0.05    0.00    0.69 v _589_/A (sky130_fd_sc_hd__nor4b_1)
                  0.31    0.35    1.05 ^ _589_/Y (sky130_fd_sc_hd__nor4b_1)
     2    0.00                           _319_ (net)
                  0.31    0.00    1.05 ^ wire36/A (sky130_fd_sc_hd__clkbuf_2)
                  0.10    0.23    1.28 ^ wire36/X (sky130_fd_sc_hd__clkbuf_2)
     4    0.02                           net36 (net)
                  0.10    0.00    1.28 ^ _590_/B (sky130_fd_sc_hd__nand2_4)
                  0.06    0.09    1.36 v _590_/Y (sky130_fd_sc_hd__nand2_4)
     7    0.02                           _320_ (net)
                  0.06    0.00    1.36 v _610_/S (sky130_fd_sc_hd__mux2_1)
                  0.05    0.32    1.68 v _610_/X (sky130_fd_sc_hd__mux2_1)
     1    0.00                           _330_ (net)
                  0.05    0.00    1.68 v _611_/A (sky130_fd_sc_hd__clkbuf_1)
                  0.02    0.09    1.77 v _611_/X (sky130_fd_sc_hd__clkbuf_1)
     1    0.00                           _066_ (net)
                  0.02    0.00    1.77 v _706_/D (sky130_fd_sc_hd__dfrtp_1)
                                  1.77   data arrival time

                         10.00   10.00   clock clk (rise edge)
                          0.00   10.00   clock source latency
                  0.04    0.03   10.03 ^ clk (in)
     1    0.01                           clk (net)
                  0.04    0.00   10.03 ^ clkbuf_0_clk/A (sky130_fd_sc_hd__clkbuf_16)
                  0.05    0.13   10.15 ^ clkbuf_0_clk/X (sky130_fd_sc_hd__clkbuf_16)
     4    0.03                           clknet_0_clk (net)
                  0.05    0.00   10.15 ^ clkbuf_2_1__f_clk/A (sky130_fd_sc_hd__clkbuf_16)
                  0.05    0.13   10.28 ^ clkbuf_2_1__f_clk/X (sky130_fd_sc_hd__clkbuf_16)
    14    0.03                           clknet_2_1__leaf_clk (net)
                  0.05    0.00   10.28 ^ _706_/CLK (sky130_fd_sc_hd__dfrtp_1)
                         -0.25   10.03   clock uncertainty
                          0.02   10.05   clock reconvergence pessimism
                         -0.10    9.94   library setup time
                                  9.94   data required time
-----------------------------------------------------------------------------
                                  9.94   data required time
                                 -1.77   data arrival time
-----------------------------------------------------------------------------
                                  8.17   slack (MET)


Startpoint: _697_ (rising edge-triggered flip-flop clocked by clk)
Endpoint: _702_ (rising edge-triggered flip-flop clocked by clk)
Path Group: clk
Path Type: max

Fanout     Cap    Slew   Delay    Time   Description
-----------------------------------------------------------------------------
                          0.00    0.00   clock clk (rise edge)
                          0.00    0.00   clock source latency
                  0.04    0.03    0.03 ^ clk (in)
     1    0.01                           clk (net)
                  0.04    0.00    0.03 ^ clkbuf_0_clk/A (sky130_fd_sc_hd__clkbuf_16)
                  0.05    0.14    0.17 ^ clkbuf_0_clk/X (sky130_fd_sc_hd__clkbuf_16)
     4    0.03                           clknet_0_clk (net)
                  0.05    0.00    0.17 ^ clkbuf_2_3__f_clk/A (sky130_fd_sc_hd__clkbuf_16)
                  0.05    0.14    0.31 ^ clkbuf_2_3__f_clk/X (sky130_fd_sc_hd__clkbuf_16)
    12    0.02                           clknet_2_3__leaf_clk (net)
                  0.05    0.00    0.31 ^ _697_/CLK (sky130_fd_sc_hd__dfrtp_1)
                  0.05    0.39    0.69 v _697_/Q (sky130_fd_sc_hd__dfrtp_1)
     3    0.01                           u_core.count[3] (net)
                  0.05    0.00    0.69 v _589_/A (sky130_fd_sc_hd__nor4b_1)
                  0.31    0.35    1.05 ^ _589_/Y (sky130_fd_sc_hd__nor4b_1)
     2    0.00                           _319_ (net)
                  0.31    0.00    1.05 ^ wire36/A (sky130_fd_sc_hd__clkbuf_2)
                  0.10    0.23    1.28 ^ wire36/X (sky130_fd_sc_hd__clkbuf_2)
     4    0.02                           net36 (net)
                  0.10    0.00    1.28 ^ _590_/B (sky130_fd_sc_hd__nand2_4)
                  0.06    0.09    1.36 v _590_/Y (sky130_fd_sc_hd__nand2_4)
     7    0.02                           _320_ (net)
                  0.06    0.00    1.36 v _618_/S (sky130_fd_sc_hd__mux2_1)
                  0.05    0.32    1.68 v _618_/X (sky130_fd_sc_hd__mux2_1)
     1    0.00                           _334_ (net)
                  0.05    0.00    1.68 v _619_/A (sky130_fd_sc_hd__clkbuf_1)
                  0.02    0.09    1.77 v _619_/X (sky130_fd_sc_hd__clkbuf_1)
     1    0.00                           _062_ (net)
                  0.02    0.00    1.77 v _702_/D (sky130_fd_sc_hd__dfrtp_1)
                                  1.77   data arrival time

                         10.00   10.00   clock clk (rise edge)
                          0.00   10.00   clock source latency
                  0.04    0.03   10.03 ^ clk (in)
     1    0.01                           clk (net)
                  0.04    0.00   10.03 ^ clkbuf_0_clk/A (sky130_fd_sc_hd__clkbuf_16)
                  0.05    0.13   10.15 ^ clkbuf_0_clk/X (sky130_fd_sc_hd__clkbuf_16)
     4    0.03                           clknet_0_clk (net)
                  0.05    0.00   10.15 ^ clkbuf_2_0__f_clk/A (sky130_fd_sc_hd__clkbuf_16)
                  0.05    0.13   10.28 ^ clkbuf_2_0__f_clk/X (sky130_fd_sc_hd__clkbuf_16)
    15    0.03                           clknet_2_0__leaf_clk (net)
                  0.05    0.00   10.28 ^ _702_/CLK (sky130_fd_sc_hd__dfrtp_1)
                         -0.25   10.03   clock uncertainty
                          0.02   10.05   clock reconvergence pessimism
                         -0.10    9.95   library setup time
                                  9.95   data required time
-----------------------------------------------------------------------------
                                  9.95   data required time
                                 -1.77   data arrival time
-----------------------------------------------------------------------------
                                  8.18   slack (MET)


Startpoint: _697_ (rising edge-triggered flip-flop clocked by clk)
Endpoint: _704_ (rising edge-triggered flip-flop clocked by clk)
Path Group: clk
Path Type: max

Fanout     Cap    Slew   Delay    Time   Description
-----------------------------------------------------------------------------
                          0.00    0.00   clock clk (rise edge)
                          0.00    0.00   clock source latency
                  0.04    0.03    0.03 ^ clk (in)
     1    0.01                           clk (net)
                  0.04    0.00    0.03 ^ clkbuf_0_clk/A (sky130_fd_sc_hd__clkbuf_16)
                  0.05    0.14    0.17 ^ clkbuf_0_clk/X (sky130_fd_sc_hd__clkbuf_16)
     4    0.03                           clknet_0_clk (net)
                  0.05    0.00    0.17 ^ clkbuf_2_3__f_clk/A (sky130_fd_sc_hd__clkbuf_16)
                  0.05    0.14    0.31 ^ clkbuf_2_3__f_clk/X (sky130_fd_sc_hd__clkbuf_16)
    12    0.02                           clknet_2_3__leaf_clk (net)
                  0.05    0.00    0.31 ^ _697_/CLK (sky130_fd_sc_hd__dfrtp_1)
                  0.05    0.39    0.69 v _697_/Q (sky130_fd_sc_hd__dfrtp_1)
     3    0.01                           u_core.count[3] (net)
                  0.05    0.00    0.69 v _589_/A (sky130_fd_sc_hd__nor4b_1)
                  0.31    0.35    1.05 ^ _589_/Y (sky130_fd_sc_hd__nor4b_1)
     2    0.00                           _319_ (net)
                  0.31    0.00    1.05 ^ wire36/A (sky130_fd_sc_hd__clkbuf_2)
                  0.10    0.23    1.28 ^ wire36/X (sky130_fd_sc_hd__clkbuf_2)
     4    0.02                           net36 (net)
                  0.10    0.00    1.28 ^ _590_/B (sky130_fd_sc_hd__nand2_4)
                  0.06    0.09    1.36 v _590_/Y (sky130_fd_sc_hd__nand2_4)
     7    0.02                           _320_ (net)
                  0.06    0.00    1.36 v _614_/S (sky130_fd_sc_hd__mux2_1)
                  0.05    0.32    1.68 v _614_/X (sky130_fd_sc_hd__mux2_1)
     1    0.00                           _332_ (net)
                  0.05    0.00    1.68 v _615_/A (sky130_fd_sc_hd__clkbuf_1)
                  0.02    0.09    1.77 v _615_/X (sky130_fd_sc_hd__clkbuf_1)
     1    0.00                           _064_ (net)
                  0.02    0.00    1.77 v _704_/D (sky130_fd_sc_hd__dfrtp_1)
                                  1.77   data arrival time

                         10.00   10.00   clock clk (rise edge)
                          0.00   10.00   clock source latency
                  0.04    0.03   10.03 ^ clk (in)
     1    0.01                           clk (net)
                  0.04    0.00   10.03 ^ clkbuf_0_clk/A (sky130_fd_sc_hd__clkbuf_16)
                  0.05    0.13   10.15 ^ clkbuf_0_clk/X (sky130_fd_sc_hd__clkbuf_16)
     4    0.03                           clknet_0_clk (net)
                  0.05    0.00   10.15 ^ clkbuf_2_0__f_clk/A (sky130_fd_sc_hd__clkbuf_16)
                  0.05    0.13   10.28 ^ clkbuf_2_0__f_clk/X (sky130_fd_sc_hd__clkbuf_16)
    15    0.03                           clknet_2_0__leaf_clk (net)
                  0.05    0.00   10.28 ^ _704_/CLK (sky130_fd_sc_hd__dfrtp_1)
                         -0.25   10.03   clock uncertainty
                          0.02   10.05   clock reconvergence pessimism
                         -0.10    9.95   library setup time
                                  9.95   data required time
-----------------------------------------------------------------------------
                                  9.95   data required time
                                 -1.77   data arrival time
-----------------------------------------------------------------------------
                                  8.18   slack (MET)


Startpoint: _700_ (rising edge-triggered flip-flop clocked by clk)
Endpoint: _700_ (rising edge-triggered flip-flop clocked by clk)
Path Group: clk
Path Type: max

Fanout     Cap    Slew   Delay    Time   Description
-----------------------------------------------------------------------------
                          0.00    0.00   clock clk (rise edge)
                          0.00    0.00   clock source latency
                  0.04    0.03    0.03 ^ clk (in)
     1    0.01                           clk (net)
                  0.04    0.00    0.03 ^ clkbuf_0_clk/A (sky130_fd_sc_hd__clkbuf_16)
                  0.05    0.14    0.17 ^ clkbuf_0_clk/X (sky130_fd_sc_hd__clkbuf_16)
     4    0.03                           clknet_0_clk (net)
                  0.05    0.00    0.17 ^ clkbuf_2_3__f_clk/A (sky130_fd_sc_hd__clkbuf_16)
                  0.05    0.14    0.31 ^ clkbuf_2_3__f_clk/X (sky130_fd_sc_hd__clkbuf_16)
    12    0.02                           clknet_2_3__leaf_clk (net)
                  0.05    0.00    0.31 ^ _700_/CLK (sky130_fd_sc_hd__dfrtp_1)
                  0.04    0.38    0.68 v _700_/Q (sky130_fd_sc_hd__dfrtp_1)
     2    0.00                           net19 (net)
                  0.04    0.00    0.68 v hold1/A (sky130_fd_sc_hd__dlygate4sd3_1)
                  0.05    0.57    1.25 v hold1/X (sky130_fd_sc_hd__dlygate4sd3_1)
     1    0.00                           net37 (net)
                  0.05    0.00    1.25 v _622_/A1 (sky130_fd_sc_hd__o21a_1)
                  0.03    0.18    1.44 v _622_/X (sky130_fd_sc_hd__o21a_1)
     1    0.00                           _060_ (net)
                  0.03    0.00    1.44 v _700_/D (sky130_fd_sc_hd__dfrtp_1)
                                  1.44   data arrival time

                         10.00   10.00   clock clk (rise edge)
                          0.00   10.00   clock source latency
                  0.04    0.03   10.03 ^ clk (in)
     1    0.01                           clk (net)
                  0.04    0.00   10.03 ^ clkbuf_0_clk/A (sky130_fd_sc_hd__clkbuf_16)
                  0.05    0.13   10.15 ^ clkbuf_0_clk/X (sky130_fd_sc_hd__clkbuf_16)
     4    0.03                           clknet_0_clk (net)
                  0.05    0.00   10.15 ^ clkbuf_2_3__f_clk/A (sky130_fd_sc_hd__clkbuf_16)
                  0.05    0.12   10.28 ^ clkbuf_2_3__f_clk/X (sky130_fd_sc_hd__clkbuf_16)
    12    0.02                           clknet_2_3__leaf_clk (net)
                  0.05    0.00   10.28 ^ _700_/CLK (sky130_fd_sc_hd__dfrtp_1)
                         -0.25   10.03   clock uncertainty
                          0.03   10.06   clock reconvergence pessimism
                         -0.11    9.95   library setup time
                                  9.95   data required time
-----------------------------------------------------------------------------
                                  9.95   data required time
                                 -1.44   data arrival time
-----------------------------------------------------------------------------
                                  8.51   slack (MET)



max_report_end
checks_report

===========================================================================
report_checks -unconstrained
===========================================================================
======================= Typical Corner ===================================

Startpoint: rst (input port clocked by clk)
Endpoint: _728_ (recovery check against rising-edge clock clk)
Path Group: asynchronous
Path Type: max

Fanout     Cap    Slew   Delay    Time   Description
-----------------------------------------------------------------------------
                          0.00    0.00   clock clk (rise edge)
                          0.00    0.00   clock network delay (propagated)
                          2.00    2.00 v input external delay
                  0.01    0.00    2.00 v rst (in)
     1    0.00                           rst (net)
                  0.01    0.00    2.00 v input17/A (sky130_fd_sc_hd__clkbuf_1)
                  0.02    0.07    2.08 v input17/X (sky130_fd_sc_hd__clkbuf_1)
     1    0.00                           net17 (net)
                  0.02    0.00    2.08 v _634_/A (sky130_fd_sc_hd__buf_4)
                  0.06    0.17    2.24 v _634_/X (sky130_fd_sc_hd__buf_4)
     9    0.04                           _341_ (net)
                  0.06    0.00    2.24 v _668_/A (sky130_fd_sc_hd__clkbuf_8)
                  0.06    0.18    2.43 v _668_/X (sky130_fd_sc_hd__clkbuf_8)
    10    0.04                           _345_ (net)
                  0.06    0.00    2.43 v _673_/A (sky130_fd_sc_hd__inv_2)
                  0.03    0.05    2.48 ^ _673_/Y (sky130_fd_sc_hd__inv_2)
     1    0.00                           _035_ (net)
                  0.03    0.00    2.48 ^ _728_/RESET_B (sky130_fd_sc_hd__dfrtp_4)
                                  2.48   data arrival time

                         10.00   10.00   clock clk (rise edge)
                          0.00   10.00   clock source latency
                  0.04    0.03   10.03 ^ clk (in)
     1    0.01                           clk (net)
                  0.04    0.00   10.03 ^ clkbuf_0_clk/A (sky130_fd_sc_hd__clkbuf_16)
                  0.05    0.13   10.15 ^ clkbuf_0_clk/X (sky130_fd_sc_hd__clkbuf_16)
     4    0.03                           clknet_0_clk (net)
                  0.05    0.00   10.15 ^ clkbuf_2_3__f_clk/A (sky130_fd_sc_hd__clkbuf_16)
                  0.05    0.12   10.28 ^ clkbuf_2_3__f_clk/X (sky130_fd_sc_hd__clkbuf_16)
    12    0.02                           clknet_2_3__leaf_clk (net)
                  0.05    0.00   10.28 ^ _728_/CLK (sky130_fd_sc_hd__dfrtp_4)
                         -0.25   10.03   clock uncertainty
                          0.00   10.03   clock reconvergence pessimism
                          0.22   10.25   library recovery time
                                 10.25   data required time
-----------------------------------------------------------------------------
                                 10.25   data required time
                                 -2.48   data arrival time
-----------------------------------------------------------------------------
                                  7.77   slack (MET)


Startpoint: _715_ (rising edge-triggered flip-flop clocked by clk)
Endpoint: product[14] (output port clocked by clk)
Path Group: clk
Path Type: max

Fanout     Cap    Slew   Delay    Time   Description
-----------------------------------------------------------------------------
                          0.00    0.00   clock clk (rise edge)
                          0.00    0.00   clock source latency
                  0.04    0.03    0.03 ^ clk (in)
     1    0.01                           clk (net)
                  0.04    0.00    0.03 ^ clkbuf_0_clk/A (sky130_fd_sc_hd__clkbuf_16)
                  0.05    0.14    0.17 ^ clkbuf_0_clk/X (sky130_fd_sc_hd__clkbuf_16)
     4    0.03                           clknet_0_clk (net)
                  0.05    0.00    0.17 ^ clkbuf_2_3__f_clk/A (sky130_fd_sc_hd__clkbuf_16)
                  0.05    0.14    0.31 ^ clkbuf_2_3__f_clk/X (sky130_fd_sc_hd__clkbuf_16)
    12    0.02                           clknet_2_3__leaf_clk (net)
                  0.05    0.00    0.31 ^ _715_/CLK (sky130_fd_sc_hd__dfrtp_2)
                  0.04    0.41    0.71 v _715_/Q (sky130_fd_sc_hd__dfrtp_2)
     3    0.00                           net25 (net)
                  0.04    0.00    0.71 v output25/A (sky130_fd_sc_hd__clkbuf_4)
                  0.08    0.19    0.91 v output25/X (sky130_fd_sc_hd__clkbuf_4)
     1    0.03                           product[14] (net)
                  0.08    0.00    0.91 v product[14] (out)
                                  0.91   data arrival time

                         10.00   10.00   clock clk (rise edge)
                          0.00   10.00   clock network delay (propagated)
                         -0.25    9.75   clock uncertainty
                          0.00    9.75   clock reconvergence pessimism
                         -2.00    7.75   output external delay
                                  7.75   data required time
-----------------------------------------------------------------------------
                                  7.75   data required time
                                 -0.91   data arrival time
-----------------------------------------------------------------------------
                                  6.84   slack (MET)




===========================================================================
report_checks --slack_max -0.01
============================================================================
======================= Typical Corner ===================================

No paths found.


===========================================================================
 report_check_types -max_slew -max_cap -max_fanout -violators
============================================================================
======================= Typical Corner ===================================

max fanout

Pin                                   Limit Fanout  Slack
---------------------------------------------------------
clkbuf_2_0__f_clk/X                      10     15     -5 (VIOLATED)
clkbuf_2_1__f_clk/X                      10     14     -4 (VIOLATED)
clkbuf_2_2__f_clk/X                      10     13     -3 (VIOLATED)
clkbuf_2_3__f_clk/X                      10     12     -2 (VIOLATED)



===========================================================================
report_parasitic_annotation -report_unannotated
============================================================================
Found 495 unannotated drivers.
 clk
 multiplicand[0]
 multiplicand[1]
 multiplicand[2]
 multiplicand[3]
 multiplicand[4]
 multiplicand[5]
 multiplicand[6]
 multiplicand[7]
 multiplier[0]
 multiplier[1]
 multiplier[2]
 multiplier[3]
 multiplier[4]
 multiplier[5]
 multiplier[6]
 multiplier[7]
 rst
 start
 _347_/X
 _348_/X
 _349_/X
 _350_/X
 _351_/Y
 _352_/Y
 _353_/X
 _354_/Y
 _355_/Y
 _356_/Y
 _357_/Y
 _358_/Y
 _359_/X
 _360_/Y
 _361_/X
 _362_/X
 _363_/X
 _364_/Y
 _365_/X
 _366_/X
 _367_/X
 _368_/Y
 _369_/Y
 _370_/Y
 _371_/Y
 _372_/Y
 _373_/X
 _374_/Y
 _375_/X
 _376_/Y
 _377_/Y
 _378_/Y
 _379_/Y
 _380_/Y
 _381_/Y
 _382_/X
 _383_/Y
 _384_/Y
 _385_/X
 _386_/Y
 _387_/Y
 _388_/Y
 _389_/Y
 _390_/Y
 _391_/Y
 _392_/Y
 _393_/Y
 _394_/Y
 _395_/X
 _396_/Y
 _397_/Y
 _398_/X
 _399_/Y
 _400_/X
 _401_/Y
 _402_/X
 _403_/Y
 _404_/Y
 _405_/X
 _406_/X
 _407_/Y
 _408_/X
 _409_/Y
 _410_/Y
 _411_/Y
 _412_/X
 _413_/Y
 _414_/Y
 _415_/Y
 _416_/Y
 _417_/Y
 _418_/Y
 _419_/Y
 _420_/X
 _421_/Y
 _422_/Y
 _423_/X
 _424_/Y
 _425_/Y
 _426_/Y
 _427_/Y
 _428_/Y
 _429_/X
 _430_/Y
 _431_/X
 _432_/X
 _433_/X
 _434_/Y
 _435_/Y
 _436_/Y
 _437_/X
 _438_/Y
 _439_/X
 _440_/X
 _441_/X
 _442_/X
 _443_/Y
 _444_/Y
 _445_/X
 _446_/Y
 _447_/Y
 _448_/X
 _449_/Y
 _450_/Y
 _451_/Y
 _452_/X
 _453_/Y
 _454_/Y
 _455_/Y
 _456_/Y
 _457_/X
 _458_/Y
 _459_/X
 _460_/X
 _461_/X
 _462_/X
 _463_/X
 _464_/Y
 _465_/Y
 _466_/Y
 _467_/X
 _468_/X
 _469_/Y
 _470_/Y
 _471_/Y
 _472_/Y
 _473_/X
 _474_/Y
 _475_/Y
 _476_/X
 _477_/Y
 _478_/X
 _479_/Y
 _480_/Y
 _481_/X
 _482_/Y
 _483_/X
 _484_/X
 _485_/X
 _486_/X
 _487_/X
 _488_/X
 _489_/X
 _490_/X
 _491_/Y
 _492_/Y
 _493_/Y
 _494_/Y
 _495_/Y
 _496_/X
 _497_/Y
 _498_/X
 _499_/Y
 _500_/X
 _501_/X
 _502_/X
 _503_/X
 _504_/X
 _505_/Y
 _506_/Y
 _507_/X
 _508_/Y
 _509_/X
 _510_/Y
 _511_/X
 _512_/Y
 _513_/Y
 _514_/X
 _515_/Y
 _516_/Y
 _517_/X
 _518_/Y
 _519_/X
 _520_/Y
 _521_/X
 _522_/X
 _523_/X
 _524_/Y
 _525_/X
 _526_/X
 _527_/X
 _528_/Y
 _529_/Y
 _530_/X
 _531_/X
 _532_/X
 _533_/X
 _534_/X
 _535_/X
 _536_/X
 _537_/X
 _538_/Y
 _539_/X
 _540_/Y
 _541_/X
 _542_/Y
 _543_/Y
 _544_/X
 _545_/X
 _546_/X
 _547_/X
 _548_/X
 _549_/X
 _550_/X
 _551_/Y
 _552_/X
 _553_/X
 _554_/Y
 _555_/X
 _556_/X
 _557_/X
 _558_/X
 _559_/X
 _560_/X
 _561_/X
 _562_/X
 _563_/X
 _564_/X
 _565_/X
 _566_/X
 _567_/X
 _568_/X
 _569_/X
 _570_/X
 _571_/Y
 _572_/X
 _573_/X
 _574_/X
 _575_/X
 _576_/X
 _577_/X
 _578_/X
 _579_/X
 _580_/X
 _581_/X
 _582_/X
 _583_/X
 _584_/X
 _585_/X
 _586_/X
 _587_/X
 _588_/X
 _589_/Y
 _590_/Y
 _591_/X
 _592_/X
 _593_/Y
 _594_/Y
 _595_/X
 _596_/X
 _597_/X
 _598_/X
 _599_/X
 _600_/X
 _601_/X
 _602_/X
 _603_/X
 _604_/X
 _605_/X
 _606_/X
 _607_/X
 _608_/X
 _609_/X
 _610_/X
 _611_/X
 _612_/X
 _613_/X
 _614_/X
 _615_/X
 _616_/X
 _617_/X
 _618_/X
 _619_/X
 _620_/X
 _621_/X
 _622_/X
 _623_/X
 _624_/X
 _625_/Y
 _626_/Y
 _627_/X
 _628_/Y
 _629_/Y
 _630_/Y
 _631_/Y
 _632_/X
 _633_/Y
 _634_/X
 _635_/X
 _636_/Y
 _637_/Y
 _638_/Y
 _639_/Y
 _640_/Y
 _641_/Y
 _642_/Y
 _643_/Y
 _644_/Y
 _645_/Y
 _646_/X
 _647_/Y
 _648_/Y
 _649_/Y
 _650_/Y
 _651_/Y
 _652_/Y
 _653_/Y
 _654_/Y
 _655_/Y
 _656_/Y
 _657_/X
 _658_/Y
 _659_/Y
 _660_/Y
 _661_/Y
 _662_/Y
 _663_/Y
 _664_/Y
 _665_/Y
 _666_/Y
 _667_/Y
 _668_/X
 _669_/Y
 _670_/Y
 _671_/Y
 _672_/Y
 _673_/Y
 _674_/Y
 _675_/Y
 _676_/Y
 _677_/Y
 _678_/Y
 _679_/X
 _680_/Y
 _681_/Y
 _682_/Y
 _683_/Y
 _684_/Y
 _685_/Y
 _686_/Y
 _687_/Y
 _688_/Y
 _689_/Y
 _690_/Y
 _691_/Y
 _692_/Y
 _693_/Y
 _694_/Q
 _695_/Q
 _696_/Q
 _697_/Q
 _698_/Q
 _699_/Q
 _700_/Q
 _701_/Q
 _702_/Q
 _703_/Q
 _704_/Q
 _705_/Q
 _706_/Q
 _707_/Q
 _708_/Q
 _709_/Q
 _710_/Q
 _711_/Q
 _712_/Q
 _713_/Q
 _714_/Q
 _715_/Q
 _716_/Q
 _717_/Q
 _718_/Q
 _719_/Q
 _720_/Q
 _721_/Q
 _722_/Q
 _723_/Q
 _724_/Q
 _725_/Q
 _726_/Q
 _727_/Q
 _728_/Q
 _729_/Q
 _730_/Q
 _731_/Q
 _732_/Q
 _733_/Q
 _734_/Q
 _735_/Q
 _736_/Q
 _737_/Q
 _738_/Q
 _739_/Q
 _740_/Q
 _741_/Q
 _742_/Q
 _743_/Q
 _744_/Q
 _745_/Q
 _746_/Q
 _747_/Q
 clkbuf_0_clk/X
 clkbuf_2_0__f_clk/X
 clkbuf_2_1__f_clk/X
 clkbuf_2_2__f_clk/X
 clkbuf_2_3__f_clk/X
 hold1/X
 hold10/X
 hold11/X
 hold12/X
 hold13/X
 hold14/X
 hold15/X
 hold16/X
 hold17/X
 hold18/X
 hold19/X
 hold2/X
 hold20/X
 hold21/X
 hold22/X
 hold23/X
 hold24/X
 hold25/X
 hold26/X
 hold27/X
 hold28/X
 hold29/X
 hold3/X
 hold30/X
 hold31/X
 hold32/X
 hold33/X
 hold4/X
 hold5/X
 hold6/X
 hold7/X
 hold8/X
 hold9/X
 input1/X
 input10/X
 input11/X
 input12/X
 input13/X
 input14/X
 input15/X
 input16/X
 input17/X
 input18/X
 input2/X
 input3/X
 input4/X
 input5/X
 input6/X
 input7/X
 input8/X
 input9/X
 max_cap1/X
 output19/X
 output20/X
 output21/X
 output22/X
 output23/X
 output24/X
 output25/X
 output26/X
 output27/X
 output28/X
 output29/X
 output30/X
 output31/X
 output32/X
 output33/X
 output34/X
 output35/X
 wire36/X
Found 0 partially unannotated drivers.

===========================================================================
max slew violation count 0
max fanout violation count 4
max cap violation count 0
============================================================================

===========================================================================
check_setup -verbose -unconstrained_endpoints -multiple_clock -no_clock -no_input_delay -loops -generated_clocks
===========================================================================
checks_report_end
power_report

===========================================================================
 report_power
============================================================================
======================= Typical Corner ===================================

Group                  Internal  Switching    Leakage      Total
                          Power      Power      Power      Power (Watts)
----------------------------------------------------------------
Sequential             3.35e-04   9.04e-05   6.08e-10   4.25e-04  23.3%
Combinational          8.01e-04   5.97e-04   1.67e-09   1.40e-03  76.7%
Macro                  0.00e+00   0.00e+00   0.00e+00   0.00e+00   0.0%
Pad                    0.00e+00   0.00e+00   0.00e+00   0.00e+00   0.0%
----------------------------------------------------------------
Total                  1.14e-03   6.87e-04   2.28e-09   1.82e-03 100.0%
                          62.3%      37.7%       0.0%

power_report_end
skew_report

===========================================================================
report_clock_skew
============================================================================
Clock clk
Latency      CRPR       Skew
_725_/CLK ^
   0.31
_713_/CLK ^
   0.28     -0.02       0.02

skew_report_end
summary_report

===========================================================================
report_tns
============================================================================
tns 0.00

===========================================================================
report_wns
============================================================================
wns 0.00

===========================================================================
report_worst_slack -max (Setup)
============================================================================
worst slack 6.84

===========================================================================
report_worst_slack -min (Hold)
============================================================================
worst slack 0.23
summary_report_end
area_report

===========================================================================
report_design_area
============================================================================
Design area 4771 u^2 46% utilization.
area_report_end
[WARNING] Did not save OpenROAD database!
