
===========================================================================
report_checks -path_delay max (Setup)
============================================================================
======================= Typical Corner ===================================

Startpoint: _728_ (rising edge-triggered flip-flop clocked by clk)
Endpoint: _744_ (rising edge-triggered flip-flop clocked by clk)
Path Group: clk
Path Type: max

Fanout     Cap    Slew   Delay    Time   Description
-----------------------------------------------------------------------------
                  0.15    0.00    0.00   clock clk (rise edge)
                          0.00    0.00   clock network delay (ideal)
                  0.15    0.00    0.00 ^ _728_/CLK (sky130_fd_sc_hd__dfrtp_2)
                  0.08    0.49    0.49 v _728_/Q (sky130_fd_sc_hd__dfrtp_2)
     4    0.02                           u_core.M[3] (net)
                  0.08    0.00    0.49 v _355_/A (sky130_fd_sc_hd__nor2_2)
                  0.33    0.32    0.81 ^ _355_/Y (sky130_fd_sc_hd__nor2_2)
     7    0.03                           _116_ (net)
                  0.33    0.00    0.81 ^ _357_/C (sky130_fd_sc_hd__nand4b_2)
                  0.15    0.21    1.01 v _357_/Y (sky130_fd_sc_hd__nand4b_2)
     3    0.01                           _118_ (net)
                  0.15    0.00    1.01 v _360_/A1 (sky130_fd_sc_hd__a21oi_2)
                  0.34    0.37    1.38 ^ _360_/Y (sky130_fd_sc_hd__a21oi_2)
     4    0.03                           _121_ (net)
                  0.34    0.00    1.38 ^ _361_/A (sky130_fd_sc_hd__buf_1)
                  0.76    0.66    2.05 ^ _361_/X (sky130_fd_sc_hd__buf_1)
    10    0.07                           _122_ (net)
                  0.76    0.00    2.05 ^ _377_/A2 (sky130_fd_sc_hd__a32oi_2)
                  0.14    0.21    2.26 v _377_/Y (sky130_fd_sc_hd__a32oi_2)
     1    0.00                           _138_ (net)
                  0.14    0.00    2.26 v _405_/A2 (sky130_fd_sc_hd__o22a_2)
                  0.07    0.30    2.56 v _405_/X (sky130_fd_sc_hd__o22a_2)
     3    0.02                           _166_ (net)
                  0.07    0.00    2.56 v _444_/A1 (sky130_fd_sc_hd__a21oi_2)
                  0.16    0.19    2.75 ^ _444_/Y (sky130_fd_sc_hd__a21oi_2)
     2    0.01                           _205_ (net)
                  0.16    0.00    2.75 ^ _471_/A2 (sky130_fd_sc_hd__o21bai_2)
                  0.08    0.11    2.86 v _471_/Y (sky130_fd_sc_hd__o21bai_2)
     3    0.01                           _230_ (net)
                  0.08    0.00    2.86 v _486_/B1 (sky130_fd_sc_hd__a22o_2)
                  0.04    0.22    3.08 v _486_/X (sky130_fd_sc_hd__a22o_2)
     1    0.00                           _244_ (net)
                  0.04    0.00    3.08 v _488_/B1 (sky130_fd_sc_hd__a22o_2)
                  0.04    0.21    3.29 v _488_/X (sky130_fd_sc_hd__a22o_2)
     1    0.00                           _104_ (net)
                  0.04    0.00    3.29 v _744_/D (sky130_fd_sc_hd__dfrtp_2)
                                  3.29   data arrival time

                  0.15   10.00   10.00   clock clk (rise edge)
                          0.00   10.00   clock network delay (ideal)
                         -0.25    9.75   clock uncertainty
                          0.00    9.75   clock reconvergence pessimism
                                  9.75 ^ _744_/CLK (sky130_fd_sc_hd__dfrtp_2)
                         -0.09    9.66   library setup time
                                  9.66   data required time
-----------------------------------------------------------------------------
                                  9.66   data required time
                                 -3.29   data arrival time
-----------------------------------------------------------------------------
                                  6.37   slack (MET)


Startpoint: _728_ (rising edge-triggered flip-flop clocked by clk)
Endpoint: _747_ (rising edge-triggered flip-flop clocked by clk)
Path Group: clk
Path Type: max

Fanout     Cap    Slew   Delay    Time   Description
-----------------------------------------------------------------------------
                  0.15    0.00    0.00   clock clk (rise edge)
                          0.00    0.00   clock network delay (ideal)
                  0.15    0.00    0.00 ^ _728_/CLK (sky130_fd_sc_hd__dfrtp_2)
                  0.08    0.49    0.49 v _728_/Q (sky130_fd_sc_hd__dfrtp_2)
     4    0.02                           u_core.M[3] (net)
                  0.08    0.00    0.49 v _355_/A (sky130_fd_sc_hd__nor2_2)
                  0.33    0.32    0.81 ^ _355_/Y (sky130_fd_sc_hd__nor2_2)
     7    0.03                           _116_ (net)
                  0.33    0.00    0.81 ^ _357_/C (sky130_fd_sc_hd__nand4b_2)
                  0.15    0.21    1.01 v _357_/Y (sky130_fd_sc_hd__nand4b_2)
     3    0.01                           _118_ (net)
                  0.15    0.00    1.01 v _360_/A1 (sky130_fd_sc_hd__a21oi_2)
                  0.34    0.37    1.38 ^ _360_/Y (sky130_fd_sc_hd__a21oi_2)
     4    0.03                           _121_ (net)
                  0.34    0.00    1.38 ^ _361_/A (sky130_fd_sc_hd__buf_1)
                  0.76    0.66    2.05 ^ _361_/X (sky130_fd_sc_hd__buf_1)
    10    0.07                           _122_ (net)
                  0.76    0.00    2.05 ^ _377_/A2 (sky130_fd_sc_hd__a32oi_2)
                  0.14    0.21    2.26 v _377_/Y (sky130_fd_sc_hd__a32oi_2)
     1    0.00                           _138_ (net)
                  0.14    0.00    2.26 v _405_/A2 (sky130_fd_sc_hd__o22a_2)
                  0.07    0.30    2.56 v _405_/X (sky130_fd_sc_hd__o22a_2)
     3    0.02                           _166_ (net)
                  0.07    0.00    2.56 v _444_/A1 (sky130_fd_sc_hd__a21oi_2)
                  0.16    0.19    2.75 ^ _444_/Y (sky130_fd_sc_hd__a21oi_2)
     2    0.01                           _205_ (net)
                  0.16    0.00    2.75 ^ _450_/A2 (sky130_fd_sc_hd__o21bai_2)
                  0.08    0.11    2.86 v _450_/Y (sky130_fd_sc_hd__o21bai_2)
     3    0.01                           _211_ (net)
                  0.08    0.00    2.86 v _453_/B1 (sky130_fd_sc_hd__a22oi_2)
                  0.13    0.12    2.98 ^ _453_/Y (sky130_fd_sc_hd__a22oi_2)
     1    0.00                           _214_ (net)
                  0.13    0.00    2.98 ^ _459_/A2_N (sky130_fd_sc_hd__a2bb2o_2)
                  0.04    0.29    3.27 v _459_/X (sky130_fd_sc_hd__a2bb2o_2)
     1    0.00                           _107_ (net)
                  0.04    0.00    3.27 v _747_/D (sky130_fd_sc_hd__dfrtp_2)
                                  3.27   data arrival time

                  0.15   10.00   10.00   clock clk (rise edge)
                          0.00   10.00   clock network delay (ideal)
                         -0.25    9.75   clock uncertainty
                          0.00    9.75   clock reconvergence pessimism
                                  9.75 ^ _747_/CLK (sky130_fd_sc_hd__dfrtp_2)
                         -0.09    9.66   library setup time
                                  9.66   data required time
-----------------------------------------------------------------------------
                                  9.66   data required time
                                 -3.27   data arrival time
-----------------------------------------------------------------------------
                                  6.39   slack (MET)


Startpoint: _728_ (rising edge-triggered flip-flop clocked by clk)
Endpoint: _740_ (rising edge-triggered flip-flop clocked by clk)
Path Group: clk
Path Type: max

Fanout     Cap    Slew   Delay    Time   Description
-----------------------------------------------------------------------------
                  0.15    0.00    0.00   clock clk (rise edge)
                          0.00    0.00   clock network delay (ideal)
                  0.15    0.00    0.00 ^ _728_/CLK (sky130_fd_sc_hd__dfrtp_2)
                  0.08    0.49    0.49 v _728_/Q (sky130_fd_sc_hd__dfrtp_2)
     4    0.02                           u_core.M[3] (net)
                  0.08    0.00    0.49 v _355_/A (sky130_fd_sc_hd__nor2_2)
                  0.33    0.32    0.81 ^ _355_/Y (sky130_fd_sc_hd__nor2_2)
     7    0.03                           _116_ (net)
                  0.33    0.00    0.81 ^ _357_/C (sky130_fd_sc_hd__nand4b_2)
                  0.15    0.21    1.01 v _357_/Y (sky130_fd_sc_hd__nand4b_2)
     3    0.01                           _118_ (net)
                  0.15    0.00    1.01 v _360_/A1 (sky130_fd_sc_hd__a21oi_2)
                  0.34    0.37    1.38 ^ _360_/Y (sky130_fd_sc_hd__a21oi_2)
     4    0.03                           _121_ (net)
                  0.34    0.00    1.38 ^ _361_/A (sky130_fd_sc_hd__buf_1)
                  0.76    0.66    2.05 ^ _361_/X (sky130_fd_sc_hd__buf_1)
    10    0.07                           _122_ (net)
                  0.76    0.00    2.05 ^ _377_/A2 (sky130_fd_sc_hd__a32oi_2)
                  0.14    0.21    2.26 v _377_/Y (sky130_fd_sc_hd__a32oi_2)
     1    0.00                           _138_ (net)
                  0.14    0.00    2.26 v _405_/A2 (sky130_fd_sc_hd__o22a_2)
                  0.07    0.30    2.56 v _405_/X (sky130_fd_sc_hd__o22a_2)
     3    0.02                           _166_ (net)
                  0.07    0.00    2.56 v _482_/A (sky130_fd_sc_hd__nand2_2)
                  0.12    0.12    2.68 ^ _482_/Y (sky130_fd_sc_hd__nand2_2)
     5    0.02                           _240_ (net)
                  0.12    0.00    2.68 ^ _512_/A1 (sky130_fd_sc_hd__a21oi_2)
                  0.09    0.07    2.75 v _512_/Y (sky130_fd_sc_hd__a21oi_2)
     1    0.00                           _266_ (net)
                  0.09    0.00    2.75 v _513_/B2 (sky130_fd_sc_hd__a22oi_2)
                  0.17    0.20    2.95 ^ _513_/Y (sky130_fd_sc_hd__a22oi_2)
     2    0.01                           _267_ (net)
                  0.17    0.00    2.95 ^ _514_/A2_N (sky130_fd_sc_hd__a2bb2o_2)
                  0.04    0.29    3.25 v _514_/X (sky130_fd_sc_hd__a2bb2o_2)
     1    0.00                           _100_ (net)
                  0.04    0.00    3.25 v _740_/D (sky130_fd_sc_hd__dfrtp_2)
                                  3.25   data arrival time

                  0.15   10.00   10.00   clock clk (rise edge)
                          0.00   10.00   clock network delay (ideal)
                         -0.25    9.75   clock uncertainty
                          0.00    9.75   clock reconvergence pessimism
                                  9.75 ^ _740_/CLK (sky130_fd_sc_hd__dfrtp_2)
                         -0.09    9.66   library setup time
                                  9.66   data required time
-----------------------------------------------------------------------------
                                  9.66   data required time
                                 -3.25   data arrival time
-----------------------------------------------------------------------------
                                  6.42   slack (MET)


Startpoint: _728_ (rising edge-triggered flip-flop clocked by clk)
Endpoint: _742_ (rising edge-triggered flip-flop clocked by clk)
Path Group: clk
Path Type: max

Fanout     Cap    Slew   Delay    Time   Description
-----------------------------------------------------------------------------
                  0.15    0.00    0.00   clock clk (rise edge)
                          0.00    0.00   clock network delay (ideal)
                  0.15    0.00    0.00 ^ _728_/CLK (sky130_fd_sc_hd__dfrtp_2)
                  0.08    0.49    0.49 v _728_/Q (sky130_fd_sc_hd__dfrtp_2)
     4    0.02                           u_core.M[3] (net)
                  0.08    0.00    0.49 v _355_/A (sky130_fd_sc_hd__nor2_2)
                  0.33    0.32    0.81 ^ _355_/Y (sky130_fd_sc_hd__nor2_2)
     7    0.03                           _116_ (net)
                  0.33    0.00    0.81 ^ _357_/C (sky130_fd_sc_hd__nand4b_2)
                  0.15    0.21    1.01 v _357_/Y (sky130_fd_sc_hd__nand4b_2)
     3    0.01                           _118_ (net)
                  0.15    0.00    1.01 v _360_/A1 (sky130_fd_sc_hd__a21oi_2)
                  0.34    0.37    1.38 ^ _360_/Y (sky130_fd_sc_hd__a21oi_2)
     4    0.03                           _121_ (net)
                  0.34    0.00    1.38 ^ _361_/A (sky130_fd_sc_hd__buf_1)
                  0.76    0.66    2.05 ^ _361_/X (sky130_fd_sc_hd__buf_1)
    10    0.07                           _122_ (net)
                  0.76    0.00    2.05 ^ _377_/A2 (sky130_fd_sc_hd__a32oi_2)
                  0.14    0.21    2.26 v _377_/Y (sky130_fd_sc_hd__a32oi_2)
     1    0.00                           _138_ (net)
                  0.14    0.00    2.26 v _405_/A2 (sky130_fd_sc_hd__o22a_2)
                  0.07    0.30    2.56 v _405_/X (sky130_fd_sc_hd__o22a_2)
     3    0.02                           _166_ (net)
                  0.07    0.00    2.56 v _491_/A1 (sky130_fd_sc_hd__a21boi_2)
                  0.11    0.15    2.71 ^ _491_/Y (sky130_fd_sc_hd__a21boi_2)
     1    0.01                           _248_ (net)
                  0.11    0.00    2.71 ^ _492_/A2 (sky130_fd_sc_hd__o21ai_2)
                  0.09    0.09    2.81 v _492_/Y (sky130_fd_sc_hd__o21ai_2)
     3    0.01                           _249_ (net)
                  0.09    0.00    2.81 v _501_/B1 (sky130_fd_sc_hd__a22o_2)
                  0.04    0.23    3.03 v _501_/X (sky130_fd_sc_hd__a22o_2)
     1    0.00                           _257_ (net)
                  0.04    0.00    3.03 v _503_/B1 (sky130_fd_sc_hd__a22o_2)
                  0.04    0.21    3.24 v _503_/X (sky130_fd_sc_hd__a22o_2)
     1    0.00                           _102_ (net)
                  0.04    0.00    3.24 v _742_/D (sky130_fd_sc_hd__dfrtp_2)
                                  3.24   data arrival time

                  0.15   10.00   10.00   clock clk (rise edge)
                          0.00   10.00   clock network delay (ideal)
                         -0.25    9.75   clock uncertainty
                          0.00    9.75   clock reconvergence pessimism
                                  9.75 ^ _742_/CLK (sky130_fd_sc_hd__dfrtp_2)
                         -0.09    9.66   library setup time
                                  9.66   data required time
-----------------------------------------------------------------------------
                                  9.66   data required time
                                 -3.24   data arrival time
-----------------------------------------------------------------------------
                                  6.42   slack (MET)


Startpoint: _728_ (rising edge-triggered flip-flop clocked by clk)
Endpoint: _746_ (rising edge-triggered flip-flop clocked by clk)
Path Group: clk
Path Type: max

Fanout     Cap    Slew   Delay    Time   Description
-----------------------------------------------------------------------------
                  0.15    0.00    0.00   clock clk (rise edge)
                          0.00    0.00   clock network delay (ideal)
                  0.15    0.00    0.00 ^ _728_/CLK (sky130_fd_sc_hd__dfrtp_2)
                  0.08    0.49    0.49 v _728_/Q (sky130_fd_sc_hd__dfrtp_2)
     4    0.02                           u_core.M[3] (net)
                  0.08    0.00    0.49 v _355_/A (sky130_fd_sc_hd__nor2_2)
                  0.33    0.32    0.81 ^ _355_/Y (sky130_fd_sc_hd__nor2_2)
     7    0.03                           _116_ (net)
                  0.33    0.00    0.81 ^ _357_/C (sky130_fd_sc_hd__nand4b_2)
                  0.15    0.21    1.01 v _357_/Y (sky130_fd_sc_hd__nand4b_2)
     3    0.01                           _118_ (net)
                  0.15    0.00    1.01 v _360_/A1 (sky130_fd_sc_hd__a21oi_2)
                  0.34    0.37    1.38 ^ _360_/Y (sky130_fd_sc_hd__a21oi_2)
     4    0.03                           _121_ (net)
                  0.34    0.00    1.38 ^ _361_/A (sky130_fd_sc_hd__buf_1)
                  0.76    0.66    2.05 ^ _361_/X (sky130_fd_sc_hd__buf_1)
    10    0.07                           _122_ (net)
                  0.76    0.00    2.05 ^ _377_/A2 (sky130_fd_sc_hd__a32oi_2)
                  0.14    0.21    2.26 v _377_/Y (sky130_fd_sc_hd__a32oi_2)
     1    0.00                           _138_ (net)
                  0.14    0.00    2.26 v _405_/A2 (sky130_fd_sc_hd__o22a_2)
                  0.07    0.30    2.56 v _405_/X (sky130_fd_sc_hd__o22a_2)
     3    0.02                           _166_ (net)
                  0.07    0.00    2.56 v _444_/A1 (sky130_fd_sc_hd__a21oi_2)
                  0.16    0.19    2.75 ^ _444_/Y (sky130_fd_sc_hd__a21oi_2)
     2    0.01                           _205_ (net)
                  0.16    0.00    2.75 ^ _450_/A2 (sky130_fd_sc_hd__o21bai_2)
                  0.08    0.11    2.86 v _450_/Y (sky130_fd_sc_hd__o21bai_2)
     3    0.01                           _211_ (net)
                  0.08    0.00    2.86 v _465_/A1 (sky130_fd_sc_hd__a31oi_2)
                  0.15    0.16    3.02 ^ _465_/Y (sky130_fd_sc_hd__a31oi_2)
     1    0.01                           _225_ (net)
                  0.15    0.00    3.02 ^ _466_/B (sky130_fd_sc_hd__nand2_2)
                  0.04    0.08    3.09 v _466_/Y (sky130_fd_sc_hd__nand2_2)
     1    0.01                           _226_ (net)
                  0.04    0.00    3.09 v _469_/A2_N (sky130_fd_sc_hd__o2bb2ai_2)
                  0.03    0.11    3.21 v _469_/Y (sky130_fd_sc_hd__o2bb2ai_2)
     1    0.00                           _106_ (net)
                  0.03    0.00    3.21 v _746_/D (sky130_fd_sc_hd__dfrtp_2)
                                  3.21   data arrival time

                  0.15   10.00   10.00   clock clk (rise edge)
                          0.00   10.00   clock network delay (ideal)
                         -0.25    9.75   clock uncertainty
                          0.00    9.75   clock reconvergence pessimism
                                  9.75 ^ _746_/CLK (sky130_fd_sc_hd__dfrtp_2)
                         -0.09    9.66   library setup time
                                  9.66   data required time
-----------------------------------------------------------------------------
                                  9.66   data required time
                                 -3.21   data arrival time
-----------------------------------------------------------------------------
                                  6.46   slack (MET)


Startpoint: _728_ (rising edge-triggered flip-flop clocked by clk)
Endpoint: _745_ (rising edge-triggered flip-flop clocked by clk)
Path Group: clk
Path Type: max

Fanout     Cap    Slew   Delay    Time   Description
-----------------------------------------------------------------------------
                  0.15    0.00    0.00   clock clk (rise edge)
                          0.00    0.00   clock network delay (ideal)
                  0.15    0.00    0.00 ^ _728_/CLK (sky130_fd_sc_hd__dfrtp_2)
                  0.08    0.49    0.49 v _728_/Q (sky130_fd_sc_hd__dfrtp_2)
     4    0.02                           u_core.M[3] (net)
                  0.08    0.00    0.49 v _355_/A (sky130_fd_sc_hd__nor2_2)
                  0.33    0.32    0.81 ^ _355_/Y (sky130_fd_sc_hd__nor2_2)
     7    0.03                           _116_ (net)
                  0.33    0.00    0.81 ^ _357_/C (sky130_fd_sc_hd__nand4b_2)
                  0.15    0.21    1.01 v _357_/Y (sky130_fd_sc_hd__nand4b_2)
     3    0.01                           _118_ (net)
                  0.15    0.00    1.01 v _360_/A1 (sky130_fd_sc_hd__a21oi_2)
                  0.34    0.37    1.38 ^ _360_/Y (sky130_fd_sc_hd__a21oi_2)
     4    0.03                           _121_ (net)
                  0.34    0.00    1.38 ^ _361_/A (sky130_fd_sc_hd__buf_1)
                  0.76    0.66    2.05 ^ _361_/X (sky130_fd_sc_hd__buf_1)
    10    0.07                           _122_ (net)
                  0.76    0.00    2.05 ^ _377_/A2 (sky130_fd_sc_hd__a32oi_2)
                  0.14    0.21    2.26 v _377_/Y (sky130_fd_sc_hd__a32oi_2)
     1    0.00                           _138_ (net)
                  0.14    0.00    2.26 v _405_/A2 (sky130_fd_sc_hd__o22a_2)
                  0.07    0.30    2.56 v _405_/X (sky130_fd_sc_hd__o22a_2)
     3    0.02                           _166_ (net)
                  0.07    0.00    2.56 v _444_/A1 (sky130_fd_sc_hd__a21oi_2)
                  0.16    0.19    2.75 ^ _444_/Y (sky130_fd_sc_hd__a21oi_2)
     2    0.01                           _205_ (net)
                  0.16    0.00    2.75 ^ _471_/A2 (sky130_fd_sc_hd__o21bai_2)
                  0.08    0.11    2.86 v _471_/Y (sky130_fd_sc_hd__o21bai_2)
     3    0.01                           _230_ (net)
                  0.08    0.00    2.86 v _474_/C1 (sky130_fd_sc_hd__o211ai_2)
                  0.13    0.08    2.94 ^ _474_/Y (sky130_fd_sc_hd__o211ai_2)
     1    0.00                           _233_ (net)
                  0.13    0.00    2.94 ^ _475_/B1 (sky130_fd_sc_hd__o21ai_2)
                  0.09    0.07    3.01 v _475_/Y (sky130_fd_sc_hd__o21ai_2)
     1    0.00                           _234_ (net)
                  0.09    0.00    3.01 v _477_/A2 (sky130_fd_sc_hd__o21bai_2)
                  0.11    0.14    3.15 ^ _477_/Y (sky130_fd_sc_hd__o21bai_2)
     1    0.01                           _236_ (net)
                  0.11    0.00    3.15 ^ _479_/A (sky130_fd_sc_hd__nand2_2)
                  0.04    0.05    3.20 v _479_/Y (sky130_fd_sc_hd__nand2_2)
     1    0.00                           _105_ (net)
                  0.04    0.00    3.20 v _745_/D (sky130_fd_sc_hd__dfrtp_2)
                                  3.20   data arrival time

                  0.15   10.00   10.00   clock clk (rise edge)
                          0.00   10.00   clock network delay (ideal)
                         -0.25    9.75   clock uncertainty
                          0.00    9.75   clock reconvergence pessimism
                                  9.75 ^ _745_/CLK (sky130_fd_sc_hd__dfrtp_2)
                         -0.09    9.66   library setup time
                                  9.66   data required time
-----------------------------------------------------------------------------
                                  9.66   data required time
                                 -3.20   data arrival time
-----------------------------------------------------------------------------
                                  6.46   slack (MET)


Startpoint: _728_ (rising edge-triggered flip-flop clocked by clk)
Endpoint: _741_ (rising edge-triggered flip-flop clocked by clk)
Path Group: clk
Path Type: max

Fanout     Cap    Slew   Delay    Time   Description
-----------------------------------------------------------------------------
                  0.15    0.00    0.00   clock clk (rise edge)
                          0.00    0.00   clock network delay (ideal)
                  0.15    0.00    0.00 ^ _728_/CLK (sky130_fd_sc_hd__dfrtp_2)
                  0.08    0.49    0.49 v _728_/Q (sky130_fd_sc_hd__dfrtp_2)
     4    0.02                           u_core.M[3] (net)
                  0.08    0.00    0.49 v _355_/A (sky130_fd_sc_hd__nor2_2)
                  0.33    0.32    0.81 ^ _355_/Y (sky130_fd_sc_hd__nor2_2)
     7    0.03                           _116_ (net)
                  0.33    0.00    0.81 ^ _357_/C (sky130_fd_sc_hd__nand4b_2)
                  0.15    0.21    1.01 v _357_/Y (sky130_fd_sc_hd__nand4b_2)
     3    0.01                           _118_ (net)
                  0.15    0.00    1.01 v _360_/A1 (sky130_fd_sc_hd__a21oi_2)
                  0.34    0.37    1.38 ^ _360_/Y (sky130_fd_sc_hd__a21oi_2)
     4    0.03                           _121_ (net)
                  0.34    0.00    1.38 ^ _361_/A (sky130_fd_sc_hd__buf_1)
                  0.76    0.66    2.05 ^ _361_/X (sky130_fd_sc_hd__buf_1)
    10    0.07                           _122_ (net)
                  0.76    0.00    2.05 ^ _377_/A2 (sky130_fd_sc_hd__a32oi_2)
                  0.14    0.21    2.26 v _377_/Y (sky130_fd_sc_hd__a32oi_2)
     1    0.00                           _138_ (net)
                  0.14    0.00    2.26 v _405_/A2 (sky130_fd_sc_hd__o22a_2)
                  0.07    0.30    2.56 v _405_/X (sky130_fd_sc_hd__o22a_2)
     3    0.02                           _166_ (net)
                  0.07    0.00    2.56 v _482_/A (sky130_fd_sc_hd__nand2_2)
                  0.12    0.12    2.68 ^ _482_/Y (sky130_fd_sc_hd__nand2_2)
     5    0.02                           _240_ (net)
                  0.12    0.00    2.68 ^ _505_/A (sky130_fd_sc_hd__nand2_2)
                  0.07    0.07    2.76 v _505_/Y (sky130_fd_sc_hd__nand2_2)
     2    0.01                           _260_ (net)
                  0.07    0.00    2.76 v _507_/A2 (sky130_fd_sc_hd__a31o_2)
                  0.04    0.25    3.01 v _507_/X (sky130_fd_sc_hd__a31o_2)
     1    0.00                           _262_ (net)
                  0.04    0.00    3.01 v _508_/B2 (sky130_fd_sc_hd__o22ai_2)
                  0.14    0.10    3.11 ^ _508_/Y (sky130_fd_sc_hd__o22ai_2)
     1    0.01                           _263_ (net)
                  0.14    0.00    3.11 ^ _510_/B1 (sky130_fd_sc_hd__o2bb2ai_2)
                  0.07    0.08    3.19 v _510_/Y (sky130_fd_sc_hd__o2bb2ai_2)
     1    0.00                           _101_ (net)
                  0.07    0.00    3.19 v _741_/D (sky130_fd_sc_hd__dfrtp_2)
                                  3.19   data arrival time

                  0.15   10.00   10.00   clock clk (rise edge)
                          0.00   10.00   clock network delay (ideal)
                         -0.25    9.75   clock uncertainty
                          0.00    9.75   clock reconvergence pessimism
                                  9.75 ^ _741_/CLK (sky130_fd_sc_hd__dfrtp_2)
                         -0.10    9.65   library setup time
                                  9.65   data required time
-----------------------------------------------------------------------------
                                  9.65   data required time
                                 -3.19   data arrival time
-----------------------------------------------------------------------------
                                  6.46   slack (MET)


Startpoint: _728_ (rising edge-triggered flip-flop clocked by clk)
Endpoint: _743_ (rising edge-triggered flip-flop clocked by clk)
Path Group: clk
Path Type: max

Fanout     Cap    Slew   Delay    Time   Description
-----------------------------------------------------------------------------
                  0.15    0.00    0.00   clock clk (rise edge)
                          0.00    0.00   clock network delay (ideal)
                  0.15    0.00    0.00 ^ _728_/CLK (sky130_fd_sc_hd__dfrtp_2)
                  0.08    0.49    0.49 v _728_/Q (sky130_fd_sc_hd__dfrtp_2)
     4    0.02                           u_core.M[3] (net)
                  0.08    0.00    0.49 v _355_/A (sky130_fd_sc_hd__nor2_2)
                  0.33    0.32    0.81 ^ _355_/Y (sky130_fd_sc_hd__nor2_2)
     7    0.03                           _116_ (net)
                  0.33    0.00    0.81 ^ _357_/C (sky130_fd_sc_hd__nand4b_2)
                  0.15    0.21    1.01 v _357_/Y (sky130_fd_sc_hd__nand4b_2)
     3    0.01                           _118_ (net)
                  0.15    0.00    1.01 v _360_/A1 (sky130_fd_sc_hd__a21oi_2)
                  0.34    0.37    1.38 ^ _360_/Y (sky130_fd_sc_hd__a21oi_2)
     4    0.03                           _121_ (net)
                  0.34    0.00    1.38 ^ _361_/A (sky130_fd_sc_hd__buf_1)
                  0.76    0.66    2.05 ^ _361_/X (sky130_fd_sc_hd__buf_1)
    10    0.07                           _122_ (net)
                  0.76    0.00    2.05 ^ _377_/A2 (sky130_fd_sc_hd__a32oi_2)
                  0.14    0.21    2.26 v _377_/Y (sky130_fd_sc_hd__a32oi_2)
     1    0.00                           _138_ (net)
                  0.14    0.00    2.26 v _405_/A2 (sky130_fd_sc_hd__o22a_2)
                  0.07    0.30    2.56 v _405_/X (sky130_fd_sc_hd__o22a_2)
     3    0.02                           _166_ (net)
                  0.07    0.00    2.56 v _491_/A1 (sky130_fd_sc_hd__a21boi_2)
                  0.11    0.15    2.71 ^ _491_/Y (sky130_fd_sc_hd__a21boi_2)
     1    0.01                           _248_ (net)
                  0.11    0.00    2.71 ^ _492_/A2 (sky130_fd_sc_hd__o21ai_2)
                  0.09    0.09    2.81 v _492_/Y (sky130_fd_sc_hd__o21ai_2)
     3    0.01                           _249_ (net)
                  0.09    0.00    2.81 v _494_/A (sky130_fd_sc_hd__nand3_2)
                  0.07    0.08    2.88 ^ _494_/Y (sky130_fd_sc_hd__nand3_2)
     1    0.00                           _251_ (net)
                  0.07    0.00    2.88 ^ _495_/B1 (sky130_fd_sc_hd__o21ai_2)
                  0.09    0.06    2.94 v _495_/Y (sky130_fd_sc_hd__o21ai_2)
     1    0.00                           _252_ (net)
                  0.09    0.00    2.94 v _497_/A2 (sky130_fd_sc_hd__o21ai_2)
                  0.11    0.14    3.08 ^ _497_/Y (sky130_fd_sc_hd__o21ai_2)
     1    0.00                           _254_ (net)
                  0.11    0.00    3.08 ^ _499_/A (sky130_fd_sc_hd__nand2_2)
                  0.03    0.05    3.13 v _499_/Y (sky130_fd_sc_hd__nand2_2)
     1    0.00                           _103_ (net)
                  0.03    0.00    3.13 v _743_/D (sky130_fd_sc_hd__dfrtp_2)
                                  3.13   data arrival time

                  0.15   10.00   10.00   clock clk (rise edge)
                          0.00   10.00   clock network delay (ideal)
                         -0.25    9.75   clock uncertainty
                          0.00    9.75   clock reconvergence pessimism
                                  9.75 ^ _743_/CLK (sky130_fd_sc_hd__dfrtp_2)
                         -0.09    9.66   library setup time
                                  9.66   data required time
-----------------------------------------------------------------------------
                                  9.66   data required time
                                 -3.13   data arrival time
-----------------------------------------------------------------------------
                                  6.53   slack (MET)


Startpoint: _728_ (rising edge-triggered flip-flop clocked by clk)
Endpoint: _716_ (rising edge-triggered flip-flop clocked by clk)
Path Group: clk
Path Type: max

Fanout     Cap    Slew   Delay    Time   Description
-----------------------------------------------------------------------------
                  0.15    0.00    0.00   clock clk (rise edge)
                          0.00    0.00   clock network delay (ideal)
                  0.15    0.00    0.00 ^ _728_/CLK (sky130_fd_sc_hd__dfrtp_2)
                  0.08    0.49    0.49 v _728_/Q (sky130_fd_sc_hd__dfrtp_2)
     4    0.02                           u_core.M[3] (net)
                  0.08    0.00    0.49 v _355_/A (sky130_fd_sc_hd__nor2_2)
                  0.33    0.32    0.81 ^ _355_/Y (sky130_fd_sc_hd__nor2_2)
     7    0.03                           _116_ (net)
                  0.33    0.00    0.81 ^ _357_/C (sky130_fd_sc_hd__nand4b_2)
                  0.15    0.21    1.01 v _357_/Y (sky130_fd_sc_hd__nand4b_2)
     3    0.01                           _118_ (net)
                  0.15    0.00    1.01 v _360_/A1 (sky130_fd_sc_hd__a21oi_2)
                  0.34    0.37    1.38 ^ _360_/Y (sky130_fd_sc_hd__a21oi_2)
     4    0.03                           _121_ (net)
                  0.34    0.00    1.38 ^ _361_/A (sky130_fd_sc_hd__buf_1)
                  0.76    0.66    2.05 ^ _361_/X (sky130_fd_sc_hd__buf_1)
    10    0.07                           _122_ (net)
                  0.76    0.00    2.05 ^ _377_/A2 (sky130_fd_sc_hd__a32oi_2)
                  0.14    0.21    2.26 v _377_/Y (sky130_fd_sc_hd__a32oi_2)
     1    0.00                           _138_ (net)
                  0.14    0.00    2.26 v _405_/A2 (sky130_fd_sc_hd__o22a_2)
                  0.07    0.30    2.56 v _405_/X (sky130_fd_sc_hd__o22a_2)
     3    0.02                           _166_ (net)
                  0.07    0.00    2.56 v _482_/A (sky130_fd_sc_hd__nand2_2)
                  0.12    0.12    2.68 ^ _482_/Y (sky130_fd_sc_hd__nand2_2)
     5    0.02                           _240_ (net)
                  0.12    0.00    2.68 ^ _512_/A1 (sky130_fd_sc_hd__a21oi_2)
                  0.09    0.07    2.75 v _512_/Y (sky130_fd_sc_hd__a21oi_2)
     1    0.00                           _266_ (net)
                  0.09    0.00    2.75 v _513_/B2 (sky130_fd_sc_hd__a22oi_2)
                  0.17    0.20    2.95 ^ _513_/Y (sky130_fd_sc_hd__a22oi_2)
     2    0.01                           _267_ (net)
                  0.17    0.00    2.95 ^ _594_/A2 (sky130_fd_sc_hd__o21ai_2)
                  0.09    0.07    3.02 v _594_/Y (sky130_fd_sc_hd__o21ai_2)
     1    0.00                           _076_ (net)
                  0.09    0.00    3.02 v _716_/D (sky130_fd_sc_hd__dfrtp_2)
                                  3.02   data arrival time

                  0.15   10.00   10.00   clock clk (rise edge)
                          0.00   10.00   clock network delay (ideal)
                         -0.25    9.75   clock uncertainty
                          0.00    9.75   clock reconvergence pessimism
                                  9.75 ^ _716_/CLK (sky130_fd_sc_hd__dfrtp_2)
                         -0.11    9.64   library setup time
                                  9.64   data required time
-----------------------------------------------------------------------------
                                  9.64   data required time
                                 -3.02   data arrival time
-----------------------------------------------------------------------------
                                  6.62   slack (MET)


Startpoint: _699_ (rising edge-triggered flip-flop clocked by clk)
Endpoint: _712_ (rising edge-triggered flip-flop clocked by clk)
Path Group: clk
Path Type: max

Fanout     Cap    Slew   Delay    Time   Description
-----------------------------------------------------------------------------
                  0.15    0.00    0.00   clock clk (rise edge)
                          0.00    0.00   clock network delay (ideal)
                  0.15    0.00    0.00 ^ _699_/CLK (sky130_fd_sc_hd__dfrtp_2)
                  0.12    0.54    0.54 v _699_/Q (sky130_fd_sc_hd__dfrtp_2)
     9    0.04                           u_core.Q_1 (net)
                  0.12    0.00    0.54 v _347_/A_N (sky130_fd_sc_hd__and2b_2)
                  0.05    0.26    0.80 ^ _347_/X (sky130_fd_sc_hd__and2b_2)
     2    0.01                           _108_ (net)
                  0.05    0.00    0.80 ^ _348_/A (sky130_fd_sc_hd__buf_1)
                  0.50    0.42    1.22 ^ _348_/X (sky130_fd_sc_hd__buf_1)
    10    0.04                           _109_ (net)
                  0.50    0.00    1.22 ^ _407_/A1 (sky130_fd_sc_hd__o21ai_2)
                  0.09    0.14    1.36 v _407_/Y (sky130_fd_sc_hd__o21ai_2)
     2    0.01                           _168_ (net)
                  0.09    0.00    1.36 v _409_/A (sky130_fd_sc_hd__nand3_2)
                  0.09    0.11    1.47 ^ _409_/Y (sky130_fd_sc_hd__nand3_2)
     3    0.01                           _170_ (net)
                  0.09    0.00    1.47 ^ _414_/A (sky130_fd_sc_hd__nand2_2)
                  0.06    0.08    1.55 v _414_/Y (sky130_fd_sc_hd__nand2_2)
     3    0.01                           _175_ (net)
                  0.06    0.00    1.55 v _428_/A1 (sky130_fd_sc_hd__o21bai_2)
                  0.31    0.31    1.86 ^ _428_/Y (sky130_fd_sc_hd__o21bai_2)
     5    0.03                           _189_ (net)
                  0.31    0.00    1.86 ^ _528_/C1 (sky130_fd_sc_hd__o2111ai_2)
                  0.14    0.21    2.07 v _528_/Y (sky130_fd_sc_hd__o2111ai_2)
     3    0.01                           _279_ (net)
                  0.14    0.00    2.07 v _535_/B (sky130_fd_sc_hd__and3_2)
                  0.04    0.24    2.31 v _535_/X (sky130_fd_sc_hd__and3_2)
     1    0.00                           _285_ (net)
                  0.04    0.00    2.31 v _536_/B1 (sky130_fd_sc_hd__a31o_2)
                  0.05    0.23    2.54 v _536_/X (sky130_fd_sc_hd__a31o_2)
     2    0.01                           _286_ (net)
                  0.05    0.00    2.54 v _599_/A0 (sky130_fd_sc_hd__mux2_2)
                  0.05    0.26    2.81 v _599_/X (sky130_fd_sc_hd__mux2_2)
     1    0.00                           _325_ (net)
                  0.05    0.00    2.81 v _600_/A (sky130_fd_sc_hd__buf_1)
                  0.02    0.09    2.89 v _600_/X (sky130_fd_sc_hd__buf_1)
     1    0.00                           _072_ (net)
                  0.02    0.00    2.89 v _712_/D (sky130_fd_sc_hd__dfrtp_2)
                                  2.89   data arrival time

                  0.15   10.00   10.00   clock clk (rise edge)
                          0.00   10.00   clock network delay (ideal)
                         -0.25    9.75   clock uncertainty
                          0.00    9.75   clock reconvergence pessimism
                                  9.75 ^ _712_/CLK (sky130_fd_sc_hd__dfrtp_2)
                         -0.08    9.67   library setup time
                                  9.67   data required time
-----------------------------------------------------------------------------
                                  9.67   data required time
                                 -2.89   data arrival time
-----------------------------------------------------------------------------
                                  6.78   slack (MET)


Startpoint: start (input port clocked by clk)
Endpoint: _722_ (rising edge-triggered flip-flop clocked by clk)
Path Group: clk
Path Type: max

Fanout     Cap    Slew   Delay    Time   Description
-----------------------------------------------------------------------------
                  0.15    0.00    0.00   clock clk (rise edge)
                          0.00    0.00   clock network delay (ideal)
                          2.00    2.00 ^ input external delay
                  0.10    0.07    2.07 ^ start (in)
     5    0.02                           start (net)
                  0.10    0.00    2.07 ^ _480_/B (sky130_fd_sc_hd__nor2_2)
                  0.09    0.06    2.13 v _480_/Y (sky130_fd_sc_hd__nor2_2)
     4    0.01                           _238_ (net)
                  0.09    0.00    2.13 v _523_/A (sky130_fd_sc_hd__buf_1)
                  0.19    0.24    2.38 v _523_/X (sky130_fd_sc_hd__buf_1)
    10    0.03                           _275_ (net)
                  0.19    0.00    2.38 v _577_/B1 (sky130_fd_sc_hd__a22o_2)
                  0.04    0.27    2.64 v _577_/X (sky130_fd_sc_hd__a22o_2)
     1    0.00                           _313_ (net)
                  0.04    0.00    2.64 v _578_/B1 (sky130_fd_sc_hd__a31o_2)
                  0.04    0.21    2.86 v _578_/X (sky130_fd_sc_hd__a31o_2)
     1    0.00                           _082_ (net)
                  0.04    0.00    2.86 v _722_/D (sky130_fd_sc_hd__dfrtp_2)
                                  2.86   data arrival time

                  0.15   10.00   10.00   clock clk (rise edge)
                          0.00   10.00   clock network delay (ideal)
                         -0.25    9.75   clock uncertainty
                          0.00    9.75   clock reconvergence pessimism
                                  9.75 ^ _722_/CLK (sky130_fd_sc_hd__dfrtp_2)
                         -0.09    9.66   library setup time
                                  9.66   data required time
-----------------------------------------------------------------------------
                                  9.66   data required time
                                 -2.86   data arrival time
-----------------------------------------------------------------------------
                                  6.81   slack (MET)


Startpoint: start (input port clocked by clk)
Endpoint: _720_ (rising edge-triggered flip-flop clocked by clk)
Path Group: clk
Path Type: max

Fanout     Cap    Slew   Delay    Time   Description
-----------------------------------------------------------------------------
                  0.15    0.00    0.00   clock clk (rise edge)
                          0.00    0.00   clock network delay (ideal)
                          2.00    2.00 ^ input external delay
                  0.10    0.07    2.07 ^ start (in)
     5    0.02                           start (net)
                  0.10    0.00    2.07 ^ _480_/B (sky130_fd_sc_hd__nor2_2)
                  0.09    0.06    2.13 v _480_/Y (sky130_fd_sc_hd__nor2_2)
     4    0.01                           _238_ (net)
                  0.09    0.00    2.13 v _523_/A (sky130_fd_sc_hd__buf_1)
                  0.19    0.24    2.38 v _523_/X (sky130_fd_sc_hd__buf_1)
    10    0.03                           _275_ (net)
                  0.19    0.00    2.38 v _581_/B1 (sky130_fd_sc_hd__a22o_2)
                  0.04    0.27    2.64 v _581_/X (sky130_fd_sc_hd__a22o_2)
     1    0.00                           _315_ (net)
                  0.04    0.00    2.64 v _582_/B1 (sky130_fd_sc_hd__a31o_2)
                  0.04    0.21    2.85 v _582_/X (sky130_fd_sc_hd__a31o_2)
     1    0.00                           _080_ (net)
                  0.04    0.00    2.85 v _720_/D (sky130_fd_sc_hd__dfrtp_2)
                                  2.85   data arrival time

                  0.15   10.00   10.00   clock clk (rise edge)
                          0.00   10.00   clock network delay (ideal)
                         -0.25    9.75   clock uncertainty
                          0.00    9.75   clock reconvergence pessimism
                                  9.75 ^ _720_/CLK (sky130_fd_sc_hd__dfrtp_2)
                         -0.09    9.66   library setup time
                                  9.66   data required time
-----------------------------------------------------------------------------
                                  9.66   data required time
                                 -2.85   data arrival time
-----------------------------------------------------------------------------
                                  6.81   slack (MET)


Startpoint: start (input port clocked by clk)
Endpoint: _719_ (rising edge-triggered flip-flop clocked by clk)
Path Group: clk
Path Type: max

Fanout     Cap    Slew   Delay    Time   Description
-----------------------------------------------------------------------------
                  0.15    0.00    0.00   clock clk (rise edge)
                          0.00    0.00   clock network delay (ideal)
                          2.00    2.00 ^ input external delay
                  0.10    0.07    2.07 ^ start (in)
     5    0.02                           start (net)
                  0.10    0.00    2.07 ^ _480_/B (sky130_fd_sc_hd__nor2_2)
                  0.09    0.06    2.13 v _480_/Y (sky130_fd_sc_hd__nor2_2)
     4    0.01                           _238_ (net)
                  0.09    0.00    2.13 v _523_/A (sky130_fd_sc_hd__buf_1)
                  0.19    0.24    2.38 v _523_/X (sky130_fd_sc_hd__buf_1)
    10    0.03                           _275_ (net)
                  0.19    0.00    2.38 v _583_/B1 (sky130_fd_sc_hd__a22o_2)
                  0.04    0.26    2.64 v _583_/X (sky130_fd_sc_hd__a22o_2)
     1    0.00                           _316_ (net)
                  0.04    0.00    2.64 v _584_/B1 (sky130_fd_sc_hd__a31o_2)
                  0.04    0.21    2.85 v _584_/X (sky130_fd_sc_hd__a31o_2)
     1    0.00                           _079_ (net)
                  0.04    0.00    2.85 v _719_/D (sky130_fd_sc_hd__dfrtp_2)
                                  2.85   data arrival time

                  0.15   10.00   10.00   clock clk (rise edge)
                          0.00   10.00   clock network delay (ideal)
                         -0.25    9.75   clock uncertainty
                          0.00    9.75   clock reconvergence pessimism
                                  9.75 ^ _719_/CLK (sky130_fd_sc_hd__dfrtp_2)
                         -0.09    9.66   library setup time
                                  9.66   data required time
-----------------------------------------------------------------------------
                                  9.66   data required time
                                 -2.85   data arrival time
-----------------------------------------------------------------------------
                                  6.81   slack (MET)


Startpoint: start (input port clocked by clk)
Endpoint: _721_ (rising edge-triggered flip-flop clocked by clk)
Path Group: clk
Path Type: max

Fanout     Cap    Slew   Delay    Time   Description
-----------------------------------------------------------------------------
                  0.15    0.00    0.00   clock clk (rise edge)
                          0.00    0.00   clock network delay (ideal)
                          2.00    2.00 ^ input external delay
                  0.10    0.07    2.07 ^ start (in)
     5    0.02                           start (net)
                  0.10    0.00    2.07 ^ _480_/B (sky130_fd_sc_hd__nor2_2)
                  0.09    0.06    2.13 v _480_/Y (sky130_fd_sc_hd__nor2_2)
     4    0.01                           _238_ (net)
                  0.09    0.00    2.13 v _523_/A (sky130_fd_sc_hd__buf_1)
                  0.19    0.24    2.38 v _523_/X (sky130_fd_sc_hd__buf_1)
    10    0.03                           _275_ (net)
                  0.19    0.00    2.38 v _579_/B1 (sky130_fd_sc_hd__a22o_2)
                  0.04    0.26    2.64 v _579_/X (sky130_fd_sc_hd__a22o_2)
     1    0.00                           _314_ (net)
                  0.04    0.00    2.64 v _580_/B1 (sky130_fd_sc_hd__a31o_2)
                  0.04    0.21    2.85 v _580_/X (sky130_fd_sc_hd__a31o_2)
     1    0.00                           _081_ (net)
                  0.04    0.00    2.85 v _721_/D (sky130_fd_sc_hd__dfrtp_2)
                                  2.85   data arrival time

                  0.15   10.00   10.00   clock clk (rise edge)
                          0.00   10.00   clock network delay (ideal)
                         -0.25    9.75   clock uncertainty
                          0.00    9.75   clock reconvergence pessimism
                                  9.75 ^ _721_/CLK (sky130_fd_sc_hd__dfrtp_2)
                         -0.09    9.66   library setup time
                                  9.66   data required time
-----------------------------------------------------------------------------
                                  9.66   data required time
                                 -2.85   data arrival time
-----------------------------------------------------------------------------
                                  6.81   slack (MET)


Startpoint: start (input port clocked by clk)
Endpoint: _723_ (rising edge-triggered flip-flop clocked by clk)
Path Group: clk
Path Type: max

Fanout     Cap    Slew   Delay    Time   Description
-----------------------------------------------------------------------------
                  0.15    0.00    0.00   clock clk (rise edge)
                          0.00    0.00   clock network delay (ideal)
                          2.00    2.00 ^ input external delay
                  0.10    0.07    2.07 ^ start (in)
     5    0.02                           start (net)
                  0.10    0.00    2.07 ^ _480_/B (sky130_fd_sc_hd__nor2_2)
                  0.09    0.06    2.13 v _480_/Y (sky130_fd_sc_hd__nor2_2)
     4    0.01                           _238_ (net)
                  0.09    0.00    2.13 v _523_/A (sky130_fd_sc_hd__buf_1)
                  0.19    0.24    2.38 v _523_/X (sky130_fd_sc_hd__buf_1)
    10    0.03                           _275_ (net)
                  0.19    0.00    2.38 v _575_/B1 (sky130_fd_sc_hd__a22o_2)
                  0.04    0.26    2.64 v _575_/X (sky130_fd_sc_hd__a22o_2)
     1    0.00                           _312_ (net)
                  0.04    0.00    2.64 v _576_/B1 (sky130_fd_sc_hd__a31o_2)
                  0.04    0.21    2.85 v _576_/X (sky130_fd_sc_hd__a31o_2)
     1    0.00                           _083_ (net)
                  0.04    0.00    2.85 v _723_/D (sky130_fd_sc_hd__dfrtp_2)
                                  2.85   data arrival time

                  0.15   10.00   10.00   clock clk (rise edge)
                          0.00   10.00   clock network delay (ideal)
                         -0.25    9.75   clock uncertainty
                          0.00    9.75   clock reconvergence pessimism
                                  9.75 ^ _723_/CLK (sky130_fd_sc_hd__dfrtp_2)
                         -0.09    9.66   library setup time
                                  9.66   data required time
-----------------------------------------------------------------------------
                                  9.66   data required time
                                 -2.85   data arrival time
-----------------------------------------------------------------------------
                                  6.81   slack (MET)


Startpoint: _699_ (rising edge-triggered flip-flop clocked by clk)
Endpoint: _713_ (rising edge-triggered flip-flop clocked by clk)
Path Group: clk
Path Type: max

Fanout     Cap    Slew   Delay    Time   Description
-----------------------------------------------------------------------------
                  0.15    0.00    0.00   clock clk (rise edge)
                          0.00    0.00   clock network delay (ideal)
                  0.15    0.00    0.00 ^ _699_/CLK (sky130_fd_sc_hd__dfrtp_2)
                  0.12    0.54    0.54 v _699_/Q (sky130_fd_sc_hd__dfrtp_2)
     9    0.04                           u_core.Q_1 (net)
                  0.12    0.00    0.54 v _347_/A_N (sky130_fd_sc_hd__and2b_2)
                  0.05    0.26    0.80 ^ _347_/X (sky130_fd_sc_hd__and2b_2)
     2    0.01                           _108_ (net)
                  0.05    0.00    0.80 ^ _348_/A (sky130_fd_sc_hd__buf_1)
                  0.50    0.42    1.22 ^ _348_/X (sky130_fd_sc_hd__buf_1)
    10    0.04                           _109_ (net)
                  0.50    0.00    1.22 ^ _407_/A1 (sky130_fd_sc_hd__o21ai_2)
                  0.09    0.14    1.36 v _407_/Y (sky130_fd_sc_hd__o21ai_2)
     2    0.01                           _168_ (net)
                  0.09    0.00    1.36 v _409_/A (sky130_fd_sc_hd__nand3_2)
                  0.09    0.11    1.47 ^ _409_/Y (sky130_fd_sc_hd__nand3_2)
     3    0.01                           _170_ (net)
                  0.09    0.00    1.47 ^ _414_/A (sky130_fd_sc_hd__nand2_2)
                  0.06    0.08    1.55 v _414_/Y (sky130_fd_sc_hd__nand2_2)
     3    0.01                           _175_ (net)
                  0.06    0.00    1.55 v _428_/A1 (sky130_fd_sc_hd__o21bai_2)
                  0.31    0.31    1.86 ^ _428_/Y (sky130_fd_sc_hd__o21bai_2)
     5    0.03                           _189_ (net)
                  0.31    0.00    1.86 ^ _528_/C1 (sky130_fd_sc_hd__o2111ai_2)
                  0.14    0.21    2.07 v _528_/Y (sky130_fd_sc_hd__o2111ai_2)
     3    0.01                           _279_ (net)
                  0.14    0.00    2.07 v _530_/A4 (sky130_fd_sc_hd__a41o_2)
                  0.04    0.31    2.38 v _530_/X (sky130_fd_sc_hd__a41o_2)
     1    0.00                           _281_ (net)
                  0.04    0.00    2.38 v _531_/B2 (sky130_fd_sc_hd__o221a_2)
                  0.06    0.25    2.64 v _531_/X (sky130_fd_sc_hd__o221a_2)
     2    0.01                           _282_ (net)
                  0.06    0.00    2.64 v _598_/B1 (sky130_fd_sc_hd__a22o_2)
                  0.04    0.21    2.85 v _598_/X (sky130_fd_sc_hd__a22o_2)
     1    0.00                           _073_ (net)
                  0.04    0.00    2.85 v _713_/D (sky130_fd_sc_hd__dfrtp_2)
                                  2.85   data arrival time

                  0.15   10.00   10.00   clock clk (rise edge)
                          0.00   10.00   clock network delay (ideal)
                         -0.25    9.75   clock uncertainty
                          0.00    9.75   clock reconvergence pessimism
                                  9.75 ^ _713_/CLK (sky130_fd_sc_hd__dfrtp_2)
                         -0.09    9.66   library setup time
                                  9.66   data required time
-----------------------------------------------------------------------------
                                  9.66   data required time
                                 -2.85   data arrival time
-----------------------------------------------------------------------------
                                  6.81   slack (MET)


Startpoint: _699_ (rising edge-triggered flip-flop clocked by clk)
Endpoint: _737_ (rising edge-triggered flip-flop clocked by clk)
Path Group: clk
Path Type: max

Fanout     Cap    Slew   Delay    Time   Description
-----------------------------------------------------------------------------
                  0.15    0.00    0.00   clock clk (rise edge)
                          0.00    0.00   clock network delay (ideal)
                  0.15    0.00    0.00 ^ _699_/CLK (sky130_fd_sc_hd__dfrtp_2)
                  0.12    0.54    0.54 v _699_/Q (sky130_fd_sc_hd__dfrtp_2)
     9    0.04                           u_core.Q_1 (net)
                  0.12    0.00    0.54 v _347_/A_N (sky130_fd_sc_hd__and2b_2)
                  0.05    0.26    0.80 ^ _347_/X (sky130_fd_sc_hd__and2b_2)
     2    0.01                           _108_ (net)
                  0.05    0.00    0.80 ^ _348_/A (sky130_fd_sc_hd__buf_1)
                  0.50    0.42    1.22 ^ _348_/X (sky130_fd_sc_hd__buf_1)
    10    0.04                           _109_ (net)
                  0.50    0.00    1.22 ^ _407_/A1 (sky130_fd_sc_hd__o21ai_2)
                  0.09    0.14    1.36 v _407_/Y (sky130_fd_sc_hd__o21ai_2)
     2    0.01                           _168_ (net)
                  0.09    0.00    1.36 v _409_/A (sky130_fd_sc_hd__nand3_2)
                  0.09    0.11    1.47 ^ _409_/Y (sky130_fd_sc_hd__nand3_2)
     3    0.01                           _170_ (net)
                  0.09    0.00    1.47 ^ _414_/A (sky130_fd_sc_hd__nand2_2)
                  0.06    0.08    1.55 v _414_/Y (sky130_fd_sc_hd__nand2_2)
     3    0.01                           _175_ (net)
                  0.06    0.00    1.55 v _428_/A1 (sky130_fd_sc_hd__o21bai_2)
                  0.31    0.31    1.86 ^ _428_/Y (sky130_fd_sc_hd__o21bai_2)
     5    0.03                           _189_ (net)
                  0.31    0.00    1.86 ^ _528_/C1 (sky130_fd_sc_hd__o2111ai_2)
                  0.14    0.21    2.07 v _528_/Y (sky130_fd_sc_hd__o2111ai_2)
     3    0.01                           _279_ (net)
                  0.14    0.00    2.07 v _530_/A4 (sky130_fd_sc_hd__a41o_2)
                  0.04    0.31    2.38 v _530_/X (sky130_fd_sc_hd__a41o_2)
     1    0.00                           _281_ (net)
                  0.04    0.00    2.38 v _531_/B2 (sky130_fd_sc_hd__o221a_2)
                  0.06    0.25    2.64 v _531_/X (sky130_fd_sc_hd__o221a_2)
     2    0.01                           _282_ (net)
                  0.06    0.00    2.64 v _532_/B1 (sky130_fd_sc_hd__a21o_2)
                  0.03    0.19    2.83 v _532_/X (sky130_fd_sc_hd__a21o_2)
     1    0.00                           _097_ (net)
                  0.03    0.00    2.83 v _737_/D (sky130_fd_sc_hd__dfrtp_2)
                                  2.83   data arrival time

                  0.15   10.00   10.00   clock clk (rise edge)
                          0.00   10.00   clock network delay (ideal)
                         -0.25    9.75   clock uncertainty
                          0.00    9.75   clock reconvergence pessimism
                                  9.75 ^ _737_/CLK (sky130_fd_sc_hd__dfrtp_2)
                         -0.09    9.66   library setup time
                                  9.66   data required time
-----------------------------------------------------------------------------
                                  9.66   data required time
                                 -2.83   data arrival time
-----------------------------------------------------------------------------
                                  6.84   slack (MET)


Startpoint: start (input port clocked by clk)
Endpoint: _724_ (rising edge-triggered flip-flop clocked by clk)
Path Group: clk
Path Type: max

Fanout     Cap    Slew   Delay    Time   Description
-----------------------------------------------------------------------------
                  0.15    0.00    0.00   clock clk (rise edge)
                          0.00    0.00   clock network delay (ideal)
                          2.00    2.00 ^ input external delay
                  0.10    0.07    2.07 ^ start (in)
     5    0.02                           start (net)
                  0.10    0.00    2.07 ^ _480_/B (sky130_fd_sc_hd__nor2_2)
                  0.09    0.06    2.13 v _480_/Y (sky130_fd_sc_hd__nor2_2)
     4    0.01                           _238_ (net)
                  0.09    0.00    2.13 v _523_/A (sky130_fd_sc_hd__buf_1)
                  0.19    0.24    2.38 v _523_/X (sky130_fd_sc_hd__buf_1)
    10    0.03                           _275_ (net)
                  0.19    0.00    2.38 v _574_/A2 (sky130_fd_sc_hd__a221o_2)
                  0.05    0.44    2.82 v _574_/X (sky130_fd_sc_hd__a221o_2)
     1    0.00                           _084_ (net)
                  0.05    0.00    2.82 v _724_/D (sky130_fd_sc_hd__dfrtp_2)
                                  2.82   data arrival time

                  0.15   10.00   10.00   clock clk (rise edge)
                          0.00   10.00   clock network delay (ideal)
                         -0.25    9.75   clock uncertainty
                          0.00    9.75   clock reconvergence pessimism
                                  9.75 ^ _724_/CLK (sky130_fd_sc_hd__dfrtp_2)
                         -0.09    9.66   library setup time
                                  9.66   data required time
-----------------------------------------------------------------------------
                                  9.66   data required time
                                 -2.82   data arrival time
-----------------------------------------------------------------------------
                                  6.84   slack (MET)


Startpoint: start (input port clocked by clk)
Endpoint: _739_ (rising edge-triggered flip-flop clocked by clk)
Path Group: clk
Path Type: max

Fanout     Cap    Slew   Delay    Time   Description
-----------------------------------------------------------------------------
                  0.15    0.00    0.00   clock clk (rise edge)
                          0.00    0.00   clock network delay (ideal)
                          2.00    2.00 v input external delay
                  0.05    0.03    2.03 v start (in)
     5    0.02                           start (net)
                  0.05    0.00    2.03 v _480_/B (sky130_fd_sc_hd__nor2_2)
                  0.14    0.13    2.17 ^ _480_/Y (sky130_fd_sc_hd__nor2_2)
     4    0.01                           _238_ (net)
                  0.14    0.00    2.17 ^ _481_/A (sky130_fd_sc_hd__buf_1)
                  0.50    0.45    2.61 ^ _481_/X (sky130_fd_sc_hd__buf_1)
    10    0.04                           _239_ (net)
                  0.50    0.00    2.61 ^ _522_/A2 (sky130_fd_sc_hd__a22o_2)
                  0.04    0.24    2.85 ^ _522_/X (sky130_fd_sc_hd__a22o_2)
     1    0.00                           _099_ (net)
                  0.04    0.00    2.85 ^ _739_/D (sky130_fd_sc_hd__dfrtp_2)
                                  2.85   data arrival time

                  0.15   10.00   10.00   clock clk (rise edge)
                          0.00   10.00   clock network delay (ideal)
                         -0.25    9.75   clock uncertainty
                          0.00    9.75   clock reconvergence pessimism
                                  9.75 ^ _739_/CLK (sky130_fd_sc_hd__dfrtp_2)
                         -0.05    9.70   library setup time
                                  9.70   data required time
-----------------------------------------------------------------------------
                                  9.70   data required time
                                 -2.85   data arrival time
-----------------------------------------------------------------------------
                                  6.85   slack (MET)


Startpoint: start (input port clocked by clk)
Endpoint: _699_ (rising edge-triggered flip-flop clocked by clk)
Path Group: clk
Path Type: max

Fanout     Cap    Slew   Delay    Time   Description
-----------------------------------------------------------------------------
                  0.15    0.00    0.00   clock clk (rise edge)
                          0.00    0.00   clock network delay (ideal)
                          2.00    2.00 v input external delay
                  0.05    0.03    2.03 v start (in)
     5    0.02                           start (net)
                  0.05    0.00    2.03 v _480_/B (sky130_fd_sc_hd__nor2_2)
                  0.14    0.13    2.17 ^ _480_/Y (sky130_fd_sc_hd__nor2_2)
     4    0.01                           _238_ (net)
                  0.14    0.00    2.17 ^ _481_/A (sky130_fd_sc_hd__buf_1)
                  0.50    0.45    2.61 ^ _481_/X (sky130_fd_sc_hd__buf_1)
    10    0.04                           _239_ (net)
                  0.50    0.00    2.61 ^ _623_/B1 (sky130_fd_sc_hd__a22o_2)
                  0.04    0.23    2.84 ^ _623_/X (sky130_fd_sc_hd__a22o_2)
     1    0.00                           _059_ (net)
                  0.04    0.00    2.84 ^ _699_/D (sky130_fd_sc_hd__dfrtp_2)
                                  2.84   data arrival time

                  0.15   10.00   10.00   clock clk (rise edge)
                          0.00   10.00   clock network delay (ideal)
                         -0.25    9.75   clock uncertainty
                          0.00    9.75   clock reconvergence pessimism
                                  9.75 ^ _699_/CLK (sky130_fd_sc_hd__dfrtp_2)
                         -0.05    9.70   library setup time
                                  9.70   data required time
-----------------------------------------------------------------------------
                                  9.70   data required time
                                 -2.84   data arrival time
-----------------------------------------------------------------------------
                                  6.87   slack (MET)


Startpoint: start (input port clocked by clk)
Endpoint: _735_ (rising edge-triggered flip-flop clocked by clk)
Path Group: clk
Path Type: max

Fanout     Cap    Slew   Delay    Time   Description
-----------------------------------------------------------------------------
                  0.15    0.00    0.00   clock clk (rise edge)
                          0.00    0.00   clock network delay (ideal)
                          2.00    2.00 v input external delay
                  0.05    0.03    2.03 v start (in)
     5    0.02                           start (net)
                  0.05    0.00    2.03 v _480_/B (sky130_fd_sc_hd__nor2_2)
                  0.14    0.13    2.17 ^ _480_/Y (sky130_fd_sc_hd__nor2_2)
     4    0.01                           _238_ (net)
                  0.14    0.00    2.17 ^ _481_/A (sky130_fd_sc_hd__buf_1)
                  0.50    0.45    2.61 ^ _481_/X (sky130_fd_sc_hd__buf_1)
    10    0.04                           _239_ (net)
                  0.50    0.00    2.61 ^ _544_/A2 (sky130_fd_sc_hd__a21bo_2)
                  0.04    0.22    2.83 ^ _544_/X (sky130_fd_sc_hd__a21bo_2)
     1    0.00                           _095_ (net)
                  0.04    0.00    2.83 ^ _735_/D (sky130_fd_sc_hd__dfrtp_2)
                                  2.83   data arrival time

                  0.15   10.00   10.00   clock clk (rise edge)
                          0.00   10.00   clock network delay (ideal)
                         -0.25    9.75   clock uncertainty
                          0.00    9.75   clock reconvergence pessimism
                                  9.75 ^ _735_/CLK (sky130_fd_sc_hd__dfrtp_2)
                         -0.05    9.70   library setup time
                                  9.70   data required time
-----------------------------------------------------------------------------
                                  9.70   data required time
                                 -2.83   data arrival time
-----------------------------------------------------------------------------
                                  6.87   slack (MET)


Startpoint: start (input port clocked by clk)
Endpoint: _694_ (rising edge-triggered flip-flop clocked by clk)
Path Group: clk
Path Type: max

Fanout     Cap    Slew   Delay    Time   Description
-----------------------------------------------------------------------------
                  0.15    0.00    0.00   clock clk (rise edge)
                          0.00    0.00   clock network delay (ideal)
                          2.00    2.00 v input external delay
                  0.05    0.03    2.03 v start (in)
     5    0.02                           start (net)
                  0.05    0.00    2.03 v _480_/B (sky130_fd_sc_hd__nor2_2)
                  0.14    0.13    2.17 ^ _480_/Y (sky130_fd_sc_hd__nor2_2)
     4    0.01                           _238_ (net)
                  0.14    0.00    2.17 ^ _481_/A (sky130_fd_sc_hd__buf_1)
                  0.50    0.45    2.61 ^ _481_/X (sky130_fd_sc_hd__buf_1)
    10    0.04                           _239_ (net)
                  0.50    0.00    2.61 ^ _632_/A2 (sky130_fd_sc_hd__a21bo_2)
                  0.04    0.22    2.83 ^ _632_/X (sky130_fd_sc_hd__a21bo_2)
     1    0.00                           _055_ (net)
                  0.04    0.00    2.83 ^ _694_/D (sky130_fd_sc_hd__dfrtp_2)
                                  2.83   data arrival time

                  0.15   10.00   10.00   clock clk (rise edge)
                          0.00   10.00   clock network delay (ideal)
                         -0.25    9.75   clock uncertainty
                          0.00    9.75   clock reconvergence pessimism
                                  9.75 ^ _694_/CLK (sky130_fd_sc_hd__dfrtp_2)
                         -0.05    9.70   library setup time
                                  9.70   data required time
-----------------------------------------------------------------------------
                                  9.70   data required time
                                 -2.83   data arrival time
-----------------------------------------------------------------------------
                                  6.87   slack (MET)


Startpoint: _699_ (rising edge-triggered flip-flop clocked by clk)
Endpoint: _714_ (rising edge-triggered flip-flop clocked by clk)
Path Group: clk
Path Type: max

Fanout     Cap    Slew   Delay    Time   Description
-----------------------------------------------------------------------------
                  0.15    0.00    0.00   clock clk (rise edge)
                          0.00    0.00   clock network delay (ideal)
                  0.15    0.00    0.00 ^ _699_/CLK (sky130_fd_sc_hd__dfrtp_2)
                  0.12    0.54    0.54 v _699_/Q (sky130_fd_sc_hd__dfrtp_2)
     9    0.04                           u_core.Q_1 (net)
                  0.12    0.00    0.54 v _347_/A_N (sky130_fd_sc_hd__and2b_2)
                  0.05    0.26    0.80 ^ _347_/X (sky130_fd_sc_hd__and2b_2)
     2    0.01                           _108_ (net)
                  0.05    0.00    0.80 ^ _348_/A (sky130_fd_sc_hd__buf_1)
                  0.50    0.42    1.22 ^ _348_/X (sky130_fd_sc_hd__buf_1)
    10    0.04                           _109_ (net)
                  0.50    0.00    1.22 ^ _407_/A1 (sky130_fd_sc_hd__o21ai_2)
                  0.09    0.14    1.36 v _407_/Y (sky130_fd_sc_hd__o21ai_2)
     2    0.01                           _168_ (net)
                  0.09    0.00    1.36 v _409_/A (sky130_fd_sc_hd__nand3_2)
                  0.09    0.11    1.47 ^ _409_/Y (sky130_fd_sc_hd__nand3_2)
     3    0.01                           _170_ (net)
                  0.09    0.00    1.47 ^ _414_/A (sky130_fd_sc_hd__nand2_2)
                  0.06    0.08    1.55 v _414_/Y (sky130_fd_sc_hd__nand2_2)
     3    0.01                           _175_ (net)
                  0.06    0.00    1.55 v _428_/A1 (sky130_fd_sc_hd__o21bai_2)
                  0.31    0.31    1.86 ^ _428_/Y (sky130_fd_sc_hd__o21bai_2)
     5    0.03                           _189_ (net)
                  0.31    0.00    1.86 ^ _515_/A (sky130_fd_sc_hd__nand3_2)
                  0.12    0.14    2.00 v _515_/Y (sky130_fd_sc_hd__nand3_2)
     3    0.01                           _268_ (net)
                  0.12    0.00    2.00 v _524_/A1 (sky130_fd_sc_hd__a21oi_2)
                  0.07    0.13    2.13 ^ _524_/Y (sky130_fd_sc_hd__a21oi_2)
     1    0.00                           _276_ (net)
                  0.07    0.00    2.13 ^ _526_/A1_N (sky130_fd_sc_hd__a2bb2o_2)
                  0.05    0.30    2.44 v _526_/X (sky130_fd_sc_hd__a2bb2o_2)
     2    0.01                           _278_ (net)
                  0.05    0.00    2.44 v _596_/A0 (sky130_fd_sc_hd__mux2_2)
                  0.05    0.27    2.70 v _596_/X (sky130_fd_sc_hd__mux2_2)
     1    0.00                           _324_ (net)
                  0.05    0.00    2.70 v _597_/A (sky130_fd_sc_hd__buf_1)
                  0.02    0.09    2.79 v _597_/X (sky130_fd_sc_hd__buf_1)
     1    0.00                           _074_ (net)
                  0.02    0.00    2.79 v _714_/D (sky130_fd_sc_hd__dfrtp_2)
                                  2.79   data arrival time

                  0.15   10.00   10.00   clock clk (rise edge)
                          0.00   10.00   clock network delay (ideal)
                         -0.25    9.75   clock uncertainty
                          0.00    9.75   clock reconvergence pessimism
                                  9.75 ^ _714_/CLK (sky130_fd_sc_hd__dfrtp_2)
                         -0.08    9.67   library setup time
                                  9.67   data required time
-----------------------------------------------------------------------------
                                  9.67   data required time
                                 -2.79   data arrival time
-----------------------------------------------------------------------------
                                  6.88   slack (MET)


Startpoint: _699_ (rising edge-triggered flip-flop clocked by clk)
Endpoint: _715_ (rising edge-triggered flip-flop clocked by clk)
Path Group: clk
Path Type: max

Fanout     Cap    Slew   Delay    Time   Description
-----------------------------------------------------------------------------
                  0.15    0.00    0.00   clock clk (rise edge)
                          0.00    0.00   clock network delay (ideal)
                  0.15    0.00    0.00 ^ _699_/CLK (sky130_fd_sc_hd__dfrtp_2)
                  0.12    0.54    0.54 v _699_/Q (sky130_fd_sc_hd__dfrtp_2)
     9    0.04                           u_core.Q_1 (net)
                  0.12    0.00    0.54 v _347_/A_N (sky130_fd_sc_hd__and2b_2)
                  0.05    0.26    0.80 ^ _347_/X (sky130_fd_sc_hd__and2b_2)
     2    0.01                           _108_ (net)
                  0.05    0.00    0.80 ^ _348_/A (sky130_fd_sc_hd__buf_1)
                  0.50    0.42    1.22 ^ _348_/X (sky130_fd_sc_hd__buf_1)
    10    0.04                           _109_ (net)
                  0.50    0.00    1.22 ^ _407_/A1 (sky130_fd_sc_hd__o21ai_2)
                  0.09    0.14    1.36 v _407_/Y (sky130_fd_sc_hd__o21ai_2)
     2    0.01                           _168_ (net)
                  0.09    0.00    1.36 v _409_/A (sky130_fd_sc_hd__nand3_2)
                  0.09    0.11    1.47 ^ _409_/Y (sky130_fd_sc_hd__nand3_2)
     3    0.01                           _170_ (net)
                  0.09    0.00    1.47 ^ _414_/A (sky130_fd_sc_hd__nand2_2)
                  0.06    0.08    1.55 v _414_/Y (sky130_fd_sc_hd__nand2_2)
     3    0.01                           _175_ (net)
                  0.06    0.00    1.55 v _428_/A1 (sky130_fd_sc_hd__o21bai_2)
                  0.31    0.31    1.86 ^ _428_/Y (sky130_fd_sc_hd__o21bai_2)
     5    0.03                           _189_ (net)
                  0.31    0.00    1.86 ^ _515_/A (sky130_fd_sc_hd__nand3_2)
                  0.12    0.14    2.00 v _515_/Y (sky130_fd_sc_hd__nand3_2)
     3    0.01                           _268_ (net)
                  0.12    0.00    2.00 v _517_/A1 (sky130_fd_sc_hd__a21o_2)
                  0.04    0.24    2.24 v _517_/X (sky130_fd_sc_hd__a21o_2)
     2    0.01                           _270_ (net)
                  0.04    0.00    2.24 v _518_/A4 (sky130_fd_sc_hd__a41oi_2)
                  0.15    0.20    2.44 ^ _518_/Y (sky130_fd_sc_hd__a41oi_2)
     1    0.00                           _271_ (net)
                  0.15    0.00    2.44 ^ _520_/A (sky130_fd_sc_hd__nand2_2)
                  0.05    0.07    2.51 v _520_/Y (sky130_fd_sc_hd__nand2_2)
     2    0.01                           _273_ (net)
                  0.05    0.00    2.51 v _595_/A1 (sky130_fd_sc_hd__a32o_2)
                  0.04    0.24    2.76 v _595_/X (sky130_fd_sc_hd__a32o_2)
     1    0.00                           _075_ (net)
                  0.04    0.00    2.76 v _715_/D (sky130_fd_sc_hd__dfrtp_2)
                                  2.76   data arrival time

                  0.15   10.00   10.00   clock clk (rise edge)
                          0.00   10.00   clock network delay (ideal)
                         -0.25    9.75   clock uncertainty
                          0.00    9.75   clock reconvergence pessimism
                                  9.75 ^ _715_/CLK (sky130_fd_sc_hd__dfrtp_2)
                         -0.09    9.66   library setup time
                                  9.66   data required time
-----------------------------------------------------------------------------
                                  9.66   data required time
                                 -2.76   data arrival time
-----------------------------------------------------------------------------
                                  6.90   slack (MET)


Startpoint: _699_ (rising edge-triggered flip-flop clocked by clk)
Endpoint: _736_ (rising edge-triggered flip-flop clocked by clk)
Path Group: clk
Path Type: max

Fanout     Cap    Slew   Delay    Time   Description
-----------------------------------------------------------------------------
                  0.15    0.00    0.00   clock clk (rise edge)
                          0.00    0.00   clock network delay (ideal)
                  0.15    0.00    0.00 ^ _699_/CLK (sky130_fd_sc_hd__dfrtp_2)
                  0.12    0.54    0.54 v _699_/Q (sky130_fd_sc_hd__dfrtp_2)
     9    0.04                           u_core.Q_1 (net)
                  0.12    0.00    0.54 v _347_/A_N (sky130_fd_sc_hd__and2b_2)
                  0.05    0.26    0.80 ^ _347_/X (sky130_fd_sc_hd__and2b_2)
     2    0.01                           _108_ (net)
                  0.05    0.00    0.80 ^ _348_/A (sky130_fd_sc_hd__buf_1)
                  0.50    0.42    1.22 ^ _348_/X (sky130_fd_sc_hd__buf_1)
    10    0.04                           _109_ (net)
                  0.50    0.00    1.22 ^ _407_/A1 (sky130_fd_sc_hd__o21ai_2)
                  0.09    0.14    1.36 v _407_/Y (sky130_fd_sc_hd__o21ai_2)
     2    0.01                           _168_ (net)
                  0.09    0.00    1.36 v _409_/A (sky130_fd_sc_hd__nand3_2)
                  0.09    0.11    1.47 ^ _409_/Y (sky130_fd_sc_hd__nand3_2)
     3    0.01                           _170_ (net)
                  0.09    0.00    1.47 ^ _414_/A (sky130_fd_sc_hd__nand2_2)
                  0.06    0.08    1.55 v _414_/Y (sky130_fd_sc_hd__nand2_2)
     3    0.01                           _175_ (net)
                  0.06    0.00    1.55 v _428_/A1 (sky130_fd_sc_hd__o21bai_2)
                  0.31    0.31    1.86 ^ _428_/Y (sky130_fd_sc_hd__o21bai_2)
     5    0.03                           _189_ (net)
                  0.31    0.00    1.86 ^ _528_/C1 (sky130_fd_sc_hd__o2111ai_2)
                  0.14    0.21    2.07 v _528_/Y (sky130_fd_sc_hd__o2111ai_2)
     3    0.01                           _279_ (net)
                  0.14    0.00    2.07 v _535_/B (sky130_fd_sc_hd__and3_2)
                  0.04    0.24    2.31 v _535_/X (sky130_fd_sc_hd__and3_2)
     1    0.00                           _285_ (net)
                  0.04    0.00    2.31 v _536_/B1 (sky130_fd_sc_hd__a31o_2)
                  0.05    0.23    2.54 v _536_/X (sky130_fd_sc_hd__a31o_2)
     2    0.01                           _286_ (net)
                  0.05    0.00    2.54 v _537_/B1 (sky130_fd_sc_hd__a22o_2)
                  0.04    0.21    2.75 v _537_/X (sky130_fd_sc_hd__a22o_2)
     1    0.00                           _096_ (net)
                  0.04    0.00    2.75 v _736_/D (sky130_fd_sc_hd__dfrtp_2)
                                  2.75   data arrival time

                  0.15   10.00   10.00   clock clk (rise edge)
                          0.00   10.00   clock network delay (ideal)
                         -0.25    9.75   clock uncertainty
                          0.00    9.75   clock reconvergence pessimism
                                  9.75 ^ _736_/CLK (sky130_fd_sc_hd__dfrtp_2)
                         -0.09    9.66   library setup time
                                  9.66   data required time
-----------------------------------------------------------------------------
                                  9.66   data required time
                                 -2.75   data arrival time
-----------------------------------------------------------------------------
                                  6.91   slack (MET)


Startpoint: start (input port clocked by clk)
Endpoint: _725_ (rising edge-triggered flip-flop clocked by clk)
Path Group: clk
Path Type: max

Fanout     Cap    Slew   Delay    Time   Description
-----------------------------------------------------------------------------
                  0.15    0.00    0.00   clock clk (rise edge)
                          0.00    0.00   clock network delay (ideal)
                          2.00    2.00 v input external delay
                  0.05    0.03    2.03 v start (in)
     5    0.02                           start (net)
                  0.05    0.00    2.03 v _554_/B (sky130_fd_sc_hd__nand2_2)
                  0.27    0.24    2.27 ^ _554_/Y (sky130_fd_sc_hd__nand2_2)
    10    0.05                           _300_ (net)
                  0.27    0.00    2.28 ^ _569_/S (sky130_fd_sc_hd__mux2_2)
                  0.05    0.38    2.66 v _569_/X (sky130_fd_sc_hd__mux2_2)
     1    0.00                           _308_ (net)
                  0.05    0.00    2.66 v _570_/A (sky130_fd_sc_hd__buf_1)
                  0.02    0.09    2.75 v _570_/X (sky130_fd_sc_hd__buf_1)
     1    0.00                           _085_ (net)
                  0.02    0.00    2.75 v _725_/D (sky130_fd_sc_hd__dfrtp_2)
                                  2.75   data arrival time

                  0.15   10.00   10.00   clock clk (rise edge)
                          0.00   10.00   clock network delay (ideal)
                         -0.25    9.75   clock uncertainty
                          0.00    9.75   clock reconvergence pessimism
                                  9.75 ^ _725_/CLK (sky130_fd_sc_hd__dfrtp_2)
                         -0.08    9.67   library setup time
                                  9.67   data required time
-----------------------------------------------------------------------------
                                  9.67   data required time
                                 -2.75   data arrival time
-----------------------------------------------------------------------------
                                  6.92   slack (MET)


Startpoint: start (input port clocked by clk)
Endpoint: _731_ (rising edge-triggered flip-flop clocked by clk)
Path Group: clk
Path Type: max

Fanout     Cap    Slew   Delay    Time   Description
-----------------------------------------------------------------------------
                  0.15    0.00    0.00   clock clk (rise edge)
                          0.00    0.00   clock network delay (ideal)
                          2.00    2.00 v input external delay
                  0.05    0.03    2.03 v start (in)
     5    0.02                           start (net)
                  0.05    0.00    2.03 v _554_/B (sky130_fd_sc_hd__nand2_2)
                  0.27    0.24    2.27 ^ _554_/Y (sky130_fd_sc_hd__nand2_2)
    10    0.05                           _300_ (net)
                  0.27    0.00    2.27 ^ _557_/S (sky130_fd_sc_hd__mux2_2)
                  0.05    0.38    2.66 v _557_/X (sky130_fd_sc_hd__mux2_2)
     1    0.00                           _302_ (net)
                  0.05    0.00    2.66 v _558_/A (sky130_fd_sc_hd__buf_1)
                  0.02    0.09    2.75 v _558_/X (sky130_fd_sc_hd__buf_1)
     1    0.00                           _091_ (net)
                  0.02    0.00    2.75 v _731_/D (sky130_fd_sc_hd__dfrtp_2)
                                  2.75   data arrival time

                  0.15   10.00   10.00   clock clk (rise edge)
                          0.00   10.00   clock network delay (ideal)
                         -0.25    9.75   clock uncertainty
                          0.00    9.75   clock reconvergence pessimism
                                  9.75 ^ _731_/CLK (sky130_fd_sc_hd__dfrtp_2)
                         -0.08    9.67   library setup time
                                  9.67   data required time
-----------------------------------------------------------------------------
                                  9.67   data required time
                                 -2.75   data arrival time
-----------------------------------------------------------------------------
                                  6.92   slack (MET)


Startpoint: start (input port clocked by clk)
Endpoint: _726_ (rising edge-triggered flip-flop clocked by clk)
Path Group: clk
Path Type: max

Fanout     Cap    Slew   Delay    Time   Description
-----------------------------------------------------------------------------
                  0.15    0.00    0.00   clock clk (rise edge)
                          0.00    0.00   clock network delay (ideal)
                          2.00    2.00 v input external delay
                  0.05    0.03    2.03 v start (in)
     5    0.02                           start (net)
                  0.05    0.00    2.03 v _554_/B (sky130_fd_sc_hd__nand2_2)
                  0.27    0.24    2.27 ^ _554_/Y (sky130_fd_sc_hd__nand2_2)
    10    0.05                           _300_ (net)
                  0.27    0.00    2.28 ^ _567_/S (sky130_fd_sc_hd__mux2_2)
                  0.05    0.38    2.66 v _567_/X (sky130_fd_sc_hd__mux2_2)
     1    0.00                           _307_ (net)
                  0.05    0.00    2.66 v _568_/A (sky130_fd_sc_hd__buf_1)
                  0.02    0.09    2.75 v _568_/X (sky130_fd_sc_hd__buf_1)
     1    0.00                           _086_ (net)
                  0.02    0.00    2.75 v _726_/D (sky130_fd_sc_hd__dfrtp_2)
                                  2.75   data arrival time

                  0.15   10.00   10.00   clock clk (rise edge)
                          0.00   10.00   clock network delay (ideal)
                         -0.25    9.75   clock uncertainty
                          0.00    9.75   clock reconvergence pessimism
                                  9.75 ^ _726_/CLK (sky130_fd_sc_hd__dfrtp_2)
                         -0.08    9.67   library setup time
                                  9.67   data required time
-----------------------------------------------------------------------------
                                  9.67   data required time
                                 -2.75   data arrival time
-----------------------------------------------------------------------------
                                  6.92   slack (MET)


Startpoint: start (input port clocked by clk)
Endpoint: _730_ (rising edge-triggered flip-flop clocked by clk)
Path Group: clk
Path Type: max

Fanout     Cap    Slew   Delay    Time   Description
-----------------------------------------------------------------------------
                  0.15    0.00    0.00   clock clk (rise edge)
                          0.00    0.00   clock network delay (ideal)
                          2.00    2.00 v input external delay
                  0.05    0.03    2.03 v start (in)
     5    0.02                           start (net)
                  0.05    0.00    2.03 v _554_/B (sky130_fd_sc_hd__nand2_2)
                  0.27    0.24    2.27 ^ _554_/Y (sky130_fd_sc_hd__nand2_2)
    10    0.05                           _300_ (net)
                  0.27    0.00    2.28 ^ _559_/S (sky130_fd_sc_hd__mux2_2)
                  0.05    0.38    2.66 v _559_/X (sky130_fd_sc_hd__mux2_2)
     1    0.00                           _303_ (net)
                  0.05    0.00    2.66 v _560_/A (sky130_fd_sc_hd__buf_1)
                  0.02    0.09    2.75 v _560_/X (sky130_fd_sc_hd__buf_1)
     1    0.00                           _090_ (net)
                  0.02    0.00    2.75 v _730_/D (sky130_fd_sc_hd__dfrtp_2)
                                  2.75   data arrival time

                  0.15   10.00   10.00   clock clk (rise edge)
                          0.00   10.00   clock network delay (ideal)
                         -0.25    9.75   clock uncertainty
                          0.00    9.75   clock reconvergence pessimism
                                  9.75 ^ _730_/CLK (sky130_fd_sc_hd__dfrtp_2)
                         -0.08    9.67   library setup time
                                  9.67   data required time
-----------------------------------------------------------------------------
                                  9.67   data required time
                                 -2.75   data arrival time
-----------------------------------------------------------------------------
                                  6.92   slack (MET)


Startpoint: start (input port clocked by clk)
Endpoint: _729_ (rising edge-triggered flip-flop clocked by clk)
Path Group: clk
Path Type: max

Fanout     Cap    Slew   Delay    Time   Description
-----------------------------------------------------------------------------
                  0.15    0.00    0.00   clock clk (rise edge)
                          0.00    0.00   clock network delay (ideal)
                          2.00    2.00 v input external delay
                  0.05    0.03    2.03 v start (in)
     5    0.02                           start (net)
                  0.05    0.00    2.03 v _554_/B (sky130_fd_sc_hd__nand2_2)
                  0.27    0.24    2.27 ^ _554_/Y (sky130_fd_sc_hd__nand2_2)
    10    0.05                           _300_ (net)
                  0.27    0.00    2.28 ^ _561_/S (sky130_fd_sc_hd__mux2_2)
                  0.05    0.38    2.66 v _561_/X (sky130_fd_sc_hd__mux2_2)
     1    0.00                           _304_ (net)
                  0.05    0.00    2.66 v _562_/A (sky130_fd_sc_hd__buf_1)
                  0.02    0.09    2.75 v _562_/X (sky130_fd_sc_hd__buf_1)
     1    0.00                           _089_ (net)
                  0.02    0.00    2.75 v _729_/D (sky130_fd_sc_hd__dfrtp_2)
                                  2.75   data arrival time

                  0.15   10.00   10.00   clock clk (rise edge)
                          0.00   10.00   clock network delay (ideal)
                         -0.25    9.75   clock uncertainty
                          0.00    9.75   clock reconvergence pessimism
                                  9.75 ^ _729_/CLK (sky130_fd_sc_hd__dfrtp_2)
                         -0.08    9.67   library setup time
                                  9.67   data required time
-----------------------------------------------------------------------------
                                  9.67   data required time
                                 -2.75   data arrival time
-----------------------------------------------------------------------------
                                  6.92   slack (MET)


Startpoint: start (input port clocked by clk)
Endpoint: _732_ (rising edge-triggered flip-flop clocked by clk)
Path Group: clk
Path Type: max

Fanout     Cap    Slew   Delay    Time   Description
-----------------------------------------------------------------------------
                  0.15    0.00    0.00   clock clk (rise edge)
                          0.00    0.00   clock network delay (ideal)
                          2.00    2.00 v input external delay
                  0.05    0.03    2.03 v start (in)
     5    0.02                           start (net)
                  0.05    0.00    2.03 v _554_/B (sky130_fd_sc_hd__nand2_2)
                  0.27    0.24    2.27 ^ _554_/Y (sky130_fd_sc_hd__nand2_2)
    10    0.05                           _300_ (net)
                  0.27    0.00    2.27 ^ _555_/S (sky130_fd_sc_hd__mux2_2)
                  0.05    0.38    2.66 v _555_/X (sky130_fd_sc_hd__mux2_2)
     1    0.00                           _301_ (net)
                  0.05    0.00    2.66 v _556_/A (sky130_fd_sc_hd__buf_1)
                  0.02    0.09    2.75 v _556_/X (sky130_fd_sc_hd__buf_1)
     1    0.00                           _092_ (net)
                  0.02    0.00    2.75 v _732_/D (sky130_fd_sc_hd__dfrtp_2)
                                  2.75   data arrival time

                  0.15   10.00   10.00   clock clk (rise edge)
                          0.00   10.00   clock network delay (ideal)
                         -0.25    9.75   clock uncertainty
                          0.00    9.75   clock reconvergence pessimism
                                  9.75 ^ _732_/CLK (sky130_fd_sc_hd__dfrtp_2)
                         -0.08    9.67   library setup time
                                  9.67   data required time
-----------------------------------------------------------------------------
                                  9.67   data required time
                                 -2.75   data arrival time
-----------------------------------------------------------------------------
                                  6.92   slack (MET)


Startpoint: start (input port clocked by clk)
Endpoint: _727_ (rising edge-triggered flip-flop clocked by clk)
Path Group: clk
Path Type: max

Fanout     Cap    Slew   Delay    Time   Description
-----------------------------------------------------------------------------
                  0.15    0.00    0.00   clock clk (rise edge)
                          0.00    0.00   clock network delay (ideal)
                          2.00    2.00 v input external delay
                  0.05    0.03    2.03 v start (in)
     5    0.02                           start (net)
                  0.05    0.00    2.03 v _554_/B (sky130_fd_sc_hd__nand2_2)
                  0.27    0.24    2.27 ^ _554_/Y (sky130_fd_sc_hd__nand2_2)
    10    0.05                           _300_ (net)
                  0.27    0.00    2.28 ^ _565_/S (sky130_fd_sc_hd__mux2_2)
                  0.05    0.38    2.66 v _565_/X (sky130_fd_sc_hd__mux2_2)
     1    0.00                           _306_ (net)
                  0.05    0.00    2.66 v _566_/A (sky130_fd_sc_hd__buf_1)
                  0.02    0.09    2.75 v _566_/X (sky130_fd_sc_hd__buf_1)
     1    0.00                           _087_ (net)
                  0.02    0.00    2.75 v _727_/D (sky130_fd_sc_hd__dfrtp_2)
                                  2.75   data arrival time

                  0.15   10.00   10.00   clock clk (rise edge)
                          0.00   10.00   clock network delay (ideal)
                         -0.25    9.75   clock uncertainty
                          0.00    9.75   clock reconvergence pessimism
                                  9.75 ^ _727_/CLK (sky130_fd_sc_hd__dfrtp_2)
                         -0.08    9.67   library setup time
                                  9.67   data required time
-----------------------------------------------------------------------------
                                  9.67   data required time
                                 -2.75   data arrival time
-----------------------------------------------------------------------------
                                  6.92   slack (MET)


Startpoint: start (input port clocked by clk)
Endpoint: _728_ (rising edge-triggered flip-flop clocked by clk)
Path Group: clk
Path Type: max

Fanout     Cap    Slew   Delay    Time   Description
-----------------------------------------------------------------------------
                  0.15    0.00    0.00   clock clk (rise edge)
                          0.00    0.00   clock network delay (ideal)
                          2.00    2.00 v input external delay
                  0.05    0.03    2.03 v start (in)
     5    0.02                           start (net)
                  0.05    0.00    2.03 v _554_/B (sky130_fd_sc_hd__nand2_2)
                  0.27    0.24    2.27 ^ _554_/Y (sky130_fd_sc_hd__nand2_2)
    10    0.05                           _300_ (net)
                  0.27    0.00    2.27 ^ _563_/S (sky130_fd_sc_hd__mux2_2)
                  0.05    0.38    2.66 v _563_/X (sky130_fd_sc_hd__mux2_2)
     1    0.00                           _305_ (net)
                  0.05    0.00    2.66 v _564_/A (sky130_fd_sc_hd__buf_1)
                  0.02    0.09    2.74 v _564_/X (sky130_fd_sc_hd__buf_1)
     1    0.00                           _088_ (net)
                  0.02    0.00    2.74 v _728_/D (sky130_fd_sc_hd__dfrtp_2)
                                  2.74   data arrival time

                  0.15   10.00   10.00   clock clk (rise edge)
                          0.00   10.00   clock network delay (ideal)
                         -0.25    9.75   clock uncertainty
                          0.00    9.75   clock reconvergence pessimism
                                  9.75 ^ _728_/CLK (sky130_fd_sc_hd__dfrtp_2)
                         -0.08    9.67   library setup time
                                  9.67   data required time
-----------------------------------------------------------------------------
                                  9.67   data required time
                                 -2.74   data arrival time
-----------------------------------------------------------------------------
                                  6.93   slack (MET)


Startpoint: start (input port clocked by clk)
Endpoint: _734_ (rising edge-triggered flip-flop clocked by clk)
Path Group: clk
Path Type: max

Fanout     Cap    Slew   Delay    Time   Description
-----------------------------------------------------------------------------
                  0.15    0.00    0.00   clock clk (rise edge)
                          0.00    0.00   clock network delay (ideal)
                          2.00    2.00 v input external delay
                  0.05    0.03    2.03 v start (in)
     5    0.02                           start (net)
                  0.05    0.00    2.03 v _480_/B (sky130_fd_sc_hd__nor2_2)
                  0.14    0.13    2.17 ^ _480_/Y (sky130_fd_sc_hd__nor2_2)
     4    0.01                           _238_ (net)
                  0.14    0.00    2.17 ^ _523_/A (sky130_fd_sc_hd__buf_1)
                  0.41    0.38    2.54 ^ _523_/X (sky130_fd_sc_hd__buf_1)
    10    0.04                           _275_ (net)
                  0.41    0.00    2.54 ^ _548_/A2 (sky130_fd_sc_hd__a22o_2)
                  0.04    0.23    2.77 ^ _548_/X (sky130_fd_sc_hd__a22o_2)
     1    0.00                           _094_ (net)
                  0.04    0.00    2.77 ^ _734_/D (sky130_fd_sc_hd__dfrtp_2)
                                  2.77   data arrival time

                  0.15   10.00   10.00   clock clk (rise edge)
                          0.00   10.00   clock network delay (ideal)
                         -0.25    9.75   clock uncertainty
                          0.00    9.75   clock reconvergence pessimism
                                  9.75 ^ _734_/CLK (sky130_fd_sc_hd__dfrtp_2)
                         -0.05    9.70   library setup time
                                  9.70   data required time
-----------------------------------------------------------------------------
                                  9.70   data required time
                                 -2.77   data arrival time
-----------------------------------------------------------------------------
                                  6.93   slack (MET)


Startpoint: start (input port clocked by clk)
Endpoint: _733_ (rising edge-triggered flip-flop clocked by clk)
Path Group: clk
Path Type: max

Fanout     Cap    Slew   Delay    Time   Description
-----------------------------------------------------------------------------
                  0.15    0.00    0.00   clock clk (rise edge)
                          0.00    0.00   clock network delay (ideal)
                          2.00    2.00 v input external delay
                  0.05    0.03    2.03 v start (in)
     5    0.02                           start (net)
                  0.05    0.00    2.03 v _480_/B (sky130_fd_sc_hd__nor2_2)
                  0.14    0.13    2.17 ^ _480_/Y (sky130_fd_sc_hd__nor2_2)
     4    0.01                           _238_ (net)
                  0.14    0.00    2.17 ^ _523_/A (sky130_fd_sc_hd__buf_1)
                  0.41    0.38    2.54 ^ _523_/X (sky130_fd_sc_hd__buf_1)
    10    0.04                           _275_ (net)
                  0.41    0.00    2.54 ^ _553_/A2 (sky130_fd_sc_hd__a22o_2)
                  0.04    0.23    2.77 ^ _553_/X (sky130_fd_sc_hd__a22o_2)
     1    0.00                           _093_ (net)
                  0.04    0.00    2.77 ^ _733_/D (sky130_fd_sc_hd__dfrtp_2)
                                  2.77   data arrival time

                  0.15   10.00   10.00   clock clk (rise edge)
                          0.00   10.00   clock network delay (ideal)
                         -0.25    9.75   clock uncertainty
                          0.00    9.75   clock reconvergence pessimism
                                  9.75 ^ _733_/CLK (sky130_fd_sc_hd__dfrtp_2)
                         -0.05    9.70   library setup time
                                  9.70   data required time
-----------------------------------------------------------------------------
                                  9.70   data required time
                                 -2.77   data arrival time
-----------------------------------------------------------------------------
                                  6.93   slack (MET)


Startpoint: start (input port clocked by clk)
Endpoint: _738_ (rising edge-triggered flip-flop clocked by clk)
Path Group: clk
Path Type: max

Fanout     Cap    Slew   Delay    Time   Description
-----------------------------------------------------------------------------
                  0.15    0.00    0.00   clock clk (rise edge)
                          0.00    0.00   clock network delay (ideal)
                          2.00    2.00 v input external delay
                  0.05    0.03    2.03 v start (in)
     5    0.02                           start (net)
                  0.05    0.00    2.03 v _480_/B (sky130_fd_sc_hd__nor2_2)
                  0.14    0.13    2.17 ^ _480_/Y (sky130_fd_sc_hd__nor2_2)
     4    0.01                           _238_ (net)
                  0.14    0.00    2.17 ^ _523_/A (sky130_fd_sc_hd__buf_1)
                  0.41    0.38    2.54 ^ _523_/X (sky130_fd_sc_hd__buf_1)
    10    0.04                           _275_ (net)
                  0.41    0.00    2.54 ^ _527_/A2 (sky130_fd_sc_hd__a22o_2)
                  0.04    0.22    2.77 ^ _527_/X (sky130_fd_sc_hd__a22o_2)
     1    0.00                           _098_ (net)
                  0.04    0.00    2.77 ^ _738_/D (sky130_fd_sc_hd__dfrtp_2)
                                  2.77   data arrival time

                  0.15   10.00   10.00   clock clk (rise edge)
                          0.00   10.00   clock network delay (ideal)
                         -0.25    9.75   clock uncertainty
                          0.00    9.75   clock reconvergence pessimism
                                  9.75 ^ _738_/CLK (sky130_fd_sc_hd__dfrtp_2)
                         -0.05    9.70   library setup time
                                  9.70   data required time
-----------------------------------------------------------------------------
                                  9.70   data required time
                                 -2.77   data arrival time
-----------------------------------------------------------------------------
                                  6.94   slack (MET)


Startpoint: start (input port clocked by clk)
Endpoint: _698_ (rising edge-triggered flip-flop clocked by clk)
Path Group: clk
Path Type: max

Fanout     Cap    Slew   Delay    Time   Description
-----------------------------------------------------------------------------
                  0.15    0.00    0.00   clock clk (rise edge)
                          0.00    0.00   clock network delay (ideal)
                          2.00    2.00 v input external delay
                  0.05    0.03    2.03 v start (in)
     5    0.02                           start (net)
                  0.05    0.00    2.03 v _480_/B (sky130_fd_sc_hd__nor2_2)
                  0.14    0.13    2.17 ^ _480_/Y (sky130_fd_sc_hd__nor2_2)
     4    0.01                           _238_ (net)
                  0.14    0.00    2.17 ^ _481_/A (sky130_fd_sc_hd__buf_1)
                  0.50    0.45    2.61 ^ _481_/X (sky130_fd_sc_hd__buf_1)
    10    0.04                           _239_ (net)
                  0.50    0.00    2.61 ^ _633_/B1 (sky130_fd_sc_hd__a21oi_2)
                  0.09    0.04    2.65 v _633_/Y (sky130_fd_sc_hd__a21oi_2)
     1    0.00                           _000_ (net)
                  0.09    0.00    2.65 v _698_/D (sky130_fd_sc_hd__dfrtp_2)
                                  2.65   data arrival time

                  0.15   10.00   10.00   clock clk (rise edge)
                          0.00   10.00   clock network delay (ideal)
                         -0.25    9.75   clock uncertainty
                          0.00    9.75   clock reconvergence pessimism
                                  9.75 ^ _698_/CLK (sky130_fd_sc_hd__dfrtp_2)
                         -0.11    9.64   library setup time
                                  9.64   data required time
-----------------------------------------------------------------------------
                                  9.64   data required time
                                 -2.65   data arrival time
-----------------------------------------------------------------------------
                                  6.99   slack (MET)


Startpoint: start (input port clocked by clk)
Endpoint: _717_ (rising edge-triggered flip-flop clocked by clk)
Path Group: clk
Path Type: max

Fanout     Cap    Slew   Delay    Time   Description
-----------------------------------------------------------------------------
                  0.15    0.00    0.00   clock clk (rise edge)
                          0.00    0.00   clock network delay (ideal)
                          2.00    2.00 ^ input external delay
                  0.10    0.07    2.07 ^ start (in)
     5    0.02                           start (net)
                  0.10    0.00    2.07 ^ _467_/A (sky130_fd_sc_hd__buf_1)
                  0.43    0.38    2.46 ^ _467_/X (sky130_fd_sc_hd__buf_1)
    10    0.04                           _227_ (net)
                  0.43    0.00    2.46 ^ _588_/A3 (sky130_fd_sc_hd__a31o_2)
                  0.04    0.22    2.68 ^ _588_/X (sky130_fd_sc_hd__a31o_2)
     1    0.00                           _077_ (net)
                  0.04    0.00    2.68 ^ _717_/D (sky130_fd_sc_hd__dfrtp_2)
                                  2.68   data arrival time

                  0.15   10.00   10.00   clock clk (rise edge)
                          0.00   10.00   clock network delay (ideal)
                         -0.25    9.75   clock uncertainty
                          0.00    9.75   clock reconvergence pessimism
                                  9.75 ^ _717_/CLK (sky130_fd_sc_hd__dfrtp_2)
                         -0.05    9.70   library setup time
                                  9.70   data required time
-----------------------------------------------------------------------------
                                  9.70   data required time
                                 -2.68   data arrival time
-----------------------------------------------------------------------------
                                  7.02   slack (MET)


Startpoint: start (input port clocked by clk)
Endpoint: _718_ (rising edge-triggered flip-flop clocked by clk)
Path Group: clk
Path Type: max

Fanout     Cap    Slew   Delay    Time   Description
-----------------------------------------------------------------------------
                  0.15    0.00    0.00   clock clk (rise edge)
                          0.00    0.00   clock network delay (ideal)
                          2.00    2.00 ^ input external delay
                  0.10    0.07    2.07 ^ start (in)
     5    0.02                           start (net)
                  0.10    0.00    2.07 ^ _467_/A (sky130_fd_sc_hd__buf_1)
                  0.43    0.38    2.46 ^ _467_/X (sky130_fd_sc_hd__buf_1)
    10    0.04                           _227_ (net)
                  0.43    0.00    2.46 ^ _586_/A3 (sky130_fd_sc_hd__a31o_2)
                  0.04    0.22    2.68 ^ _586_/X (sky130_fd_sc_hd__a31o_2)
     1    0.00                           _078_ (net)
                  0.04    0.00    2.68 ^ _718_/D (sky130_fd_sc_hd__dfrtp_2)
                                  2.68   data arrival time

                  0.15   10.00   10.00   clock clk (rise edge)
                          0.00   10.00   clock network delay (ideal)
                         -0.25    9.75   clock uncertainty
                          0.00    9.75   clock reconvergence pessimism
                                  9.75 ^ _718_/CLK (sky130_fd_sc_hd__dfrtp_2)
                         -0.05    9.70   library setup time
                                  9.70   data required time
-----------------------------------------------------------------------------
                                  9.70   data required time
                                 -2.68   data arrival time
-----------------------------------------------------------------------------
                                  7.03   slack (MET)


Startpoint: _699_ (rising edge-triggered flip-flop clocked by clk)
Endpoint: _708_ (rising edge-triggered flip-flop clocked by clk)
Path Group: clk
Path Type: max

Fanout     Cap    Slew   Delay    Time   Description
-----------------------------------------------------------------------------
                  0.15    0.00    0.00   clock clk (rise edge)
                          0.00    0.00   clock network delay (ideal)
                  0.15    0.00    0.00 ^ _699_/CLK (sky130_fd_sc_hd__dfrtp_2)
                  0.12    0.54    0.54 v _699_/Q (sky130_fd_sc_hd__dfrtp_2)
     9    0.04                           u_core.Q_1 (net)
                  0.12    0.00    0.54 v _347_/A_N (sky130_fd_sc_hd__and2b_2)
                  0.05    0.26    0.80 ^ _347_/X (sky130_fd_sc_hd__and2b_2)
     2    0.01                           _108_ (net)
                  0.05    0.00    0.80 ^ _348_/A (sky130_fd_sc_hd__buf_1)
                  0.50    0.42    1.22 ^ _348_/X (sky130_fd_sc_hd__buf_1)
    10    0.04                           _109_ (net)
                  0.50    0.00    1.22 ^ _349_/A (sky130_fd_sc_hd__buf_1)
                  0.57    0.53    1.76 ^ _349_/X (sky130_fd_sc_hd__buf_1)
    10    0.05                           _110_ (net)
                  0.57    0.00    1.76 ^ _571_/A1 (sky130_fd_sc_hd__o21ai_2)
                  0.08    0.11    1.86 v _571_/Y (sky130_fd_sc_hd__o21ai_2)
     1    0.00                           _309_ (net)
                  0.08    0.00    1.86 v _572_/B1 (sky130_fd_sc_hd__a2bb2o_2)
                  0.06    0.31    2.17 v _572_/X (sky130_fd_sc_hd__a2bb2o_2)
     2    0.01                           _310_ (net)
                  0.06    0.00    2.17 v _606_/A0 (sky130_fd_sc_hd__mux2_2)
                  0.05    0.27    2.44 v _606_/X (sky130_fd_sc_hd__mux2_2)
     1    0.00                           _328_ (net)
                  0.05    0.00    2.44 v _607_/A (sky130_fd_sc_hd__buf_1)
                  0.02    0.09    2.53 v _607_/X (sky130_fd_sc_hd__buf_1)
     1    0.00                           _068_ (net)
                  0.02    0.00    2.53 v _708_/D (sky130_fd_sc_hd__dfrtp_2)
                                  2.53   data arrival time

                  0.15   10.00   10.00   clock clk (rise edge)
                          0.00   10.00   clock network delay (ideal)
                         -0.25    9.75   clock uncertainty
                          0.00    9.75   clock reconvergence pessimism
                                  9.75 ^ _708_/CLK (sky130_fd_sc_hd__dfrtp_2)
                         -0.08    9.67   library setup time
                                  9.67   data required time
-----------------------------------------------------------------------------
                                  9.67   data required time
                                 -2.53   data arrival time
-----------------------------------------------------------------------------
                                  7.14   slack (MET)


Startpoint: _715_ (rising edge-triggered flip-flop clocked by clk)
Endpoint: product[14] (output port clocked by clk)
Path Group: clk
Path Type: max

Fanout     Cap    Slew   Delay    Time   Description
-----------------------------------------------------------------------------
                  0.15    0.00    0.00   clock clk (rise edge)
                          0.00    0.00   clock network delay (ideal)
                  0.15    0.00    0.00 ^ _715_/CLK (sky130_fd_sc_hd__dfrtp_2)
                  0.14    0.56    0.56 v _715_/Q (sky130_fd_sc_hd__dfrtp_2)
     2    0.05                           product[14] (net)
                  0.14    0.01    0.56 v product[14] (out)
                                  0.56   data arrival time

                  0.15   10.00   10.00   clock clk (rise edge)
                          0.00   10.00   clock network delay (ideal)
                         -0.25    9.75   clock uncertainty
                          0.00    9.75   clock reconvergence pessimism
                         -2.00    7.75   output external delay
                                  7.75   data required time
-----------------------------------------------------------------------------
                                  7.75   data required time
                                 -0.56   data arrival time
-----------------------------------------------------------------------------
                                  7.19   slack (MET)


Startpoint: start (input port clocked by clk)
Endpoint: _696_ (rising edge-triggered flip-flop clocked by clk)
Path Group: clk
Path Type: max

Fanout     Cap    Slew   Delay    Time   Description
-----------------------------------------------------------------------------
                  0.15    0.00    0.00   clock clk (rise edge)
                          0.00    0.00   clock network delay (ideal)
                          2.00    2.00 ^ input external delay
                  0.10    0.07    2.07 ^ start (in)
     5    0.02                           start (net)
                  0.10    0.00    2.07 ^ _554_/B (sky130_fd_sc_hd__nand2_2)
                  0.20    0.20    2.27 v _554_/Y (sky130_fd_sc_hd__nand2_2)
    10    0.05                           _300_ (net)
                  0.20    0.00    2.27 v _628_/B1 (sky130_fd_sc_hd__o211ai_2)
                  0.13    0.14    2.41 ^ _628_/Y (sky130_fd_sc_hd__o211ai_2)
     1    0.00                           _339_ (net)
                  0.13    0.00    2.41 ^ _629_/B (sky130_fd_sc_hd__nand2_2)
                  0.03    0.06    2.47 v _629_/Y (sky130_fd_sc_hd__nand2_2)
     1    0.00                           _057_ (net)
                  0.03    0.00    2.47 v _696_/D (sky130_fd_sc_hd__dfrtp_2)
                                  2.47   data arrival time

                  0.15   10.00   10.00   clock clk (rise edge)
                          0.00   10.00   clock network delay (ideal)
                         -0.25    9.75   clock uncertainty
                          0.00    9.75   clock reconvergence pessimism
                                  9.75 ^ _696_/CLK (sky130_fd_sc_hd__dfrtp_2)
                         -0.09    9.66   library setup time
                                  9.66   data required time
-----------------------------------------------------------------------------
                                  9.66   data required time
                                 -2.47   data arrival time
-----------------------------------------------------------------------------
                                  7.19   slack (MET)


Startpoint: _706_ (rising edge-triggered flip-flop clocked by clk)
Endpoint: product[5] (output port clocked by clk)
Path Group: clk
Path Type: max

Fanout     Cap    Slew   Delay    Time   Description
-----------------------------------------------------------------------------
                  0.15    0.00    0.00   clock clk (rise edge)
                          0.00    0.00   clock network delay (ideal)
                  0.15    0.00    0.00 ^ _706_/CLK (sky130_fd_sc_hd__dfrtp_2)
                  0.13    0.55    0.55 v _706_/Q (sky130_fd_sc_hd__dfrtp_2)
     2    0.04                           product[5] (net)
                  0.13    0.00    0.55 v product[5] (out)
                                  0.55   data arrival time

                  0.15   10.00   10.00   clock clk (rise edge)
                          0.00   10.00   clock network delay (ideal)
                         -0.25    9.75   clock uncertainty
                          0.00    9.75   clock reconvergence pessimism
                         -2.00    7.75   output external delay
                                  7.75   data required time
-----------------------------------------------------------------------------
                                  7.75   data required time
                                 -0.55   data arrival time
-----------------------------------------------------------------------------
                                  7.20   slack (MET)


Startpoint: start (input port clocked by clk)
Endpoint: _695_ (rising edge-triggered flip-flop clocked by clk)
Path Group: clk
Path Type: max

Fanout     Cap    Slew   Delay    Time   Description
-----------------------------------------------------------------------------
                  0.15    0.00    0.00   clock clk (rise edge)
                          0.00    0.00   clock network delay (ideal)
                          2.00    2.00 ^ input external delay
                  0.10    0.07    2.07 ^ start (in)
     5    0.02                           start (net)
                  0.10    0.00    2.07 ^ _554_/B (sky130_fd_sc_hd__nand2_2)
                  0.20    0.20    2.27 v _554_/Y (sky130_fd_sc_hd__nand2_2)
    10    0.05                           _300_ (net)
                  0.20    0.00    2.27 v _630_/C1 (sky130_fd_sc_hd__o211ai_2)
                  0.13    0.12    2.40 ^ _630_/Y (sky130_fd_sc_hd__o211ai_2)
     1    0.00                           _340_ (net)
                  0.13    0.00    2.40 ^ _631_/B1 (sky130_fd_sc_hd__o21ai_2)
                  0.04    0.07    2.46 v _631_/Y (sky130_fd_sc_hd__o21ai_2)
     1    0.00                           _056_ (net)
                  0.04    0.00    2.46 v _695_/D (sky130_fd_sc_hd__dfrtp_2)
                                  2.46   data arrival time

                  0.15   10.00   10.00   clock clk (rise edge)
                          0.00   10.00   clock network delay (ideal)
                         -0.25    9.75   clock uncertainty
                          0.00    9.75   clock reconvergence pessimism
                                  9.75 ^ _695_/CLK (sky130_fd_sc_hd__dfrtp_2)
                         -0.09    9.66   library setup time
                                  9.66   data required time
-----------------------------------------------------------------------------
                                  9.66   data required time
                                 -2.46   data arrival time
-----------------------------------------------------------------------------
                                  7.20   slack (MET)


Startpoint: _716_ (rising edge-triggered flip-flop clocked by clk)
Endpoint: product[15] (output port clocked by clk)
Path Group: clk
Path Type: max

Fanout     Cap    Slew   Delay    Time   Description
-----------------------------------------------------------------------------
                  0.15    0.00    0.00   clock clk (rise edge)
                          0.00    0.00   clock network delay (ideal)
                  0.15    0.00    0.00 ^ _716_/CLK (sky130_fd_sc_hd__dfrtp_2)
                  0.13    0.55    0.55 v _716_/Q (sky130_fd_sc_hd__dfrtp_2)
     2    0.04                           product[15] (net)
                  0.13    0.00    0.55 v product[15] (out)
                                  0.55   data arrival time

                  0.15   10.00   10.00   clock clk (rise edge)
                          0.00   10.00   clock network delay (ideal)
                         -0.25    9.75   clock uncertainty
                          0.00    9.75   clock reconvergence pessimism
                         -2.00    7.75   output external delay
                                  7.75   data required time
-----------------------------------------------------------------------------
                                  7.75   data required time
                                 -0.55   data arrival time
-----------------------------------------------------------------------------
                                  7.20   slack (MET)


Startpoint: rst (input port clocked by clk)
Endpoint: _706_ (recovery check against rising-edge clock clk)
Path Group: asynchronous
Path Type: max

Fanout     Cap    Slew   Delay    Time   Description
-----------------------------------------------------------------------------
                  0.15    0.00    0.00   clock clk (rise edge)
                          0.00    0.00   clock network delay (ideal)
                          2.00    2.00 v input external delay
                  0.01    0.01    2.01 v rst (in)
     1    0.00                           rst (net)
                  0.01    0.00    2.01 v _634_/A (sky130_fd_sc_hd__buf_1)
                  0.21    0.22    2.23 v _634_/X (sky130_fd_sc_hd__buf_1)
     9    0.04                           _341_ (net)
                  0.21    0.00    2.23 v _646_/A (sky130_fd_sc_hd__buf_1)
                  0.36    0.43    2.66 v _646_/X (sky130_fd_sc_hd__buf_1)
    10    0.06                           _343_ (net)
                  0.36    0.00    2.66 v _649_/A (sky130_fd_sc_hd__inv_2)
                  0.08    0.13    2.79 ^ _649_/Y (sky130_fd_sc_hd__inv_2)
     1    0.00                           _013_ (net)
                  0.08    0.00    2.79 ^ _706_/RESET_B (sky130_fd_sc_hd__dfrtp_2)
                                  2.79   data arrival time

                  0.15   10.00   10.00   clock clk (rise edge)
                          0.00   10.00   clock network delay (ideal)
                         -0.25    9.75   clock uncertainty
                          0.00    9.75   clock reconvergence pessimism
                                  9.75 ^ _706_/CLK (sky130_fd_sc_hd__dfrtp_2)
                          0.24    9.99   library recovery time
                                  9.99   data required time
-----------------------------------------------------------------------------
                                  9.99   data required time
                                 -2.79   data arrival time
-----------------------------------------------------------------------------
                                  7.20   slack (MET)


Startpoint: _711_ (rising edge-triggered flip-flop clocked by clk)
Endpoint: product[10] (output port clocked by clk)
Path Group: clk
Path Type: max

Fanout     Cap    Slew   Delay    Time   Description
-----------------------------------------------------------------------------
                  0.15    0.00    0.00   clock clk (rise edge)
                          0.00    0.00   clock network delay (ideal)
                  0.15    0.00    0.00 ^ _711_/CLK (sky130_fd_sc_hd__dfrtp_2)
                  0.12    0.54    0.54 v _711_/Q (sky130_fd_sc_hd__dfrtp_2)
     2    0.04                           product[10] (net)
                  0.12    0.00    0.55 v product[10] (out)
                                  0.55   data arrival time

                  0.15   10.00   10.00   clock clk (rise edge)
                          0.00   10.00   clock network delay (ideal)
                         -0.25    9.75   clock uncertainty
                          0.00    9.75   clock reconvergence pessimism
                         -2.00    7.75   output external delay
                                  7.75   data required time
-----------------------------------------------------------------------------
                                  7.75   data required time
                                 -0.55   data arrival time
-----------------------------------------------------------------------------
                                  7.20   slack (MET)


Startpoint: rst (input port clocked by clk)
Endpoint: _709_ (recovery check against rising-edge clock clk)
Path Group: asynchronous
Path Type: max

Fanout     Cap    Slew   Delay    Time   Description
-----------------------------------------------------------------------------
                  0.15    0.00    0.00   clock clk (rise edge)
                          0.00    0.00   clock network delay (ideal)
                          2.00    2.00 v input external delay
                  0.01    0.01    2.01 v rst (in)
     1    0.00                           rst (net)
                  0.01    0.00    2.01 v _634_/A (sky130_fd_sc_hd__buf_1)
                  0.21    0.22    2.23 v _634_/X (sky130_fd_sc_hd__buf_1)
     9    0.04                           _341_ (net)
                  0.21    0.00    2.23 v _646_/A (sky130_fd_sc_hd__buf_1)
                  0.36    0.43    2.66 v _646_/X (sky130_fd_sc_hd__buf_1)
    10    0.06                           _343_ (net)
                  0.36    0.00    2.66 v _652_/A (sky130_fd_sc_hd__inv_2)
                  0.08    0.13    2.79 ^ _652_/Y (sky130_fd_sc_hd__inv_2)
     1    0.00                           _016_ (net)
                  0.08    0.00    2.79 ^ _709_/RESET_B (sky130_fd_sc_hd__dfrtp_2)
                                  2.79   data arrival time

                  0.15   10.00   10.00   clock clk (rise edge)
                          0.00   10.00   clock network delay (ideal)
                         -0.25    9.75   clock uncertainty
                          0.00    9.75   clock reconvergence pessimism
                                  9.75 ^ _709_/CLK (sky130_fd_sc_hd__dfrtp_2)
                          0.24    9.99   library recovery time
                                  9.99   data required time
-----------------------------------------------------------------------------
                                  9.99   data required time
                                 -2.79   data arrival time
-----------------------------------------------------------------------------
                                  7.20   slack (MET)


Startpoint: rst (input port clocked by clk)
Endpoint: _712_ (recovery check against rising-edge clock clk)
Path Group: asynchronous
Path Type: max

Fanout     Cap    Slew   Delay    Time   Description
-----------------------------------------------------------------------------
                  0.15    0.00    0.00   clock clk (rise edge)
                          0.00    0.00   clock network delay (ideal)
                          2.00    2.00 v input external delay
                  0.01    0.01    2.01 v rst (in)
     1    0.00                           rst (net)
                  0.01    0.00    2.01 v _634_/A (sky130_fd_sc_hd__buf_1)
                  0.21    0.22    2.23 v _634_/X (sky130_fd_sc_hd__buf_1)
     9    0.04                           _341_ (net)
                  0.21    0.00    2.23 v _646_/A (sky130_fd_sc_hd__buf_1)
                  0.36    0.43    2.66 v _646_/X (sky130_fd_sc_hd__buf_1)
    10    0.06                           _343_ (net)
                  0.36    0.00    2.66 v _655_/A (sky130_fd_sc_hd__inv_2)
                  0.08    0.13    2.79 ^ _655_/Y (sky130_fd_sc_hd__inv_2)
     1    0.00                           _019_ (net)
                  0.08    0.00    2.79 ^ _712_/RESET_B (sky130_fd_sc_hd__dfrtp_2)
                                  2.79   data arrival time

                  0.15   10.00   10.00   clock clk (rise edge)
                          0.00   10.00   clock network delay (ideal)
                         -0.25    9.75   clock uncertainty
                          0.00    9.75   clock reconvergence pessimism
                                  9.75 ^ _712_/CLK (sky130_fd_sc_hd__dfrtp_2)
                          0.24    9.99   library recovery time
                                  9.99   data required time
-----------------------------------------------------------------------------
                                  9.99   data required time
                                 -2.79   data arrival time
-----------------------------------------------------------------------------
                                  7.21   slack (MET)


Startpoint: rst (input port clocked by clk)
Endpoint: _704_ (recovery check against rising-edge clock clk)
Path Group: asynchronous
Path Type: max

Fanout     Cap    Slew   Delay    Time   Description
-----------------------------------------------------------------------------
                  0.15    0.00    0.00   clock clk (rise edge)
                          0.00    0.00   clock network delay (ideal)
                          2.00    2.00 v input external delay
                  0.01    0.01    2.01 v rst (in)
     1    0.00                           rst (net)
                  0.01    0.00    2.01 v _634_/A (sky130_fd_sc_hd__buf_1)
                  0.21    0.22    2.23 v _634_/X (sky130_fd_sc_hd__buf_1)
     9    0.04                           _341_ (net)
                  0.21    0.00    2.23 v _646_/A (sky130_fd_sc_hd__buf_1)
                  0.36    0.43    2.66 v _646_/X (sky130_fd_sc_hd__buf_1)
    10    0.06                           _343_ (net)
                  0.36    0.00    2.66 v _647_/A (sky130_fd_sc_hd__inv_2)
                  0.08    0.13    2.79 ^ _647_/Y (sky130_fd_sc_hd__inv_2)
     1    0.00                           _011_ (net)
                  0.08    0.00    2.79 ^ _704_/RESET_B (sky130_fd_sc_hd__dfrtp_2)
                                  2.79   data arrival time

                  0.15   10.00   10.00   clock clk (rise edge)
                          0.00   10.00   clock network delay (ideal)
                         -0.25    9.75   clock uncertainty
                          0.00    9.75   clock reconvergence pessimism
                                  9.75 ^ _704_/CLK (sky130_fd_sc_hd__dfrtp_2)
                          0.24    9.99   library recovery time
                                  9.99   data required time
-----------------------------------------------------------------------------
                                  9.99   data required time
                                 -2.79   data arrival time
-----------------------------------------------------------------------------
                                  7.21   slack (MET)


Startpoint: rst (input port clocked by clk)
Endpoint: _710_ (recovery check against rising-edge clock clk)
Path Group: asynchronous
Path Type: max

Fanout     Cap    Slew   Delay    Time   Description
-----------------------------------------------------------------------------
                  0.15    0.00    0.00   clock clk (rise edge)
                          0.00    0.00   clock network delay (ideal)
                          2.00    2.00 v input external delay
                  0.01    0.01    2.01 v rst (in)
     1    0.00                           rst (net)
                  0.01    0.00    2.01 v _634_/A (sky130_fd_sc_hd__buf_1)
                  0.21    0.22    2.23 v _634_/X (sky130_fd_sc_hd__buf_1)
     9    0.04                           _341_ (net)
                  0.21    0.00    2.23 v _646_/A (sky130_fd_sc_hd__buf_1)
                  0.36    0.43    2.66 v _646_/X (sky130_fd_sc_hd__buf_1)
    10    0.06                           _343_ (net)
                  0.36    0.00    2.66 v _653_/A (sky130_fd_sc_hd__inv_2)
                  0.08    0.13    2.78 ^ _653_/Y (sky130_fd_sc_hd__inv_2)
     1    0.00                           _017_ (net)
                  0.08    0.00    2.78 ^ _710_/RESET_B (sky130_fd_sc_hd__dfrtp_2)
                                  2.78   data arrival time

                  0.15   10.00   10.00   clock clk (rise edge)
                          0.00   10.00   clock network delay (ideal)
                         -0.25    9.75   clock uncertainty
                          0.00    9.75   clock reconvergence pessimism
                                  9.75 ^ _710_/CLK (sky130_fd_sc_hd__dfrtp_2)
                          0.24    9.99   library recovery time
                                  9.99   data required time
-----------------------------------------------------------------------------
                                  9.99   data required time
                                 -2.78   data arrival time
-----------------------------------------------------------------------------
                                  7.21   slack (MET)


Startpoint: rst (input port clocked by clk)
Endpoint: _713_ (recovery check against rising-edge clock clk)
Path Group: asynchronous
Path Type: max

Fanout     Cap    Slew   Delay    Time   Description
-----------------------------------------------------------------------------
                  0.15    0.00    0.00   clock clk (rise edge)
                          0.00    0.00   clock network delay (ideal)
                          2.00    2.00 v input external delay
                  0.01    0.01    2.01 v rst (in)
     1    0.00                           rst (net)
                  0.01    0.00    2.01 v _634_/A (sky130_fd_sc_hd__buf_1)
                  0.21    0.22    2.23 v _634_/X (sky130_fd_sc_hd__buf_1)
     9    0.04                           _341_ (net)
                  0.21    0.00    2.23 v _646_/A (sky130_fd_sc_hd__buf_1)
                  0.36    0.43    2.66 v _646_/X (sky130_fd_sc_hd__buf_1)
    10    0.06                           _343_ (net)
                  0.36    0.00    2.66 v _656_/A (sky130_fd_sc_hd__inv_2)
                  0.08    0.13    2.78 ^ _656_/Y (sky130_fd_sc_hd__inv_2)
     1    0.00                           _020_ (net)
                  0.08    0.00    2.78 ^ _713_/RESET_B (sky130_fd_sc_hd__dfrtp_2)
                                  2.78   data arrival time

                  0.15   10.00   10.00   clock clk (rise edge)
                          0.00   10.00   clock network delay (ideal)
                         -0.25    9.75   clock uncertainty
                          0.00    9.75   clock reconvergence pessimism
                                  9.75 ^ _713_/CLK (sky130_fd_sc_hd__dfrtp_2)
                          0.24    9.99   library recovery time
                                  9.99   data required time
-----------------------------------------------------------------------------
                                  9.99   data required time
                                 -2.78   data arrival time
-----------------------------------------------------------------------------
                                  7.21   slack (MET)


Startpoint: _713_ (rising edge-triggered flip-flop clocked by clk)
Endpoint: product[12] (output port clocked by clk)
Path Group: clk
Path Type: max

Fanout     Cap    Slew   Delay    Time   Description
-----------------------------------------------------------------------------
                  0.15    0.00    0.00   clock clk (rise edge)
                          0.00    0.00   clock network delay (ideal)
                  0.15    0.00    0.00 ^ _713_/CLK (sky130_fd_sc_hd__dfrtp_2)
                  0.12    0.54    0.54 v _713_/Q (sky130_fd_sc_hd__dfrtp_2)
     2    0.04                           product[12] (net)
                  0.12    0.00    0.54 v product[12] (out)
                                  0.54   data arrival time

                  0.15   10.00   10.00   clock clk (rise edge)
                          0.00   10.00   clock network delay (ideal)
                         -0.25    9.75   clock uncertainty
                          0.00    9.75   clock reconvergence pessimism
                         -2.00    7.75   output external delay
                                  7.75   data required time
-----------------------------------------------------------------------------
                                  7.75   data required time
                                 -0.54   data arrival time
-----------------------------------------------------------------------------
                                  7.21   slack (MET)


Startpoint: rst (input port clocked by clk)
Endpoint: _707_ (recovery check against rising-edge clock clk)
Path Group: asynchronous
Path Type: max

Fanout     Cap    Slew   Delay    Time   Description
-----------------------------------------------------------------------------
                  0.15    0.00    0.00   clock clk (rise edge)
                          0.00    0.00   clock network delay (ideal)
                          2.00    2.00 v input external delay
                  0.01    0.01    2.01 v rst (in)
     1    0.00                           rst (net)
                  0.01    0.00    2.01 v _634_/A (sky130_fd_sc_hd__buf_1)
                  0.21    0.22    2.23 v _634_/X (sky130_fd_sc_hd__buf_1)
     9    0.04                           _341_ (net)
                  0.21    0.00    2.23 v _646_/A (sky130_fd_sc_hd__buf_1)
                  0.36    0.43    2.66 v _646_/X (sky130_fd_sc_hd__buf_1)
    10    0.06                           _343_ (net)
                  0.36    0.00    2.66 v _650_/A (sky130_fd_sc_hd__inv_2)
                  0.08    0.13    2.78 ^ _650_/Y (sky130_fd_sc_hd__inv_2)
     1    0.00                           _014_ (net)
                  0.08    0.00    2.78 ^ _707_/RESET_B (sky130_fd_sc_hd__dfrtp_2)
                                  2.78   data arrival time

                  0.15   10.00   10.00   clock clk (rise edge)
                          0.00   10.00   clock network delay (ideal)
                         -0.25    9.75   clock uncertainty
                          0.00    9.75   clock reconvergence pessimism
                                  9.75 ^ _707_/CLK (sky130_fd_sc_hd__dfrtp_2)
                          0.24    9.99   library recovery time
                                  9.99   data required time
-----------------------------------------------------------------------------
                                  9.99   data required time
                                 -2.78   data arrival time
-----------------------------------------------------------------------------
                                  7.21   slack (MET)


Startpoint: rst (input port clocked by clk)
Endpoint: _711_ (recovery check against rising-edge clock clk)
Path Group: asynchronous
Path Type: max

Fanout     Cap    Slew   Delay    Time   Description
-----------------------------------------------------------------------------
                  0.15    0.00    0.00   clock clk (rise edge)
                          0.00    0.00   clock network delay (ideal)
                          2.00    2.00 v input external delay
                  0.01    0.01    2.01 v rst (in)
     1    0.00                           rst (net)
                  0.01    0.00    2.01 v _634_/A (sky130_fd_sc_hd__buf_1)
                  0.21    0.22    2.23 v _634_/X (sky130_fd_sc_hd__buf_1)
     9    0.04                           _341_ (net)
                  0.21    0.00    2.23 v _646_/A (sky130_fd_sc_hd__buf_1)
                  0.36    0.43    2.66 v _646_/X (sky130_fd_sc_hd__buf_1)
    10    0.06                           _343_ (net)
                  0.36    0.00    2.66 v _654_/A (sky130_fd_sc_hd__inv_2)
                  0.08    0.13    2.78 ^ _654_/Y (sky130_fd_sc_hd__inv_2)
     1    0.00                           _018_ (net)
                  0.08    0.00    2.78 ^ _711_/RESET_B (sky130_fd_sc_hd__dfrtp_2)
                                  2.78   data arrival time

                  0.15   10.00   10.00   clock clk (rise edge)
                          0.00   10.00   clock network delay (ideal)
                         -0.25    9.75   clock uncertainty
                          0.00    9.75   clock reconvergence pessimism
                                  9.75 ^ _711_/CLK (sky130_fd_sc_hd__dfrtp_2)
                          0.24    9.99   library recovery time
                                  9.99   data required time
-----------------------------------------------------------------------------
                                  9.99   data required time
                                 -2.78   data arrival time
-----------------------------------------------------------------------------
                                  7.21   slack (MET)


Startpoint: _714_ (rising edge-triggered flip-flop clocked by clk)
Endpoint: product[13] (output port clocked by clk)
Path Group: clk
Path Type: max

Fanout     Cap    Slew   Delay    Time   Description
-----------------------------------------------------------------------------
                  0.15    0.00    0.00   clock clk (rise edge)
                          0.00    0.00   clock network delay (ideal)
                  0.15    0.00    0.00 ^ _714_/CLK (sky130_fd_sc_hd__dfrtp_2)
                  0.12    0.54    0.54 v _714_/Q (sky130_fd_sc_hd__dfrtp_2)
     2    0.04                           product[13] (net)
                  0.12    0.00    0.54 v product[13] (out)
                                  0.54   data arrival time

                  0.15   10.00   10.00   clock clk (rise edge)
                          0.00   10.00   clock network delay (ideal)
                         -0.25    9.75   clock uncertainty
                          0.00    9.75   clock reconvergence pessimism
                         -2.00    7.75   output external delay
                                  7.75   data required time
-----------------------------------------------------------------------------
                                  7.75   data required time
                                 -0.54   data arrival time
-----------------------------------------------------------------------------
                                  7.21   slack (MET)


Startpoint: rst (input port clocked by clk)
Endpoint: _708_ (recovery check against rising-edge clock clk)
Path Group: asynchronous
Path Type: max

Fanout     Cap    Slew   Delay    Time   Description
-----------------------------------------------------------------------------
                  0.15    0.00    0.00   clock clk (rise edge)
                          0.00    0.00   clock network delay (ideal)
                          2.00    2.00 v input external delay
                  0.01    0.01    2.01 v rst (in)
     1    0.00                           rst (net)
                  0.01    0.00    2.01 v _634_/A (sky130_fd_sc_hd__buf_1)
                  0.21    0.22    2.23 v _634_/X (sky130_fd_sc_hd__buf_1)
     9    0.04                           _341_ (net)
                  0.21    0.00    2.23 v _646_/A (sky130_fd_sc_hd__buf_1)
                  0.36    0.43    2.66 v _646_/X (sky130_fd_sc_hd__buf_1)
    10    0.06                           _343_ (net)
                  0.36    0.00    2.66 v _651_/A (sky130_fd_sc_hd__inv_2)
                  0.08    0.13    2.78 ^ _651_/Y (sky130_fd_sc_hd__inv_2)
     1    0.00                           _015_ (net)
                  0.08    0.00    2.78 ^ _708_/RESET_B (sky130_fd_sc_hd__dfrtp_2)
                                  2.78   data arrival time

                  0.15   10.00   10.00   clock clk (rise edge)
                          0.00   10.00   clock network delay (ideal)
                         -0.25    9.75   clock uncertainty
                          0.00    9.75   clock reconvergence pessimism
                                  9.75 ^ _708_/CLK (sky130_fd_sc_hd__dfrtp_2)
                          0.24    9.99   library recovery time
                                  9.99   data required time
-----------------------------------------------------------------------------
                                  9.99   data required time
                                 -2.78   data arrival time
-----------------------------------------------------------------------------
                                  7.21   slack (MET)


Startpoint: rst (input port clocked by clk)
Endpoint: _705_ (recovery check against rising-edge clock clk)
Path Group: asynchronous
Path Type: max

Fanout     Cap    Slew   Delay    Time   Description
-----------------------------------------------------------------------------
                  0.15    0.00    0.00   clock clk (rise edge)
                          0.00    0.00   clock network delay (ideal)
                          2.00    2.00 v input external delay
                  0.01    0.01    2.01 v rst (in)
     1    0.00                           rst (net)
                  0.01    0.00    2.01 v _634_/A (sky130_fd_sc_hd__buf_1)
                  0.21    0.22    2.23 v _634_/X (sky130_fd_sc_hd__buf_1)
     9    0.04                           _341_ (net)
                  0.21    0.00    2.23 v _646_/A (sky130_fd_sc_hd__buf_1)
                  0.36    0.43    2.66 v _646_/X (sky130_fd_sc_hd__buf_1)
    10    0.06                           _343_ (net)
                  0.36    0.00    2.66 v _648_/A (sky130_fd_sc_hd__inv_2)
                  0.08    0.13    2.78 ^ _648_/Y (sky130_fd_sc_hd__inv_2)
     1    0.00                           _012_ (net)
                  0.08    0.00    2.78 ^ _705_/RESET_B (sky130_fd_sc_hd__dfrtp_2)
                                  2.78   data arrival time

                  0.15   10.00   10.00   clock clk (rise edge)
                          0.00   10.00   clock network delay (ideal)
                         -0.25    9.75   clock uncertainty
                          0.00    9.75   clock reconvergence pessimism
                                  9.75 ^ _705_/CLK (sky130_fd_sc_hd__dfrtp_2)
                          0.24    9.99   library recovery time
                                  9.99   data required time
-----------------------------------------------------------------------------
                                  9.99   data required time
                                 -2.78   data arrival time
-----------------------------------------------------------------------------
                                  7.21   slack (MET)


Startpoint: _703_ (rising edge-triggered flip-flop clocked by clk)
Endpoint: product[2] (output port clocked by clk)
Path Group: clk
Path Type: max

Fanout     Cap    Slew   Delay    Time   Description
-----------------------------------------------------------------------------
                  0.15    0.00    0.00   clock clk (rise edge)
                          0.00    0.00   clock network delay (ideal)
                  0.15    0.00    0.00 ^ _703_/CLK (sky130_fd_sc_hd__dfrtp_2)
                  0.11    0.54    0.54 v _703_/Q (sky130_fd_sc_hd__dfrtp_2)
     2    0.04                           product[2] (net)
                  0.11    0.00    0.54 v product[2] (out)
                                  0.54   data arrival time

                  0.15   10.00   10.00   clock clk (rise edge)
                          0.00   10.00   clock network delay (ideal)
                         -0.25    9.75   clock uncertainty
                          0.00    9.75   clock reconvergence pessimism
                         -2.00    7.75   output external delay
                                  7.75   data required time
-----------------------------------------------------------------------------
                                  7.75   data required time
                                 -0.54   data arrival time
-----------------------------------------------------------------------------
                                  7.21   slack (MET)


Startpoint: _700_ (rising edge-triggered flip-flop clocked by clk)
Endpoint: done (output port clocked by clk)
Path Group: clk
Path Type: max

Fanout     Cap    Slew   Delay    Time   Description
-----------------------------------------------------------------------------
                  0.15    0.00    0.00   clock clk (rise edge)
                          0.00    0.00   clock network delay (ideal)
                  0.15    0.00    0.00 ^ _700_/CLK (sky130_fd_sc_hd__dfrtp_2)
                  0.12    0.54    0.54 v _700_/Q (sky130_fd_sc_hd__dfrtp_2)
     2    0.04                           done (net)
                  0.12    0.00    0.54 v done (out)
                                  0.54   data arrival time

                  0.15   10.00   10.00   clock clk (rise edge)
                          0.00   10.00   clock network delay (ideal)
                         -0.25    9.75   clock uncertainty
                          0.00    9.75   clock reconvergence pessimism
                         -2.00    7.75   output external delay
                                  7.75   data required time
-----------------------------------------------------------------------------
                                  7.75   data required time
                                 -0.54   data arrival time
-----------------------------------------------------------------------------
                                  7.21   slack (MET)


Startpoint: _702_ (rising edge-triggered flip-flop clocked by clk)
Endpoint: product[1] (output port clocked by clk)
Path Group: clk
Path Type: max

Fanout     Cap    Slew   Delay    Time   Description
-----------------------------------------------------------------------------
                  0.15    0.00    0.00   clock clk (rise edge)
                          0.00    0.00   clock network delay (ideal)
                  0.15    0.00    0.00 ^ _702_/CLK (sky130_fd_sc_hd__dfrtp_2)
                  0.12    0.54    0.54 v _702_/Q (sky130_fd_sc_hd__dfrtp_2)
     2    0.04                           product[1] (net)
                  0.12    0.00    0.54 v product[1] (out)
                                  0.54   data arrival time

                  0.15   10.00   10.00   clock clk (rise edge)
                          0.00   10.00   clock network delay (ideal)
                         -0.25    9.75   clock uncertainty
                          0.00    9.75   clock reconvergence pessimism
                         -2.00    7.75   output external delay
                                  7.75   data required time
-----------------------------------------------------------------------------
                                  7.75   data required time
                                 -0.54   data arrival time
-----------------------------------------------------------------------------
                                  7.21   slack (MET)


Startpoint: _709_ (rising edge-triggered flip-flop clocked by clk)
Endpoint: product[8] (output port clocked by clk)
Path Group: clk
Path Type: max

Fanout     Cap    Slew   Delay    Time   Description
-----------------------------------------------------------------------------
                  0.15    0.00    0.00   clock clk (rise edge)
                          0.00    0.00   clock network delay (ideal)
                  0.15    0.00    0.00 ^ _709_/CLK (sky130_fd_sc_hd__dfrtp_2)
                  0.12    0.54    0.54 v _709_/Q (sky130_fd_sc_hd__dfrtp_2)
     2    0.04                           product[8] (net)
                  0.12    0.00    0.54 v product[8] (out)
                                  0.54   data arrival time

                  0.15   10.00   10.00   clock clk (rise edge)
                          0.00   10.00   clock network delay (ideal)
                         -0.25    9.75   clock uncertainty
                          0.00    9.75   clock reconvergence pessimism
                         -2.00    7.75   output external delay
                                  7.75   data required time
-----------------------------------------------------------------------------
                                  7.75   data required time
                                 -0.54   data arrival time
-----------------------------------------------------------------------------
                                  7.21   slack (MET)


Startpoint: _712_ (rising edge-triggered flip-flop clocked by clk)
Endpoint: product[11] (output port clocked by clk)
Path Group: clk
Path Type: max

Fanout     Cap    Slew   Delay    Time   Description
-----------------------------------------------------------------------------
                  0.15    0.00    0.00   clock clk (rise edge)
                          0.00    0.00   clock network delay (ideal)
                  0.15    0.00    0.00 ^ _712_/CLK (sky130_fd_sc_hd__dfrtp_2)
                  0.12    0.54    0.54 v _712_/Q (sky130_fd_sc_hd__dfrtp_2)
     2    0.04                           product[11] (net)
                  0.12    0.00    0.54 v product[11] (out)
                                  0.54   data arrival time

                  0.15   10.00   10.00   clock clk (rise edge)
                          0.00   10.00   clock network delay (ideal)
                         -0.25    9.75   clock uncertainty
                          0.00    9.75   clock reconvergence pessimism
                         -2.00    7.75   output external delay
                                  7.75   data required time
-----------------------------------------------------------------------------
                                  7.75   data required time
                                 -0.54   data arrival time
-----------------------------------------------------------------------------
                                  7.21   slack (MET)


Startpoint: _708_ (rising edge-triggered flip-flop clocked by clk)
Endpoint: product[7] (output port clocked by clk)
Path Group: clk
Path Type: max

Fanout     Cap    Slew   Delay    Time   Description
-----------------------------------------------------------------------------
                  0.15    0.00    0.00   clock clk (rise edge)
                          0.00    0.00   clock network delay (ideal)
                  0.15    0.00    0.00 ^ _708_/CLK (sky130_fd_sc_hd__dfrtp_2)
                  0.12    0.54    0.54 v _708_/Q (sky130_fd_sc_hd__dfrtp_2)
     2    0.04                           product[7] (net)
                  0.12    0.00    0.54 v product[7] (out)
                                  0.54   data arrival time

                  0.15   10.00   10.00   clock clk (rise edge)
                          0.00   10.00   clock network delay (ideal)
                         -0.25    9.75   clock uncertainty
                          0.00    9.75   clock reconvergence pessimism
                         -2.00    7.75   output external delay
                                  7.75   data required time
-----------------------------------------------------------------------------
                                  7.75   data required time
                                 -0.54   data arrival time
-----------------------------------------------------------------------------
                                  7.21   slack (MET)


Startpoint: _705_ (rising edge-triggered flip-flop clocked by clk)
Endpoint: product[4] (output port clocked by clk)
Path Group: clk
Path Type: max

Fanout     Cap    Slew   Delay    Time   Description
-----------------------------------------------------------------------------
                  0.15    0.00    0.00   clock clk (rise edge)
                          0.00    0.00   clock network delay (ideal)
                  0.15    0.00    0.00 ^ _705_/CLK (sky130_fd_sc_hd__dfrtp_2)
                  0.12    0.54    0.54 v _705_/Q (sky130_fd_sc_hd__dfrtp_2)
     2    0.04                           product[4] (net)
                  0.12    0.00    0.54 v product[4] (out)
                                  0.54   data arrival time

                  0.15   10.00   10.00   clock clk (rise edge)
                          0.00   10.00   clock network delay (ideal)
                         -0.25    9.75   clock uncertainty
                          0.00    9.75   clock reconvergence pessimism
                         -2.00    7.75   output external delay
                                  7.75   data required time
-----------------------------------------------------------------------------
                                  7.75   data required time
                                 -0.54   data arrival time
-----------------------------------------------------------------------------
                                  7.21   slack (MET)


Startpoint: _704_ (rising edge-triggered flip-flop clocked by clk)
Endpoint: product[3] (output port clocked by clk)
Path Group: clk
Path Type: max

Fanout     Cap    Slew   Delay    Time   Description
-----------------------------------------------------------------------------
                  0.15    0.00    0.00   clock clk (rise edge)
                          0.00    0.00   clock network delay (ideal)
                  0.15    0.00    0.00 ^ _704_/CLK (sky130_fd_sc_hd__dfrtp_2)
                  0.12    0.54    0.54 v _704_/Q (sky130_fd_sc_hd__dfrtp_2)
     2    0.04                           product[3] (net)
                  0.12    0.00    0.54 v product[3] (out)
                                  0.54   data arrival time

                  0.15   10.00   10.00   clock clk (rise edge)
                          0.00   10.00   clock network delay (ideal)
                         -0.25    9.75   clock uncertainty
                          0.00    9.75   clock reconvergence pessimism
                         -2.00    7.75   output external delay
                                  7.75   data required time
-----------------------------------------------------------------------------
                                  7.75   data required time
                                 -0.54   data arrival time
-----------------------------------------------------------------------------
                                  7.21   slack (MET)


Startpoint: _710_ (rising edge-triggered flip-flop clocked by clk)
Endpoint: product[9] (output port clocked by clk)
Path Group: clk
Path Type: max

Fanout     Cap    Slew   Delay    Time   Description
-----------------------------------------------------------------------------
                  0.15    0.00    0.00   clock clk (rise edge)
                          0.00    0.00   clock network delay (ideal)
                  0.15    0.00    0.00 ^ _710_/CLK (sky130_fd_sc_hd__dfrtp_2)
                  0.12    0.54    0.54 v _710_/Q (sky130_fd_sc_hd__dfrtp_2)
     2    0.04                           product[9] (net)
                  0.12    0.00    0.54 v product[9] (out)
                                  0.54   data arrival time

                  0.15   10.00   10.00   clock clk (rise edge)
                          0.00   10.00   clock network delay (ideal)
                         -0.25    9.75   clock uncertainty
                          0.00    9.75   clock reconvergence pessimism
                         -2.00    7.75   output external delay
                                  7.75   data required time
-----------------------------------------------------------------------------
                                  7.75   data required time
                                 -0.54   data arrival time
-----------------------------------------------------------------------------
                                  7.21   slack (MET)


Startpoint: _707_ (rising edge-triggered flip-flop clocked by clk)
Endpoint: product[6] (output port clocked by clk)
Path Group: clk
Path Type: max

Fanout     Cap    Slew   Delay    Time   Description
-----------------------------------------------------------------------------
                  0.15    0.00    0.00   clock clk (rise edge)
                          0.00    0.00   clock network delay (ideal)
                  0.15    0.00    0.00 ^ _707_/CLK (sky130_fd_sc_hd__dfrtp_2)
                  0.12    0.54    0.54 v _707_/Q (sky130_fd_sc_hd__dfrtp_2)
     2    0.04                           product[6] (net)
                  0.12    0.00    0.54 v product[6] (out)
                                  0.54   data arrival time

                  0.15   10.00   10.00   clock clk (rise edge)
                          0.00   10.00   clock network delay (ideal)
                         -0.25    9.75   clock uncertainty
                          0.00    9.75   clock reconvergence pessimism
                         -2.00    7.75   output external delay
                                  7.75   data required time
-----------------------------------------------------------------------------
                                  7.75   data required time
                                 -0.54   data arrival time
-----------------------------------------------------------------------------
                                  7.21   slack (MET)


Startpoint: _701_ (rising edge-triggered flip-flop clocked by clk)
Endpoint: product[0] (output port clocked by clk)
Path Group: clk
Path Type: max

Fanout     Cap    Slew   Delay    Time   Description
-----------------------------------------------------------------------------
                  0.15    0.00    0.00   clock clk (rise edge)
                          0.00    0.00   clock network delay (ideal)
                  0.15    0.00    0.00 ^ _701_/CLK (sky130_fd_sc_hd__dfrtp_2)
                  0.12    0.54    0.54 v _701_/Q (sky130_fd_sc_hd__dfrtp_2)
     2    0.04                           product[0] (net)
                  0.12    0.00    0.54 v product[0] (out)
                                  0.54   data arrival time

                  0.15   10.00   10.00   clock clk (rise edge)
                          0.00   10.00   clock network delay (ideal)
                         -0.25    9.75   clock uncertainty
                          0.00    9.75   clock reconvergence pessimism
                         -2.00    7.75   output external delay
                                  7.75   data required time
-----------------------------------------------------------------------------
                                  7.75   data required time
                                 -0.54   data arrival time
-----------------------------------------------------------------------------
                                  7.21   slack (MET)


Startpoint: rst (input port clocked by clk)
Endpoint: _732_ (recovery check against rising-edge clock clk)
Path Group: asynchronous
Path Type: max

Fanout     Cap    Slew   Delay    Time   Description
-----------------------------------------------------------------------------
                  0.15    0.00    0.00   clock clk (rise edge)
                          0.00    0.00   clock network delay (ideal)
                          2.00    2.00 v input external delay
                  0.01    0.01    2.01 v rst (in)
     1    0.00                           rst (net)
                  0.01    0.00    2.01 v _634_/A (sky130_fd_sc_hd__buf_1)
                  0.21    0.22    2.23 v _634_/X (sky130_fd_sc_hd__buf_1)
     9    0.04                           _341_ (net)
                  0.21    0.00    2.23 v _668_/A (sky130_fd_sc_hd__buf_1)
                  0.36    0.42    2.65 v _668_/X (sky130_fd_sc_hd__buf_1)
    10    0.06                           _345_ (net)
                  0.36    0.00    2.65 v _677_/A (sky130_fd_sc_hd__inv_2)
                  0.08    0.13    2.78 ^ _677_/Y (sky130_fd_sc_hd__inv_2)
     1    0.00                           _039_ (net)
                  0.08    0.00    2.78 ^ _732_/RESET_B (sky130_fd_sc_hd__dfrtp_2)
                                  2.78   data arrival time

                  0.15   10.00   10.00   clock clk (rise edge)
                          0.00   10.00   clock network delay (ideal)
                         -0.25    9.75   clock uncertainty
                          0.00    9.75   clock reconvergence pessimism
                                  9.75 ^ _732_/CLK (sky130_fd_sc_hd__dfrtp_2)
                          0.24    9.99   library recovery time
                                  9.99   data required time
-----------------------------------------------------------------------------
                                  9.99   data required time
                                 -2.78   data arrival time
-----------------------------------------------------------------------------
                                  7.21   slack (MET)


Startpoint: rst (input port clocked by clk)
Endpoint: _731_ (recovery check against rising-edge clock clk)
Path Group: asynchronous
Path Type: max

Fanout     Cap    Slew   Delay    Time   Description
-----------------------------------------------------------------------------
                  0.15    0.00    0.00   clock clk (rise edge)
                          0.00    0.00   clock network delay (ideal)
                          2.00    2.00 v input external delay
                  0.01    0.01    2.01 v rst (in)
     1    0.00                           rst (net)
                  0.01    0.00    2.01 v _634_/A (sky130_fd_sc_hd__buf_1)
                  0.21    0.22    2.23 v _634_/X (sky130_fd_sc_hd__buf_1)
     9    0.04                           _341_ (net)
                  0.21    0.00    2.23 v _668_/A (sky130_fd_sc_hd__buf_1)
                  0.36    0.42    2.65 v _668_/X (sky130_fd_sc_hd__buf_1)
    10    0.06                           _345_ (net)
                  0.36    0.00    2.65 v _676_/A (sky130_fd_sc_hd__inv_2)
                  0.08    0.13    2.78 ^ _676_/Y (sky130_fd_sc_hd__inv_2)
     1    0.00                           _038_ (net)
                  0.08    0.00    2.78 ^ _731_/RESET_B (sky130_fd_sc_hd__dfrtp_2)
                                  2.78   data arrival time

                  0.15   10.00   10.00   clock clk (rise edge)
                          0.00   10.00   clock network delay (ideal)
                         -0.25    9.75   clock uncertainty
                          0.00    9.75   clock reconvergence pessimism
                                  9.75 ^ _731_/CLK (sky130_fd_sc_hd__dfrtp_2)
                          0.24    9.99   library recovery time
                                  9.99   data required time
-----------------------------------------------------------------------------
                                  9.99   data required time
                                 -2.78   data arrival time
-----------------------------------------------------------------------------
                                  7.21   slack (MET)


Startpoint: rst (input port clocked by clk)
Endpoint: _733_ (recovery check against rising-edge clock clk)
Path Group: asynchronous
Path Type: max

Fanout     Cap    Slew   Delay    Time   Description
-----------------------------------------------------------------------------
                  0.15    0.00    0.00   clock clk (rise edge)
                          0.00    0.00   clock network delay (ideal)
                          2.00    2.00 v input external delay
                  0.01    0.01    2.01 v rst (in)
     1    0.00                           rst (net)
                  0.01    0.00    2.01 v _634_/A (sky130_fd_sc_hd__buf_1)
                  0.21    0.22    2.23 v _634_/X (sky130_fd_sc_hd__buf_1)
     9    0.04                           _341_ (net)
                  0.21    0.00    2.23 v _668_/A (sky130_fd_sc_hd__buf_1)
                  0.36    0.42    2.65 v _668_/X (sky130_fd_sc_hd__buf_1)
    10    0.06                           _345_ (net)
                  0.36    0.00    2.65 v _678_/A (sky130_fd_sc_hd__inv_2)
                  0.08    0.13    2.78 ^ _678_/Y (sky130_fd_sc_hd__inv_2)
     1    0.00                           _040_ (net)
                  0.08    0.00    2.78 ^ _733_/RESET_B (sky130_fd_sc_hd__dfrtp_2)
                                  2.78   data arrival time

                  0.15   10.00   10.00   clock clk (rise edge)
                          0.00   10.00   clock network delay (ideal)
                         -0.25    9.75   clock uncertainty
                          0.00    9.75   clock reconvergence pessimism
                                  9.75 ^ _733_/CLK (sky130_fd_sc_hd__dfrtp_2)
                          0.24    9.99   library recovery time
                                  9.99   data required time
-----------------------------------------------------------------------------
                                  9.99   data required time
                                 -2.78   data arrival time
-----------------------------------------------------------------------------
                                  7.21   slack (MET)


Startpoint: rst (input port clocked by clk)
Endpoint: _727_ (recovery check against rising-edge clock clk)
Path Group: asynchronous
Path Type: max

Fanout     Cap    Slew   Delay    Time   Description
-----------------------------------------------------------------------------
                  0.15    0.00    0.00   clock clk (rise edge)
                          0.00    0.00   clock network delay (ideal)
                          2.00    2.00 v input external delay
                  0.01    0.01    2.01 v rst (in)
     1    0.00                           rst (net)
                  0.01    0.00    2.01 v _634_/A (sky130_fd_sc_hd__buf_1)
                  0.21    0.22    2.23 v _634_/X (sky130_fd_sc_hd__buf_1)
     9    0.04                           _341_ (net)
                  0.21    0.00    2.23 v _668_/A (sky130_fd_sc_hd__buf_1)
                  0.36    0.42    2.65 v _668_/X (sky130_fd_sc_hd__buf_1)
    10    0.06                           _345_ (net)
                  0.36    0.00    2.65 v _672_/A (sky130_fd_sc_hd__inv_2)
                  0.08    0.13    2.78 ^ _672_/Y (sky130_fd_sc_hd__inv_2)
     1    0.00                           _034_ (net)
                  0.08    0.00    2.78 ^ _727_/RESET_B (sky130_fd_sc_hd__dfrtp_2)
                                  2.78   data arrival time

                  0.15   10.00   10.00   clock clk (rise edge)
                          0.00   10.00   clock network delay (ideal)
                         -0.25    9.75   clock uncertainty
                          0.00    9.75   clock reconvergence pessimism
                                  9.75 ^ _727_/CLK (sky130_fd_sc_hd__dfrtp_2)
                          0.24    9.99   library recovery time
                                  9.99   data required time
-----------------------------------------------------------------------------
                                  9.99   data required time
                                 -2.78   data arrival time
-----------------------------------------------------------------------------
                                  7.21   slack (MET)


Startpoint: rst (input port clocked by clk)
Endpoint: _726_ (recovery check against rising-edge clock clk)
Path Group: asynchronous
Path Type: max

Fanout     Cap    Slew   Delay    Time   Description
-----------------------------------------------------------------------------
                  0.15    0.00    0.00   clock clk (rise edge)
                          0.00    0.00   clock network delay (ideal)
                          2.00    2.00 v input external delay
                  0.01    0.01    2.01 v rst (in)
     1    0.00                           rst (net)
                  0.01    0.00    2.01 v _634_/A (sky130_fd_sc_hd__buf_1)
                  0.21    0.22    2.23 v _634_/X (sky130_fd_sc_hd__buf_1)
     9    0.04                           _341_ (net)
                  0.21    0.00    2.23 v _668_/A (sky130_fd_sc_hd__buf_1)
                  0.36    0.42    2.65 v _668_/X (sky130_fd_sc_hd__buf_1)
    10    0.06                           _345_ (net)
                  0.36    0.00    2.65 v _671_/A (sky130_fd_sc_hd__inv_2)
                  0.08    0.13    2.78 ^ _671_/Y (sky130_fd_sc_hd__inv_2)
     1    0.00                           _033_ (net)
                  0.08    0.00    2.78 ^ _726_/RESET_B (sky130_fd_sc_hd__dfrtp_2)
                                  2.78   data arrival time

                  0.15   10.00   10.00   clock clk (rise edge)
                          0.00   10.00   clock network delay (ideal)
                         -0.25    9.75   clock uncertainty
                          0.00    9.75   clock reconvergence pessimism
                                  9.75 ^ _726_/CLK (sky130_fd_sc_hd__dfrtp_2)
                          0.24    9.99   library recovery time
                                  9.99   data required time
-----------------------------------------------------------------------------
                                  9.99   data required time
                                 -2.78   data arrival time
-----------------------------------------------------------------------------
                                  7.21   slack (MET)


Startpoint: rst (input port clocked by clk)
Endpoint: _725_ (recovery check against rising-edge clock clk)
Path Group: asynchronous
Path Type: max

Fanout     Cap    Slew   Delay    Time   Description
-----------------------------------------------------------------------------
                  0.15    0.00    0.00   clock clk (rise edge)
                          0.00    0.00   clock network delay (ideal)
                          2.00    2.00 v input external delay
                  0.01    0.01    2.01 v rst (in)
     1    0.00                           rst (net)
                  0.01    0.00    2.01 v _634_/A (sky130_fd_sc_hd__buf_1)
                  0.21    0.22    2.23 v _634_/X (sky130_fd_sc_hd__buf_1)
     9    0.04                           _341_ (net)
                  0.21    0.00    2.23 v _668_/A (sky130_fd_sc_hd__buf_1)
                  0.36    0.42    2.65 v _668_/X (sky130_fd_sc_hd__buf_1)
    10    0.06                           _345_ (net)
                  0.36    0.00    2.65 v _670_/A (sky130_fd_sc_hd__inv_2)
                  0.08    0.13    2.78 ^ _670_/Y (sky130_fd_sc_hd__inv_2)
     1    0.00                           _032_ (net)
                  0.08    0.00    2.78 ^ _725_/RESET_B (sky130_fd_sc_hd__dfrtp_2)
                                  2.78   data arrival time

                  0.15   10.00   10.00   clock clk (rise edge)
                          0.00   10.00   clock network delay (ideal)
                         -0.25    9.75   clock uncertainty
                          0.00    9.75   clock reconvergence pessimism
                                  9.75 ^ _725_/CLK (sky130_fd_sc_hd__dfrtp_2)
                          0.24    9.99   library recovery time
                                  9.99   data required time
-----------------------------------------------------------------------------
                                  9.99   data required time
                                 -2.78   data arrival time
-----------------------------------------------------------------------------
                                  7.21   slack (MET)


Startpoint: rst (input port clocked by clk)
Endpoint: _728_ (recovery check against rising-edge clock clk)
Path Group: asynchronous
Path Type: max

Fanout     Cap    Slew   Delay    Time   Description
-----------------------------------------------------------------------------
                  0.15    0.00    0.00   clock clk (rise edge)
                          0.00    0.00   clock network delay (ideal)
                          2.00    2.00 v input external delay
                  0.01    0.01    2.01 v rst (in)
     1    0.00                           rst (net)
                  0.01    0.00    2.01 v _634_/A (sky130_fd_sc_hd__buf_1)
                  0.21    0.22    2.23 v _634_/X (sky130_fd_sc_hd__buf_1)
     9    0.04                           _341_ (net)
                  0.21    0.00    2.23 v _668_/A (sky130_fd_sc_hd__buf_1)
                  0.36    0.42    2.65 v _668_/X (sky130_fd_sc_hd__buf_1)
    10    0.06                           _345_ (net)
                  0.36    0.00    2.65 v _673_/A (sky130_fd_sc_hd__inv_2)
                  0.08    0.13    2.78 ^ _673_/Y (sky130_fd_sc_hd__inv_2)
     1    0.00                           _035_ (net)
                  0.08    0.00    2.78 ^ _728_/RESET_B (sky130_fd_sc_hd__dfrtp_2)
                                  2.78   data arrival time

                  0.15   10.00   10.00   clock clk (rise edge)
                          0.00   10.00   clock network delay (ideal)
                         -0.25    9.75   clock uncertainty
                          0.00    9.75   clock reconvergence pessimism
                                  9.75 ^ _728_/CLK (sky130_fd_sc_hd__dfrtp_2)
                          0.24    9.99   library recovery time
                                  9.99   data required time
-----------------------------------------------------------------------------
                                  9.99   data required time
                                 -2.78   data arrival time
-----------------------------------------------------------------------------
                                  7.21   slack (MET)


Startpoint: rst (input port clocked by clk)
Endpoint: _729_ (recovery check against rising-edge clock clk)
Path Group: asynchronous
Path Type: max

Fanout     Cap    Slew   Delay    Time   Description
-----------------------------------------------------------------------------
                  0.15    0.00    0.00   clock clk (rise edge)
                          0.00    0.00   clock network delay (ideal)
                          2.00    2.00 v input external delay
                  0.01    0.01    2.01 v rst (in)
     1    0.00                           rst (net)
                  0.01    0.00    2.01 v _634_/A (sky130_fd_sc_hd__buf_1)
                  0.21    0.22    2.23 v _634_/X (sky130_fd_sc_hd__buf_1)
     9    0.04                           _341_ (net)
                  0.21    0.00    2.23 v _668_/A (sky130_fd_sc_hd__buf_1)
                  0.36    0.42    2.65 v _668_/X (sky130_fd_sc_hd__buf_1)
    10    0.06                           _345_ (net)
                  0.36    0.00    2.65 v _674_/A (sky130_fd_sc_hd__inv_2)
                  0.08    0.13    2.78 ^ _674_/Y (sky130_fd_sc_hd__inv_2)
     1    0.00                           _036_ (net)
                  0.08    0.00    2.78 ^ _729_/RESET_B (sky130_fd_sc_hd__dfrtp_2)
                                  2.78   data arrival time

                  0.15   10.00   10.00   clock clk (rise edge)
                          0.00   10.00   clock network delay (ideal)
                         -0.25    9.75   clock uncertainty
                          0.00    9.75   clock reconvergence pessimism
                                  9.75 ^ _729_/CLK (sky130_fd_sc_hd__dfrtp_2)
                          0.24    9.99   library recovery time
                                  9.99   data required time
-----------------------------------------------------------------------------
                                  9.99   data required time
                                 -2.78   data arrival time
-----------------------------------------------------------------------------
                                  7.21   slack (MET)


Startpoint: rst (input port clocked by clk)
Endpoint: _730_ (recovery check against rising-edge clock clk)
Path Group: asynchronous
Path Type: max

Fanout     Cap    Slew   Delay    Time   Description
-----------------------------------------------------------------------------
                  0.15    0.00    0.00   clock clk (rise edge)
                          0.00    0.00   clock network delay (ideal)
                          2.00    2.00 v input external delay
                  0.01    0.01    2.01 v rst (in)
     1    0.00                           rst (net)
                  0.01    0.00    2.01 v _634_/A (sky130_fd_sc_hd__buf_1)
                  0.21    0.22    2.23 v _634_/X (sky130_fd_sc_hd__buf_1)
     9    0.04                           _341_ (net)
                  0.21    0.00    2.23 v _668_/A (sky130_fd_sc_hd__buf_1)
                  0.36    0.42    2.65 v _668_/X (sky130_fd_sc_hd__buf_1)
    10    0.06                           _345_ (net)
                  0.36    0.00    2.65 v _675_/A (sky130_fd_sc_hd__inv_2)
                  0.08    0.13    2.78 ^ _675_/Y (sky130_fd_sc_hd__inv_2)
     1    0.00                           _037_ (net)
                  0.08    0.00    2.78 ^ _730_/RESET_B (sky130_fd_sc_hd__dfrtp_2)
                                  2.78   data arrival time

                  0.15   10.00   10.00   clock clk (rise edge)
                          0.00   10.00   clock network delay (ideal)
                         -0.25    9.75   clock uncertainty
                          0.00    9.75   clock reconvergence pessimism
                                  9.75 ^ _730_/CLK (sky130_fd_sc_hd__dfrtp_2)
                          0.24    9.99   library recovery time
                                  9.99   data required time
-----------------------------------------------------------------------------
                                  9.99   data required time
                                 -2.78   data arrival time
-----------------------------------------------------------------------------
                                  7.21   slack (MET)


Startpoint: rst (input port clocked by clk)
Endpoint: _724_ (recovery check against rising-edge clock clk)
Path Group: asynchronous
Path Type: max

Fanout     Cap    Slew   Delay    Time   Description
-----------------------------------------------------------------------------
                  0.15    0.00    0.00   clock clk (rise edge)
                          0.00    0.00   clock network delay (ideal)
                          2.00    2.00 v input external delay
                  0.01    0.01    2.01 v rst (in)
     1    0.00                           rst (net)
                  0.01    0.00    2.01 v _634_/A (sky130_fd_sc_hd__buf_1)
                  0.21    0.22    2.23 v _634_/X (sky130_fd_sc_hd__buf_1)
     9    0.04                           _341_ (net)
                  0.21    0.00    2.23 v _668_/A (sky130_fd_sc_hd__buf_1)
                  0.36    0.42    2.65 v _668_/X (sky130_fd_sc_hd__buf_1)
    10    0.06                           _345_ (net)
                  0.36    0.00    2.65 v _669_/A (sky130_fd_sc_hd__inv_2)
                  0.08    0.13    2.78 ^ _669_/Y (sky130_fd_sc_hd__inv_2)
     1    0.00                           _031_ (net)
                  0.08    0.00    2.78 ^ _724_/RESET_B (sky130_fd_sc_hd__dfrtp_2)
                                  2.78   data arrival time

                  0.15   10.00   10.00   clock clk (rise edge)
                          0.00   10.00   clock network delay (ideal)
                         -0.25    9.75   clock uncertainty
                          0.00    9.75   clock reconvergence pessimism
                                  9.75 ^ _724_/CLK (sky130_fd_sc_hd__dfrtp_2)
                          0.24    9.99   library recovery time
                                  9.99   data required time
-----------------------------------------------------------------------------
                                  9.99   data required time
                                 -2.78   data arrival time
-----------------------------------------------------------------------------
                                  7.21   slack (MET)


Startpoint: rst (input port clocked by clk)
Endpoint: _714_ (recovery check against rising-edge clock clk)
Path Group: asynchronous
Path Type: max

Fanout     Cap    Slew   Delay    Time   Description
-----------------------------------------------------------------------------
                  0.15    0.00    0.00   clock clk (rise edge)
                          0.00    0.00   clock network delay (ideal)
                          2.00    2.00 v input external delay
                  0.01    0.01    2.01 v rst (in)
     1    0.00                           rst (net)
                  0.01    0.00    2.01 v _634_/A (sky130_fd_sc_hd__buf_1)
                  0.21    0.22    2.23 v _634_/X (sky130_fd_sc_hd__buf_1)
     9    0.04                           _341_ (net)
                  0.21    0.00    2.23 v _657_/A (sky130_fd_sc_hd__buf_1)
                  0.34    0.41    2.64 v _657_/X (sky130_fd_sc_hd__buf_1)
    10    0.06                           _344_ (net)
                  0.34    0.00    2.64 v _658_/A (sky130_fd_sc_hd__inv_2)
                  0.08    0.13    2.77 ^ _658_/Y (sky130_fd_sc_hd__inv_2)
     1    0.00                           _021_ (net)
                  0.08    0.00    2.77 ^ _714_/RESET_B (sky130_fd_sc_hd__dfrtp_2)
                                  2.77   data arrival time

                  0.15   10.00   10.00   clock clk (rise edge)
                          0.00   10.00   clock network delay (ideal)
                         -0.25    9.75   clock uncertainty
                          0.00    9.75   clock reconvergence pessimism
                                  9.75 ^ _714_/CLK (sky130_fd_sc_hd__dfrtp_2)
                          0.24    9.99   library recovery time
                                  9.99   data required time
-----------------------------------------------------------------------------
                                  9.99   data required time
                                 -2.77   data arrival time
-----------------------------------------------------------------------------
                                  7.22   slack (MET)


Startpoint: rst (input port clocked by clk)
Endpoint: _696_ (recovery check against rising-edge clock clk)
Path Group: asynchronous
Path Type: max

Fanout     Cap    Slew   Delay    Time   Description
-----------------------------------------------------------------------------
                  0.15    0.00    0.00   clock clk (rise edge)
                          0.00    0.00   clock network delay (ideal)
                          2.00    2.00 v input external delay
                  0.01    0.01    2.01 v rst (in)
     1    0.00                           rst (net)
                  0.01    0.00    2.01 v _634_/A (sky130_fd_sc_hd__buf_1)
                  0.21    0.22    2.23 v _634_/X (sky130_fd_sc_hd__buf_1)
     9    0.04                           _341_ (net)
                  0.21    0.00    2.23 v _635_/A (sky130_fd_sc_hd__buf_1)
                  0.34    0.41    2.64 v _635_/X (sky130_fd_sc_hd__buf_1)
    10    0.06                           _342_ (net)
                  0.34    0.00    2.64 v _638_/A (sky130_fd_sc_hd__inv_2)
                  0.08    0.12    2.77 ^ _638_/Y (sky130_fd_sc_hd__inv_2)
     1    0.00                           _003_ (net)
                  0.08    0.00    2.77 ^ _696_/RESET_B (sky130_fd_sc_hd__dfrtp_2)
                                  2.77   data arrival time

                  0.15   10.00   10.00   clock clk (rise edge)
                          0.00   10.00   clock network delay (ideal)
                         -0.25    9.75   clock uncertainty
                          0.00    9.75   clock reconvergence pessimism
                                  9.75 ^ _696_/CLK (sky130_fd_sc_hd__dfrtp_2)
                          0.24    9.99   library recovery time
                                  9.99   data required time
-----------------------------------------------------------------------------
                                  9.99   data required time
                                 -2.77   data arrival time
-----------------------------------------------------------------------------
                                  7.22   slack (MET)


Startpoint: rst (input port clocked by clk)
Endpoint: _694_ (recovery check against rising-edge clock clk)
Path Group: asynchronous
Path Type: max

Fanout     Cap    Slew   Delay    Time   Description
-----------------------------------------------------------------------------
                  0.15    0.00    0.00   clock clk (rise edge)
                          0.00    0.00   clock network delay (ideal)
                          2.00    2.00 v input external delay
                  0.01    0.01    2.01 v rst (in)
     1    0.00                           rst (net)
                  0.01    0.00    2.01 v _634_/A (sky130_fd_sc_hd__buf_1)
                  0.21    0.22    2.23 v _634_/X (sky130_fd_sc_hd__buf_1)
     9    0.04                           _341_ (net)
                  0.21    0.00    2.23 v _635_/A (sky130_fd_sc_hd__buf_1)
                  0.34    0.41    2.64 v _635_/X (sky130_fd_sc_hd__buf_1)
    10    0.06                           _342_ (net)
                  0.34    0.00    2.64 v _636_/A (sky130_fd_sc_hd__inv_2)
                  0.08    0.12    2.77 ^ _636_/Y (sky130_fd_sc_hd__inv_2)
     1    0.00                           _001_ (net)
                  0.08    0.00    2.77 ^ _694_/RESET_B (sky130_fd_sc_hd__dfrtp_2)
                                  2.77   data arrival time

                  0.15   10.00   10.00   clock clk (rise edge)
                          0.00   10.00   clock network delay (ideal)
                         -0.25    9.75   clock uncertainty
                          0.00    9.75   clock reconvergence pessimism
                                  9.75 ^ _694_/CLK (sky130_fd_sc_hd__dfrtp_2)
                          0.24    9.99   library recovery time
                                  9.99   data required time
-----------------------------------------------------------------------------
                                  9.99   data required time
                                 -2.77   data arrival time
-----------------------------------------------------------------------------
                                  7.22   slack (MET)


Startpoint: rst (input port clocked by clk)
Endpoint: _695_ (recovery check against rising-edge clock clk)
Path Group: asynchronous
Path Type: max

Fanout     Cap    Slew   Delay    Time   Description
-----------------------------------------------------------------------------
                  0.15    0.00    0.00   clock clk (rise edge)
                          0.00    0.00   clock network delay (ideal)
                          2.00    2.00 v input external delay
                  0.01    0.01    2.01 v rst (in)
     1    0.00                           rst (net)
                  0.01    0.00    2.01 v _634_/A (sky130_fd_sc_hd__buf_1)
                  0.21    0.22    2.23 v _634_/X (sky130_fd_sc_hd__buf_1)
     9    0.04                           _341_ (net)
                  0.21    0.00    2.23 v _635_/A (sky130_fd_sc_hd__buf_1)
                  0.34    0.41    2.64 v _635_/X (sky130_fd_sc_hd__buf_1)
    10    0.06                           _342_ (net)
                  0.34    0.00    2.64 v _637_/A (sky130_fd_sc_hd__inv_2)
                  0.08    0.12    2.77 ^ _637_/Y (sky130_fd_sc_hd__inv_2)
     1    0.00                           _002_ (net)
                  0.08    0.00    2.77 ^ _695_/RESET_B (sky130_fd_sc_hd__dfrtp_2)
                                  2.77   data arrival time

                  0.15   10.00   10.00   clock clk (rise edge)
                          0.00   10.00   clock network delay (ideal)
                         -0.25    9.75   clock uncertainty
                          0.00    9.75   clock reconvergence pessimism
                                  9.75 ^ _695_/CLK (sky130_fd_sc_hd__dfrtp_2)
                          0.24    9.99   library recovery time
                                  9.99   data required time
-----------------------------------------------------------------------------
                                  9.99   data required time
                                 -2.77   data arrival time
-----------------------------------------------------------------------------
                                  7.22   slack (MET)


Startpoint: rst (input port clocked by clk)
Endpoint: _700_ (recovery check against rising-edge clock clk)
Path Group: asynchronous
Path Type: max

Fanout     Cap    Slew   Delay    Time   Description
-----------------------------------------------------------------------------
                  0.15    0.00    0.00   clock clk (rise edge)
                          0.00    0.00   clock network delay (ideal)
                          2.00    2.00 v input external delay
                  0.01    0.01    2.01 v rst (in)
     1    0.00                           rst (net)
                  0.01    0.00    2.01 v _634_/A (sky130_fd_sc_hd__buf_1)
                  0.21    0.22    2.23 v _634_/X (sky130_fd_sc_hd__buf_1)
     9    0.04                           _341_ (net)
                  0.21    0.00    2.23 v _635_/A (sky130_fd_sc_hd__buf_1)
                  0.34    0.41    2.64 v _635_/X (sky130_fd_sc_hd__buf_1)
    10    0.06                           _342_ (net)
                  0.34    0.00    2.64 v _642_/A (sky130_fd_sc_hd__inv_2)
                  0.08    0.12    2.77 ^ _642_/Y (sky130_fd_sc_hd__inv_2)
     1    0.00                           _007_ (net)
                  0.08    0.00    2.77 ^ _700_/RESET_B (sky130_fd_sc_hd__dfrtp_2)
                                  2.77   data arrival time

                  0.15   10.00   10.00   clock clk (rise edge)
                          0.00   10.00   clock network delay (ideal)
                         -0.25    9.75   clock uncertainty
                          0.00    9.75   clock reconvergence pessimism
                                  9.75 ^ _700_/CLK (sky130_fd_sc_hd__dfrtp_2)
                          0.24    9.99   library recovery time
                                  9.99   data required time
-----------------------------------------------------------------------------
                                  9.99   data required time
                                 -2.77   data arrival time
-----------------------------------------------------------------------------
                                  7.22   slack (MET)


Startpoint: rst (input port clocked by clk)
Endpoint: _703_ (recovery check against rising-edge clock clk)
Path Group: asynchronous
Path Type: max

Fanout     Cap    Slew   Delay    Time   Description
-----------------------------------------------------------------------------
                  0.15    0.00    0.00   clock clk (rise edge)
                          0.00    0.00   clock network delay (ideal)
                          2.00    2.00 v input external delay
                  0.01    0.01    2.01 v rst (in)
     1    0.00                           rst (net)
                  0.01    0.00    2.01 v _634_/A (sky130_fd_sc_hd__buf_1)
                  0.21    0.22    2.23 v _634_/X (sky130_fd_sc_hd__buf_1)
     9    0.04                           _341_ (net)
                  0.21    0.00    2.23 v _635_/A (sky130_fd_sc_hd__buf_1)
                  0.34    0.41    2.64 v _635_/X (sky130_fd_sc_hd__buf_1)
    10    0.06                           _342_ (net)
                  0.34    0.00    2.64 v _645_/A (sky130_fd_sc_hd__inv_2)
                  0.08    0.12    2.77 ^ _645_/Y (sky130_fd_sc_hd__inv_2)
     1    0.00                           _010_ (net)
                  0.08    0.00    2.77 ^ _703_/RESET_B (sky130_fd_sc_hd__dfrtp_2)
                                  2.77   data arrival time

                  0.15   10.00   10.00   clock clk (rise edge)
                          0.00   10.00   clock network delay (ideal)
                         -0.25    9.75   clock uncertainty
                          0.00    9.75   clock reconvergence pessimism
                                  9.75 ^ _703_/CLK (sky130_fd_sc_hd__dfrtp_2)
                          0.24    9.99   library recovery time
                                  9.99   data required time
-----------------------------------------------------------------------------
                                  9.99   data required time
                                 -2.77   data arrival time
-----------------------------------------------------------------------------
                                  7.22   slack (MET)


Startpoint: rst (input port clocked by clk)
Endpoint: _699_ (recovery check against rising-edge clock clk)
Path Group: asynchronous
Path Type: max

Fanout     Cap    Slew   Delay    Time   Description
-----------------------------------------------------------------------------
                  0.15    0.00    0.00   clock clk (rise edge)
                          0.00    0.00   clock network delay (ideal)
                          2.00    2.00 v input external delay
                  0.01    0.01    2.01 v rst (in)
     1    0.00                           rst (net)
                  0.01    0.00    2.01 v _634_/A (sky130_fd_sc_hd__buf_1)
                  0.21    0.22    2.23 v _634_/X (sky130_fd_sc_hd__buf_1)
     9    0.04                           _341_ (net)
                  0.21    0.00    2.23 v _635_/A (sky130_fd_sc_hd__buf_1)
                  0.34    0.41    2.64 v _635_/X (sky130_fd_sc_hd__buf_1)
    10    0.06                           _342_ (net)
                  0.34    0.00    2.64 v _641_/A (sky130_fd_sc_hd__inv_2)
                  0.08    0.12    2.77 ^ _641_/Y (sky130_fd_sc_hd__inv_2)
     1    0.00                           _006_ (net)
                  0.08    0.00    2.77 ^ _699_/RESET_B (sky130_fd_sc_hd__dfrtp_2)
                                  2.77   data arrival time

                  0.15   10.00   10.00   clock clk (rise edge)
                          0.00   10.00   clock network delay (ideal)
                         -0.25    9.75   clock uncertainty
                          0.00    9.75   clock reconvergence pessimism
                                  9.75 ^ _699_/CLK (sky130_fd_sc_hd__dfrtp_2)
                          0.24    9.99   library recovery time
                                  9.99   data required time
-----------------------------------------------------------------------------
                                  9.99   data required time
                                 -2.77   data arrival time
-----------------------------------------------------------------------------
                                  7.22   slack (MET)


Startpoint: rst (input port clocked by clk)
Endpoint: _697_ (recovery check against rising-edge clock clk)
Path Group: asynchronous
Path Type: max

Fanout     Cap    Slew   Delay    Time   Description
-----------------------------------------------------------------------------
                  0.15    0.00    0.00   clock clk (rise edge)
                          0.00    0.00   clock network delay (ideal)
                          2.00    2.00 v input external delay
                  0.01    0.01    2.01 v rst (in)
     1    0.00                           rst (net)
                  0.01    0.00    2.01 v _634_/A (sky130_fd_sc_hd__buf_1)
                  0.21    0.22    2.23 v _634_/X (sky130_fd_sc_hd__buf_1)
     9    0.04                           _341_ (net)
                  0.21    0.00    2.23 v _635_/A (sky130_fd_sc_hd__buf_1)
                  0.34    0.41    2.64 v _635_/X (sky130_fd_sc_hd__buf_1)
    10    0.06                           _342_ (net)
                  0.34    0.00    2.64 v _639_/A (sky130_fd_sc_hd__inv_2)
                  0.08    0.12    2.77 ^ _639_/Y (sky130_fd_sc_hd__inv_2)
     1    0.00                           _004_ (net)
                  0.08    0.00    2.77 ^ _697_/RESET_B (sky130_fd_sc_hd__dfrtp_2)
                                  2.77   data arrival time

                  0.15   10.00   10.00   clock clk (rise edge)
                          0.00   10.00   clock network delay (ideal)
                         -0.25    9.75   clock uncertainty
                          0.00    9.75   clock reconvergence pessimism
                                  9.75 ^ _697_/CLK (sky130_fd_sc_hd__dfrtp_2)
                          0.24    9.99   library recovery time
                                  9.99   data required time
-----------------------------------------------------------------------------
                                  9.99   data required time
                                 -2.77   data arrival time
-----------------------------------------------------------------------------
                                  7.23   slack (MET)


Startpoint: rst (input port clocked by clk)
Endpoint: _698_ (recovery check against rising-edge clock clk)
Path Group: asynchronous
Path Type: max

Fanout     Cap    Slew   Delay    Time   Description
-----------------------------------------------------------------------------
                  0.15    0.00    0.00   clock clk (rise edge)
                          0.00    0.00   clock network delay (ideal)
                          2.00    2.00 v input external delay
                  0.01    0.01    2.01 v rst (in)
     1    0.00                           rst (net)
                  0.01    0.00    2.01 v _634_/A (sky130_fd_sc_hd__buf_1)
                  0.21    0.22    2.23 v _634_/X (sky130_fd_sc_hd__buf_1)
     9    0.04                           _341_ (net)
                  0.21    0.00    2.23 v _635_/A (sky130_fd_sc_hd__buf_1)
                  0.34    0.41    2.64 v _635_/X (sky130_fd_sc_hd__buf_1)
    10    0.06                           _342_ (net)
                  0.34    0.00    2.64 v _640_/A (sky130_fd_sc_hd__inv_2)
                  0.08    0.12    2.77 ^ _640_/Y (sky130_fd_sc_hd__inv_2)
     1    0.00                           _005_ (net)
                  0.08    0.00    2.77 ^ _698_/RESET_B (sky130_fd_sc_hd__dfrtp_2)
                                  2.77   data arrival time

                  0.15   10.00   10.00   clock clk (rise edge)
                          0.00   10.00   clock network delay (ideal)
                         -0.25    9.75   clock uncertainty
                          0.00    9.75   clock reconvergence pessimism
                                  9.75 ^ _698_/CLK (sky130_fd_sc_hd__dfrtp_2)
                          0.24    9.99   library recovery time
                                  9.99   data required time
-----------------------------------------------------------------------------
                                  9.99   data required time
                                 -2.77   data arrival time
-----------------------------------------------------------------------------
                                  7.23   slack (MET)


Startpoint: rst (input port clocked by clk)
Endpoint: _702_ (recovery check against rising-edge clock clk)
Path Group: asynchronous
Path Type: max

Fanout     Cap    Slew   Delay    Time   Description
-----------------------------------------------------------------------------
                  0.15    0.00    0.00   clock clk (rise edge)
                          0.00    0.00   clock network delay (ideal)
                          2.00    2.00 v input external delay
                  0.01    0.01    2.01 v rst (in)
     1    0.00                           rst (net)
                  0.01    0.00    2.01 v _634_/A (sky130_fd_sc_hd__buf_1)
                  0.21    0.22    2.23 v _634_/X (sky130_fd_sc_hd__buf_1)
     9    0.04                           _341_ (net)
                  0.21    0.00    2.23 v _635_/A (sky130_fd_sc_hd__buf_1)
                  0.34    0.41    2.64 v _635_/X (sky130_fd_sc_hd__buf_1)
    10    0.06                           _342_ (net)
                  0.34    0.00    2.64 v _644_/A (sky130_fd_sc_hd__inv_2)
                  0.08    0.13    2.77 ^ _644_/Y (sky130_fd_sc_hd__inv_2)
     1    0.00                           _009_ (net)
                  0.08    0.00    2.77 ^ _702_/RESET_B (sky130_fd_sc_hd__dfrtp_2)
                                  2.77   data arrival time

                  0.15   10.00   10.00   clock clk (rise edge)
                          0.00   10.00   clock network delay (ideal)
                         -0.25    9.75   clock uncertainty
                          0.00    9.75   clock reconvergence pessimism
                                  9.75 ^ _702_/CLK (sky130_fd_sc_hd__dfrtp_2)
                          0.24    9.99   library recovery time
                                  9.99   data required time
-----------------------------------------------------------------------------
                                  9.99   data required time
                                 -2.77   data arrival time
-----------------------------------------------------------------------------
                                  7.23   slack (MET)


Startpoint: rst (input port clocked by clk)
Endpoint: _723_ (recovery check against rising-edge clock clk)
Path Group: asynchronous
Path Type: max

Fanout     Cap    Slew   Delay    Time   Description
-----------------------------------------------------------------------------
                  0.15    0.00    0.00   clock clk (rise edge)
                          0.00    0.00   clock network delay (ideal)
                          2.00    2.00 v input external delay
                  0.01    0.01    2.01 v rst (in)
     1    0.00                           rst (net)
                  0.01    0.00    2.01 v _634_/A (sky130_fd_sc_hd__buf_1)
                  0.21    0.22    2.23 v _634_/X (sky130_fd_sc_hd__buf_1)
     9    0.04                           _341_ (net)
                  0.21    0.00    2.23 v _657_/A (sky130_fd_sc_hd__buf_1)
                  0.34    0.41    2.64 v _657_/X (sky130_fd_sc_hd__buf_1)
    10    0.06                           _344_ (net)
                  0.34    0.00    2.64 v _667_/A (sky130_fd_sc_hd__inv_2)
                  0.08    0.12    2.77 ^ _667_/Y (sky130_fd_sc_hd__inv_2)
     1    0.00                           _030_ (net)
                  0.08    0.00    2.77 ^ _723_/RESET_B (sky130_fd_sc_hd__dfrtp_2)
                                  2.77   data arrival time

                  0.15   10.00   10.00   clock clk (rise edge)
                          0.00   10.00   clock network delay (ideal)
                         -0.25    9.75   clock uncertainty
                          0.00    9.75   clock reconvergence pessimism
                                  9.75 ^ _723_/CLK (sky130_fd_sc_hd__dfrtp_2)
                          0.24    9.99   library recovery time
                                  9.99   data required time
-----------------------------------------------------------------------------
                                  9.99   data required time
                                 -2.77   data arrival time
-----------------------------------------------------------------------------
                                  7.23   slack (MET)


Startpoint: rst (input port clocked by clk)
Endpoint: _719_ (recovery check against rising-edge clock clk)
Path Group: asynchronous
Path Type: max

Fanout     Cap    Slew   Delay    Time   Description
-----------------------------------------------------------------------------
                  0.15    0.00    0.00   clock clk (rise edge)
                          0.00    0.00   clock network delay (ideal)
                          2.00    2.00 v input external delay
                  0.01    0.01    2.01 v rst (in)
     1    0.00                           rst (net)
                  0.01    0.00    2.01 v _634_/A (sky130_fd_sc_hd__buf_1)
                  0.21    0.22    2.23 v _634_/X (sky130_fd_sc_hd__buf_1)
     9    0.04                           _341_ (net)
                  0.21    0.00    2.23 v _657_/A (sky130_fd_sc_hd__buf_1)
                  0.34    0.41    2.64 v _657_/X (sky130_fd_sc_hd__buf_1)
    10    0.06                           _344_ (net)
                  0.34    0.00    2.64 v _663_/A (sky130_fd_sc_hd__inv_2)
                  0.08    0.12    2.77 ^ _663_/Y (sky130_fd_sc_hd__inv_2)
     1    0.00                           _026_ (net)
                  0.08    0.00    2.77 ^ _719_/RESET_B (sky130_fd_sc_hd__dfrtp_2)
                                  2.77   data arrival time

                  0.15   10.00   10.00   clock clk (rise edge)
                          0.00   10.00   clock network delay (ideal)
                         -0.25    9.75   clock uncertainty
                          0.00    9.75   clock reconvergence pessimism
                                  9.75 ^ _719_/CLK (sky130_fd_sc_hd__dfrtp_2)
                          0.24    9.99   library recovery time
                                  9.99   data required time
-----------------------------------------------------------------------------
                                  9.99   data required time
                                 -2.77   data arrival time
-----------------------------------------------------------------------------
                                  7.23   slack (MET)


Startpoint: rst (input port clocked by clk)
Endpoint: _720_ (recovery check against rising-edge clock clk)
Path Group: asynchronous
Path Type: max

Fanout     Cap    Slew   Delay    Time   Description
-----------------------------------------------------------------------------
                  0.15    0.00    0.00   clock clk (rise edge)
                          0.00    0.00   clock network delay (ideal)
                          2.00    2.00 v input external delay
                  0.01    0.01    2.01 v rst (in)
     1    0.00                           rst (net)
                  0.01    0.00    2.01 v _634_/A (sky130_fd_sc_hd__buf_1)
                  0.21    0.22    2.23 v _634_/X (sky130_fd_sc_hd__buf_1)
     9    0.04                           _341_ (net)
                  0.21    0.00    2.23 v _657_/A (sky130_fd_sc_hd__buf_1)
                  0.34    0.41    2.64 v _657_/X (sky130_fd_sc_hd__buf_1)
    10    0.06                           _344_ (net)
                  0.34    0.00    2.64 v _664_/A (sky130_fd_sc_hd__inv_2)
                  0.08    0.12    2.77 ^ _664_/Y (sky130_fd_sc_hd__inv_2)
     1    0.00                           _027_ (net)
                  0.08    0.00    2.77 ^ _720_/RESET_B (sky130_fd_sc_hd__dfrtp_2)
                                  2.77   data arrival time

                  0.15   10.00   10.00   clock clk (rise edge)
                          0.00   10.00   clock network delay (ideal)
                         -0.25    9.75   clock uncertainty
                          0.00    9.75   clock reconvergence pessimism
                                  9.75 ^ _720_/CLK (sky130_fd_sc_hd__dfrtp_2)
                          0.24    9.99   library recovery time
                                  9.99   data required time
-----------------------------------------------------------------------------
                                  9.99   data required time
                                 -2.77   data arrival time
-----------------------------------------------------------------------------
                                  7.23   slack (MET)


Startpoint: rst (input port clocked by clk)
Endpoint: _722_ (recovery check against rising-edge clock clk)
Path Group: asynchronous
Path Type: max

Fanout     Cap    Slew   Delay    Time   Description
-----------------------------------------------------------------------------
                  0.15    0.00    0.00   clock clk (rise edge)
                          0.00    0.00   clock network delay (ideal)
                          2.00    2.00 v input external delay
                  0.01    0.01    2.01 v rst (in)
     1    0.00                           rst (net)
                  0.01    0.00    2.01 v _634_/A (sky130_fd_sc_hd__buf_1)
                  0.21    0.22    2.23 v _634_/X (sky130_fd_sc_hd__buf_1)
     9    0.04                           _341_ (net)
                  0.21    0.00    2.23 v _657_/A (sky130_fd_sc_hd__buf_1)
                  0.34    0.41    2.64 v _657_/X (sky130_fd_sc_hd__buf_1)
    10    0.06                           _344_ (net)
                  0.34    0.00    2.64 v _666_/A (sky130_fd_sc_hd__inv_2)
                  0.08    0.12    2.77 ^ _666_/Y (sky130_fd_sc_hd__inv_2)
     1    0.00                           _029_ (net)
                  0.08    0.00    2.77 ^ _722_/RESET_B (sky130_fd_sc_hd__dfrtp_2)
                                  2.77   data arrival time

                  0.15   10.00   10.00   clock clk (rise edge)
                          0.00   10.00   clock network delay (ideal)
                         -0.25    9.75   clock uncertainty
                          0.00    9.75   clock reconvergence pessimism
                                  9.75 ^ _722_/CLK (sky130_fd_sc_hd__dfrtp_2)
                          0.24    9.99   library recovery time
                                  9.99   data required time
-----------------------------------------------------------------------------
                                  9.99   data required time
                                 -2.77   data arrival time
-----------------------------------------------------------------------------
                                  7.23   slack (MET)


Startpoint: rst (input port clocked by clk)
Endpoint: _721_ (recovery check against rising-edge clock clk)
Path Group: asynchronous
Path Type: max

Fanout     Cap    Slew   Delay    Time   Description
-----------------------------------------------------------------------------
                  0.15    0.00    0.00   clock clk (rise edge)
                          0.00    0.00   clock network delay (ideal)
                          2.00    2.00 v input external delay
                  0.01    0.01    2.01 v rst (in)
     1    0.00                           rst (net)
                  0.01    0.00    2.01 v _634_/A (sky130_fd_sc_hd__buf_1)
                  0.21    0.22    2.23 v _634_/X (sky130_fd_sc_hd__buf_1)
     9    0.04                           _341_ (net)
                  0.21    0.00    2.23 v _657_/A (sky130_fd_sc_hd__buf_1)
                  0.34    0.41    2.64 v _657_/X (sky130_fd_sc_hd__buf_1)
    10    0.06                           _344_ (net)
                  0.34    0.00    2.64 v _665_/A (sky130_fd_sc_hd__inv_2)
                  0.08    0.12    2.76 ^ _665_/Y (sky130_fd_sc_hd__inv_2)
     1    0.00                           _028_ (net)
                  0.08    0.00    2.76 ^ _721_/RESET_B (sky130_fd_sc_hd__dfrtp_2)
                                  2.76   data arrival time

                  0.15   10.00   10.00   clock clk (rise edge)
                          0.00   10.00   clock network delay (ideal)
                         -0.25    9.75   clock uncertainty
                          0.00    9.75   clock reconvergence pessimism
                                  9.75 ^ _721_/CLK (sky130_fd_sc_hd__dfrtp_2)
                          0.24    9.99   library recovery time
                                  9.99   data required time
-----------------------------------------------------------------------------
                                  9.99   data required time
                                 -2.76   data arrival time
-----------------------------------------------------------------------------
                                  7.23   slack (MET)


Startpoint: rst (input port clocked by clk)
Endpoint: _701_ (recovery check against rising-edge clock clk)
Path Group: asynchronous
Path Type: max

Fanout     Cap    Slew   Delay    Time   Description
-----------------------------------------------------------------------------
                  0.15    0.00    0.00   clock clk (rise edge)
                          0.00    0.00   clock network delay (ideal)
                          2.00    2.00 v input external delay
                  0.01    0.01    2.01 v rst (in)
     1    0.00                           rst (net)
                  0.01    0.00    2.01 v _634_/A (sky130_fd_sc_hd__buf_1)
                  0.21    0.22    2.23 v _634_/X (sky130_fd_sc_hd__buf_1)
     9    0.04                           _341_ (net)
                  0.21    0.00    2.23 v _635_/A (sky130_fd_sc_hd__buf_1)
                  0.34    0.41    2.64 v _635_/X (sky130_fd_sc_hd__buf_1)
    10    0.06                           _342_ (net)
                  0.34    0.00    2.64 v _643_/A (sky130_fd_sc_hd__inv_2)
                  0.08    0.12    2.76 ^ _643_/Y (sky130_fd_sc_hd__inv_2)
     1    0.00                           _008_ (net)
                  0.08    0.00    2.76 ^ _701_/RESET_B (sky130_fd_sc_hd__dfrtp_2)
                                  2.76   data arrival time

                  0.15   10.00   10.00   clock clk (rise edge)
                          0.00   10.00   clock network delay (ideal)
                         -0.25    9.75   clock uncertainty
                          0.00    9.75   clock reconvergence pessimism
                                  9.75 ^ _701_/CLK (sky130_fd_sc_hd__dfrtp_2)
                          0.24    9.99   library recovery time
                                  9.99   data required time
-----------------------------------------------------------------------------
                                  9.99   data required time
                                 -2.76   data arrival time
-----------------------------------------------------------------------------
                                  7.23   slack (MET)


Startpoint: rst (input port clocked by clk)
Endpoint: _717_ (recovery check against rising-edge clock clk)
Path Group: asynchronous
Path Type: max

Fanout     Cap    Slew   Delay    Time   Description
-----------------------------------------------------------------------------
                  0.15    0.00    0.00   clock clk (rise edge)
                          0.00    0.00   clock network delay (ideal)
                          2.00    2.00 v input external delay
                  0.01    0.01    2.01 v rst (in)
     1    0.00                           rst (net)
                  0.01    0.00    2.01 v _634_/A (sky130_fd_sc_hd__buf_1)
                  0.21    0.22    2.23 v _634_/X (sky130_fd_sc_hd__buf_1)
     9    0.04                           _341_ (net)
                  0.21    0.00    2.23 v _657_/A (sky130_fd_sc_hd__buf_1)
                  0.34    0.41    2.64 v _657_/X (sky130_fd_sc_hd__buf_1)
    10    0.06                           _344_ (net)
                  0.34    0.00    2.64 v _661_/A (sky130_fd_sc_hd__inv_2)
                  0.08    0.12    2.76 ^ _661_/Y (sky130_fd_sc_hd__inv_2)
     1    0.00                           _024_ (net)
                  0.08    0.00    2.76 ^ _717_/RESET_B (sky130_fd_sc_hd__dfrtp_2)
                                  2.76   data arrival time

                  0.15   10.00   10.00   clock clk (rise edge)
                          0.00   10.00   clock network delay (ideal)
                         -0.25    9.75   clock uncertainty
                          0.00    9.75   clock reconvergence pessimism
                                  9.75 ^ _717_/CLK (sky130_fd_sc_hd__dfrtp_2)
                          0.24    9.99   library recovery time
                                  9.99   data required time
-----------------------------------------------------------------------------
                                  9.99   data required time
                                 -2.76   data arrival time
-----------------------------------------------------------------------------
                                  7.23   slack (MET)


Startpoint: rst (input port clocked by clk)
Endpoint: _716_ (recovery check against rising-edge clock clk)
Path Group: asynchronous
Path Type: max

Fanout     Cap    Slew   Delay    Time   Description
-----------------------------------------------------------------------------
                  0.15    0.00    0.00   clock clk (rise edge)
                          0.00    0.00   clock network delay (ideal)
                          2.00    2.00 v input external delay
                  0.01    0.01    2.01 v rst (in)
     1    0.00                           rst (net)
                  0.01    0.00    2.01 v _634_/A (sky130_fd_sc_hd__buf_1)
                  0.21    0.22    2.23 v _634_/X (sky130_fd_sc_hd__buf_1)
     9    0.04                           _341_ (net)
                  0.21    0.00    2.23 v _657_/A (sky130_fd_sc_hd__buf_1)
                  0.34    0.41    2.64 v _657_/X (sky130_fd_sc_hd__buf_1)
    10    0.06                           _344_ (net)
                  0.34    0.00    2.64 v _660_/A (sky130_fd_sc_hd__inv_2)
                  0.08    0.12    2.76 ^ _660_/Y (sky130_fd_sc_hd__inv_2)
     1    0.00                           _023_ (net)
                  0.08    0.00    2.76 ^ _716_/RESET_B (sky130_fd_sc_hd__dfrtp_2)
                                  2.76   data arrival time

                  0.15   10.00   10.00   clock clk (rise edge)
                          0.00   10.00   clock network delay (ideal)
                         -0.25    9.75   clock uncertainty
                          0.00    9.75   clock reconvergence pessimism
                                  9.75 ^ _716_/CLK (sky130_fd_sc_hd__dfrtp_2)
                          0.24    9.99   library recovery time
                                  9.99   data required time
-----------------------------------------------------------------------------
                                  9.99   data required time
                                 -2.76   data arrival time
-----------------------------------------------------------------------------
                                  7.23   slack (MET)


Startpoint: rst (input port clocked by clk)
Endpoint: _715_ (recovery check against rising-edge clock clk)
Path Group: asynchronous
Path Type: max

Fanout     Cap    Slew   Delay    Time   Description
-----------------------------------------------------------------------------
                  0.15    0.00    0.00   clock clk (rise edge)
                          0.00    0.00   clock network delay (ideal)
                          2.00    2.00 v input external delay
                  0.01    0.01    2.01 v rst (in)
     1    0.00                           rst (net)
                  0.01    0.00    2.01 v _634_/A (sky130_fd_sc_hd__buf_1)
                  0.21    0.22    2.23 v _634_/X (sky130_fd_sc_hd__buf_1)
     9    0.04                           _341_ (net)
                  0.21    0.00    2.23 v _657_/A (sky130_fd_sc_hd__buf_1)
                  0.34    0.41    2.64 v _657_/X (sky130_fd_sc_hd__buf_1)
    10    0.06                           _344_ (net)
                  0.34    0.00    2.64 v _659_/A (sky130_fd_sc_hd__inv_2)
                  0.08    0.12    2.76 ^ _659_/Y (sky130_fd_sc_hd__inv_2)
     1    0.00                           _022_ (net)
                  0.08    0.00    2.76 ^ _715_/RESET_B (sky130_fd_sc_hd__dfrtp_2)
                                  2.76   data arrival time

                  0.15   10.00   10.00   clock clk (rise edge)
                          0.00   10.00   clock network delay (ideal)
                         -0.25    9.75   clock uncertainty
                          0.00    9.75   clock reconvergence pessimism
                                  9.75 ^ _715_/CLK (sky130_fd_sc_hd__dfrtp_2)
                          0.24    9.99   library recovery time
                                  9.99   data required time
-----------------------------------------------------------------------------
                                  9.99   data required time
                                 -2.76   data arrival time
-----------------------------------------------------------------------------
                                  7.23   slack (MET)


Startpoint: rst (input port clocked by clk)
Endpoint: _718_ (recovery check against rising-edge clock clk)
Path Group: asynchronous
Path Type: max

Fanout     Cap    Slew   Delay    Time   Description
-----------------------------------------------------------------------------
                  0.15    0.00    0.00   clock clk (rise edge)
                          0.00    0.00   clock network delay (ideal)
                          2.00    2.00 v input external delay
                  0.01    0.01    2.01 v rst (in)
     1    0.00                           rst (net)
                  0.01    0.00    2.01 v _634_/A (sky130_fd_sc_hd__buf_1)
                  0.21    0.22    2.23 v _634_/X (sky130_fd_sc_hd__buf_1)
     9    0.04                           _341_ (net)
                  0.21    0.00    2.23 v _657_/A (sky130_fd_sc_hd__buf_1)
                  0.34    0.41    2.64 v _657_/X (sky130_fd_sc_hd__buf_1)
    10    0.06                           _344_ (net)
                  0.34    0.00    2.64 v _662_/A (sky130_fd_sc_hd__inv_2)
                  0.08    0.12    2.76 ^ _662_/Y (sky130_fd_sc_hd__inv_2)
     1    0.00                           _025_ (net)
                  0.08    0.00    2.76 ^ _718_/RESET_B (sky130_fd_sc_hd__dfrtp_2)
                                  2.76   data arrival time

                  0.15   10.00   10.00   clock clk (rise edge)
                          0.00   10.00   clock network delay (ideal)
                         -0.25    9.75   clock uncertainty
                          0.00    9.75   clock reconvergence pessimism
                                  9.75 ^ _718_/CLK (sky130_fd_sc_hd__dfrtp_2)
                          0.24    9.99   library recovery time
                                  9.99   data required time
-----------------------------------------------------------------------------
                                  9.99   data required time
                                 -2.76   data arrival time
-----------------------------------------------------------------------------
                                  7.23   slack (MET)


Startpoint: rst (input port clocked by clk)
Endpoint: _737_ (recovery check against rising-edge clock clk)
Path Group: asynchronous
Path Type: max

Fanout     Cap    Slew   Delay    Time   Description
-----------------------------------------------------------------------------
                  0.15    0.00    0.00   clock clk (rise edge)
                          0.00    0.00   clock network delay (ideal)
                          2.00    2.00 v input external delay
                  0.01    0.01    2.01 v rst (in)
     1    0.00                           rst (net)
                  0.01    0.00    2.01 v _634_/A (sky130_fd_sc_hd__buf_1)
                  0.21    0.22    2.23 v _634_/X (sky130_fd_sc_hd__buf_1)
     9    0.04                           _341_ (net)
                  0.21    0.00    2.23 v _679_/A (sky130_fd_sc_hd__buf_1)
                  0.33    0.40    2.63 v _679_/X (sky130_fd_sc_hd__buf_1)
    10    0.06                           _346_ (net)
                  0.33    0.00    2.64 v _683_/A (sky130_fd_sc_hd__inv_2)
                  0.08    0.12    2.76 ^ _683_/Y (sky130_fd_sc_hd__inv_2)
     1    0.00                           _044_ (net)
                  0.08    0.00    2.76 ^ _737_/RESET_B (sky130_fd_sc_hd__dfrtp_2)
                                  2.76   data arrival time

                  0.15   10.00   10.00   clock clk (rise edge)
                          0.00   10.00   clock network delay (ideal)
                         -0.25    9.75   clock uncertainty
                          0.00    9.75   clock reconvergence pessimism
                                  9.75 ^ _737_/CLK (sky130_fd_sc_hd__dfrtp_2)
                          0.24    9.99   library recovery time
                                  9.99   data required time
-----------------------------------------------------------------------------
                                  9.99   data required time
                                 -2.76   data arrival time
-----------------------------------------------------------------------------
                                  7.23   slack (MET)


Startpoint: start (input port clocked by clk)
Endpoint: _697_ (rising edge-triggered flip-flop clocked by clk)
Path Group: clk
Path Type: max

Fanout     Cap    Slew   Delay    Time   Description
-----------------------------------------------------------------------------
                  0.15    0.00    0.00   clock clk (rise edge)
                          0.00    0.00   clock network delay (ideal)
                          2.00    2.00 v input external delay
                  0.05    0.03    2.03 v start (in)
     5    0.02                           start (net)
                  0.05    0.00    2.03 v _457_/B (sky130_fd_sc_hd__and2_2)
                  0.05    0.22    2.25 v _457_/X (sky130_fd_sc_hd__and2_2)
     2    0.01                           _218_ (net)
                  0.05    0.00    2.25 v _625_/A2 (sky130_fd_sc_hd__o21ai_2)
                  0.10    0.12    2.37 ^ _625_/Y (sky130_fd_sc_hd__o21ai_2)
     1    0.00                           _337_ (net)
                  0.10    0.00    2.37 ^ _626_/B1 (sky130_fd_sc_hd__o21ai_2)
                  0.04    0.06    2.43 v _626_/Y (sky130_fd_sc_hd__o21ai_2)
     1    0.00                           _058_ (net)
                  0.04    0.00    2.43 v _697_/D (sky130_fd_sc_hd__dfrtp_2)
                                  2.43   data arrival time

                  0.15   10.00   10.00   clock clk (rise edge)
                          0.00   10.00   clock network delay (ideal)
                         -0.25    9.75   clock uncertainty
                          0.00    9.75   clock reconvergence pessimism
                                  9.75 ^ _697_/CLK (sky130_fd_sc_hd__dfrtp_2)
                         -0.09    9.66   library setup time
                                  9.66   data required time
-----------------------------------------------------------------------------
                                  9.66   data required time
                                 -2.43   data arrival time
-----------------------------------------------------------------------------
                                  7.23   slack (MET)


Startpoint: rst (input port clocked by clk)
Endpoint: _736_ (recovery check against rising-edge clock clk)
Path Group: asynchronous
Path Type: max

Fanout     Cap    Slew   Delay    Time   Description
-----------------------------------------------------------------------------
                  0.15    0.00    0.00   clock clk (rise edge)
                          0.00    0.00   clock network delay (ideal)
                          2.00    2.00 v input external delay
                  0.01    0.01    2.01 v rst (in)
     1    0.00                           rst (net)
                  0.01    0.00    2.01 v _634_/A (sky130_fd_sc_hd__buf_1)
                  0.21    0.22    2.23 v _634_/X (sky130_fd_sc_hd__buf_1)
     9    0.04                           _341_ (net)
                  0.21    0.00    2.23 v _679_/A (sky130_fd_sc_hd__buf_1)
                  0.33    0.40    2.63 v _679_/X (sky130_fd_sc_hd__buf_1)
    10    0.06                           _346_ (net)
                  0.33    0.00    2.64 v _682_/A (sky130_fd_sc_hd__inv_2)
                  0.08    0.12    2.76 ^ _682_/Y (sky130_fd_sc_hd__inv_2)
     1    0.00                           _043_ (net)
                  0.08    0.00    2.76 ^ _736_/RESET_B (sky130_fd_sc_hd__dfrtp_2)
                                  2.76   data arrival time

                  0.15   10.00   10.00   clock clk (rise edge)
                          0.00   10.00   clock network delay (ideal)
                         -0.25    9.75   clock uncertainty
                          0.00    9.75   clock reconvergence pessimism
                                  9.75 ^ _736_/CLK (sky130_fd_sc_hd__dfrtp_2)
                          0.24    9.99   library recovery time
                                  9.99   data required time
-----------------------------------------------------------------------------
                                  9.99   data required time
                                 -2.76   data arrival time
-----------------------------------------------------------------------------
                                  7.23   slack (MET)


Startpoint: rst (input port clocked by clk)
Endpoint: _738_ (recovery check against rising-edge clock clk)
Path Group: asynchronous
Path Type: max

Fanout     Cap    Slew   Delay    Time   Description
-----------------------------------------------------------------------------
                  0.15    0.00    0.00   clock clk (rise edge)
                          0.00    0.00   clock network delay (ideal)
                          2.00    2.00 v input external delay
                  0.01    0.01    2.01 v rst (in)
     1    0.00                           rst (net)
                  0.01    0.00    2.01 v _634_/A (sky130_fd_sc_hd__buf_1)
                  0.21    0.22    2.23 v _634_/X (sky130_fd_sc_hd__buf_1)
     9    0.04                           _341_ (net)
                  0.21    0.00    2.23 v _679_/A (sky130_fd_sc_hd__buf_1)
                  0.33    0.40    2.63 v _679_/X (sky130_fd_sc_hd__buf_1)
    10    0.06                           _346_ (net)
                  0.33    0.00    2.64 v _684_/A (sky130_fd_sc_hd__inv_2)
                  0.08    0.12    2.76 ^ _684_/Y (sky130_fd_sc_hd__inv_2)
     1    0.00                           _045_ (net)
                  0.08    0.00    2.76 ^ _738_/RESET_B (sky130_fd_sc_hd__dfrtp_2)
                                  2.76   data arrival time

                  0.15   10.00   10.00   clock clk (rise edge)
                          0.00   10.00   clock network delay (ideal)
                         -0.25    9.75   clock uncertainty
                          0.00    9.75   clock reconvergence pessimism
                                  9.75 ^ _738_/CLK (sky130_fd_sc_hd__dfrtp_2)
                          0.24    9.99   library recovery time
                                  9.99   data required time
-----------------------------------------------------------------------------
                                  9.99   data required time
                                 -2.76   data arrival time
-----------------------------------------------------------------------------
                                  7.23   slack (MET)


Startpoint: rst (input port clocked by clk)
Endpoint: _743_ (recovery check against rising-edge clock clk)
Path Group: asynchronous
Path Type: max

Fanout     Cap    Slew   Delay    Time   Description
-----------------------------------------------------------------------------
                  0.15    0.00    0.00   clock clk (rise edge)
                          0.00    0.00   clock network delay (ideal)
                          2.00    2.00 v input external delay
                  0.01    0.01    2.01 v rst (in)
     1    0.00                           rst (net)
                  0.01    0.00    2.01 v _634_/A (sky130_fd_sc_hd__buf_1)
                  0.21    0.22    2.23 v _634_/X (sky130_fd_sc_hd__buf_1)
     9    0.04                           _341_ (net)
                  0.21    0.00    2.23 v _679_/A (sky130_fd_sc_hd__buf_1)
                  0.33    0.40    2.63 v _679_/X (sky130_fd_sc_hd__buf_1)
    10    0.06                           _346_ (net)
                  0.33    0.00    2.63 v _689_/A (sky130_fd_sc_hd__inv_2)
                  0.08    0.12    2.76 ^ _689_/Y (sky130_fd_sc_hd__inv_2)
     1    0.00                           _050_ (net)
                  0.08    0.00    2.76 ^ _743_/RESET_B (sky130_fd_sc_hd__dfrtp_2)
                                  2.76   data arrival time

                  0.15   10.00   10.00   clock clk (rise edge)
                          0.00   10.00   clock network delay (ideal)
                         -0.25    9.75   clock uncertainty
                          0.00    9.75   clock reconvergence pessimism
                                  9.75 ^ _743_/CLK (sky130_fd_sc_hd__dfrtp_2)
                          0.24    9.99   library recovery time
                                  9.99   data required time
-----------------------------------------------------------------------------
                                  9.99   data required time
                                 -2.76   data arrival time
-----------------------------------------------------------------------------
                                  7.23   slack (MET)


Startpoint: rst (input port clocked by clk)
Endpoint: _739_ (recovery check against rising-edge clock clk)
Path Group: asynchronous
Path Type: max

Fanout     Cap    Slew   Delay    Time   Description
-----------------------------------------------------------------------------
                  0.15    0.00    0.00   clock clk (rise edge)
                          0.00    0.00   clock network delay (ideal)
                          2.00    2.00 v input external delay
                  0.01    0.01    2.01 v rst (in)
     1    0.00                           rst (net)
                  0.01    0.00    2.01 v _634_/A (sky130_fd_sc_hd__buf_1)
                  0.21    0.22    2.23 v _634_/X (sky130_fd_sc_hd__buf_1)
     9    0.04                           _341_ (net)
                  0.21    0.00    2.23 v _679_/A (sky130_fd_sc_hd__buf_1)
                  0.33    0.40    2.63 v _679_/X (sky130_fd_sc_hd__buf_1)
    10    0.06                           _346_ (net)
                  0.33    0.00    2.64 v _685_/A (sky130_fd_sc_hd__inv_2)
                  0.08    0.12    2.76 ^ _685_/Y (sky130_fd_sc_hd__inv_2)
     1    0.00                           _046_ (net)
                  0.08    0.00    2.76 ^ _739_/RESET_B (sky130_fd_sc_hd__dfrtp_2)
                                  2.76   data arrival time

                  0.15   10.00   10.00   clock clk (rise edge)
                          0.00   10.00   clock network delay (ideal)
                         -0.25    9.75   clock uncertainty
                          0.00    9.75   clock reconvergence pessimism
                                  9.75 ^ _739_/CLK (sky130_fd_sc_hd__dfrtp_2)
                          0.24    9.99   library recovery time
                                  9.99   data required time
-----------------------------------------------------------------------------
                                  9.99   data required time
                                 -2.76   data arrival time
-----------------------------------------------------------------------------
                                  7.23   slack (MET)


Startpoint: rst (input port clocked by clk)
Endpoint: _734_ (recovery check against rising-edge clock clk)
Path Group: asynchronous
Path Type: max

Fanout     Cap    Slew   Delay    Time   Description
-----------------------------------------------------------------------------
                  0.15    0.00    0.00   clock clk (rise edge)
                          0.00    0.00   clock network delay (ideal)
                          2.00    2.00 v input external delay
                  0.01    0.01    2.01 v rst (in)
     1    0.00                           rst (net)
                  0.01    0.00    2.01 v _634_/A (sky130_fd_sc_hd__buf_1)
                  0.21    0.22    2.23 v _634_/X (sky130_fd_sc_hd__buf_1)
     9    0.04                           _341_ (net)
                  0.21    0.00    2.23 v _679_/A (sky130_fd_sc_hd__buf_1)
                  0.33    0.40    2.63 v _679_/X (sky130_fd_sc_hd__buf_1)
    10    0.06                           _346_ (net)
                  0.33    0.00    2.64 v _680_/A (sky130_fd_sc_hd__inv_2)
                  0.08    0.12    2.76 ^ _680_/Y (sky130_fd_sc_hd__inv_2)
     1    0.00                           _041_ (net)
                  0.08    0.00    2.76 ^ _734_/RESET_B (sky130_fd_sc_hd__dfrtp_2)
                                  2.76   data arrival time

                  0.15   10.00   10.00   clock clk (rise edge)
                          0.00   10.00   clock network delay (ideal)
                         -0.25    9.75   clock uncertainty
                          0.00    9.75   clock reconvergence pessimism
                                  9.75 ^ _734_/CLK (sky130_fd_sc_hd__dfrtp_2)
                          0.24    9.99   library recovery time
                                  9.99   data required time
-----------------------------------------------------------------------------
                                  9.99   data required time
                                 -2.76   data arrival time
-----------------------------------------------------------------------------
                                  7.23   slack (MET)


Startpoint: rst (input port clocked by clk)
Endpoint: _740_ (recovery check against rising-edge clock clk)
Path Group: asynchronous
Path Type: max

Fanout     Cap    Slew   Delay    Time   Description
-----------------------------------------------------------------------------
                  0.15    0.00    0.00   clock clk (rise edge)
                          0.00    0.00   clock network delay (ideal)
                          2.00    2.00 v input external delay
                  0.01    0.01    2.01 v rst (in)
     1    0.00                           rst (net)
                  0.01    0.00    2.01 v _634_/A (sky130_fd_sc_hd__buf_1)
                  0.21    0.22    2.23 v _634_/X (sky130_fd_sc_hd__buf_1)
     9    0.04                           _341_ (net)
                  0.21    0.00    2.23 v _679_/A (sky130_fd_sc_hd__buf_1)
                  0.33    0.40    2.63 v _679_/X (sky130_fd_sc_hd__buf_1)
    10    0.06                           _346_ (net)
                  0.33    0.00    2.64 v _686_/A (sky130_fd_sc_hd__inv_2)
                  0.08    0.12    2.76 ^ _686_/Y (sky130_fd_sc_hd__inv_2)
     1    0.00                           _047_ (net)
                  0.08    0.00    2.76 ^ _740_/RESET_B (sky130_fd_sc_hd__dfrtp_2)
                                  2.76   data arrival time

                  0.15   10.00   10.00   clock clk (rise edge)
                          0.00   10.00   clock network delay (ideal)
                         -0.25    9.75   clock uncertainty
                          0.00    9.75   clock reconvergence pessimism
                                  9.75 ^ _740_/CLK (sky130_fd_sc_hd__dfrtp_2)
                          0.24    9.99   library recovery time
                                  9.99   data required time
-----------------------------------------------------------------------------
                                  9.99   data required time
                                 -2.76   data arrival time
-----------------------------------------------------------------------------
                                  7.24   slack (MET)


Startpoint: rst (input port clocked by clk)
Endpoint: _735_ (recovery check against rising-edge clock clk)
Path Group: asynchronous
Path Type: max

Fanout     Cap    Slew   Delay    Time   Description
-----------------------------------------------------------------------------
                  0.15    0.00    0.00   clock clk (rise edge)
                          0.00    0.00   clock network delay (ideal)
                          2.00    2.00 v input external delay
                  0.01    0.01    2.01 v rst (in)
     1    0.00                           rst (net)
                  0.01    0.00    2.01 v _634_/A (sky130_fd_sc_hd__buf_1)
                  0.21    0.22    2.23 v _634_/X (sky130_fd_sc_hd__buf_1)
     9    0.04                           _341_ (net)
                  0.21    0.00    2.23 v _679_/A (sky130_fd_sc_hd__buf_1)
                  0.33    0.40    2.63 v _679_/X (sky130_fd_sc_hd__buf_1)
    10    0.06                           _346_ (net)
                  0.33    0.00    2.64 v _681_/A (sky130_fd_sc_hd__inv_2)
                  0.08    0.12    2.76 ^ _681_/Y (sky130_fd_sc_hd__inv_2)
     1    0.00                           _042_ (net)
                  0.08    0.00    2.76 ^ _735_/RESET_B (sky130_fd_sc_hd__dfrtp_2)
                                  2.76   data arrival time

                  0.15   10.00   10.00   clock clk (rise edge)
                          0.00   10.00   clock network delay (ideal)
                         -0.25    9.75   clock uncertainty
                          0.00    9.75   clock reconvergence pessimism
                                  9.75 ^ _735_/CLK (sky130_fd_sc_hd__dfrtp_2)
                          0.24    9.99   library recovery time
                                  9.99   data required time
-----------------------------------------------------------------------------
                                  9.99   data required time
                                 -2.76   data arrival time
-----------------------------------------------------------------------------
                                  7.24   slack (MET)


Startpoint: rst (input port clocked by clk)
Endpoint: _742_ (recovery check against rising-edge clock clk)
Path Group: asynchronous
Path Type: max

Fanout     Cap    Slew   Delay    Time   Description
-----------------------------------------------------------------------------
                  0.15    0.00    0.00   clock clk (rise edge)
                          0.00    0.00   clock network delay (ideal)
                          2.00    2.00 v input external delay
                  0.01    0.01    2.01 v rst (in)
     1    0.00                           rst (net)
                  0.01    0.00    2.01 v _634_/A (sky130_fd_sc_hd__buf_1)
                  0.21    0.22    2.23 v _634_/X (sky130_fd_sc_hd__buf_1)
     9    0.04                           _341_ (net)
                  0.21    0.00    2.23 v _679_/A (sky130_fd_sc_hd__buf_1)
                  0.33    0.40    2.63 v _679_/X (sky130_fd_sc_hd__buf_1)
    10    0.06                           _346_ (net)
                  0.33    0.00    2.63 v _688_/A (sky130_fd_sc_hd__inv_2)
                  0.08    0.12    2.76 ^ _688_/Y (sky130_fd_sc_hd__inv_2)
     1    0.00                           _049_ (net)
                  0.08    0.00    2.76 ^ _742_/RESET_B (sky130_fd_sc_hd__dfrtp_2)
                                  2.76   data arrival time

                  0.15   10.00   10.00   clock clk (rise edge)
                          0.00   10.00   clock network delay (ideal)
                         -0.25    9.75   clock uncertainty
                          0.00    9.75   clock reconvergence pessimism
                                  9.75 ^ _742_/CLK (sky130_fd_sc_hd__dfrtp_2)
                          0.24    9.99   library recovery time
                                  9.99   data required time
-----------------------------------------------------------------------------
                                  9.99   data required time
                                 -2.76   data arrival time
-----------------------------------------------------------------------------
                                  7.24   slack (MET)


Startpoint: rst (input port clocked by clk)
Endpoint: _741_ (recovery check against rising-edge clock clk)
Path Group: asynchronous
Path Type: max

Fanout     Cap    Slew   Delay    Time   Description
-----------------------------------------------------------------------------
                  0.15    0.00    0.00   clock clk (rise edge)
                          0.00    0.00   clock network delay (ideal)
                          2.00    2.00 v input external delay
                  0.01    0.01    2.01 v rst (in)
     1    0.00                           rst (net)
                  0.01    0.00    2.01 v _634_/A (sky130_fd_sc_hd__buf_1)
                  0.21    0.22    2.23 v _634_/X (sky130_fd_sc_hd__buf_1)
     9    0.04                           _341_ (net)
                  0.21    0.00    2.23 v _679_/A (sky130_fd_sc_hd__buf_1)
                  0.33    0.40    2.63 v _679_/X (sky130_fd_sc_hd__buf_1)
    10    0.06                           _346_ (net)
                  0.33    0.00    2.63 v _687_/A (sky130_fd_sc_hd__inv_2)
                  0.08    0.12    2.76 ^ _687_/Y (sky130_fd_sc_hd__inv_2)
     1    0.00                           _048_ (net)
                  0.08    0.00    2.76 ^ _741_/RESET_B (sky130_fd_sc_hd__dfrtp_2)
                                  2.76   data arrival time

                  0.15   10.00   10.00   clock clk (rise edge)
                          0.00   10.00   clock network delay (ideal)
                         -0.25    9.75   clock uncertainty
                          0.00    9.75   clock reconvergence pessimism
                                  9.75 ^ _741_/CLK (sky130_fd_sc_hd__dfrtp_2)
                          0.24    9.99   library recovery time
                                  9.99   data required time
-----------------------------------------------------------------------------
                                  9.99   data required time
                                 -2.76   data arrival time
-----------------------------------------------------------------------------
                                  7.24   slack (MET)


Startpoint: _699_ (rising edge-triggered flip-flop clocked by clk)
Endpoint: _711_ (rising edge-triggered flip-flop clocked by clk)
Path Group: clk
Path Type: max

Fanout     Cap    Slew   Delay    Time   Description
-----------------------------------------------------------------------------
                  0.15    0.00    0.00   clock clk (rise edge)
                          0.00    0.00   clock network delay (ideal)
                  0.15    0.00    0.00 ^ _699_/CLK (sky130_fd_sc_hd__dfrtp_2)
                  0.12    0.54    0.54 v _699_/Q (sky130_fd_sc_hd__dfrtp_2)
     9    0.04                           u_core.Q_1 (net)
                  0.12    0.00    0.54 v _347_/A_N (sky130_fd_sc_hd__and2b_2)
                  0.05    0.26    0.80 ^ _347_/X (sky130_fd_sc_hd__and2b_2)
     2    0.01                           _108_ (net)
                  0.05    0.00    0.80 ^ _348_/A (sky130_fd_sc_hd__buf_1)
                  0.50    0.42    1.22 ^ _348_/X (sky130_fd_sc_hd__buf_1)
    10    0.04                           _109_ (net)
                  0.50    0.00    1.22 ^ _407_/A1 (sky130_fd_sc_hd__o21ai_2)
                  0.09    0.14    1.36 v _407_/Y (sky130_fd_sc_hd__o21ai_2)
     2    0.01                           _168_ (net)
                  0.09    0.00    1.36 v _409_/A (sky130_fd_sc_hd__nand3_2)
                  0.09    0.11    1.47 ^ _409_/Y (sky130_fd_sc_hd__nand3_2)
     3    0.01                           _170_ (net)
                  0.09    0.00    1.47 ^ _414_/A (sky130_fd_sc_hd__nand2_2)
                  0.06    0.08    1.55 v _414_/Y (sky130_fd_sc_hd__nand2_2)
     3    0.01                           _175_ (net)
                  0.06    0.00    1.55 v _428_/A1 (sky130_fd_sc_hd__o21bai_2)
                  0.31    0.31    1.86 ^ _428_/Y (sky130_fd_sc_hd__o21bai_2)
     5    0.03                           _189_ (net)
                  0.31    0.00    1.86 ^ _542_/B1 (sky130_fd_sc_hd__o221ai_2)
                  0.11    0.16    2.02 v _542_/Y (sky130_fd_sc_hd__o221ai_2)
     1    0.00                           _291_ (net)
                  0.11    0.00    2.02 v _543_/C1 (sky130_fd_sc_hd__o211ai_2)
                  0.15    0.09    2.11 ^ _543_/Y (sky130_fd_sc_hd__o211ai_2)
     2    0.01                           _292_ (net)
                  0.15    0.00    2.11 ^ _601_/A1_N (sky130_fd_sc_hd__a2bb2o_2)
                  0.04    0.30    2.41 v _601_/X (sky130_fd_sc_hd__a2bb2o_2)
     1    0.00                           _071_ (net)
                  0.04    0.00    2.41 v _711_/D (sky130_fd_sc_hd__dfrtp_2)
                                  2.41   data arrival time

                  0.15   10.00   10.00   clock clk (rise edge)
                          0.00   10.00   clock network delay (ideal)
                         -0.25    9.75   clock uncertainty
                          0.00    9.75   clock reconvergence pessimism
                                  9.75 ^ _711_/CLK (sky130_fd_sc_hd__dfrtp_2)
                         -0.09    9.66   library setup time
                                  9.66   data required time
-----------------------------------------------------------------------------
                                  9.66   data required time
                                 -2.41   data arrival time
-----------------------------------------------------------------------------
                                  7.25   slack (MET)


Startpoint: _699_ (rising edge-triggered flip-flop clocked by clk)
Endpoint: _710_ (rising edge-triggered flip-flop clocked by clk)
Path Group: clk
Path Type: max

Fanout     Cap    Slew   Delay    Time   Description
-----------------------------------------------------------------------------
                  0.15    0.00    0.00   clock clk (rise edge)
                          0.00    0.00   clock network delay (ideal)
                  0.15    0.00    0.00 ^ _699_/CLK (sky130_fd_sc_hd__dfrtp_2)
                  0.19    0.53    0.53 ^ _699_/Q (sky130_fd_sc_hd__dfrtp_2)
     9    0.04                           u_core.Q_1 (net)
                  0.19    0.00    0.53 ^ _347_/A_N (sky130_fd_sc_hd__and2b_2)
                  0.04    0.26    0.79 v _347_/X (sky130_fd_sc_hd__and2b_2)
     2    0.01                           _108_ (net)
                  0.04    0.00    0.79 v _348_/A (sky130_fd_sc_hd__buf_1)
                  0.22    0.25    1.05 v _348_/X (sky130_fd_sc_hd__buf_1)
    10    0.04                           _109_ (net)
                  0.22    0.00    1.05 v _411_/A1 (sky130_fd_sc_hd__o21ai_2)
                  0.12    0.21    1.26 ^ _411_/Y (sky130_fd_sc_hd__o21ai_2)
     1    0.01                           _172_ (net)
                  0.12    0.00    1.26 ^ _413_/B (sky130_fd_sc_hd__nand3b_2)
                  0.08    0.11    1.37 v _413_/Y (sky130_fd_sc_hd__nand3b_2)
     2    0.01                           _174_ (net)
                  0.08    0.00    1.37 v _546_/A2 (sky130_fd_sc_hd__a221o_2)
                  0.05    0.41    1.77 v _546_/X (sky130_fd_sc_hd__a221o_2)
     1    0.00                           _294_ (net)
                  0.05    0.00    1.77 v _547_/B2 (sky130_fd_sc_hd__a32o_2)
                  0.05    0.25    2.03 v _547_/X (sky130_fd_sc_hd__a32o_2)
     2    0.01                           _295_ (net)
                  0.05    0.00    2.03 v _602_/A0 (sky130_fd_sc_hd__mux2_2)
                  0.05    0.26    2.29 v _602_/X (sky130_fd_sc_hd__mux2_2)
     1    0.00                           _326_ (net)
                  0.05    0.00    2.29 v _603_/A (sky130_fd_sc_hd__buf_1)
                  0.02    0.09    2.38 v _603_/X (sky130_fd_sc_hd__buf_1)
     1    0.00                           _070_ (net)
                  0.02    0.00    2.38 v _710_/D (sky130_fd_sc_hd__dfrtp_2)
                                  2.38   data arrival time

                  0.15   10.00   10.00   clock clk (rise edge)
                          0.00   10.00   clock network delay (ideal)
                         -0.25    9.75   clock uncertainty
                          0.00    9.75   clock reconvergence pessimism
                                  9.75 ^ _710_/CLK (sky130_fd_sc_hd__dfrtp_2)
                         -0.08    9.67   library setup time
                                  9.67   data required time
-----------------------------------------------------------------------------
                                  9.67   data required time
                                 -2.38   data arrival time
-----------------------------------------------------------------------------
                                  7.29   slack (MET)


Startpoint: _699_ (rising edge-triggered flip-flop clocked by clk)
Endpoint: _709_ (rising edge-triggered flip-flop clocked by clk)
Path Group: clk
Path Type: max

Fanout     Cap    Slew   Delay    Time   Description
-----------------------------------------------------------------------------
                  0.15    0.00    0.00   clock clk (rise edge)
                          0.00    0.00   clock network delay (ideal)
                  0.15    0.00    0.00 ^ _699_/CLK (sky130_fd_sc_hd__dfrtp_2)
                  0.12    0.54    0.54 v _699_/Q (sky130_fd_sc_hd__dfrtp_2)
     9    0.04                           u_core.Q_1 (net)
                  0.12    0.00    0.54 v _347_/A_N (sky130_fd_sc_hd__and2b_2)
                  0.05    0.26    0.80 ^ _347_/X (sky130_fd_sc_hd__and2b_2)
     2    0.01                           _108_ (net)
                  0.05    0.00    0.80 ^ _418_/A2 (sky130_fd_sc_hd__o21bai_2)
                  0.07    0.08    0.88 v _418_/Y (sky130_fd_sc_hd__o21bai_2)
     2    0.01                           _179_ (net)
                  0.07    0.00    0.88 v _421_/A2 (sky130_fd_sc_hd__a21oi_2)
                  0.15    0.20    1.08 ^ _421_/Y (sky130_fd_sc_hd__a21oi_2)
     3    0.01                           _182_ (net)
                  0.15    0.00    1.08 ^ _549_/A_N (sky130_fd_sc_hd__and2b_2)
                  0.05    0.26    1.33 v _549_/X (sky130_fd_sc_hd__and2b_2)
     2    0.01                           _296_ (net)
                  0.05    0.00    1.33 v _550_/A3 (sky130_fd_sc_hd__o32a_2)
                  0.05    0.33    1.66 v _550_/X (sky130_fd_sc_hd__o32a_2)
     1    0.00                           _297_ (net)
                  0.05    0.00    1.66 v _552_/B1 (sky130_fd_sc_hd__a32o_2)
                  0.05    0.25    1.91 v _552_/X (sky130_fd_sc_hd__a32o_2)
     2    0.01                           _299_ (net)
                  0.05    0.00    1.91 v _604_/A0 (sky130_fd_sc_hd__mux2_2)
                  0.05    0.26    2.17 v _604_/X (sky130_fd_sc_hd__mux2_2)
     1    0.00                           _327_ (net)
                  0.05    0.00    2.17 v _605_/A (sky130_fd_sc_hd__buf_1)
                  0.02    0.09    2.26 v _605_/X (sky130_fd_sc_hd__buf_1)
     1    0.00                           _069_ (net)
                  0.02    0.00    2.26 v _709_/D (sky130_fd_sc_hd__dfrtp_2)
                                  2.26   data arrival time

                  0.15   10.00   10.00   clock clk (rise edge)
                          0.00   10.00   clock network delay (ideal)
                         -0.25    9.75   clock uncertainty
                          0.00    9.75   clock reconvergence pessimism
                                  9.75 ^ _709_/CLK (sky130_fd_sc_hd__dfrtp_2)
                         -0.08    9.67   library setup time
                                  9.67   data required time
-----------------------------------------------------------------------------
                                  9.67   data required time
                                 -2.26   data arrival time
-----------------------------------------------------------------------------
                                  7.41   slack (MET)


Startpoint: _697_ (rising edge-triggered flip-flop clocked by clk)
Endpoint: _707_ (rising edge-triggered flip-flop clocked by clk)
Path Group: clk
Path Type: max

Fanout     Cap    Slew   Delay    Time   Description
-----------------------------------------------------------------------------
                  0.15    0.00    0.00   clock clk (rise edge)
                          0.00    0.00   clock network delay (ideal)
                  0.15    0.00    0.00 ^ _697_/CLK (sky130_fd_sc_hd__dfrtp_2)
                  0.07    0.49    0.49 v _697_/Q (sky130_fd_sc_hd__dfrtp_2)
     4    0.02                           u_core.count[3] (net)
                  0.07    0.00    0.49 v _589_/A (sky130_fd_sc_hd__nor4b_2)
                  0.57    0.59    1.08 ^ _589_/Y (sky130_fd_sc_hd__nor4b_2)
     5    0.02                           _319_ (net)
                  0.57    0.00    1.08 ^ _590_/B (sky130_fd_sc_hd__nand2_2)
                  0.21    0.29    1.36 v _590_/Y (sky130_fd_sc_hd__nand2_2)
     7    0.04                           _320_ (net)
                  0.21    0.00    1.37 v _591_/A (sky130_fd_sc_hd__buf_1)
                  0.29    0.37    1.74 v _591_/X (sky130_fd_sc_hd__buf_1)
    10    0.05                           _321_ (net)
                  0.29    0.00    1.74 v _608_/S (sky130_fd_sc_hd__mux2_2)
                  0.05    0.37    2.11 v _608_/X (sky130_fd_sc_hd__mux2_2)
     1    0.00                           _329_ (net)
                  0.05    0.00    2.11 v _609_/A (sky130_fd_sc_hd__buf_1)
                  0.02    0.09    2.20 v _609_/X (sky130_fd_sc_hd__buf_1)
     1    0.00                           _067_ (net)
                  0.02    0.00    2.20 v _707_/D (sky130_fd_sc_hd__dfrtp_2)
                                  2.20   data arrival time

                  0.15   10.00   10.00   clock clk (rise edge)
                          0.00   10.00   clock network delay (ideal)
                         -0.25    9.75   clock uncertainty
                          0.00    9.75   clock reconvergence pessimism
                                  9.75 ^ _707_/CLK (sky130_fd_sc_hd__dfrtp_2)
                         -0.08    9.67   library setup time
                                  9.67   data required time
-----------------------------------------------------------------------------
                                  9.67   data required time
                                 -2.20   data arrival time
-----------------------------------------------------------------------------
                                  7.47   slack (MET)


Startpoint: rst (input port clocked by clk)
Endpoint: _747_ (recovery check against rising-edge clock clk)
Path Group: asynchronous
Path Type: max

Fanout     Cap    Slew   Delay    Time   Description
-----------------------------------------------------------------------------
                  0.15    0.00    0.00   clock clk (rise edge)
                          0.00    0.00   clock network delay (ideal)
                          2.00    2.00 v input external delay
                  0.01    0.01    2.01 v rst (in)
     1    0.00                           rst (net)
                  0.01    0.00    2.01 v _634_/A (sky130_fd_sc_hd__buf_1)
                  0.21    0.22    2.23 v _634_/X (sky130_fd_sc_hd__buf_1)
     9    0.04                           _341_ (net)
                  0.21    0.00    2.23 v _693_/A (sky130_fd_sc_hd__inv_2)
                  0.06    0.10    2.33 ^ _693_/Y (sky130_fd_sc_hd__inv_2)
     1    0.00                           _054_ (net)
                  0.06    0.00    2.33 ^ _747_/RESET_B (sky130_fd_sc_hd__dfrtp_2)
                                  2.33   data arrival time

                  0.15   10.00   10.00   clock clk (rise edge)
                          0.00   10.00   clock network delay (ideal)
                         -0.25    9.75   clock uncertainty
                          0.00    9.75   clock reconvergence pessimism
                                  9.75 ^ _747_/CLK (sky130_fd_sc_hd__dfrtp_2)
                          0.25   10.00   library recovery time
                                 10.00   data required time
-----------------------------------------------------------------------------
                                 10.00   data required time
                                 -2.33   data arrival time
-----------------------------------------------------------------------------
                                  7.67   slack (MET)


Startpoint: rst (input port clocked by clk)
Endpoint: _744_ (recovery check against rising-edge clock clk)
Path Group: asynchronous
Path Type: max

Fanout     Cap    Slew   Delay    Time   Description
-----------------------------------------------------------------------------
                  0.15    0.00    0.00   clock clk (rise edge)
                          0.00    0.00   clock network delay (ideal)
                          2.00    2.00 v input external delay
                  0.01    0.01    2.01 v rst (in)
     1    0.00                           rst (net)
                  0.01    0.00    2.01 v _634_/A (sky130_fd_sc_hd__buf_1)
                  0.21    0.22    2.23 v _634_/X (sky130_fd_sc_hd__buf_1)
     9    0.04                           _341_ (net)
                  0.21    0.00    2.23 v _690_/A (sky130_fd_sc_hd__inv_2)
                  0.06    0.10    2.33 ^ _690_/Y (sky130_fd_sc_hd__inv_2)
     1    0.00                           _051_ (net)
                  0.06    0.00    2.33 ^ _744_/RESET_B (sky130_fd_sc_hd__dfrtp_2)
                                  2.33   data arrival time

                  0.15   10.00   10.00   clock clk (rise edge)
                          0.00   10.00   clock network delay (ideal)
                         -0.25    9.75   clock uncertainty
                          0.00    9.75   clock reconvergence pessimism
                                  9.75 ^ _744_/CLK (sky130_fd_sc_hd__dfrtp_2)
                          0.25   10.00   library recovery time
                                 10.00   data required time
-----------------------------------------------------------------------------
                                 10.00   data required time
                                 -2.33   data arrival time
-----------------------------------------------------------------------------
                                  7.67   slack (MET)


Startpoint: rst (input port clocked by clk)
Endpoint: _745_ (recovery check against rising-edge clock clk)
Path Group: asynchronous
Path Type: max

Fanout     Cap    Slew   Delay    Time   Description
-----------------------------------------------------------------------------
                  0.15    0.00    0.00   clock clk (rise edge)
                          0.00    0.00   clock network delay (ideal)
                          2.00    2.00 v input external delay
                  0.01    0.01    2.01 v rst (in)
     1    0.00                           rst (net)
                  0.01    0.00    2.01 v _634_/A (sky130_fd_sc_hd__buf_1)
                  0.21    0.22    2.23 v _634_/X (sky130_fd_sc_hd__buf_1)
     9    0.04                           _341_ (net)
                  0.21    0.00    2.23 v _691_/A (sky130_fd_sc_hd__inv_2)
                  0.06    0.10    2.33 ^ _691_/Y (sky130_fd_sc_hd__inv_2)
     1    0.00                           _052_ (net)
                  0.06    0.00    2.33 ^ _745_/RESET_B (sky130_fd_sc_hd__dfrtp_2)
                                  2.33   data arrival time

                  0.15   10.00   10.00   clock clk (rise edge)
                          0.00   10.00   clock network delay (ideal)
                         -0.25    9.75   clock uncertainty
                          0.00    9.75   clock reconvergence pessimism
                                  9.75 ^ _745_/CLK (sky130_fd_sc_hd__dfrtp_2)
                          0.25   10.00   library recovery time
                                 10.00   data required time
-----------------------------------------------------------------------------
                                 10.00   data required time
                                 -2.33   data arrival time
-----------------------------------------------------------------------------
                                  7.67   slack (MET)


Startpoint: rst (input port clocked by clk)
Endpoint: _746_ (recovery check against rising-edge clock clk)
Path Group: asynchronous
Path Type: max

Fanout     Cap    Slew   Delay    Time   Description
-----------------------------------------------------------------------------
                  0.15    0.00    0.00   clock clk (rise edge)
                          0.00    0.00   clock network delay (ideal)
                          2.00    2.00 v input external delay
                  0.01    0.01    2.01 v rst (in)
     1    0.00                           rst (net)
                  0.01    0.00    2.01 v _634_/A (sky130_fd_sc_hd__buf_1)
                  0.21    0.22    2.23 v _634_/X (sky130_fd_sc_hd__buf_1)
     9    0.04                           _341_ (net)
                  0.21    0.00    2.23 v _692_/A (sky130_fd_sc_hd__inv_2)
                  0.06    0.10    2.33 ^ _692_/Y (sky130_fd_sc_hd__inv_2)
     1    0.00                           _053_ (net)
                  0.06    0.00    2.33 ^ _746_/RESET_B (sky130_fd_sc_hd__dfrtp_2)
                                  2.33   data arrival time

                  0.15   10.00   10.00   clock clk (rise edge)
                          0.00   10.00   clock network delay (ideal)
                         -0.25    9.75   clock uncertainty
                          0.00    9.75   clock reconvergence pessimism
                                  9.75 ^ _746_/CLK (sky130_fd_sc_hd__dfrtp_2)
                          0.25   10.00   library recovery time
                                 10.00   data required time
-----------------------------------------------------------------------------
                                 10.00   data required time
                                 -2.33   data arrival time
-----------------------------------------------------------------------------
                                  7.67   slack (MET)


Startpoint: _697_ (rising edge-triggered flip-flop clocked by clk)
Endpoint: _702_ (rising edge-triggered flip-flop clocked by clk)
Path Group: clk
Path Type: max

Fanout     Cap    Slew   Delay    Time   Description
-----------------------------------------------------------------------------
                  0.15    0.00    0.00   clock clk (rise edge)
                          0.00    0.00   clock network delay (ideal)
                  0.15    0.00    0.00 ^ _697_/CLK (sky130_fd_sc_hd__dfrtp_2)
                  0.07    0.49    0.49 v _697_/Q (sky130_fd_sc_hd__dfrtp_2)
     4    0.02                           u_core.count[3] (net)
                  0.07    0.00    0.49 v _589_/A (sky130_fd_sc_hd__nor4b_2)
                  0.57    0.59    1.08 ^ _589_/Y (sky130_fd_sc_hd__nor4b_2)
     5    0.02                           _319_ (net)
                  0.57    0.00    1.08 ^ _590_/B (sky130_fd_sc_hd__nand2_2)
                  0.21    0.29    1.36 v _590_/Y (sky130_fd_sc_hd__nand2_2)
     7    0.04                           _320_ (net)
                  0.21    0.00    1.37 v _618_/S (sky130_fd_sc_hd__mux2_2)
                  0.05    0.34    1.71 v _618_/X (sky130_fd_sc_hd__mux2_2)
     1    0.00                           _334_ (net)
                  0.05    0.00    1.71 v _619_/A (sky130_fd_sc_hd__buf_1)
                  0.02    0.09    1.79 v _619_/X (sky130_fd_sc_hd__buf_1)
     1    0.00                           _062_ (net)
                  0.02    0.00    1.79 v _702_/D (sky130_fd_sc_hd__dfrtp_2)
                                  1.79   data arrival time

                  0.15   10.00   10.00   clock clk (rise edge)
                          0.00   10.00   clock network delay (ideal)
                         -0.25    9.75   clock uncertainty
                          0.00    9.75   clock reconvergence pessimism
                                  9.75 ^ _702_/CLK (sky130_fd_sc_hd__dfrtp_2)
                         -0.08    9.67   library setup time
                                  9.67   data required time
-----------------------------------------------------------------------------
                                  9.67   data required time
                                 -1.79   data arrival time
-----------------------------------------------------------------------------
                                  7.87   slack (MET)


Startpoint: _697_ (rising edge-triggered flip-flop clocked by clk)
Endpoint: _705_ (rising edge-triggered flip-flop clocked by clk)
Path Group: clk
Path Type: max

Fanout     Cap    Slew   Delay    Time   Description
-----------------------------------------------------------------------------
                  0.15    0.00    0.00   clock clk (rise edge)
                          0.00    0.00   clock network delay (ideal)
                  0.15    0.00    0.00 ^ _697_/CLK (sky130_fd_sc_hd__dfrtp_2)
                  0.07    0.49    0.49 v _697_/Q (sky130_fd_sc_hd__dfrtp_2)
     4    0.02                           u_core.count[3] (net)
                  0.07    0.00    0.49 v _589_/A (sky130_fd_sc_hd__nor4b_2)
                  0.57    0.59    1.08 ^ _589_/Y (sky130_fd_sc_hd__nor4b_2)
     5    0.02                           _319_ (net)
                  0.57    0.00    1.08 ^ _590_/B (sky130_fd_sc_hd__nand2_2)
                  0.21    0.29    1.36 v _590_/Y (sky130_fd_sc_hd__nand2_2)
     7    0.04                           _320_ (net)
                  0.21    0.00    1.37 v _612_/S (sky130_fd_sc_hd__mux2_2)
                  0.05    0.34    1.70 v _612_/X (sky130_fd_sc_hd__mux2_2)
     1    0.00                           _331_ (net)
                  0.05    0.00    1.70 v _613_/A (sky130_fd_sc_hd__buf_1)
                  0.02    0.09    1.79 v _613_/X (sky130_fd_sc_hd__buf_1)
     1    0.00                           _065_ (net)
                  0.02    0.00    1.79 v _705_/D (sky130_fd_sc_hd__dfrtp_2)
                                  1.79   data arrival time

                  0.15   10.00   10.00   clock clk (rise edge)
                          0.00   10.00   clock network delay (ideal)
                         -0.25    9.75   clock uncertainty
                          0.00    9.75   clock reconvergence pessimism
                                  9.75 ^ _705_/CLK (sky130_fd_sc_hd__dfrtp_2)
                         -0.08    9.67   library setup time
                                  9.67   data required time
-----------------------------------------------------------------------------
                                  9.67   data required time
                                 -1.79   data arrival time
-----------------------------------------------------------------------------
                                  7.87   slack (MET)


Startpoint: _697_ (rising edge-triggered flip-flop clocked by clk)
Endpoint: _701_ (rising edge-triggered flip-flop clocked by clk)
Path Group: clk
Path Type: max

Fanout     Cap    Slew   Delay    Time   Description
-----------------------------------------------------------------------------
                  0.15    0.00    0.00   clock clk (rise edge)
                          0.00    0.00   clock network delay (ideal)
                  0.15    0.00    0.00 ^ _697_/CLK (sky130_fd_sc_hd__dfrtp_2)
                  0.07    0.49    0.49 v _697_/Q (sky130_fd_sc_hd__dfrtp_2)
     4    0.02                           u_core.count[3] (net)
                  0.07    0.00    0.49 v _589_/A (sky130_fd_sc_hd__nor4b_2)
                  0.57    0.59    1.08 ^ _589_/Y (sky130_fd_sc_hd__nor4b_2)
     5    0.02                           _319_ (net)
                  0.57    0.00    1.08 ^ _590_/B (sky130_fd_sc_hd__nand2_2)
                  0.21    0.29    1.36 v _590_/Y (sky130_fd_sc_hd__nand2_2)
     7    0.04                           _320_ (net)
                  0.21    0.00    1.37 v _620_/S (sky130_fd_sc_hd__mux2_2)
                  0.05    0.34    1.70 v _620_/X (sky130_fd_sc_hd__mux2_2)
     1    0.00                           _335_ (net)
                  0.05    0.00    1.70 v _621_/A (sky130_fd_sc_hd__buf_1)
                  0.02    0.09    1.79 v _621_/X (sky130_fd_sc_hd__buf_1)
     1    0.00                           _061_ (net)
                  0.02    0.00    1.79 v _701_/D (sky130_fd_sc_hd__dfrtp_2)
                                  1.79   data arrival time

                  0.15   10.00   10.00   clock clk (rise edge)
                          0.00   10.00   clock network delay (ideal)
                         -0.25    9.75   clock uncertainty
                          0.00    9.75   clock reconvergence pessimism
                                  9.75 ^ _701_/CLK (sky130_fd_sc_hd__dfrtp_2)
                         -0.08    9.67   library setup time
                                  9.67   data required time
-----------------------------------------------------------------------------
                                  9.67   data required time
                                 -1.79   data arrival time
-----------------------------------------------------------------------------
                                  7.87   slack (MET)


Startpoint: _697_ (rising edge-triggered flip-flop clocked by clk)
Endpoint: _703_ (rising edge-triggered flip-flop clocked by clk)
Path Group: clk
Path Type: max

Fanout     Cap    Slew   Delay    Time   Description
-----------------------------------------------------------------------------
                  0.15    0.00    0.00   clock clk (rise edge)
                          0.00    0.00   clock network delay (ideal)
                  0.15    0.00    0.00 ^ _697_/CLK (sky130_fd_sc_hd__dfrtp_2)
                  0.07    0.49    0.49 v _697_/Q (sky130_fd_sc_hd__dfrtp_2)
     4    0.02                           u_core.count[3] (net)
                  0.07    0.00    0.49 v _589_/A (sky130_fd_sc_hd__nor4b_2)
                  0.57    0.59    1.08 ^ _589_/Y (sky130_fd_sc_hd__nor4b_2)
     5    0.02                           _319_ (net)
                  0.57    0.00    1.08 ^ _590_/B (sky130_fd_sc_hd__nand2_2)
                  0.21    0.29    1.36 v _590_/Y (sky130_fd_sc_hd__nand2_2)
     7    0.04                           _320_ (net)
                  0.21    0.00    1.37 v _616_/S (sky130_fd_sc_hd__mux2_2)
                  0.05    0.34    1.71 v _616_/X (sky130_fd_sc_hd__mux2_2)
     1    0.00                           _333_ (net)
                  0.05    0.00    1.71 v _617_/A (sky130_fd_sc_hd__buf_1)
                  0.02    0.09    1.79 v _617_/X (sky130_fd_sc_hd__buf_1)
     1    0.00                           _063_ (net)
                  0.02    0.00    1.79 v _703_/D (sky130_fd_sc_hd__dfrtp_2)
                                  1.79   data arrival time

                  0.15   10.00   10.00   clock clk (rise edge)
                          0.00   10.00   clock network delay (ideal)
                         -0.25    9.75   clock uncertainty
                          0.00    9.75   clock reconvergence pessimism
                                  9.75 ^ _703_/CLK (sky130_fd_sc_hd__dfrtp_2)
                         -0.08    9.67   library setup time
                                  9.67   data required time
-----------------------------------------------------------------------------
                                  9.67   data required time
                                 -1.79   data arrival time
-----------------------------------------------------------------------------
                                  7.87   slack (MET)


Startpoint: _697_ (rising edge-triggered flip-flop clocked by clk)
Endpoint: _704_ (rising edge-triggered flip-flop clocked by clk)
Path Group: clk
Path Type: max

Fanout     Cap    Slew   Delay    Time   Description
-----------------------------------------------------------------------------
                  0.15    0.00    0.00   clock clk (rise edge)
                          0.00    0.00   clock network delay (ideal)
                  0.15    0.00    0.00 ^ _697_/CLK (sky130_fd_sc_hd__dfrtp_2)
                  0.07    0.49    0.49 v _697_/Q (sky130_fd_sc_hd__dfrtp_2)
     4    0.02                           u_core.count[3] (net)
                  0.07    0.00    0.49 v _589_/A (sky130_fd_sc_hd__nor4b_2)
                  0.57    0.59    1.08 ^ _589_/Y (sky130_fd_sc_hd__nor4b_2)
     5    0.02                           _319_ (net)
                  0.57    0.00    1.08 ^ _590_/B (sky130_fd_sc_hd__nand2_2)
                  0.21    0.29    1.36 v _590_/Y (sky130_fd_sc_hd__nand2_2)
     7    0.04                           _320_ (net)
                  0.21    0.00    1.37 v _614_/S (sky130_fd_sc_hd__mux2_2)
                  0.05    0.34    1.71 v _614_/X (sky130_fd_sc_hd__mux2_2)
     1    0.00                           _332_ (net)
                  0.05    0.00    1.71 v _615_/A (sky130_fd_sc_hd__buf_1)
                  0.02    0.09    1.79 v _615_/X (sky130_fd_sc_hd__buf_1)
     1    0.00                           _064_ (net)
                  0.02    0.00    1.79 v _704_/D (sky130_fd_sc_hd__dfrtp_2)
                                  1.79   data arrival time

                  0.15   10.00   10.00   clock clk (rise edge)
                          0.00   10.00   clock network delay (ideal)
                         -0.25    9.75   clock uncertainty
                          0.00    9.75   clock reconvergence pessimism
                                  9.75 ^ _704_/CLK (sky130_fd_sc_hd__dfrtp_2)
                         -0.08    9.67   library setup time
                                  9.67   data required time
-----------------------------------------------------------------------------
                                  9.67   data required time
                                 -1.79   data arrival time
-----------------------------------------------------------------------------
                                  7.88   slack (MET)


Startpoint: _697_ (rising edge-triggered flip-flop clocked by clk)
Endpoint: _706_ (rising edge-triggered flip-flop clocked by clk)
Path Group: clk
Path Type: max

Fanout     Cap    Slew   Delay    Time   Description
-----------------------------------------------------------------------------
                  0.15    0.00    0.00   clock clk (rise edge)
                          0.00    0.00   clock network delay (ideal)
                  0.15    0.00    0.00 ^ _697_/CLK (sky130_fd_sc_hd__dfrtp_2)
                  0.07    0.49    0.49 v _697_/Q (sky130_fd_sc_hd__dfrtp_2)
     4    0.02                           u_core.count[3] (net)
                  0.07    0.00    0.49 v _589_/A (sky130_fd_sc_hd__nor4b_2)
                  0.57    0.59    1.08 ^ _589_/Y (sky130_fd_sc_hd__nor4b_2)
     5    0.02                           _319_ (net)
                  0.57    0.00    1.08 ^ _590_/B (sky130_fd_sc_hd__nand2_2)
                  0.21    0.29    1.36 v _590_/Y (sky130_fd_sc_hd__nand2_2)
     7    0.04                           _320_ (net)
                  0.21    0.00    1.37 v _610_/S (sky130_fd_sc_hd__mux2_2)
                  0.05    0.34    1.70 v _610_/X (sky130_fd_sc_hd__mux2_2)
     1    0.00                           _330_ (net)
                  0.05    0.00    1.70 v _611_/A (sky130_fd_sc_hd__buf_1)
                  0.02    0.09    1.79 v _611_/X (sky130_fd_sc_hd__buf_1)
     1    0.00                           _066_ (net)
                  0.02    0.00    1.79 v _706_/D (sky130_fd_sc_hd__dfrtp_2)
                                  1.79   data arrival time

                  0.15   10.00   10.00   clock clk (rise edge)
                          0.00   10.00   clock network delay (ideal)
                         -0.25    9.75   clock uncertainty
                          0.00    9.75   clock reconvergence pessimism
                                  9.75 ^ _706_/CLK (sky130_fd_sc_hd__dfrtp_2)
                         -0.08    9.67   library setup time
                                  9.67   data required time
-----------------------------------------------------------------------------
                                  9.67   data required time
                                 -1.79   data arrival time
-----------------------------------------------------------------------------
                                  7.88   slack (MET)


Startpoint: _698_ (rising edge-triggered flip-flop clocked by clk)
Endpoint: _700_ (rising edge-triggered flip-flop clocked by clk)
Path Group: clk
Path Type: max

Fanout     Cap    Slew   Delay    Time   Description
-----------------------------------------------------------------------------
                  0.15    0.00    0.00   clock clk (rise edge)
                          0.00    0.00   clock network delay (ideal)
                  0.15    0.00    0.00 ^ _698_/CLK (sky130_fd_sc_hd__dfrtp_2)
                  0.08    0.43    0.43 ^ _698_/Q (sky130_fd_sc_hd__dfrtp_2)
     3    0.01                           u_core.busy (net)
                  0.08    0.00    0.43 ^ _362_/A (sky130_fd_sc_hd__buf_1)
                  0.38    0.34    0.77 ^ _362_/X (sky130_fd_sc_hd__buf_1)
    10    0.03                           _123_ (net)
                  0.38    0.00    0.78 ^ _363_/A (sky130_fd_sc_hd__buf_1)
                  0.56    0.52    1.29 ^ _363_/X (sky130_fd_sc_hd__buf_1)
    10    0.05                           _124_ (net)
                  0.56    0.00    1.30 ^ _622_/B1 (sky130_fd_sc_hd__o21a_2)
                  0.04    0.23    1.52 ^ _622_/X (sky130_fd_sc_hd__o21a_2)
     1    0.00                           _060_ (net)
                  0.04    0.00    1.52 ^ _700_/D (sky130_fd_sc_hd__dfrtp_2)
                                  1.52   data arrival time

                  0.15   10.00   10.00   clock clk (rise edge)
                          0.00   10.00   clock network delay (ideal)
                         -0.25    9.75   clock uncertainty
                          0.00    9.75   clock reconvergence pessimism
                                  9.75 ^ _700_/CLK (sky130_fd_sc_hd__dfrtp_2)
                         -0.05    9.70   library setup time
                                  9.70   data required time
-----------------------------------------------------------------------------
                                  9.70   data required time
                                 -1.52   data arrival time
-----------------------------------------------------------------------------
                                  8.18   slack (MET)



