OpenROAD 41a51eaf4ca2171c92ff38afb91eb37bbd3f36da 
This program is licensed under the BSD-3 license. See the LICENSE file for details.
Components of this program may be licensed under more restrictive licenses which must be honored.
[INFO]: Reading ODB at '/openlane/designs/booth8_chip/runs/RUN_2026.02.14_13.42.57/results/cts/booth8_chip.odb'…
define_corners Typical
read_liberty -corner Typical /home/charan/.ciel/sky130A/libs.ref/sky130_fd_sc_hd/lib/sky130_fd_sc_hd__tt_025C_1v80.lib
Using 1e-12 for capacitance...
Using 1e+03 for resistance...
Using 1e-09 for time...
Using 1e+00 for voltage...
Using 1e-03 for current...
Using 1e-09 for power...
Using 1e-06 for distance...
Reading design constraints file at '/openlane/designs/booth8_chip/runs/RUN_2026.02.14_13.42.57/results/cts/booth8_chip.sdc'…
[INFO]: Setting RC values...
min_report

===========================================================================
report_checks -path_delay min (Hold)
============================================================================
======================= Typical Corner ===================================

Startpoint: _700_ (rising edge-triggered flip-flop clocked by clk)
Endpoint: _700_ (rising edge-triggered flip-flop clocked by clk)
Path Group: clk
Path Type: min

Fanout     Cap    Slew   Delay    Time   Description
-----------------------------------------------------------------------------
                          0.00    0.00   clock clk (rise edge)
                          0.00    0.00   clock source latency
                  0.08    0.05    0.05 ^ clk (in)
     1    0.02                           clk (net)
                  0.08    0.00    0.05 ^ clkbuf_0_clk/A (sky130_fd_sc_hd__clkbuf_16)
                  0.06    0.15    0.20 ^ clkbuf_0_clk/X (sky130_fd_sc_hd__clkbuf_16)
     4    0.04                           clknet_0_clk (net)
                  0.06    0.00    0.20 ^ clkbuf_2_3__f_clk/A (sky130_fd_sc_hd__clkbuf_16)
                  0.06    0.14    0.33 ^ clkbuf_2_3__f_clk/X (sky130_fd_sc_hd__clkbuf_16)
    12    0.03                           clknet_2_3__leaf_clk (net)
                  0.06    0.00    0.33 ^ _700_/CLK (sky130_fd_sc_hd__dfrtp_1)
                  0.06    0.32    0.65 ^ _700_/Q (sky130_fd_sc_hd__dfrtp_1)
     2    0.01                           net19 (net)
                  0.06    0.00    0.65 ^ _622_/A1 (sky130_fd_sc_hd__o21a_1)
                  0.04    0.11    0.76 ^ _622_/X (sky130_fd_sc_hd__o21a_1)
     1    0.00                           _060_ (net)
                  0.04    0.00    0.76 ^ _700_/D (sky130_fd_sc_hd__dfrtp_1)
                                  0.76   data arrival time

                          0.00    0.00   clock clk (rise edge)
                          0.00    0.00   clock source latency
                  0.08    0.06    0.06 ^ clk (in)
     1    0.02                           clk (net)
                  0.08    0.00    0.06 ^ clkbuf_0_clk/A (sky130_fd_sc_hd__clkbuf_16)
                  0.06    0.16    0.22 ^ clkbuf_0_clk/X (sky130_fd_sc_hd__clkbuf_16)
     4    0.04                           clknet_0_clk (net)
                  0.06    0.00    0.22 ^ clkbuf_2_3__f_clk/A (sky130_fd_sc_hd__clkbuf_16)
                  0.06    0.15    0.37 ^ clkbuf_2_3__f_clk/X (sky130_fd_sc_hd__clkbuf_16)
    12    0.03                           clknet_2_3__leaf_clk (net)
                  0.06    0.00    0.37 ^ _700_/CLK (sky130_fd_sc_hd__dfrtp_1)
                          0.25    0.62   clock uncertainty
                         -0.04    0.58   clock reconvergence pessimism
                         -0.03    0.55   library hold time
                                  0.55   data required time
-----------------------------------------------------------------------------
                                  0.55   data required time
                                 -0.76   data arrival time
-----------------------------------------------------------------------------
                                  0.21   slack (MET)


Startpoint: _697_ (rising edge-triggered flip-flop clocked by clk)
Endpoint: _697_ (rising edge-triggered flip-flop clocked by clk)
Path Group: clk
Path Type: min

Fanout     Cap    Slew   Delay    Time   Description
-----------------------------------------------------------------------------
                          0.00    0.00   clock clk (rise edge)
                          0.00    0.00   clock source latency
                  0.08    0.05    0.05 ^ clk (in)
     1    0.02                           clk (net)
                  0.08    0.00    0.05 ^ clkbuf_0_clk/A (sky130_fd_sc_hd__clkbuf_16)
                  0.06    0.15    0.20 ^ clkbuf_0_clk/X (sky130_fd_sc_hd__clkbuf_16)
     4    0.04                           clknet_0_clk (net)
                  0.06    0.00    0.20 ^ clkbuf_2_3__f_clk/A (sky130_fd_sc_hd__clkbuf_16)
                  0.06    0.14    0.33 ^ clkbuf_2_3__f_clk/X (sky130_fd_sc_hd__clkbuf_16)
    12    0.03                           clknet_2_3__leaf_clk (net)
                  0.06    0.00    0.33 ^ _697_/CLK (sky130_fd_sc_hd__dfrtp_1)
                  0.10    0.35    0.69 ^ _697_/Q (sky130_fd_sc_hd__dfrtp_1)
     4    0.01                           u_core.count[3] (net)
                  0.10    0.00    0.69 ^ _626_/A1 (sky130_fd_sc_hd__o21ai_1)
                  0.03    0.07    0.76 v _626_/Y (sky130_fd_sc_hd__o21ai_1)
     1    0.00                           _058_ (net)
                  0.03    0.00    0.76 v _697_/D (sky130_fd_sc_hd__dfrtp_1)
                                  0.76   data arrival time

                          0.00    0.00   clock clk (rise edge)
                          0.00    0.00   clock source latency
                  0.08    0.06    0.06 ^ clk (in)
     1    0.02                           clk (net)
                  0.08    0.00    0.06 ^ clkbuf_0_clk/A (sky130_fd_sc_hd__clkbuf_16)
                  0.06    0.16    0.22 ^ clkbuf_0_clk/X (sky130_fd_sc_hd__clkbuf_16)
     4    0.04                           clknet_0_clk (net)
                  0.06    0.00    0.22 ^ clkbuf_2_3__f_clk/A (sky130_fd_sc_hd__clkbuf_16)
                  0.06    0.15    0.37 ^ clkbuf_2_3__f_clk/X (sky130_fd_sc_hd__clkbuf_16)
    12    0.03                           clknet_2_3__leaf_clk (net)
                  0.06    0.00    0.37 ^ _697_/CLK (sky130_fd_sc_hd__dfrtp_1)
                          0.25    0.62   clock uncertainty
                         -0.04    0.58   clock reconvergence pessimism
                         -0.04    0.55   library hold time
                                  0.55   data required time
-----------------------------------------------------------------------------
                                  0.55   data required time
                                 -0.76   data arrival time
-----------------------------------------------------------------------------
                                  0.21   slack (MET)


Startpoint: _713_ (rising edge-triggered flip-flop clocked by clk)
Endpoint: _713_ (rising edge-triggered flip-flop clocked by clk)
Path Group: clk
Path Type: min

Fanout     Cap    Slew   Delay    Time   Description
-----------------------------------------------------------------------------
                          0.00    0.00   clock clk (rise edge)
                          0.00    0.00   clock source latency
                  0.08    0.05    0.05 ^ clk (in)
     1    0.02                           clk (net)
                  0.08    0.00    0.05 ^ clkbuf_0_clk/A (sky130_fd_sc_hd__clkbuf_16)
                  0.06    0.15    0.20 ^ clkbuf_0_clk/X (sky130_fd_sc_hd__clkbuf_16)
     4    0.04                           clknet_0_clk (net)
                  0.06    0.00    0.20 ^ clkbuf_2_3__f_clk/A (sky130_fd_sc_hd__clkbuf_16)
                  0.06    0.14    0.33 ^ clkbuf_2_3__f_clk/X (sky130_fd_sc_hd__clkbuf_16)
    12    0.03                           clknet_2_3__leaf_clk (net)
                  0.06    0.00    0.33 ^ _713_/CLK (sky130_fd_sc_hd__dfrtp_1)
                  0.07    0.33    0.66 ^ _713_/Q (sky130_fd_sc_hd__dfrtp_1)
     2    0.01                           net23 (net)
                  0.07    0.00    0.66 ^ _598_/A2 (sky130_fd_sc_hd__a22o_1)
                  0.04    0.13    0.79 ^ _598_/X (sky130_fd_sc_hd__a22o_1)
     1    0.00                           _073_ (net)
                  0.04    0.00    0.79 ^ _713_/D (sky130_fd_sc_hd__dfrtp_1)
                                  0.79   data arrival time

                          0.00    0.00   clock clk (rise edge)
                          0.00    0.00   clock source latency
                  0.08    0.06    0.06 ^ clk (in)
     1    0.02                           clk (net)
                  0.08    0.00    0.06 ^ clkbuf_0_clk/A (sky130_fd_sc_hd__clkbuf_16)
                  0.06    0.16    0.22 ^ clkbuf_0_clk/X (sky130_fd_sc_hd__clkbuf_16)
     4    0.04                           clknet_0_clk (net)
                  0.06    0.00    0.22 ^ clkbuf_2_3__f_clk/A (sky130_fd_sc_hd__clkbuf_16)
                  0.06    0.15    0.37 ^ clkbuf_2_3__f_clk/X (sky130_fd_sc_hd__clkbuf_16)
    12    0.03                           clknet_2_3__leaf_clk (net)
                  0.06    0.00    0.37 ^ _713_/CLK (sky130_fd_sc_hd__dfrtp_1)
                          0.25    0.62   clock uncertainty
                         -0.04    0.58   clock reconvergence pessimism
                         -0.03    0.55   library hold time
                                  0.55   data required time
-----------------------------------------------------------------------------
                                  0.55   data required time
                                 -0.79   data arrival time
-----------------------------------------------------------------------------
                                  0.23   slack (MET)


Startpoint: _711_ (rising edge-triggered flip-flop clocked by clk)
Endpoint: _711_ (rising edge-triggered flip-flop clocked by clk)
Path Group: clk
Path Type: min

Fanout     Cap    Slew   Delay    Time   Description
-----------------------------------------------------------------------------
                          0.00    0.00   clock clk (rise edge)
                          0.00    0.00   clock source latency
                  0.08    0.05    0.05 ^ clk (in)
     1    0.02                           clk (net)
                  0.08    0.00    0.05 ^ clkbuf_0_clk/A (sky130_fd_sc_hd__clkbuf_16)
                  0.06    0.15    0.20 ^ clkbuf_0_clk/X (sky130_fd_sc_hd__clkbuf_16)
     4    0.04                           clknet_0_clk (net)
                  0.06    0.00    0.20 ^ clkbuf_2_2__f_clk/A (sky130_fd_sc_hd__clkbuf_16)
                  0.06    0.14    0.34 ^ clkbuf_2_2__f_clk/X (sky130_fd_sc_hd__clkbuf_16)
    13    0.04                           clknet_2_2__leaf_clk (net)
                  0.06    0.00    0.34 ^ _711_/CLK (sky130_fd_sc_hd__dfrtp_1)
                  0.08    0.34    0.67 ^ _711_/Q (sky130_fd_sc_hd__dfrtp_1)
     2    0.01                           net21 (net)
                  0.08    0.00    0.67 ^ _601_/B2 (sky130_fd_sc_hd__a2bb2o_1)
                  0.04    0.12    0.80 ^ _601_/X (sky130_fd_sc_hd__a2bb2o_1)
     1    0.00                           _071_ (net)
                  0.04    0.00    0.80 ^ _711_/D (sky130_fd_sc_hd__dfrtp_1)
                                  0.80   data arrival time

                          0.00    0.00   clock clk (rise edge)
                          0.00    0.00   clock source latency
                  0.08    0.06    0.06 ^ clk (in)
     1    0.02                           clk (net)
                  0.08    0.00    0.06 ^ clkbuf_0_clk/A (sky130_fd_sc_hd__clkbuf_16)
                  0.06    0.16    0.22 ^ clkbuf_0_clk/X (sky130_fd_sc_hd__clkbuf_16)
     4    0.04                           clknet_0_clk (net)
                  0.06    0.00    0.22 ^ clkbuf_2_2__f_clk/A (sky130_fd_sc_hd__clkbuf_16)
                  0.06    0.15    0.37 ^ clkbuf_2_2__f_clk/X (sky130_fd_sc_hd__clkbuf_16)
    13    0.04                           clknet_2_2__leaf_clk (net)
                  0.06    0.00    0.37 ^ _711_/CLK (sky130_fd_sc_hd__dfrtp_1)
                          0.25    0.62   clock uncertainty
                         -0.04    0.59   clock reconvergence pessimism
                         -0.03    0.56   library hold time
                                  0.56   data required time
-----------------------------------------------------------------------------
                                  0.56   data required time
                                 -0.80   data arrival time
-----------------------------------------------------------------------------
                                  0.24   slack (MET)


Startpoint: _716_ (rising edge-triggered flip-flop clocked by clk)
Endpoint: _716_ (rising edge-triggered flip-flop clocked by clk)
Path Group: clk
Path Type: min

Fanout     Cap    Slew   Delay    Time   Description
-----------------------------------------------------------------------------
                          0.00    0.00   clock clk (rise edge)
                          0.00    0.00   clock source latency
                  0.08    0.05    0.05 ^ clk (in)
     1    0.02                           clk (net)
                  0.08    0.00    0.05 ^ clkbuf_0_clk/A (sky130_fd_sc_hd__clkbuf_16)
                  0.06    0.15    0.20 ^ clkbuf_0_clk/X (sky130_fd_sc_hd__clkbuf_16)
     4    0.04                           clknet_0_clk (net)
                  0.06    0.00    0.20 ^ clkbuf_2_0__f_clk/A (sky130_fd_sc_hd__clkbuf_16)
                  0.06    0.14    0.34 ^ clkbuf_2_0__f_clk/X (sky130_fd_sc_hd__clkbuf_16)
    15    0.04                           clknet_2_0__leaf_clk (net)
                  0.06    0.00    0.34 ^ _716_/CLK (sky130_fd_sc_hd__dfrtp_1)
                  0.09    0.34    0.68 ^ _716_/Q (sky130_fd_sc_hd__dfrtp_1)
     2    0.01                           net26 (net)
                  0.09    0.00    0.68 ^ _593_/B1 (sky130_fd_sc_hd__o21ai_1)
                  0.03    0.06    0.74 v _593_/Y (sky130_fd_sc_hd__o21ai_1)
     1    0.00                           _323_ (net)
                  0.03    0.00    0.74 v _594_/B1 (sky130_fd_sc_hd__o21ai_1)
                  0.07    0.06    0.80 ^ _594_/Y (sky130_fd_sc_hd__o21ai_1)
     1    0.00                           _076_ (net)
                  0.07    0.00    0.80 ^ _716_/D (sky130_fd_sc_hd__dfrtp_1)
                                  0.80   data arrival time

                          0.00    0.00   clock clk (rise edge)
                          0.00    0.00   clock source latency
                  0.08    0.06    0.06 ^ clk (in)
     1    0.02                           clk (net)
                  0.08    0.00    0.06 ^ clkbuf_0_clk/A (sky130_fd_sc_hd__clkbuf_16)
                  0.06    0.16    0.22 ^ clkbuf_0_clk/X (sky130_fd_sc_hd__clkbuf_16)
     4    0.04                           clknet_0_clk (net)
                  0.06    0.00    0.22 ^ clkbuf_2_0__f_clk/A (sky130_fd_sc_hd__clkbuf_16)
                  0.06    0.16    0.38 ^ clkbuf_2_0__f_clk/X (sky130_fd_sc_hd__clkbuf_16)
    15    0.04                           clknet_2_0__leaf_clk (net)
                  0.06    0.00    0.38 ^ _716_/CLK (sky130_fd_sc_hd__dfrtp_1)
                          0.25    0.63   clock uncertainty
                         -0.04    0.59   clock reconvergence pessimism
                         -0.04    0.55   library hold time
                                  0.55   data required time
-----------------------------------------------------------------------------
                                  0.55   data required time
                                 -0.80   data arrival time
-----------------------------------------------------------------------------
                                  0.25   slack (MET)


Startpoint: _695_ (rising edge-triggered flip-flop clocked by clk)
Endpoint: _695_ (rising edge-triggered flip-flop clocked by clk)
Path Group: clk
Path Type: min

Fanout     Cap    Slew   Delay    Time   Description
-----------------------------------------------------------------------------
                          0.00    0.00   clock clk (rise edge)
                          0.00    0.00   clock source latency
                  0.08    0.05    0.05 ^ clk (in)
     1    0.02                           clk (net)
                  0.08    0.00    0.05 ^ clkbuf_0_clk/A (sky130_fd_sc_hd__clkbuf_16)
                  0.06    0.15    0.20 ^ clkbuf_0_clk/X (sky130_fd_sc_hd__clkbuf_16)
     4    0.04                           clknet_0_clk (net)
                  0.06    0.00    0.20 ^ clkbuf_2_1__f_clk/A (sky130_fd_sc_hd__clkbuf_16)
                  0.06    0.14    0.34 ^ clkbuf_2_1__f_clk/X (sky130_fd_sc_hd__clkbuf_16)
    14    0.04                           clknet_2_1__leaf_clk (net)
                  0.06    0.00    0.34 ^ _695_/CLK (sky130_fd_sc_hd__dfrtp_1)
                  0.15    0.38    0.72 ^ _695_/Q (sky130_fd_sc_hd__dfrtp_1)
     6    0.02                           u_core.count[1] (net)
                  0.15    0.00    0.72 ^ _631_/A1 (sky130_fd_sc_hd__o21ai_1)
                  0.03    0.08    0.80 v _631_/Y (sky130_fd_sc_hd__o21ai_1)
     1    0.00                           _056_ (net)
                  0.03    0.00    0.80 v _695_/D (sky130_fd_sc_hd__dfrtp_1)
                                  0.80   data arrival time

                          0.00    0.00   clock clk (rise edge)
                          0.00    0.00   clock source latency
                  0.08    0.06    0.06 ^ clk (in)
     1    0.02                           clk (net)
                  0.08    0.00    0.06 ^ clkbuf_0_clk/A (sky130_fd_sc_hd__clkbuf_16)
                  0.06    0.16    0.22 ^ clkbuf_0_clk/X (sky130_fd_sc_hd__clkbuf_16)
     4    0.04                           clknet_0_clk (net)
                  0.06    0.00    0.22 ^ clkbuf_2_1__f_clk/A (sky130_fd_sc_hd__clkbuf_16)
                  0.06    0.15    0.37 ^ clkbuf_2_1__f_clk/X (sky130_fd_sc_hd__clkbuf_16)
    14    0.04                           clknet_2_1__leaf_clk (net)
                  0.06    0.00    0.37 ^ _695_/CLK (sky130_fd_sc_hd__dfrtp_1)
                          0.25    0.62   clock uncertainty
                         -0.04    0.59   clock reconvergence pessimism
                         -0.04    0.55   library hold time
                                  0.55   data required time
-----------------------------------------------------------------------------
                                  0.55   data required time
                                 -0.80   data arrival time
-----------------------------------------------------------------------------
                                  0.25   slack (MET)


Startpoint: _694_ (rising edge-triggered flip-flop clocked by clk)
Endpoint: _694_ (rising edge-triggered flip-flop clocked by clk)
Path Group: clk
Path Type: min

Fanout     Cap    Slew   Delay    Time   Description
-----------------------------------------------------------------------------
                          0.00    0.00   clock clk (rise edge)
                          0.00    0.00   clock source latency
                  0.08    0.05    0.05 ^ clk (in)
     1    0.02                           clk (net)
                  0.08    0.00    0.05 ^ clkbuf_0_clk/A (sky130_fd_sc_hd__clkbuf_16)
                  0.06    0.15    0.20 ^ clkbuf_0_clk/X (sky130_fd_sc_hd__clkbuf_16)
     4    0.04                           clknet_0_clk (net)
                  0.06    0.00    0.20 ^ clkbuf_2_1__f_clk/A (sky130_fd_sc_hd__clkbuf_16)
                  0.06    0.14    0.34 ^ clkbuf_2_1__f_clk/X (sky130_fd_sc_hd__clkbuf_16)
    14    0.04                           clknet_2_1__leaf_clk (net)
                  0.06    0.00    0.34 ^ _694_/CLK (sky130_fd_sc_hd__dfrtp_1)
                  0.12    0.37    0.70 ^ _694_/Q (sky130_fd_sc_hd__dfrtp_1)
     6    0.01                           u_core.count[0] (net)
                  0.12    0.00    0.70 ^ _632_/A1 (sky130_fd_sc_hd__a21bo_1)
                  0.03    0.11    0.82 ^ _632_/X (sky130_fd_sc_hd__a21bo_1)
     1    0.00                           _055_ (net)
                  0.03    0.00    0.82 ^ _694_/D (sky130_fd_sc_hd__dfrtp_1)
                                  0.82   data arrival time

                          0.00    0.00   clock clk (rise edge)
                          0.00    0.00   clock source latency
                  0.08    0.06    0.06 ^ clk (in)
     1    0.02                           clk (net)
                  0.08    0.00    0.06 ^ clkbuf_0_clk/A (sky130_fd_sc_hd__clkbuf_16)
                  0.06    0.16    0.22 ^ clkbuf_0_clk/X (sky130_fd_sc_hd__clkbuf_16)
     4    0.04                           clknet_0_clk (net)
                  0.06    0.00    0.22 ^ clkbuf_2_1__f_clk/A (sky130_fd_sc_hd__clkbuf_16)
                  0.06    0.15    0.37 ^ clkbuf_2_1__f_clk/X (sky130_fd_sc_hd__clkbuf_16)
    14    0.04                           clknet_2_1__leaf_clk (net)
                  0.06    0.00    0.37 ^ _694_/CLK (sky130_fd_sc_hd__dfrtp_1)
                          0.25    0.62   clock uncertainty
                         -0.04    0.59   clock reconvergence pessimism
                         -0.03    0.56   library hold time
                                  0.56   data required time
-----------------------------------------------------------------------------
                                  0.56   data required time
                                 -0.82   data arrival time
-----------------------------------------------------------------------------
                                  0.26   slack (MET)


Startpoint: _735_ (rising edge-triggered flip-flop clocked by clk)
Endpoint: _735_ (rising edge-triggered flip-flop clocked by clk)
Path Group: clk
Path Type: min

Fanout     Cap    Slew   Delay    Time   Description
-----------------------------------------------------------------------------
                          0.00    0.00   clock clk (rise edge)
                          0.00    0.00   clock source latency
                  0.08    0.05    0.05 ^ clk (in)
     1    0.02                           clk (net)
                  0.08    0.00    0.05 ^ clkbuf_0_clk/A (sky130_fd_sc_hd__clkbuf_16)
                  0.06    0.15    0.20 ^ clkbuf_0_clk/X (sky130_fd_sc_hd__clkbuf_16)
     4    0.04                           clknet_0_clk (net)
                  0.06    0.00    0.20 ^ clkbuf_2_0__f_clk/A (sky130_fd_sc_hd__clkbuf_16)
                  0.06    0.14    0.34 ^ clkbuf_2_0__f_clk/X (sky130_fd_sc_hd__clkbuf_16)
    15    0.04                           clknet_2_0__leaf_clk (net)
                  0.06    0.00    0.34 ^ _735_/CLK (sky130_fd_sc_hd__dfrtp_1)
                  0.12    0.37    0.71 ^ _735_/Q (sky130_fd_sc_hd__dfrtp_1)
     5    0.01                           u_core.A[2] (net)
                  0.12    0.00    0.71 ^ _544_/A1 (sky130_fd_sc_hd__a21bo_1)
                  0.03    0.11    0.82 ^ _544_/X (sky130_fd_sc_hd__a21bo_1)
     1    0.00                           _095_ (net)
                  0.03    0.00    0.82 ^ _735_/D (sky130_fd_sc_hd__dfrtp_1)
                                  0.82   data arrival time

                          0.00    0.00   clock clk (rise edge)
                          0.00    0.00   clock source latency
                  0.08    0.06    0.06 ^ clk (in)
     1    0.02                           clk (net)
                  0.08    0.00    0.06 ^ clkbuf_0_clk/A (sky130_fd_sc_hd__clkbuf_16)
                  0.06    0.16    0.22 ^ clkbuf_0_clk/X (sky130_fd_sc_hd__clkbuf_16)
     4    0.04                           clknet_0_clk (net)
                  0.06    0.00    0.22 ^ clkbuf_2_0__f_clk/A (sky130_fd_sc_hd__clkbuf_16)
                  0.06    0.16    0.38 ^ clkbuf_2_0__f_clk/X (sky130_fd_sc_hd__clkbuf_16)
    15    0.04                           clknet_2_0__leaf_clk (net)
                  0.06    0.00    0.38 ^ _735_/CLK (sky130_fd_sc_hd__dfrtp_1)
                          0.25    0.63   clock uncertainty
                         -0.04    0.59   clock reconvergence pessimism
                         -0.03    0.56   library hold time
                                  0.56   data required time
-----------------------------------------------------------------------------
                                  0.56   data required time
                                 -0.82   data arrival time
-----------------------------------------------------------------------------
                                  0.26   slack (MET)


Startpoint: _737_ (rising edge-triggered flip-flop clocked by clk)
Endpoint: _737_ (rising edge-triggered flip-flop clocked by clk)
Path Group: clk
Path Type: min

Fanout     Cap    Slew   Delay    Time   Description
-----------------------------------------------------------------------------
                          0.00    0.00   clock clk (rise edge)
                          0.00    0.00   clock source latency
                  0.08    0.05    0.05 ^ clk (in)
     1    0.02                           clk (net)
                  0.08    0.00    0.05 ^ clkbuf_0_clk/A (sky130_fd_sc_hd__clkbuf_16)
                  0.06    0.15    0.20 ^ clkbuf_0_clk/X (sky130_fd_sc_hd__clkbuf_16)
     4    0.04                           clknet_0_clk (net)
                  0.06    0.00    0.20 ^ clkbuf_2_1__f_clk/A (sky130_fd_sc_hd__clkbuf_16)
                  0.06    0.14    0.34 ^ clkbuf_2_1__f_clk/X (sky130_fd_sc_hd__clkbuf_16)
    14    0.04                           clknet_2_1__leaf_clk (net)
                  0.06    0.00    0.34 ^ _737_/CLK (sky130_fd_sc_hd__dfrtp_2)
                  0.10    0.37    0.71 ^ _737_/Q (sky130_fd_sc_hd__dfrtp_2)
     5    0.02                           u_core.A[4] (net)
                  0.10    0.00    0.71 ^ _532_/A1 (sky130_fd_sc_hd__a21o_1)
                  0.04    0.11    0.82 ^ _532_/X (sky130_fd_sc_hd__a21o_1)
     1    0.00                           _097_ (net)
                  0.04    0.00    0.82 ^ _737_/D (sky130_fd_sc_hd__dfrtp_2)
                                  0.82   data arrival time

                          0.00    0.00   clock clk (rise edge)
                          0.00    0.00   clock source latency
                  0.08    0.06    0.06 ^ clk (in)
     1    0.02                           clk (net)
                  0.08    0.00    0.06 ^ clkbuf_0_clk/A (sky130_fd_sc_hd__clkbuf_16)
                  0.06    0.16    0.22 ^ clkbuf_0_clk/X (sky130_fd_sc_hd__clkbuf_16)
     4    0.04                           clknet_0_clk (net)
                  0.06    0.00    0.22 ^ clkbuf_2_1__f_clk/A (sky130_fd_sc_hd__clkbuf_16)
                  0.06    0.15    0.37 ^ clkbuf_2_1__f_clk/X (sky130_fd_sc_hd__clkbuf_16)
    14    0.04                           clknet_2_1__leaf_clk (net)
                  0.06    0.00    0.37 ^ _737_/CLK (sky130_fd_sc_hd__dfrtp_2)
                          0.25    0.62   clock uncertainty
                         -0.04    0.59   clock reconvergence pessimism
                         -0.03    0.56   library hold time
                                  0.56   data required time
-----------------------------------------------------------------------------
                                  0.56   data required time
                                 -0.82   data arrival time
-----------------------------------------------------------------------------
                                  0.27   slack (MET)


Startpoint: _734_ (rising edge-triggered flip-flop clocked by clk)
Endpoint: _734_ (rising edge-triggered flip-flop clocked by clk)
Path Group: clk
Path Type: min

Fanout     Cap    Slew   Delay    Time   Description
-----------------------------------------------------------------------------
                          0.00    0.00   clock clk (rise edge)
                          0.00    0.00   clock source latency
                  0.08    0.05    0.05 ^ clk (in)
     1    0.02                           clk (net)
                  0.08    0.00    0.05 ^ clkbuf_0_clk/A (sky130_fd_sc_hd__clkbuf_16)
                  0.06    0.15    0.20 ^ clkbuf_0_clk/X (sky130_fd_sc_hd__clkbuf_16)
     4    0.04                           clknet_0_clk (net)
                  0.06    0.00    0.20 ^ clkbuf_2_0__f_clk/A (sky130_fd_sc_hd__clkbuf_16)
                  0.06    0.14    0.34 ^ clkbuf_2_0__f_clk/X (sky130_fd_sc_hd__clkbuf_16)
    15    0.04                           clknet_2_0__leaf_clk (net)
                  0.06    0.00    0.34 ^ _734_/CLK (sky130_fd_sc_hd__dfrtp_1)
                  0.10    0.35    0.69 ^ _734_/Q (sky130_fd_sc_hd__dfrtp_1)
     3    0.01                           u_core.A[1] (net)
                  0.10    0.00    0.69 ^ _548_/A1 (sky130_fd_sc_hd__a22o_1)
                  0.04    0.14    0.83 ^ _548_/X (sky130_fd_sc_hd__a22o_1)
     1    0.00                           _094_ (net)
                  0.04    0.00    0.83 ^ _734_/D (sky130_fd_sc_hd__dfrtp_1)
                                  0.83   data arrival time

                          0.00    0.00   clock clk (rise edge)
                          0.00    0.00   clock source latency
                  0.08    0.06    0.06 ^ clk (in)
     1    0.02                           clk (net)
                  0.08    0.00    0.06 ^ clkbuf_0_clk/A (sky130_fd_sc_hd__clkbuf_16)
                  0.06    0.16    0.22 ^ clkbuf_0_clk/X (sky130_fd_sc_hd__clkbuf_16)
     4    0.04                           clknet_0_clk (net)
                  0.06    0.00    0.22 ^ clkbuf_2_0__f_clk/A (sky130_fd_sc_hd__clkbuf_16)
                  0.06    0.16    0.38 ^ clkbuf_2_0__f_clk/X (sky130_fd_sc_hd__clkbuf_16)
    15    0.04                           clknet_2_0__leaf_clk (net)
                  0.06    0.00    0.38 ^ _734_/CLK (sky130_fd_sc_hd__dfrtp_1)
                          0.25    0.63   clock uncertainty
                         -0.04    0.59   clock reconvergence pessimism
                         -0.03    0.56   library hold time
                                  0.56   data required time
-----------------------------------------------------------------------------
                                  0.56   data required time
                                 -0.83   data arrival time
-----------------------------------------------------------------------------
                                  0.27   slack (MET)


Startpoint: _696_ (rising edge-triggered flip-flop clocked by clk)
Endpoint: _696_ (rising edge-triggered flip-flop clocked by clk)
Path Group: clk
Path Type: min

Fanout     Cap    Slew   Delay    Time   Description
-----------------------------------------------------------------------------
                          0.00    0.00   clock clk (rise edge)
                          0.00    0.00   clock source latency
                  0.08    0.05    0.05 ^ clk (in)
     1    0.02                           clk (net)
                  0.08    0.00    0.05 ^ clkbuf_0_clk/A (sky130_fd_sc_hd__clkbuf_16)
                  0.06    0.15    0.20 ^ clkbuf_0_clk/X (sky130_fd_sc_hd__clkbuf_16)
     4    0.04                           clknet_0_clk (net)
                  0.06    0.00    0.20 ^ clkbuf_2_3__f_clk/A (sky130_fd_sc_hd__clkbuf_16)
                  0.06    0.14    0.33 ^ clkbuf_2_3__f_clk/X (sky130_fd_sc_hd__clkbuf_16)
    12    0.03                           clknet_2_3__leaf_clk (net)
                  0.06    0.00    0.33 ^ _696_/CLK (sky130_fd_sc_hd__dfrtp_1)
                  0.10    0.35    0.68 ^ _696_/Q (sky130_fd_sc_hd__dfrtp_1)
     4    0.01                           u_core.count[2] (net)
                  0.10    0.00    0.68 ^ _628_/C1 (sky130_fd_sc_hd__o211ai_1)
                  0.05    0.09    0.77 v _628_/Y (sky130_fd_sc_hd__o211ai_1)
     1    0.00                           _339_ (net)
                  0.05    0.00    0.77 v _629_/B (sky130_fd_sc_hd__nand2_1)
                  0.04    0.06    0.83 ^ _629_/Y (sky130_fd_sc_hd__nand2_1)
     1    0.00                           _057_ (net)
                  0.04    0.00    0.83 ^ _696_/D (sky130_fd_sc_hd__dfrtp_1)
                                  0.83   data arrival time

                          0.00    0.00   clock clk (rise edge)
                          0.00    0.00   clock source latency
                  0.08    0.06    0.06 ^ clk (in)
     1    0.02                           clk (net)
                  0.08    0.00    0.06 ^ clkbuf_0_clk/A (sky130_fd_sc_hd__clkbuf_16)
                  0.06    0.16    0.22 ^ clkbuf_0_clk/X (sky130_fd_sc_hd__clkbuf_16)
     4    0.04                           clknet_0_clk (net)
                  0.06    0.00    0.22 ^ clkbuf_2_3__f_clk/A (sky130_fd_sc_hd__clkbuf_16)
                  0.06    0.15    0.37 ^ clkbuf_2_3__f_clk/X (sky130_fd_sc_hd__clkbuf_16)
    12    0.03                           clknet_2_3__leaf_clk (net)
                  0.06    0.00    0.37 ^ _696_/CLK (sky130_fd_sc_hd__dfrtp_1)
                          0.25    0.62   clock uncertainty
                         -0.04    0.58   clock reconvergence pessimism
                         -0.03    0.55   library hold time
                                  0.55   data required time
-----------------------------------------------------------------------------
                                  0.55   data required time
                                 -0.83   data arrival time
-----------------------------------------------------------------------------
                                  0.27   slack (MET)


Startpoint: _746_ (rising edge-triggered flip-flop clocked by clk)
Endpoint: _746_ (rising edge-triggered flip-flop clocked by clk)
Path Group: clk
Path Type: min

Fanout     Cap    Slew   Delay    Time   Description
-----------------------------------------------------------------------------
                          0.00    0.00   clock clk (rise edge)
                          0.00    0.00   clock source latency
                  0.08    0.05    0.05 ^ clk (in)
     1    0.02                           clk (net)
                  0.08    0.00    0.05 ^ clkbuf_0_clk/A (sky130_fd_sc_hd__clkbuf_16)
                  0.06    0.15    0.20 ^ clkbuf_0_clk/X (sky130_fd_sc_hd__clkbuf_16)
     4    0.04                           clknet_0_clk (net)
                  0.06    0.00    0.20 ^ clkbuf_2_3__f_clk/A (sky130_fd_sc_hd__clkbuf_16)
                  0.06    0.14    0.33 ^ clkbuf_2_3__f_clk/X (sky130_fd_sc_hd__clkbuf_16)
    12    0.03                           clknet_2_3__leaf_clk (net)
                  0.06    0.00    0.33 ^ _746_/CLK (sky130_fd_sc_hd__dfrtp_1)
                  0.07    0.38    0.71 v _746_/Q (sky130_fd_sc_hd__dfrtp_1)
     2    0.01                           u_core.A[13] (net)
                  0.07    0.00    0.71 v _451_/A (sky130_fd_sc_hd__inv_2)
                  0.05    0.07    0.78 ^ _451_/Y (sky130_fd_sc_hd__inv_2)
     3    0.01                           _212_ (net)
                  0.05    0.00    0.78 ^ _469_/B2 (sky130_fd_sc_hd__o2bb2ai_1)
                  0.03    0.05    0.83 v _469_/Y (sky130_fd_sc_hd__o2bb2ai_1)
     1    0.00                           _106_ (net)
                  0.03    0.00    0.83 v _746_/D (sky130_fd_sc_hd__dfrtp_1)
                                  0.83   data arrival time

                          0.00    0.00   clock clk (rise edge)
                          0.00    0.00   clock source latency
                  0.08    0.06    0.06 ^ clk (in)
     1    0.02                           clk (net)
                  0.08    0.00    0.06 ^ clkbuf_0_clk/A (sky130_fd_sc_hd__clkbuf_16)
                  0.06    0.16    0.22 ^ clkbuf_0_clk/X (sky130_fd_sc_hd__clkbuf_16)
     4    0.04                           clknet_0_clk (net)
                  0.06    0.00    0.22 ^ clkbuf_2_3__f_clk/A (sky130_fd_sc_hd__clkbuf_16)
                  0.06    0.15    0.37 ^ clkbuf_2_3__f_clk/X (sky130_fd_sc_hd__clkbuf_16)
    12    0.03                           clknet_2_3__leaf_clk (net)
                  0.06    0.00    0.37 ^ _746_/CLK (sky130_fd_sc_hd__dfrtp_1)
                          0.25    0.62   clock uncertainty
                         -0.04    0.58   clock reconvergence pessimism
                         -0.04    0.55   library hold time
                                  0.55   data required time
-----------------------------------------------------------------------------
                                  0.55   data required time
                                 -0.83   data arrival time
-----------------------------------------------------------------------------
                                  0.28   slack (MET)


Startpoint: _704_ (rising edge-triggered flip-flop clocked by clk)
Endpoint: _704_ (rising edge-triggered flip-flop clocked by clk)
Path Group: clk
Path Type: min

Fanout     Cap    Slew   Delay    Time   Description
-----------------------------------------------------------------------------
                          0.00    0.00   clock clk (rise edge)
                          0.00    0.00   clock source latency
                  0.08    0.05    0.05 ^ clk (in)
     1    0.02                           clk (net)
                  0.08    0.00    0.05 ^ clkbuf_0_clk/A (sky130_fd_sc_hd__clkbuf_16)
                  0.06    0.15    0.20 ^ clkbuf_0_clk/X (sky130_fd_sc_hd__clkbuf_16)
     4    0.04                           clknet_0_clk (net)
                  0.06    0.00    0.20 ^ clkbuf_2_0__f_clk/A (sky130_fd_sc_hd__clkbuf_16)
                  0.06    0.14    0.34 ^ clkbuf_2_0__f_clk/X (sky130_fd_sc_hd__clkbuf_16)
    15    0.04                           clknet_2_0__leaf_clk (net)
                  0.06    0.00    0.34 ^ _704_/CLK (sky130_fd_sc_hd__dfrtp_1)
                  0.06    0.32    0.66 ^ _704_/Q (sky130_fd_sc_hd__dfrtp_1)
     2    0.00                           net29 (net)
                  0.06    0.00    0.66 ^ _614_/A1 (sky130_fd_sc_hd__mux2_1)
                  0.04    0.11    0.77 ^ _614_/X (sky130_fd_sc_hd__mux2_1)
     1    0.00                           _332_ (net)
                  0.04    0.00    0.77 ^ _615_/A (sky130_fd_sc_hd__clkbuf_1)
                  0.04    0.07    0.84 ^ _615_/X (sky130_fd_sc_hd__clkbuf_1)
     1    0.00                           _064_ (net)
                  0.04    0.00    0.84 ^ _704_/D (sky130_fd_sc_hd__dfrtp_1)
                                  0.84   data arrival time

                          0.00    0.00   clock clk (rise edge)
                          0.00    0.00   clock source latency
                  0.08    0.06    0.06 ^ clk (in)
     1    0.02                           clk (net)
                  0.08    0.00    0.06 ^ clkbuf_0_clk/A (sky130_fd_sc_hd__clkbuf_16)
                  0.06    0.16    0.22 ^ clkbuf_0_clk/X (sky130_fd_sc_hd__clkbuf_16)
     4    0.04                           clknet_0_clk (net)
                  0.06    0.00    0.22 ^ clkbuf_2_0__f_clk/A (sky130_fd_sc_hd__clkbuf_16)
                  0.06    0.16    0.38 ^ clkbuf_2_0__f_clk/X (sky130_fd_sc_hd__clkbuf_16)
    15    0.04                           clknet_2_0__leaf_clk (net)
                  0.06    0.00    0.38 ^ _704_/CLK (sky130_fd_sc_hd__dfrtp_1)
                          0.25    0.63   clock uncertainty
                         -0.04    0.59   clock reconvergence pessimism
                         -0.03    0.56   library hold time
                                  0.56   data required time
-----------------------------------------------------------------------------
                                  0.56   data required time
                                 -0.84   data arrival time
-----------------------------------------------------------------------------
                                  0.28   slack (MET)


Startpoint: _712_ (rising edge-triggered flip-flop clocked by clk)
Endpoint: _712_ (rising edge-triggered flip-flop clocked by clk)
Path Group: clk
Path Type: min

Fanout     Cap    Slew   Delay    Time   Description
-----------------------------------------------------------------------------
                          0.00    0.00   clock clk (rise edge)
                          0.00    0.00   clock source latency
                  0.08    0.05    0.05 ^ clk (in)
     1    0.02                           clk (net)
                  0.08    0.00    0.05 ^ clkbuf_0_clk/A (sky130_fd_sc_hd__clkbuf_16)
                  0.06    0.15    0.20 ^ clkbuf_0_clk/X (sky130_fd_sc_hd__clkbuf_16)
     4    0.04                           clknet_0_clk (net)
                  0.06    0.00    0.20 ^ clkbuf_2_1__f_clk/A (sky130_fd_sc_hd__clkbuf_16)
                  0.06    0.14    0.34 ^ clkbuf_2_1__f_clk/X (sky130_fd_sc_hd__clkbuf_16)
    14    0.04                           clknet_2_1__leaf_clk (net)
                  0.06    0.00    0.34 ^ _712_/CLK (sky130_fd_sc_hd__dfrtp_1)
                  0.06    0.32    0.65 ^ _712_/Q (sky130_fd_sc_hd__dfrtp_1)
     2    0.00                           net22 (net)
                  0.06    0.00    0.65 ^ _599_/A1 (sky130_fd_sc_hd__mux2_1)
                  0.04    0.11    0.77 ^ _599_/X (sky130_fd_sc_hd__mux2_1)
     1    0.00                           _325_ (net)
                  0.04    0.00    0.77 ^ _600_/A (sky130_fd_sc_hd__clkbuf_1)
                  0.04    0.07    0.84 ^ _600_/X (sky130_fd_sc_hd__clkbuf_1)
     1    0.00                           _072_ (net)
                  0.04    0.00    0.84 ^ _712_/D (sky130_fd_sc_hd__dfrtp_1)
                                  0.84   data arrival time

                          0.00    0.00   clock clk (rise edge)
                          0.00    0.00   clock source latency
                  0.08    0.06    0.06 ^ clk (in)
     1    0.02                           clk (net)
                  0.08    0.00    0.06 ^ clkbuf_0_clk/A (sky130_fd_sc_hd__clkbuf_16)
                  0.06    0.16    0.22 ^ clkbuf_0_clk/X (sky130_fd_sc_hd__clkbuf_16)
     4    0.04                           clknet_0_clk (net)
                  0.06    0.00    0.22 ^ clkbuf_2_1__f_clk/A (sky130_fd_sc_hd__clkbuf_16)
                  0.06    0.15    0.37 ^ clkbuf_2_1__f_clk/X (sky130_fd_sc_hd__clkbuf_16)
    14    0.04                           clknet_2_1__leaf_clk (net)
                  0.06    0.00    0.37 ^ _712_/CLK (sky130_fd_sc_hd__dfrtp_1)
                          0.25    0.62   clock uncertainty
                         -0.04    0.59   clock reconvergence pessimism
                         -0.03    0.55   library hold time
                                  0.55   data required time
-----------------------------------------------------------------------------
                                  0.55   data required time
                                 -0.84   data arrival time
-----------------------------------------------------------------------------
                                  0.28   slack (MET)


Startpoint: _739_ (rising edge-triggered flip-flop clocked by clk)
Endpoint: _739_ (rising edge-triggered flip-flop clocked by clk)
Path Group: clk
Path Type: min

Fanout     Cap    Slew   Delay    Time   Description
-----------------------------------------------------------------------------
                          0.00    0.00   clock clk (rise edge)
                          0.00    0.00   clock source latency
                  0.08    0.05    0.05 ^ clk (in)
     1    0.02                           clk (net)
                  0.08    0.00    0.05 ^ clkbuf_0_clk/A (sky130_fd_sc_hd__clkbuf_16)
                  0.06    0.15    0.20 ^ clkbuf_0_clk/X (sky130_fd_sc_hd__clkbuf_16)
     4    0.04                           clknet_0_clk (net)
                  0.06    0.00    0.20 ^ clkbuf_2_3__f_clk/A (sky130_fd_sc_hd__clkbuf_16)
                  0.06    0.14    0.33 ^ clkbuf_2_3__f_clk/X (sky130_fd_sc_hd__clkbuf_16)
    12    0.03                           clknet_2_3__leaf_clk (net)
                  0.06    0.00    0.33 ^ _739_/CLK (sky130_fd_sc_hd__dfrtp_2)
                  0.10    0.37    0.71 ^ _739_/Q (sky130_fd_sc_hd__dfrtp_2)
     5    0.02                           u_core.A[6] (net)
                  0.10    0.00    0.71 ^ _522_/A1 (sky130_fd_sc_hd__a22o_1)
                  0.04    0.13    0.84 ^ _522_/X (sky130_fd_sc_hd__a22o_1)
     1    0.00                           _099_ (net)
                  0.04    0.00    0.84 ^ _739_/D (sky130_fd_sc_hd__dfrtp_2)
                                  0.84   data arrival time

                          0.00    0.00   clock clk (rise edge)
                          0.00    0.00   clock source latency
                  0.08    0.06    0.06 ^ clk (in)
     1    0.02                           clk (net)
                  0.08    0.00    0.06 ^ clkbuf_0_clk/A (sky130_fd_sc_hd__clkbuf_16)
                  0.06    0.16    0.22 ^ clkbuf_0_clk/X (sky130_fd_sc_hd__clkbuf_16)
     4    0.04                           clknet_0_clk (net)
                  0.06    0.00    0.22 ^ clkbuf_2_3__f_clk/A (sky130_fd_sc_hd__clkbuf_16)
                  0.06    0.15    0.37 ^ clkbuf_2_3__f_clk/X (sky130_fd_sc_hd__clkbuf_16)
    12    0.03                           clknet_2_3__leaf_clk (net)
                  0.06    0.00    0.37 ^ _739_/CLK (sky130_fd_sc_hd__dfrtp_2)
                          0.25    0.62   clock uncertainty
                         -0.04    0.58   clock reconvergence pessimism
                         -0.03    0.55   library hold time
                                  0.55   data required time
-----------------------------------------------------------------------------
                                  0.55   data required time
                                 -0.84   data arrival time
-----------------------------------------------------------------------------
                                  0.28   slack (MET)


Startpoint: _709_ (rising edge-triggered flip-flop clocked by clk)
Endpoint: _709_ (rising edge-triggered flip-flop clocked by clk)
Path Group: clk
Path Type: min

Fanout     Cap    Slew   Delay    Time   Description
-----------------------------------------------------------------------------
                          0.00    0.00   clock clk (rise edge)
                          0.00    0.00   clock source latency
                  0.08    0.05    0.05 ^ clk (in)
     1    0.02                           clk (net)
                  0.08    0.00    0.05 ^ clkbuf_0_clk/A (sky130_fd_sc_hd__clkbuf_16)
                  0.06    0.15    0.20 ^ clkbuf_0_clk/X (sky130_fd_sc_hd__clkbuf_16)
     4    0.04                           clknet_0_clk (net)
                  0.06    0.00    0.20 ^ clkbuf_2_1__f_clk/A (sky130_fd_sc_hd__clkbuf_16)
                  0.06    0.14    0.34 ^ clkbuf_2_1__f_clk/X (sky130_fd_sc_hd__clkbuf_16)
    14    0.04                           clknet_2_1__leaf_clk (net)
                  0.06    0.00    0.34 ^ _709_/CLK (sky130_fd_sc_hd__dfrtp_1)
                  0.06    0.32    0.65 ^ _709_/Q (sky130_fd_sc_hd__dfrtp_1)
     2    0.00                           net34 (net)
                  0.06    0.00    0.65 ^ _604_/A1 (sky130_fd_sc_hd__mux2_1)
                  0.04    0.12    0.77 ^ _604_/X (sky130_fd_sc_hd__mux2_1)
     1    0.00                           _327_ (net)
                  0.04    0.00    0.77 ^ _605_/A (sky130_fd_sc_hd__clkbuf_1)
                  0.04    0.07    0.84 ^ _605_/X (sky130_fd_sc_hd__clkbuf_1)
     1    0.00                           _069_ (net)
                  0.04    0.00    0.84 ^ _709_/D (sky130_fd_sc_hd__dfrtp_1)
                                  0.84   data arrival time

                          0.00    0.00   clock clk (rise edge)
                          0.00    0.00   clock source latency
                  0.08    0.06    0.06 ^ clk (in)
     1    0.02                           clk (net)
                  0.08    0.00    0.06 ^ clkbuf_0_clk/A (sky130_fd_sc_hd__clkbuf_16)
                  0.06    0.16    0.22 ^ clkbuf_0_clk/X (sky130_fd_sc_hd__clkbuf_16)
     4    0.04                           clknet_0_clk (net)
                  0.06    0.00    0.22 ^ clkbuf_2_1__f_clk/A (sky130_fd_sc_hd__clkbuf_16)
                  0.06    0.15    0.37 ^ clkbuf_2_1__f_clk/X (sky130_fd_sc_hd__clkbuf_16)
    14    0.04                           clknet_2_1__leaf_clk (net)
                  0.06    0.00    0.37 ^ _709_/CLK (sky130_fd_sc_hd__dfrtp_1)
                          0.25    0.62   clock uncertainty
                         -0.04    0.59   clock reconvergence pessimism
                         -0.03    0.56   library hold time
                                  0.56   data required time
-----------------------------------------------------------------------------
                                  0.56   data required time
                                 -0.84   data arrival time
-----------------------------------------------------------------------------
                                  0.28   slack (MET)


Startpoint: _707_ (rising edge-triggered flip-flop clocked by clk)
Endpoint: _707_ (rising edge-triggered flip-flop clocked by clk)
Path Group: clk
Path Type: min

Fanout     Cap    Slew   Delay    Time   Description
-----------------------------------------------------------------------------
                          0.00    0.00   clock clk (rise edge)
                          0.00    0.00   clock source latency
                  0.08    0.05    0.05 ^ clk (in)
     1    0.02                           clk (net)
                  0.08    0.00    0.05 ^ clkbuf_0_clk/A (sky130_fd_sc_hd__clkbuf_16)
                  0.06    0.15    0.20 ^ clkbuf_0_clk/X (sky130_fd_sc_hd__clkbuf_16)
     4    0.04                           clknet_0_clk (net)
                  0.06    0.00    0.20 ^ clkbuf_2_2__f_clk/A (sky130_fd_sc_hd__clkbuf_16)
                  0.06    0.14    0.34 ^ clkbuf_2_2__f_clk/X (sky130_fd_sc_hd__clkbuf_16)
    13    0.04                           clknet_2_2__leaf_clk (net)
                  0.06    0.00    0.34 ^ _707_/CLK (sky130_fd_sc_hd__dfrtp_1)
                  0.06    0.32    0.66 ^ _707_/Q (sky130_fd_sc_hd__dfrtp_1)
     2    0.00                           net32 (net)
                  0.06    0.00    0.66 ^ _608_/A1 (sky130_fd_sc_hd__mux2_1)
                  0.04    0.11    0.77 ^ _608_/X (sky130_fd_sc_hd__mux2_1)
     1    0.00                           _329_ (net)
                  0.04    0.00    0.77 ^ _609_/A (sky130_fd_sc_hd__clkbuf_1)
                  0.04    0.07    0.84 ^ _609_/X (sky130_fd_sc_hd__clkbuf_1)
     1    0.00                           _067_ (net)
                  0.04    0.00    0.84 ^ _707_/D (sky130_fd_sc_hd__dfrtp_1)
                                  0.84   data arrival time

                          0.00    0.00   clock clk (rise edge)
                          0.00    0.00   clock source latency
                  0.08    0.06    0.06 ^ clk (in)
     1    0.02                           clk (net)
                  0.08    0.00    0.06 ^ clkbuf_0_clk/A (sky130_fd_sc_hd__clkbuf_16)
                  0.06    0.16    0.22 ^ clkbuf_0_clk/X (sky130_fd_sc_hd__clkbuf_16)
     4    0.04                           clknet_0_clk (net)
                  0.06    0.00    0.22 ^ clkbuf_2_2__f_clk/A (sky130_fd_sc_hd__clkbuf_16)
                  0.06    0.15    0.37 ^ clkbuf_2_2__f_clk/X (sky130_fd_sc_hd__clkbuf_16)
    13    0.04                           clknet_2_2__leaf_clk (net)
                  0.06    0.00    0.37 ^ _707_/CLK (sky130_fd_sc_hd__dfrtp_1)
                          0.25    0.62   clock uncertainty
                         -0.04    0.59   clock reconvergence pessimism
                         -0.03    0.56   library hold time
                                  0.56   data required time
-----------------------------------------------------------------------------
                                  0.56   data required time
                                 -0.84   data arrival time
-----------------------------------------------------------------------------
                                  0.28   slack (MET)


Startpoint: _705_ (rising edge-triggered flip-flop clocked by clk)
Endpoint: _705_ (rising edge-triggered flip-flop clocked by clk)
Path Group: clk
Path Type: min

Fanout     Cap    Slew   Delay    Time   Description
-----------------------------------------------------------------------------
                          0.00    0.00   clock clk (rise edge)
                          0.00    0.00   clock source latency
                  0.08    0.05    0.05 ^ clk (in)
     1    0.02                           clk (net)
                  0.08    0.00    0.05 ^ clkbuf_0_clk/A (sky130_fd_sc_hd__clkbuf_16)
                  0.06    0.15    0.20 ^ clkbuf_0_clk/X (sky130_fd_sc_hd__clkbuf_16)
     4    0.04                           clknet_0_clk (net)
                  0.06    0.00    0.20 ^ clkbuf_2_2__f_clk/A (sky130_fd_sc_hd__clkbuf_16)
                  0.06    0.14    0.34 ^ clkbuf_2_2__f_clk/X (sky130_fd_sc_hd__clkbuf_16)
    13    0.04                           clknet_2_2__leaf_clk (net)
                  0.06    0.00    0.34 ^ _705_/CLK (sky130_fd_sc_hd__dfrtp_1)
                  0.06    0.32    0.66 ^ _705_/Q (sky130_fd_sc_hd__dfrtp_1)
     2    0.01                           net30 (net)
                  0.06    0.00    0.66 ^ _612_/A1 (sky130_fd_sc_hd__mux2_1)
                  0.04    0.11    0.77 ^ _612_/X (sky130_fd_sc_hd__mux2_1)
     1    0.00                           _331_ (net)
                  0.04    0.00    0.77 ^ _613_/A (sky130_fd_sc_hd__clkbuf_1)
                  0.04    0.07    0.84 ^ _613_/X (sky130_fd_sc_hd__clkbuf_1)
     1    0.00                           _065_ (net)
                  0.04    0.00    0.84 ^ _705_/D (sky130_fd_sc_hd__dfrtp_1)
                                  0.84   data arrival time

                          0.00    0.00   clock clk (rise edge)
                          0.00    0.00   clock source latency
                  0.08    0.06    0.06 ^ clk (in)
     1    0.02                           clk (net)
                  0.08    0.00    0.06 ^ clkbuf_0_clk/A (sky130_fd_sc_hd__clkbuf_16)
                  0.06    0.16    0.22 ^ clkbuf_0_clk/X (sky130_fd_sc_hd__clkbuf_16)
     4    0.04                           clknet_0_clk (net)
                  0.06    0.00    0.22 ^ clkbuf_2_2__f_clk/A (sky130_fd_sc_hd__clkbuf_16)
                  0.06    0.15    0.37 ^ clkbuf_2_2__f_clk/X (sky130_fd_sc_hd__clkbuf_16)
    13    0.04                           clknet_2_2__leaf_clk (net)
                  0.06    0.00    0.37 ^ _705_/CLK (sky130_fd_sc_hd__dfrtp_1)
                          0.25    0.62   clock uncertainty
                         -0.04    0.59   clock reconvergence pessimism
                         -0.03    0.56   library hold time
                                  0.56   data required time
-----------------------------------------------------------------------------
                                  0.56   data required time
                                 -0.84   data arrival time
-----------------------------------------------------------------------------
                                  0.28   slack (MET)


Startpoint: _733_ (rising edge-triggered flip-flop clocked by clk)
Endpoint: _733_ (rising edge-triggered flip-flop clocked by clk)
Path Group: clk
Path Type: min

Fanout     Cap    Slew   Delay    Time   Description
-----------------------------------------------------------------------------
                          0.00    0.00   clock clk (rise edge)
                          0.00    0.00   clock source latency
                  0.08    0.05    0.05 ^ clk (in)
     1    0.02                           clk (net)
                  0.08    0.00    0.05 ^ clkbuf_0_clk/A (sky130_fd_sc_hd__clkbuf_16)
                  0.06    0.15    0.20 ^ clkbuf_0_clk/X (sky130_fd_sc_hd__clkbuf_16)
     4    0.04                           clknet_0_clk (net)
                  0.06    0.00    0.20 ^ clkbuf_2_0__f_clk/A (sky130_fd_sc_hd__clkbuf_16)
                  0.06    0.14    0.34 ^ clkbuf_2_0__f_clk/X (sky130_fd_sc_hd__clkbuf_16)
    15    0.04                           clknet_2_0__leaf_clk (net)
                  0.06    0.00    0.34 ^ _733_/CLK (sky130_fd_sc_hd__dfrtp_1)
                  0.12    0.37    0.70 ^ _733_/Q (sky130_fd_sc_hd__dfrtp_1)
     5    0.01                           u_core.A[0] (net)
                  0.12    0.00    0.70 ^ _553_/A1 (sky130_fd_sc_hd__a22o_1)
                  0.04    0.14    0.84 ^ _553_/X (sky130_fd_sc_hd__a22o_1)
     1    0.00                           _093_ (net)
                  0.04    0.00    0.84 ^ _733_/D (sky130_fd_sc_hd__dfrtp_1)
                                  0.84   data arrival time

                          0.00    0.00   clock clk (rise edge)
                          0.00    0.00   clock source latency
                  0.08    0.06    0.06 ^ clk (in)
     1    0.02                           clk (net)
                  0.08    0.00    0.06 ^ clkbuf_0_clk/A (sky130_fd_sc_hd__clkbuf_16)
                  0.06    0.16    0.22 ^ clkbuf_0_clk/X (sky130_fd_sc_hd__clkbuf_16)
     4    0.04                           clknet_0_clk (net)
                  0.06    0.00    0.22 ^ clkbuf_2_0__f_clk/A (sky130_fd_sc_hd__clkbuf_16)
                  0.06    0.16    0.38 ^ clkbuf_2_0__f_clk/X (sky130_fd_sc_hd__clkbuf_16)
    15    0.04                           clknet_2_0__leaf_clk (net)
                  0.06    0.00    0.38 ^ _733_/CLK (sky130_fd_sc_hd__dfrtp_1)
                          0.25    0.63   clock uncertainty
                         -0.04    0.59   clock reconvergence pessimism
                         -0.03    0.56   library hold time
                                  0.56   data required time
-----------------------------------------------------------------------------
                                  0.56   data required time
                                 -0.84   data arrival time
-----------------------------------------------------------------------------
                                  0.29   slack (MET)


Startpoint: _710_ (rising edge-triggered flip-flop clocked by clk)
Endpoint: _710_ (rising edge-triggered flip-flop clocked by clk)
Path Group: clk
Path Type: min

Fanout     Cap    Slew   Delay    Time   Description
-----------------------------------------------------------------------------
                          0.00    0.00   clock clk (rise edge)
                          0.00    0.00   clock source latency
                  0.08    0.05    0.05 ^ clk (in)
     1    0.02                           clk (net)
                  0.08    0.00    0.05 ^ clkbuf_0_clk/A (sky130_fd_sc_hd__clkbuf_16)
                  0.06    0.15    0.20 ^ clkbuf_0_clk/X (sky130_fd_sc_hd__clkbuf_16)
     4    0.04                           clknet_0_clk (net)
                  0.06    0.00    0.20 ^ clkbuf_2_0__f_clk/A (sky130_fd_sc_hd__clkbuf_16)
                  0.06    0.14    0.34 ^ clkbuf_2_0__f_clk/X (sky130_fd_sc_hd__clkbuf_16)
    15    0.04                           clknet_2_0__leaf_clk (net)
                  0.06    0.00    0.34 ^ _710_/CLK (sky130_fd_sc_hd__dfrtp_1)
                  0.06    0.32    0.66 ^ _710_/Q (sky130_fd_sc_hd__dfrtp_1)
     2    0.00                           net35 (net)
                  0.06    0.00    0.66 ^ _602_/A1 (sky130_fd_sc_hd__mux2_1)
                  0.04    0.11    0.77 ^ _602_/X (sky130_fd_sc_hd__mux2_1)
     1    0.00                           _326_ (net)
                  0.04    0.00    0.77 ^ _603_/A (sky130_fd_sc_hd__clkbuf_1)
                  0.04    0.07    0.84 ^ _603_/X (sky130_fd_sc_hd__clkbuf_1)
     1    0.00                           _070_ (net)
                  0.04    0.00    0.84 ^ _710_/D (sky130_fd_sc_hd__dfrtp_1)
                                  0.84   data arrival time

                          0.00    0.00   clock clk (rise edge)
                          0.00    0.00   clock source latency
                  0.08    0.06    0.06 ^ clk (in)
     1    0.02                           clk (net)
                  0.08    0.00    0.06 ^ clkbuf_0_clk/A (sky130_fd_sc_hd__clkbuf_16)
                  0.06    0.16    0.22 ^ clkbuf_0_clk/X (sky130_fd_sc_hd__clkbuf_16)
     4    0.04                           clknet_0_clk (net)
                  0.06    0.00    0.22 ^ clkbuf_2_0__f_clk/A (sky130_fd_sc_hd__clkbuf_16)
                  0.06    0.16    0.38 ^ clkbuf_2_0__f_clk/X (sky130_fd_sc_hd__clkbuf_16)
    15    0.04                           clknet_2_0__leaf_clk (net)
                  0.06    0.00    0.38 ^ _710_/CLK (sky130_fd_sc_hd__dfrtp_1)
                          0.25    0.63   clock uncertainty
                         -0.04    0.59   clock reconvergence pessimism
                         -0.03    0.56   library hold time
                                  0.56   data required time
-----------------------------------------------------------------------------
                                  0.56   data required time
                                 -0.84   data arrival time
-----------------------------------------------------------------------------
                                  0.29   slack (MET)


Startpoint: _702_ (rising edge-triggered flip-flop clocked by clk)
Endpoint: _702_ (rising edge-triggered flip-flop clocked by clk)
Path Group: clk
Path Type: min

Fanout     Cap    Slew   Delay    Time   Description
-----------------------------------------------------------------------------
                          0.00    0.00   clock clk (rise edge)
                          0.00    0.00   clock source latency
                  0.08    0.05    0.05 ^ clk (in)
     1    0.02                           clk (net)
                  0.08    0.00    0.05 ^ clkbuf_0_clk/A (sky130_fd_sc_hd__clkbuf_16)
                  0.06    0.15    0.20 ^ clkbuf_0_clk/X (sky130_fd_sc_hd__clkbuf_16)
     4    0.04                           clknet_0_clk (net)
                  0.06    0.00    0.20 ^ clkbuf_2_0__f_clk/A (sky130_fd_sc_hd__clkbuf_16)
                  0.06    0.14    0.34 ^ clkbuf_2_0__f_clk/X (sky130_fd_sc_hd__clkbuf_16)
    15    0.04                           clknet_2_0__leaf_clk (net)
                  0.06    0.00    0.34 ^ _702_/CLK (sky130_fd_sc_hd__dfrtp_1)
                  0.06    0.32    0.66 ^ _702_/Q (sky130_fd_sc_hd__dfrtp_1)
     2    0.01                           net27 (net)
                  0.06    0.00    0.66 ^ _618_/A1 (sky130_fd_sc_hd__mux2_1)
                  0.04    0.11    0.77 ^ _618_/X (sky130_fd_sc_hd__mux2_1)
     1    0.00                           _334_ (net)
                  0.04    0.00    0.77 ^ _619_/A (sky130_fd_sc_hd__clkbuf_1)
                  0.04    0.07    0.84 ^ _619_/X (sky130_fd_sc_hd__clkbuf_1)
     1    0.00                           _062_ (net)
                  0.04    0.00    0.84 ^ _702_/D (sky130_fd_sc_hd__dfrtp_1)
                                  0.84   data arrival time

                          0.00    0.00   clock clk (rise edge)
                          0.00    0.00   clock source latency
                  0.08    0.06    0.06 ^ clk (in)
     1    0.02                           clk (net)
                  0.08    0.00    0.06 ^ clkbuf_0_clk/A (sky130_fd_sc_hd__clkbuf_16)
                  0.06    0.16    0.22 ^ clkbuf_0_clk/X (sky130_fd_sc_hd__clkbuf_16)
     4    0.04                           clknet_0_clk (net)
                  0.06    0.00    0.22 ^ clkbuf_2_0__f_clk/A (sky130_fd_sc_hd__clkbuf_16)
                  0.06    0.16    0.38 ^ clkbuf_2_0__f_clk/X (sky130_fd_sc_hd__clkbuf_16)
    15    0.04                           clknet_2_0__leaf_clk (net)
                  0.06    0.00    0.38 ^ _702_/CLK (sky130_fd_sc_hd__dfrtp_1)
                          0.25    0.63   clock uncertainty
                         -0.04    0.59   clock reconvergence pessimism
                         -0.03    0.56   library hold time
                                  0.56   data required time
-----------------------------------------------------------------------------
                                  0.56   data required time
                                 -0.84   data arrival time
-----------------------------------------------------------------------------
                                  0.29   slack (MET)


Startpoint: _703_ (rising edge-triggered flip-flop clocked by clk)
Endpoint: _703_ (rising edge-triggered flip-flop clocked by clk)
Path Group: clk
Path Type: min

Fanout     Cap    Slew   Delay    Time   Description
-----------------------------------------------------------------------------
                          0.00    0.00   clock clk (rise edge)
                          0.00    0.00   clock source latency
                  0.08    0.05    0.05 ^ clk (in)
     1    0.02                           clk (net)
                  0.08    0.00    0.05 ^ clkbuf_0_clk/A (sky130_fd_sc_hd__clkbuf_16)
                  0.06    0.15    0.20 ^ clkbuf_0_clk/X (sky130_fd_sc_hd__clkbuf_16)
     4    0.04                           clknet_0_clk (net)
                  0.06    0.00    0.20 ^ clkbuf_2_1__f_clk/A (sky130_fd_sc_hd__clkbuf_16)
                  0.06    0.14    0.34 ^ clkbuf_2_1__f_clk/X (sky130_fd_sc_hd__clkbuf_16)
    14    0.04                           clknet_2_1__leaf_clk (net)
                  0.06    0.00    0.34 ^ _703_/CLK (sky130_fd_sc_hd__dfrtp_1)
                  0.07    0.32    0.66 ^ _703_/Q (sky130_fd_sc_hd__dfrtp_1)
     2    0.01                           net28 (net)
                  0.07    0.00    0.66 ^ _616_/A1 (sky130_fd_sc_hd__mux2_1)
                  0.04    0.11    0.77 ^ _616_/X (sky130_fd_sc_hd__mux2_1)
     1    0.00                           _333_ (net)
                  0.04    0.00    0.77 ^ _617_/A (sky130_fd_sc_hd__clkbuf_1)
                  0.04    0.07    0.84 ^ _617_/X (sky130_fd_sc_hd__clkbuf_1)
     1    0.00                           _063_ (net)
                  0.04    0.00    0.84 ^ _703_/D (sky130_fd_sc_hd__dfrtp_1)
                                  0.84   data arrival time

                          0.00    0.00   clock clk (rise edge)
                          0.00    0.00   clock source latency
                  0.08    0.06    0.06 ^ clk (in)
     1    0.02                           clk (net)
                  0.08    0.00    0.06 ^ clkbuf_0_clk/A (sky130_fd_sc_hd__clkbuf_16)
                  0.06    0.16    0.22 ^ clkbuf_0_clk/X (sky130_fd_sc_hd__clkbuf_16)
     4    0.04                           clknet_0_clk (net)
                  0.06    0.00    0.22 ^ clkbuf_2_1__f_clk/A (sky130_fd_sc_hd__clkbuf_16)
                  0.06    0.15    0.37 ^ clkbuf_2_1__f_clk/X (sky130_fd_sc_hd__clkbuf_16)
    14    0.04                           clknet_2_1__leaf_clk (net)
                  0.06    0.00    0.37 ^ _703_/CLK (sky130_fd_sc_hd__dfrtp_1)
                          0.25    0.62   clock uncertainty
                         -0.04    0.59   clock reconvergence pessimism
                         -0.03    0.55   library hold time
                                  0.55   data required time
-----------------------------------------------------------------------------
                                  0.55   data required time
                                 -0.84   data arrival time
-----------------------------------------------------------------------------
                                  0.29   slack (MET)


Startpoint: _701_ (rising edge-triggered flip-flop clocked by clk)
Endpoint: _701_ (rising edge-triggered flip-flop clocked by clk)
Path Group: clk
Path Type: min

Fanout     Cap    Slew   Delay    Time   Description
-----------------------------------------------------------------------------
                          0.00    0.00   clock clk (rise edge)
                          0.00    0.00   clock source latency
                  0.08    0.05    0.05 ^ clk (in)
     1    0.02                           clk (net)
                  0.08    0.00    0.05 ^ clkbuf_0_clk/A (sky130_fd_sc_hd__clkbuf_16)
                  0.06    0.15    0.20 ^ clkbuf_0_clk/X (sky130_fd_sc_hd__clkbuf_16)
     4    0.04                           clknet_0_clk (net)
                  0.06    0.00    0.20 ^ clkbuf_2_2__f_clk/A (sky130_fd_sc_hd__clkbuf_16)
                  0.06    0.14    0.34 ^ clkbuf_2_2__f_clk/X (sky130_fd_sc_hd__clkbuf_16)
    13    0.04                           clknet_2_2__leaf_clk (net)
                  0.06    0.00    0.34 ^ _701_/CLK (sky130_fd_sc_hd__dfrtp_1)
                  0.06    0.32    0.66 ^ _701_/Q (sky130_fd_sc_hd__dfrtp_1)
     2    0.00                           net20 (net)
                  0.06    0.00    0.66 ^ _620_/A1 (sky130_fd_sc_hd__mux2_1)
                  0.04    0.12    0.77 ^ _620_/X (sky130_fd_sc_hd__mux2_1)
     1    0.00                           _335_ (net)
                  0.04    0.00    0.77 ^ _621_/A (sky130_fd_sc_hd__clkbuf_1)
                  0.04    0.07    0.84 ^ _621_/X (sky130_fd_sc_hd__clkbuf_1)
     1    0.00                           _061_ (net)
                  0.04    0.00    0.84 ^ _701_/D (sky130_fd_sc_hd__dfrtp_1)
                                  0.84   data arrival time

                          0.00    0.00   clock clk (rise edge)
                          0.00    0.00   clock source latency
                  0.08    0.06    0.06 ^ clk (in)
     1    0.02                           clk (net)
                  0.08    0.00    0.06 ^ clkbuf_0_clk/A (sky130_fd_sc_hd__clkbuf_16)
                  0.06    0.16    0.22 ^ clkbuf_0_clk/X (sky130_fd_sc_hd__clkbuf_16)
     4    0.04                           clknet_0_clk (net)
                  0.06    0.00    0.22 ^ clkbuf_2_2__f_clk/A (sky130_fd_sc_hd__clkbuf_16)
                  0.06    0.15    0.37 ^ clkbuf_2_2__f_clk/X (sky130_fd_sc_hd__clkbuf_16)
    13    0.04                           clknet_2_2__leaf_clk (net)
                  0.06    0.00    0.37 ^ _701_/CLK (sky130_fd_sc_hd__dfrtp_1)
                          0.25    0.62   clock uncertainty
                         -0.04    0.59   clock reconvergence pessimism
                         -0.03    0.56   library hold time
                                  0.56   data required time
-----------------------------------------------------------------------------
                                  0.56   data required time
                                 -0.84   data arrival time
-----------------------------------------------------------------------------
                                  0.29   slack (MET)


Startpoint: _708_ (rising edge-triggered flip-flop clocked by clk)
Endpoint: _708_ (rising edge-triggered flip-flop clocked by clk)
Path Group: clk
Path Type: min

Fanout     Cap    Slew   Delay    Time   Description
-----------------------------------------------------------------------------
                          0.00    0.00   clock clk (rise edge)
                          0.00    0.00   clock source latency
                  0.08    0.05    0.05 ^ clk (in)
     1    0.02                           clk (net)
                  0.08    0.00    0.05 ^ clkbuf_0_clk/A (sky130_fd_sc_hd__clkbuf_16)
                  0.06    0.15    0.20 ^ clkbuf_0_clk/X (sky130_fd_sc_hd__clkbuf_16)
     4    0.04                           clknet_0_clk (net)
                  0.06    0.00    0.20 ^ clkbuf_2_2__f_clk/A (sky130_fd_sc_hd__clkbuf_16)
                  0.06    0.14    0.34 ^ clkbuf_2_2__f_clk/X (sky130_fd_sc_hd__clkbuf_16)
    13    0.04                           clknet_2_2__leaf_clk (net)
                  0.06    0.00    0.34 ^ _708_/CLK (sky130_fd_sc_hd__dfrtp_1)
                  0.07    0.32    0.66 ^ _708_/Q (sky130_fd_sc_hd__dfrtp_1)
     2    0.01                           net33 (net)
                  0.07    0.00    0.66 ^ _606_/A1 (sky130_fd_sc_hd__mux2_1)
                  0.04    0.12    0.77 ^ _606_/X (sky130_fd_sc_hd__mux2_1)
     1    0.00                           _328_ (net)
                  0.04    0.00    0.77 ^ _607_/A (sky130_fd_sc_hd__clkbuf_1)
                  0.04    0.07    0.85 ^ _607_/X (sky130_fd_sc_hd__clkbuf_1)
     1    0.00                           _068_ (net)
                  0.04    0.00    0.85 ^ _708_/D (sky130_fd_sc_hd__dfrtp_1)
                                  0.85   data arrival time

                          0.00    0.00   clock clk (rise edge)
                          0.00    0.00   clock source latency
                  0.08    0.06    0.06 ^ clk (in)
     1    0.02                           clk (net)
                  0.08    0.00    0.06 ^ clkbuf_0_clk/A (sky130_fd_sc_hd__clkbuf_16)
                  0.06    0.16    0.22 ^ clkbuf_0_clk/X (sky130_fd_sc_hd__clkbuf_16)
     4    0.04                           clknet_0_clk (net)
                  0.06    0.00    0.22 ^ clkbuf_2_2__f_clk/A (sky130_fd_sc_hd__clkbuf_16)
                  0.06    0.15    0.37 ^ clkbuf_2_2__f_clk/X (sky130_fd_sc_hd__clkbuf_16)
    13    0.04                           clknet_2_2__leaf_clk (net)
                  0.06    0.00    0.37 ^ _708_/CLK (sky130_fd_sc_hd__dfrtp_1)
                          0.25    0.62   clock uncertainty
                         -0.04    0.59   clock reconvergence pessimism
                         -0.03    0.56   library hold time
                                  0.56   data required time
-----------------------------------------------------------------------------
                                  0.56   data required time
                                 -0.85   data arrival time
-----------------------------------------------------------------------------
                                  0.29   slack (MET)


Startpoint: _742_ (rising edge-triggered flip-flop clocked by clk)
Endpoint: _742_ (rising edge-triggered flip-flop clocked by clk)
Path Group: clk
Path Type: min

Fanout     Cap    Slew   Delay    Time   Description
-----------------------------------------------------------------------------
                          0.00    0.00   clock clk (rise edge)
                          0.00    0.00   clock source latency
                  0.08    0.05    0.05 ^ clk (in)
     1    0.02                           clk (net)
                  0.08    0.00    0.05 ^ clkbuf_0_clk/A (sky130_fd_sc_hd__clkbuf_16)
                  0.06    0.15    0.20 ^ clkbuf_0_clk/X (sky130_fd_sc_hd__clkbuf_16)
     4    0.04                           clknet_0_clk (net)
                  0.06    0.00    0.20 ^ clkbuf_2_2__f_clk/A (sky130_fd_sc_hd__clkbuf_16)
                  0.06    0.14    0.34 ^ clkbuf_2_2__f_clk/X (sky130_fd_sc_hd__clkbuf_16)
    13    0.04                           clknet_2_2__leaf_clk (net)
                  0.06    0.00    0.34 ^ _742_/CLK (sky130_fd_sc_hd__dfrtp_2)
                  0.10    0.37    0.71 ^ _742_/Q (sky130_fd_sc_hd__dfrtp_2)
     5    0.02                           u_core.A[9] (net)
                  0.10    0.00    0.71 ^ _503_/A1 (sky130_fd_sc_hd__a22o_1)
                  0.04    0.13    0.85 ^ _503_/X (sky130_fd_sc_hd__a22o_1)
     1    0.00                           _102_ (net)
                  0.04    0.00    0.85 ^ _742_/D (sky130_fd_sc_hd__dfrtp_2)
                                  0.85   data arrival time

                          0.00    0.00   clock clk (rise edge)
                          0.00    0.00   clock source latency
                  0.08    0.06    0.06 ^ clk (in)
     1    0.02                           clk (net)
                  0.08    0.00    0.06 ^ clkbuf_0_clk/A (sky130_fd_sc_hd__clkbuf_16)
                  0.06    0.16    0.22 ^ clkbuf_0_clk/X (sky130_fd_sc_hd__clkbuf_16)
     4    0.04                           clknet_0_clk (net)
                  0.06    0.00    0.22 ^ clkbuf_2_2__f_clk/A (sky130_fd_sc_hd__clkbuf_16)
                  0.06    0.15    0.37 ^ clkbuf_2_2__f_clk/X (sky130_fd_sc_hd__clkbuf_16)
    13    0.04                           clknet_2_2__leaf_clk (net)
                  0.06    0.00    0.37 ^ _742_/CLK (sky130_fd_sc_hd__dfrtp_2)
                          0.25    0.62   clock uncertainty
                         -0.04    0.59   clock reconvergence pessimism
                         -0.03    0.56   library hold time
                                  0.56   data required time
-----------------------------------------------------------------------------
                                  0.56   data required time
                                 -0.85   data arrival time
-----------------------------------------------------------------------------
                                  0.29   slack (MET)


Startpoint: _736_ (rising edge-triggered flip-flop clocked by clk)
Endpoint: _736_ (rising edge-triggered flip-flop clocked by clk)
Path Group: clk
Path Type: min

Fanout     Cap    Slew   Delay    Time   Description
-----------------------------------------------------------------------------
                          0.00    0.00   clock clk (rise edge)
                          0.00    0.00   clock source latency
                  0.08    0.05    0.05 ^ clk (in)
     1    0.02                           clk (net)
                  0.08    0.00    0.05 ^ clkbuf_0_clk/A (sky130_fd_sc_hd__clkbuf_16)
                  0.06    0.15    0.20 ^ clkbuf_0_clk/X (sky130_fd_sc_hd__clkbuf_16)
     4    0.04                           clknet_0_clk (net)
                  0.06    0.00    0.20 ^ clkbuf_2_1__f_clk/A (sky130_fd_sc_hd__clkbuf_16)
                  0.06    0.14    0.34 ^ clkbuf_2_1__f_clk/X (sky130_fd_sc_hd__clkbuf_16)
    14    0.04                           clknet_2_1__leaf_clk (net)
                  0.06    0.00    0.34 ^ _736_/CLK (sky130_fd_sc_hd__dfrtp_2)
                  0.10    0.38    0.71 ^ _736_/Q (sky130_fd_sc_hd__dfrtp_2)
     5    0.02                           u_core.A[3] (net)
                  0.10    0.00    0.71 ^ _537_/A1 (sky130_fd_sc_hd__a22o_1)
                  0.04    0.13    0.85 ^ _537_/X (sky130_fd_sc_hd__a22o_1)
     1    0.00                           _096_ (net)
                  0.04    0.00    0.85 ^ _736_/D (sky130_fd_sc_hd__dfrtp_2)
                                  0.85   data arrival time

                          0.00    0.00   clock clk (rise edge)
                          0.00    0.00   clock source latency
                  0.08    0.06    0.06 ^ clk (in)
     1    0.02                           clk (net)
                  0.08    0.00    0.06 ^ clkbuf_0_clk/A (sky130_fd_sc_hd__clkbuf_16)
                  0.06    0.16    0.22 ^ clkbuf_0_clk/X (sky130_fd_sc_hd__clkbuf_16)
     4    0.04                           clknet_0_clk (net)
                  0.06    0.00    0.22 ^ clkbuf_2_1__f_clk/A (sky130_fd_sc_hd__clkbuf_16)
                  0.06    0.15    0.37 ^ clkbuf_2_1__f_clk/X (sky130_fd_sc_hd__clkbuf_16)
    14    0.04                           clknet_2_1__leaf_clk (net)
                  0.06    0.00    0.37 ^ _736_/CLK (sky130_fd_sc_hd__dfrtp_2)
                          0.25    0.62   clock uncertainty
                         -0.04    0.59   clock reconvergence pessimism
                         -0.03    0.55   library hold time
                                  0.55   data required time
-----------------------------------------------------------------------------
                                  0.55   data required time
                                 -0.85   data arrival time
-----------------------------------------------------------------------------
                                  0.29   slack (MET)


Startpoint: _715_ (rising edge-triggered flip-flop clocked by clk)
Endpoint: _715_ (rising edge-triggered flip-flop clocked by clk)
Path Group: clk
Path Type: min

Fanout     Cap    Slew   Delay    Time   Description
-----------------------------------------------------------------------------
                          0.00    0.00   clock clk (rise edge)
                          0.00    0.00   clock source latency
                  0.08    0.05    0.05 ^ clk (in)
     1    0.02                           clk (net)
                  0.08    0.00    0.05 ^ clkbuf_0_clk/A (sky130_fd_sc_hd__clkbuf_16)
                  0.06    0.15    0.20 ^ clkbuf_0_clk/X (sky130_fd_sc_hd__clkbuf_16)
     4    0.04                           clknet_0_clk (net)
                  0.06    0.00    0.20 ^ clkbuf_2_3__f_clk/A (sky130_fd_sc_hd__clkbuf_16)
                  0.06    0.14    0.33 ^ clkbuf_2_3__f_clk/X (sky130_fd_sc_hd__clkbuf_16)
    12    0.03                           clknet_2_3__leaf_clk (net)
                  0.06    0.00    0.33 ^ _715_/CLK (sky130_fd_sc_hd__dfrtp_1)
                  0.14    0.38    0.71 ^ _715_/Q (sky130_fd_sc_hd__dfrtp_1)
     2    0.01                           net25 (net)
                  0.14    0.00    0.71 ^ _595_/B2 (sky130_fd_sc_hd__a32o_1)
                  0.05    0.13    0.84 ^ _595_/X (sky130_fd_sc_hd__a32o_1)
     1    0.00                           _075_ (net)
                  0.05    0.00    0.84 ^ _715_/D (sky130_fd_sc_hd__dfrtp_1)
                                  0.84   data arrival time

                          0.00    0.00   clock clk (rise edge)
                          0.00    0.00   clock source latency
                  0.08    0.06    0.06 ^ clk (in)
     1    0.02                           clk (net)
                  0.08    0.00    0.06 ^ clkbuf_0_clk/A (sky130_fd_sc_hd__clkbuf_16)
                  0.06    0.16    0.22 ^ clkbuf_0_clk/X (sky130_fd_sc_hd__clkbuf_16)
     4    0.04                           clknet_0_clk (net)
                  0.06    0.00    0.22 ^ clkbuf_2_3__f_clk/A (sky130_fd_sc_hd__clkbuf_16)
                  0.06    0.15    0.37 ^ clkbuf_2_3__f_clk/X (sky130_fd_sc_hd__clkbuf_16)
    12    0.03                           clknet_2_3__leaf_clk (net)
                  0.06    0.00    0.37 ^ _715_/CLK (sky130_fd_sc_hd__dfrtp_1)
                          0.25    0.62   clock uncertainty
                         -0.04    0.58   clock reconvergence pessimism
                         -0.03    0.55   library hold time
                                  0.55   data required time
-----------------------------------------------------------------------------
                                  0.55   data required time
                                 -0.84   data arrival time
-----------------------------------------------------------------------------
                                  0.29   slack (MET)


Startpoint: _714_ (rising edge-triggered flip-flop clocked by clk)
Endpoint: _714_ (rising edge-triggered flip-flop clocked by clk)
Path Group: clk
Path Type: min

Fanout     Cap    Slew   Delay    Time   Description
-----------------------------------------------------------------------------
                          0.00    0.00   clock clk (rise edge)
                          0.00    0.00   clock source latency
                  0.08    0.05    0.05 ^ clk (in)
     1    0.02                           clk (net)
                  0.08    0.00    0.05 ^ clkbuf_0_clk/A (sky130_fd_sc_hd__clkbuf_16)
                  0.06    0.15    0.20 ^ clkbuf_0_clk/X (sky130_fd_sc_hd__clkbuf_16)
     4    0.04                           clknet_0_clk (net)
                  0.06    0.00    0.20 ^ clkbuf_2_1__f_clk/A (sky130_fd_sc_hd__clkbuf_16)
                  0.06    0.14    0.34 ^ clkbuf_2_1__f_clk/X (sky130_fd_sc_hd__clkbuf_16)
    14    0.04                           clknet_2_1__leaf_clk (net)
                  0.06    0.00    0.34 ^ _714_/CLK (sky130_fd_sc_hd__dfrtp_1)
                  0.07    0.32    0.66 ^ _714_/Q (sky130_fd_sc_hd__dfrtp_1)
     2    0.01                           net24 (net)
                  0.07    0.00    0.66 ^ _596_/A1 (sky130_fd_sc_hd__mux2_1)
                  0.04    0.12    0.78 ^ _596_/X (sky130_fd_sc_hd__mux2_1)
     1    0.00                           _324_ (net)
                  0.04    0.00    0.78 ^ _597_/A (sky130_fd_sc_hd__clkbuf_1)
                  0.04    0.07    0.85 ^ _597_/X (sky130_fd_sc_hd__clkbuf_1)
     1    0.00                           _074_ (net)
                  0.04    0.00    0.85 ^ _714_/D (sky130_fd_sc_hd__dfrtp_1)
                                  0.85   data arrival time

                          0.00    0.00   clock clk (rise edge)
                          0.00    0.00   clock source latency
                  0.08    0.06    0.06 ^ clk (in)
     1    0.02                           clk (net)
                  0.08    0.00    0.06 ^ clkbuf_0_clk/A (sky130_fd_sc_hd__clkbuf_16)
                  0.06    0.16    0.22 ^ clkbuf_0_clk/X (sky130_fd_sc_hd__clkbuf_16)
     4    0.04                           clknet_0_clk (net)
                  0.06    0.00    0.22 ^ clkbuf_2_1__f_clk/A (sky130_fd_sc_hd__clkbuf_16)
                  0.06    0.15    0.37 ^ clkbuf_2_1__f_clk/X (sky130_fd_sc_hd__clkbuf_16)
    14    0.04                           clknet_2_1__leaf_clk (net)
                  0.06    0.00    0.37 ^ _714_/CLK (sky130_fd_sc_hd__dfrtp_1)
                          0.25    0.62   clock uncertainty
                         -0.04    0.59   clock reconvergence pessimism
                         -0.03    0.55   library hold time
                                  0.55   data required time
-----------------------------------------------------------------------------
                                  0.55   data required time
                                 -0.85   data arrival time
-----------------------------------------------------------------------------
                                  0.29   slack (MET)


Startpoint: _740_ (rising edge-triggered flip-flop clocked by clk)
Endpoint: _740_ (rising edge-triggered flip-flop clocked by clk)
Path Group: clk
Path Type: min

Fanout     Cap    Slew   Delay    Time   Description
-----------------------------------------------------------------------------
                          0.00    0.00   clock clk (rise edge)
                          0.00    0.00   clock source latency
                  0.08    0.05    0.05 ^ clk (in)
     1    0.02                           clk (net)
                  0.08    0.00    0.05 ^ clkbuf_0_clk/A (sky130_fd_sc_hd__clkbuf_16)
                  0.06    0.15    0.20 ^ clkbuf_0_clk/X (sky130_fd_sc_hd__clkbuf_16)
     4    0.04                           clknet_0_clk (net)
                  0.06    0.00    0.20 ^ clkbuf_2_2__f_clk/A (sky130_fd_sc_hd__clkbuf_16)
                  0.06    0.14    0.34 ^ clkbuf_2_2__f_clk/X (sky130_fd_sc_hd__clkbuf_16)
    13    0.04                           clknet_2_2__leaf_clk (net)
                  0.06    0.00    0.34 ^ _740_/CLK (sky130_fd_sc_hd__dfrtp_2)
                  0.11    0.38    0.72 ^ _740_/Q (sky130_fd_sc_hd__dfrtp_2)
     6    0.02                           u_core.A[7] (net)
                  0.11    0.00    0.72 ^ _514_/B2 (sky130_fd_sc_hd__a2bb2o_1)
                  0.04    0.13    0.85 ^ _514_/X (sky130_fd_sc_hd__a2bb2o_1)
     1    0.00                           _100_ (net)
                  0.04    0.00    0.85 ^ _740_/D (sky130_fd_sc_hd__dfrtp_2)
                                  0.85   data arrival time

                          0.00    0.00   clock clk (rise edge)
                          0.00    0.00   clock source latency
                  0.08    0.06    0.06 ^ clk (in)
     1    0.02                           clk (net)
                  0.08    0.00    0.06 ^ clkbuf_0_clk/A (sky130_fd_sc_hd__clkbuf_16)
                  0.06    0.16    0.22 ^ clkbuf_0_clk/X (sky130_fd_sc_hd__clkbuf_16)
     4    0.04                           clknet_0_clk (net)
                  0.06    0.00    0.22 ^ clkbuf_2_2__f_clk/A (sky130_fd_sc_hd__clkbuf_16)
                  0.06    0.15    0.37 ^ clkbuf_2_2__f_clk/X (sky130_fd_sc_hd__clkbuf_16)
    13    0.04                           clknet_2_2__leaf_clk (net)
                  0.06    0.00    0.37 ^ _740_/CLK (sky130_fd_sc_hd__dfrtp_2)
                          0.25    0.62   clock uncertainty
                         -0.04    0.59   clock reconvergence pessimism
                         -0.03    0.56   library hold time
                                  0.56   data required time
-----------------------------------------------------------------------------
                                  0.56   data required time
                                 -0.85   data arrival time
-----------------------------------------------------------------------------
                                  0.29   slack (MET)


Startpoint: _744_ (rising edge-triggered flip-flop clocked by clk)
Endpoint: _744_ (rising edge-triggered flip-flop clocked by clk)
Path Group: clk
Path Type: min

Fanout     Cap    Slew   Delay    Time   Description
-----------------------------------------------------------------------------
                          0.00    0.00   clock clk (rise edge)
                          0.00    0.00   clock source latency
                  0.08    0.05    0.05 ^ clk (in)
     1    0.02                           clk (net)
                  0.08    0.00    0.05 ^ clkbuf_0_clk/A (sky130_fd_sc_hd__clkbuf_16)
                  0.06    0.15    0.20 ^ clkbuf_0_clk/X (sky130_fd_sc_hd__clkbuf_16)
     4    0.04                           clknet_0_clk (net)
                  0.06    0.00    0.20 ^ clkbuf_2_2__f_clk/A (sky130_fd_sc_hd__clkbuf_16)
                  0.06    0.14    0.34 ^ clkbuf_2_2__f_clk/X (sky130_fd_sc_hd__clkbuf_16)
    13    0.04                           clknet_2_2__leaf_clk (net)
                  0.06    0.00    0.34 ^ _744_/CLK (sky130_fd_sc_hd__dfrtp_2)
                  0.11    0.38    0.72 ^ _744_/Q (sky130_fd_sc_hd__dfrtp_2)
     4    0.02                           u_core.A[11] (net)
                  0.11    0.00    0.72 ^ _488_/A1 (sky130_fd_sc_hd__a22o_1)
                  0.04    0.13    0.86 ^ _488_/X (sky130_fd_sc_hd__a22o_1)
     1    0.00                           _104_ (net)
                  0.04    0.00    0.86 ^ _744_/D (sky130_fd_sc_hd__dfrtp_2)
                                  0.86   data arrival time

                          0.00    0.00   clock clk (rise edge)
                          0.00    0.00   clock source latency
                  0.08    0.06    0.06 ^ clk (in)
     1    0.02                           clk (net)
                  0.08    0.00    0.06 ^ clkbuf_0_clk/A (sky130_fd_sc_hd__clkbuf_16)
                  0.06    0.16    0.22 ^ clkbuf_0_clk/X (sky130_fd_sc_hd__clkbuf_16)
     4    0.04                           clknet_0_clk (net)
                  0.06    0.00    0.22 ^ clkbuf_2_2__f_clk/A (sky130_fd_sc_hd__clkbuf_16)
                  0.06    0.15    0.37 ^ clkbuf_2_2__f_clk/X (sky130_fd_sc_hd__clkbuf_16)
    13    0.04                           clknet_2_2__leaf_clk (net)
                  0.06    0.00    0.37 ^ _744_/CLK (sky130_fd_sc_hd__dfrtp_2)
                          0.25    0.62   clock uncertainty
                         -0.04    0.59   clock reconvergence pessimism
                         -0.03    0.56   library hold time
                                  0.56   data required time
-----------------------------------------------------------------------------
                                  0.56   data required time
                                 -0.86   data arrival time
-----------------------------------------------------------------------------
                                  0.30   slack (MET)


Startpoint: _738_ (rising edge-triggered flip-flop clocked by clk)
Endpoint: _738_ (rising edge-triggered flip-flop clocked by clk)
Path Group: clk
Path Type: min

Fanout     Cap    Slew   Delay    Time   Description
-----------------------------------------------------------------------------
                          0.00    0.00   clock clk (rise edge)
                          0.00    0.00   clock source latency
                  0.08    0.05    0.05 ^ clk (in)
     1    0.02                           clk (net)
                  0.08    0.00    0.05 ^ clkbuf_0_clk/A (sky130_fd_sc_hd__clkbuf_16)
                  0.06    0.15    0.20 ^ clkbuf_0_clk/X (sky130_fd_sc_hd__clkbuf_16)
     4    0.04                           clknet_0_clk (net)
                  0.06    0.00    0.20 ^ clkbuf_2_1__f_clk/A (sky130_fd_sc_hd__clkbuf_16)
                  0.06    0.14    0.34 ^ clkbuf_2_1__f_clk/X (sky130_fd_sc_hd__clkbuf_16)
    14    0.04                           clknet_2_1__leaf_clk (net)
                  0.06    0.00    0.34 ^ _738_/CLK (sky130_fd_sc_hd__dfrtp_2)
                  0.11    0.38    0.72 ^ _738_/Q (sky130_fd_sc_hd__dfrtp_2)
     5    0.02                           u_core.A[5] (net)
                  0.11    0.00    0.72 ^ _527_/A1 (sky130_fd_sc_hd__a22o_1)
                  0.04    0.14    0.86 ^ _527_/X (sky130_fd_sc_hd__a22o_1)
     1    0.00                           _098_ (net)
                  0.04    0.00    0.86 ^ _738_/D (sky130_fd_sc_hd__dfrtp_2)
                                  0.86   data arrival time

                          0.00    0.00   clock clk (rise edge)
                          0.00    0.00   clock source latency
                  0.08    0.06    0.06 ^ clk (in)
     1    0.02                           clk (net)
                  0.08    0.00    0.06 ^ clkbuf_0_clk/A (sky130_fd_sc_hd__clkbuf_16)
                  0.06    0.16    0.22 ^ clkbuf_0_clk/X (sky130_fd_sc_hd__clkbuf_16)
     4    0.04                           clknet_0_clk (net)
                  0.06    0.00    0.22 ^ clkbuf_2_1__f_clk/A (sky130_fd_sc_hd__clkbuf_16)
                  0.06    0.15    0.37 ^ clkbuf_2_1__f_clk/X (sky130_fd_sc_hd__clkbuf_16)
    14    0.04                           clknet_2_1__leaf_clk (net)
                  0.06    0.00    0.37 ^ _738_/CLK (sky130_fd_sc_hd__dfrtp_2)
                          0.25    0.62   clock uncertainty
                         -0.04    0.59   clock reconvergence pessimism
                         -0.03    0.55   library hold time
                                  0.55   data required time
-----------------------------------------------------------------------------
                                  0.55   data required time
                                 -0.86   data arrival time
-----------------------------------------------------------------------------
                                  0.30   slack (MET)


Startpoint: _747_ (rising edge-triggered flip-flop clocked by clk)
Endpoint: _747_ (rising edge-triggered flip-flop clocked by clk)
Path Group: clk
Path Type: min

Fanout     Cap    Slew   Delay    Time   Description
-----------------------------------------------------------------------------
                          0.00    0.00   clock clk (rise edge)
                          0.00    0.00   clock source latency
                  0.08    0.05    0.05 ^ clk (in)
     1    0.02                           clk (net)
                  0.08    0.00    0.05 ^ clkbuf_0_clk/A (sky130_fd_sc_hd__clkbuf_16)
                  0.06    0.15    0.20 ^ clkbuf_0_clk/X (sky130_fd_sc_hd__clkbuf_16)
     4    0.04                           clknet_0_clk (net)
                  0.06    0.00    0.20 ^ clkbuf_2_3__f_clk/A (sky130_fd_sc_hd__clkbuf_16)
                  0.06    0.14    0.33 ^ clkbuf_2_3__f_clk/X (sky130_fd_sc_hd__clkbuf_16)
    12    0.03                           clknet_2_3__leaf_clk (net)
                  0.06    0.00    0.33 ^ _747_/CLK (sky130_fd_sc_hd__dfrtp_1)
                  0.14    0.38    0.71 ^ _747_/Q (sky130_fd_sc_hd__dfrtp_1)
     5    0.01                           u_core.A[14] (net)
                  0.14    0.00    0.71 ^ _459_/B2 (sky130_fd_sc_hd__a2bb2o_1)
                  0.04    0.14    0.86 ^ _459_/X (sky130_fd_sc_hd__a2bb2o_1)
     1    0.00                           _107_ (net)
                  0.04    0.00    0.86 ^ _747_/D (sky130_fd_sc_hd__dfrtp_1)
                                  0.86   data arrival time

                          0.00    0.00   clock clk (rise edge)
                          0.00    0.00   clock source latency
                  0.08    0.06    0.06 ^ clk (in)
     1    0.02                           clk (net)
                  0.08    0.00    0.06 ^ clkbuf_0_clk/A (sky130_fd_sc_hd__clkbuf_16)
                  0.06    0.16    0.22 ^ clkbuf_0_clk/X (sky130_fd_sc_hd__clkbuf_16)
     4    0.04                           clknet_0_clk (net)
                  0.06    0.00    0.22 ^ clkbuf_2_3__f_clk/A (sky130_fd_sc_hd__clkbuf_16)
                  0.06    0.15    0.37 ^ clkbuf_2_3__f_clk/X (sky130_fd_sc_hd__clkbuf_16)
    12    0.03                           clknet_2_3__leaf_clk (net)
                  0.06    0.00    0.37 ^ _747_/CLK (sky130_fd_sc_hd__dfrtp_1)
                          0.25    0.62   clock uncertainty
                         -0.04    0.58   clock reconvergence pessimism
                         -0.03    0.55   library hold time
                                  0.55   data required time
-----------------------------------------------------------------------------
                                  0.55   data required time
                                 -0.86   data arrival time
-----------------------------------------------------------------------------
                                  0.30   slack (MET)


Startpoint: _724_ (rising edge-triggered flip-flop clocked by clk)
Endpoint: _724_ (rising edge-triggered flip-flop clocked by clk)
Path Group: clk
Path Type: min

Fanout     Cap    Slew   Delay    Time   Description
-----------------------------------------------------------------------------
                          0.00    0.00   clock clk (rise edge)
                          0.00    0.00   clock source latency
                  0.08    0.05    0.05 ^ clk (in)
     1    0.02                           clk (net)
                  0.08    0.00    0.05 ^ clkbuf_0_clk/A (sky130_fd_sc_hd__clkbuf_16)
                  0.06    0.15    0.20 ^ clkbuf_0_clk/X (sky130_fd_sc_hd__clkbuf_16)
     4    0.04                           clknet_0_clk (net)
                  0.06    0.00    0.20 ^ clkbuf_2_2__f_clk/A (sky130_fd_sc_hd__clkbuf_16)
                  0.06    0.14    0.34 ^ clkbuf_2_2__f_clk/X (sky130_fd_sc_hd__clkbuf_16)
    13    0.04                           clknet_2_2__leaf_clk (net)
                  0.06    0.00    0.34 ^ _724_/CLK (sky130_fd_sc_hd__dfrtp_1)
                  0.14    0.38    0.72 ^ _724_/Q (sky130_fd_sc_hd__dfrtp_1)
     3    0.02                           u_core.Q[7] (net)
                  0.14    0.00    0.72 ^ _574_/A1 (sky130_fd_sc_hd__a221o_1)
                  0.04    0.15    0.87 ^ _574_/X (sky130_fd_sc_hd__a221o_1)
     1    0.00                           _084_ (net)
                  0.04    0.00    0.87 ^ _724_/D (sky130_fd_sc_hd__dfrtp_1)
                                  0.87   data arrival time

                          0.00    0.00   clock clk (rise edge)
                          0.00    0.00   clock source latency
                  0.08    0.06    0.06 ^ clk (in)
     1    0.02                           clk (net)
                  0.08    0.00    0.06 ^ clkbuf_0_clk/A (sky130_fd_sc_hd__clkbuf_16)
                  0.06    0.16    0.22 ^ clkbuf_0_clk/X (sky130_fd_sc_hd__clkbuf_16)
     4    0.04                           clknet_0_clk (net)
                  0.06    0.00    0.22 ^ clkbuf_2_2__f_clk/A (sky130_fd_sc_hd__clkbuf_16)
                  0.06    0.15    0.37 ^ clkbuf_2_2__f_clk/X (sky130_fd_sc_hd__clkbuf_16)
    13    0.04                           clknet_2_2__leaf_clk (net)
                  0.06    0.00    0.37 ^ _724_/CLK (sky130_fd_sc_hd__dfrtp_1)
                          0.25    0.62   clock uncertainty
                         -0.04    0.59   clock reconvergence pessimism
                         -0.03    0.56   library hold time
                                  0.56   data required time
-----------------------------------------------------------------------------
                                  0.56   data required time
                                 -0.87   data arrival time
-----------------------------------------------------------------------------
                                  0.32   slack (MET)


Startpoint: _721_ (rising edge-triggered flip-flop clocked by clk)
Endpoint: _721_ (rising edge-triggered flip-flop clocked by clk)
Path Group: clk
Path Type: min

Fanout     Cap    Slew   Delay    Time   Description
-----------------------------------------------------------------------------
                          0.00    0.00   clock clk (rise edge)
                          0.00    0.00   clock source latency
                  0.08    0.05    0.05 ^ clk (in)
     1    0.02                           clk (net)
                  0.08    0.00    0.05 ^ clkbuf_0_clk/A (sky130_fd_sc_hd__clkbuf_16)
                  0.06    0.15    0.20 ^ clkbuf_0_clk/X (sky130_fd_sc_hd__clkbuf_16)
     4    0.04                           clknet_0_clk (net)
                  0.06    0.00    0.20 ^ clkbuf_2_0__f_clk/A (sky130_fd_sc_hd__clkbuf_16)
                  0.06    0.14    0.34 ^ clkbuf_2_0__f_clk/X (sky130_fd_sc_hd__clkbuf_16)
    15    0.04                           clknet_2_0__leaf_clk (net)
                  0.06    0.00    0.34 ^ _721_/CLK (sky130_fd_sc_hd__dfrtp_1)
                  0.09    0.34    0.68 ^ _721_/Q (sky130_fd_sc_hd__dfrtp_1)
     3    0.01                           u_core.Q[4] (net)
                  0.09    0.00    0.68 ^ _579_/B2 (sky130_fd_sc_hd__a22o_1)
                  0.04    0.12    0.80 ^ _579_/X (sky130_fd_sc_hd__a22o_1)
     1    0.00                           _314_ (net)
                  0.04    0.00    0.80 ^ _580_/B1 (sky130_fd_sc_hd__a31o_1)
                  0.04    0.08    0.88 ^ _580_/X (sky130_fd_sc_hd__a31o_1)
     1    0.00                           _081_ (net)
                  0.04    0.00    0.88 ^ _721_/D (sky130_fd_sc_hd__dfrtp_1)
                                  0.88   data arrival time

                          0.00    0.00   clock clk (rise edge)
                          0.00    0.00   clock source latency
                  0.08    0.06    0.06 ^ clk (in)
     1    0.02                           clk (net)
                  0.08    0.00    0.06 ^ clkbuf_0_clk/A (sky130_fd_sc_hd__clkbuf_16)
                  0.06    0.16    0.22 ^ clkbuf_0_clk/X (sky130_fd_sc_hd__clkbuf_16)
     4    0.04                           clknet_0_clk (net)
                  0.06    0.00    0.22 ^ clkbuf_2_0__f_clk/A (sky130_fd_sc_hd__clkbuf_16)
                  0.06    0.16    0.38 ^ clkbuf_2_0__f_clk/X (sky130_fd_sc_hd__clkbuf_16)
    15    0.04                           clknet_2_0__leaf_clk (net)
                  0.06    0.00    0.38 ^ _721_/CLK (sky130_fd_sc_hd__dfrtp_1)
                          0.25    0.63   clock uncertainty
                         -0.04    0.59   clock reconvergence pessimism
                         -0.03    0.56   library hold time
                                  0.56   data required time
-----------------------------------------------------------------------------
                                  0.56   data required time
                                 -0.88   data arrival time
-----------------------------------------------------------------------------
                                  0.32   slack (MET)


Startpoint: _741_ (rising edge-triggered flip-flop clocked by clk)
Endpoint: _741_ (rising edge-triggered flip-flop clocked by clk)
Path Group: clk
Path Type: min

Fanout     Cap    Slew   Delay    Time   Description
-----------------------------------------------------------------------------
                          0.00    0.00   clock clk (rise edge)
                          0.00    0.00   clock source latency
                  0.08    0.05    0.05 ^ clk (in)
     1    0.02                           clk (net)
                  0.08    0.00    0.05 ^ clkbuf_0_clk/A (sky130_fd_sc_hd__clkbuf_16)
                  0.06    0.15    0.20 ^ clkbuf_0_clk/X (sky130_fd_sc_hd__clkbuf_16)
     4    0.04                           clknet_0_clk (net)
                  0.06    0.00    0.20 ^ clkbuf_2_2__f_clk/A (sky130_fd_sc_hd__clkbuf_16)
                  0.06    0.14    0.34 ^ clkbuf_2_2__f_clk/X (sky130_fd_sc_hd__clkbuf_16)
    13    0.04                           clknet_2_2__leaf_clk (net)
                  0.06    0.00    0.34 ^ _741_/CLK (sky130_fd_sc_hd__dfrtp_4)
                  0.10    0.43    0.77 ^ _741_/Q (sky130_fd_sc_hd__dfrtp_4)
     6    0.02                           u_core.A[8] (net)
                  0.10    0.00    0.77 ^ _510_/A1_N (sky130_fd_sc_hd__o2bb2ai_1)
                  0.06    0.11    0.88 ^ _510_/Y (sky130_fd_sc_hd__o2bb2ai_1)
     1    0.00                           _101_ (net)
                  0.06    0.00    0.88 ^ _741_/D (sky130_fd_sc_hd__dfrtp_4)
                                  0.88   data arrival time

                          0.00    0.00   clock clk (rise edge)
                          0.00    0.00   clock source latency
                  0.08    0.06    0.06 ^ clk (in)
     1    0.02                           clk (net)
                  0.08    0.00    0.06 ^ clkbuf_0_clk/A (sky130_fd_sc_hd__clkbuf_16)
                  0.06    0.16    0.22 ^ clkbuf_0_clk/X (sky130_fd_sc_hd__clkbuf_16)
     4    0.04                           clknet_0_clk (net)
                  0.06    0.00    0.22 ^ clkbuf_2_2__f_clk/A (sky130_fd_sc_hd__clkbuf_16)
                  0.06    0.15    0.37 ^ clkbuf_2_2__f_clk/X (sky130_fd_sc_hd__clkbuf_16)
    13    0.04                           clknet_2_2__leaf_clk (net)
                  0.06    0.00    0.37 ^ _741_/CLK (sky130_fd_sc_hd__dfrtp_4)
                          0.25    0.62   clock uncertainty
                         -0.04    0.59   clock reconvergence pessimism
                         -0.03    0.55   library hold time
                                  0.55   data required time
-----------------------------------------------------------------------------
                                  0.55   data required time
                                 -0.88   data arrival time
-----------------------------------------------------------------------------
                                  0.32   slack (MET)


Startpoint: _721_ (rising edge-triggered flip-flop clocked by clk)
Endpoint: _720_ (rising edge-triggered flip-flop clocked by clk)
Path Group: clk
Path Type: min

Fanout     Cap    Slew   Delay    Time   Description
-----------------------------------------------------------------------------
                          0.00    0.00   clock clk (rise edge)
                          0.00    0.00   clock source latency
                  0.08    0.05    0.05 ^ clk (in)
     1    0.02                           clk (net)
                  0.08    0.00    0.05 ^ clkbuf_0_clk/A (sky130_fd_sc_hd__clkbuf_16)
                  0.06    0.15    0.20 ^ clkbuf_0_clk/X (sky130_fd_sc_hd__clkbuf_16)
     4    0.04                           clknet_0_clk (net)
                  0.06    0.00    0.20 ^ clkbuf_2_0__f_clk/A (sky130_fd_sc_hd__clkbuf_16)
                  0.06    0.14    0.34 ^ clkbuf_2_0__f_clk/X (sky130_fd_sc_hd__clkbuf_16)
    15    0.04                           clknet_2_0__leaf_clk (net)
                  0.06    0.00    0.34 ^ _721_/CLK (sky130_fd_sc_hd__dfrtp_1)
                  0.09    0.34    0.68 ^ _721_/Q (sky130_fd_sc_hd__dfrtp_1)
     3    0.01                           u_core.Q[4] (net)
                  0.09    0.00    0.68 ^ _581_/A1 (sky130_fd_sc_hd__a22o_1)
                  0.04    0.13    0.81 ^ _581_/X (sky130_fd_sc_hd__a22o_1)
     1    0.00                           _315_ (net)
                  0.04    0.00    0.81 ^ _582_/B1 (sky130_fd_sc_hd__a31o_1)
                  0.04    0.08    0.89 ^ _582_/X (sky130_fd_sc_hd__a31o_1)
     1    0.00                           _080_ (net)
                  0.04    0.00    0.89 ^ _720_/D (sky130_fd_sc_hd__dfrtp_1)
                                  0.89   data arrival time

                          0.00    0.00   clock clk (rise edge)
                          0.00    0.00   clock source latency
                  0.08    0.06    0.06 ^ clk (in)
     1    0.02                           clk (net)
                  0.08    0.00    0.06 ^ clkbuf_0_clk/A (sky130_fd_sc_hd__clkbuf_16)
                  0.06    0.16    0.22 ^ clkbuf_0_clk/X (sky130_fd_sc_hd__clkbuf_16)
     4    0.04                           clknet_0_clk (net)
                  0.06    0.00    0.22 ^ clkbuf_2_0__f_clk/A (sky130_fd_sc_hd__clkbuf_16)
                  0.06    0.16    0.38 ^ clkbuf_2_0__f_clk/X (sky130_fd_sc_hd__clkbuf_16)
    15    0.04                           clknet_2_0__leaf_clk (net)
                  0.06    0.00    0.38 ^ _720_/CLK (sky130_fd_sc_hd__dfrtp_1)
                          0.25    0.63   clock uncertainty
                         -0.04    0.59   clock reconvergence pessimism
                         -0.03    0.56   library hold time
                                  0.56   data required time
-----------------------------------------------------------------------------
                                  0.56   data required time
                                 -0.89   data arrival time
-----------------------------------------------------------------------------
                                  0.33   slack (MET)


Startpoint: _723_ (rising edge-triggered flip-flop clocked by clk)
Endpoint: _706_ (rising edge-triggered flip-flop clocked by clk)
Path Group: clk
Path Type: min

Fanout     Cap    Slew   Delay    Time   Description
-----------------------------------------------------------------------------
                          0.00    0.00   clock clk (rise edge)
                          0.00    0.00   clock source latency
                  0.08    0.05    0.05 ^ clk (in)
     1    0.02                           clk (net)
                  0.08    0.00    0.05 ^ clkbuf_0_clk/A (sky130_fd_sc_hd__clkbuf_16)
                  0.06    0.15    0.20 ^ clkbuf_0_clk/X (sky130_fd_sc_hd__clkbuf_16)
     4    0.04                           clknet_0_clk (net)
                  0.06    0.00    0.20 ^ clkbuf_2_1__f_clk/A (sky130_fd_sc_hd__clkbuf_16)
                  0.06    0.14    0.34 ^ clkbuf_2_1__f_clk/X (sky130_fd_sc_hd__clkbuf_16)
    14    0.04                           clknet_2_1__leaf_clk (net)
                  0.06    0.00    0.34 ^ _723_/CLK (sky130_fd_sc_hd__dfrtp_1)
                  0.11    0.36    0.69 ^ _723_/Q (sky130_fd_sc_hd__dfrtp_1)
     3    0.01                           u_core.Q[6] (net)
                  0.11    0.00    0.69 ^ _610_/A0 (sky130_fd_sc_hd__mux2_1)
                  0.04    0.13    0.82 ^ _610_/X (sky130_fd_sc_hd__mux2_1)
     1    0.00                           _330_ (net)
                  0.04    0.00    0.82 ^ _611_/A (sky130_fd_sc_hd__clkbuf_1)
                  0.04    0.07    0.89 ^ _611_/X (sky130_fd_sc_hd__clkbuf_1)
     1    0.00                           _066_ (net)
                  0.04    0.00    0.89 ^ _706_/D (sky130_fd_sc_hd__dfrtp_1)
                                  0.89   data arrival time

                          0.00    0.00   clock clk (rise edge)
                          0.00    0.00   clock source latency
                  0.08    0.06    0.06 ^ clk (in)
     1    0.02                           clk (net)
                  0.08    0.00    0.06 ^ clkbuf_0_clk/A (sky130_fd_sc_hd__clkbuf_16)
                  0.06    0.16    0.22 ^ clkbuf_0_clk/X (sky130_fd_sc_hd__clkbuf_16)
     4    0.04                           clknet_0_clk (net)
                  0.06    0.00    0.22 ^ clkbuf_2_1__f_clk/A (sky130_fd_sc_hd__clkbuf_16)
                  0.06    0.15    0.37 ^ clkbuf_2_1__f_clk/X (sky130_fd_sc_hd__clkbuf_16)
    14    0.04                           clknet_2_1__leaf_clk (net)
                  0.06    0.00    0.37 ^ _706_/CLK (sky130_fd_sc_hd__dfrtp_1)
                          0.25    0.62   clock uncertainty
                         -0.04    0.59   clock reconvergence pessimism
                         -0.03    0.55   library hold time
                                  0.55   data required time
-----------------------------------------------------------------------------
                                  0.55   data required time
                                 -0.89   data arrival time
-----------------------------------------------------------------------------
                                  0.34   slack (MET)


Startpoint: _723_ (rising edge-triggered flip-flop clocked by clk)
Endpoint: _722_ (rising edge-triggered flip-flop clocked by clk)
Path Group: clk
Path Type: min

Fanout     Cap    Slew   Delay    Time   Description
-----------------------------------------------------------------------------
                          0.00    0.00   clock clk (rise edge)
                          0.00    0.00   clock source latency
                  0.08    0.05    0.05 ^ clk (in)
     1    0.02                           clk (net)
                  0.08    0.00    0.05 ^ clkbuf_0_clk/A (sky130_fd_sc_hd__clkbuf_16)
                  0.06    0.15    0.20 ^ clkbuf_0_clk/X (sky130_fd_sc_hd__clkbuf_16)
     4    0.04                           clknet_0_clk (net)
                  0.06    0.00    0.20 ^ clkbuf_2_1__f_clk/A (sky130_fd_sc_hd__clkbuf_16)
                  0.06    0.14    0.34 ^ clkbuf_2_1__f_clk/X (sky130_fd_sc_hd__clkbuf_16)
    14    0.04                           clknet_2_1__leaf_clk (net)
                  0.06    0.00    0.34 ^ _723_/CLK (sky130_fd_sc_hd__dfrtp_1)
                  0.11    0.36    0.69 ^ _723_/Q (sky130_fd_sc_hd__dfrtp_1)
     3    0.01                           u_core.Q[6] (net)
                  0.11    0.00    0.69 ^ _577_/A1 (sky130_fd_sc_hd__a22o_1)
                  0.05    0.14    0.83 ^ _577_/X (sky130_fd_sc_hd__a22o_1)
     1    0.00                           _313_ (net)
                  0.05    0.00    0.83 ^ _578_/B1 (sky130_fd_sc_hd__a31o_1)
                  0.04    0.08    0.91 ^ _578_/X (sky130_fd_sc_hd__a31o_1)
     1    0.00                           _082_ (net)
                  0.04    0.00    0.91 ^ _722_/D (sky130_fd_sc_hd__dfrtp_1)
                                  0.91   data arrival time

                          0.00    0.00   clock clk (rise edge)
                          0.00    0.00   clock source latency
                  0.08    0.06    0.06 ^ clk (in)
     1    0.02                           clk (net)
                  0.08    0.00    0.06 ^ clkbuf_0_clk/A (sky130_fd_sc_hd__clkbuf_16)
                  0.06    0.16    0.22 ^ clkbuf_0_clk/X (sky130_fd_sc_hd__clkbuf_16)
     4    0.04                           clknet_0_clk (net)
                  0.06    0.00    0.22 ^ clkbuf_2_0__f_clk/A (sky130_fd_sc_hd__clkbuf_16)
                  0.06    0.16    0.38 ^ clkbuf_2_0__f_clk/X (sky130_fd_sc_hd__clkbuf_16)
    15    0.04                           clknet_2_0__leaf_clk (net)
                  0.06    0.00    0.38 ^ _722_/CLK (sky130_fd_sc_hd__dfrtp_1)
                          0.25    0.63   clock uncertainty
                         -0.02    0.60   clock reconvergence pessimism
                         -0.03    0.57   library hold time
                                  0.57   data required time
-----------------------------------------------------------------------------
                                  0.57   data required time
                                 -0.91   data arrival time
-----------------------------------------------------------------------------
                                  0.34   slack (MET)


Startpoint: _718_ (rising edge-triggered flip-flop clocked by clk)
Endpoint: _718_ (rising edge-triggered flip-flop clocked by clk)
Path Group: clk
Path Type: min

Fanout     Cap    Slew   Delay    Time   Description
-----------------------------------------------------------------------------
                          0.00    0.00   clock clk (rise edge)
                          0.00    0.00   clock source latency
                  0.08    0.05    0.05 ^ clk (in)
     1    0.02                           clk (net)
                  0.08    0.00    0.05 ^ clkbuf_0_clk/A (sky130_fd_sc_hd__clkbuf_16)
                  0.06    0.15    0.20 ^ clkbuf_0_clk/X (sky130_fd_sc_hd__clkbuf_16)
     4    0.04                           clknet_0_clk (net)
                  0.06    0.00    0.20 ^ clkbuf_2_2__f_clk/A (sky130_fd_sc_hd__clkbuf_16)
                  0.06    0.14    0.34 ^ clkbuf_2_2__f_clk/X (sky130_fd_sc_hd__clkbuf_16)
    13    0.04                           clknet_2_2__leaf_clk (net)
                  0.06    0.00    0.34 ^ _718_/CLK (sky130_fd_sc_hd__dfrtp_1)
                  0.10    0.35    0.69 ^ _718_/Q (sky130_fd_sc_hd__dfrtp_1)
     3    0.01                           u_core.Q[1] (net)
                  0.10    0.00    0.69 ^ _585_/B2 (sky130_fd_sc_hd__a22o_1)
                  0.05    0.13    0.82 ^ _585_/X (sky130_fd_sc_hd__a22o_1)
     1    0.00                           _317_ (net)
                  0.05    0.00    0.82 ^ _586_/B1 (sky130_fd_sc_hd__a31o_1)
                  0.04    0.08    0.90 ^ _586_/X (sky130_fd_sc_hd__a31o_1)
     1    0.00                           _078_ (net)
                  0.04    0.00    0.90 ^ _718_/D (sky130_fd_sc_hd__dfrtp_1)
                                  0.90   data arrival time

                          0.00    0.00   clock clk (rise edge)
                          0.00    0.00   clock source latency
                  0.08    0.06    0.06 ^ clk (in)
     1    0.02                           clk (net)
                  0.08    0.00    0.06 ^ clkbuf_0_clk/A (sky130_fd_sc_hd__clkbuf_16)
                  0.06    0.16    0.22 ^ clkbuf_0_clk/X (sky130_fd_sc_hd__clkbuf_16)
     4    0.04                           clknet_0_clk (net)
                  0.06    0.00    0.22 ^ clkbuf_2_2__f_clk/A (sky130_fd_sc_hd__clkbuf_16)
                  0.06    0.15    0.37 ^ clkbuf_2_2__f_clk/X (sky130_fd_sc_hd__clkbuf_16)
    13    0.04                           clknet_2_2__leaf_clk (net)
                  0.06    0.00    0.37 ^ _718_/CLK (sky130_fd_sc_hd__dfrtp_1)
                          0.25    0.62   clock uncertainty
                         -0.04    0.59   clock reconvergence pessimism
                         -0.03    0.56   library hold time
                                  0.56   data required time
-----------------------------------------------------------------------------
                                  0.56   data required time
                                 -0.90   data arrival time
-----------------------------------------------------------------------------
                                  0.35   slack (MET)


Startpoint: _723_ (rising edge-triggered flip-flop clocked by clk)
Endpoint: _723_ (rising edge-triggered flip-flop clocked by clk)
Path Group: clk
Path Type: min

Fanout     Cap    Slew   Delay    Time   Description
-----------------------------------------------------------------------------
                          0.00    0.00   clock clk (rise edge)
                          0.00    0.00   clock source latency
                  0.08    0.05    0.05 ^ clk (in)
     1    0.02                           clk (net)
                  0.08    0.00    0.05 ^ clkbuf_0_clk/A (sky130_fd_sc_hd__clkbuf_16)
                  0.06    0.15    0.20 ^ clkbuf_0_clk/X (sky130_fd_sc_hd__clkbuf_16)
     4    0.04                           clknet_0_clk (net)
                  0.06    0.00    0.20 ^ clkbuf_2_1__f_clk/A (sky130_fd_sc_hd__clkbuf_16)
                  0.06    0.14    0.34 ^ clkbuf_2_1__f_clk/X (sky130_fd_sc_hd__clkbuf_16)
    14    0.04                           clknet_2_1__leaf_clk (net)
                  0.06    0.00    0.34 ^ _723_/CLK (sky130_fd_sc_hd__dfrtp_1)
                  0.11    0.36    0.69 ^ _723_/Q (sky130_fd_sc_hd__dfrtp_1)
     3    0.01                           u_core.Q[6] (net)
                  0.11    0.00    0.69 ^ _575_/B2 (sky130_fd_sc_hd__a22o_1)
                  0.05    0.13    0.82 ^ _575_/X (sky130_fd_sc_hd__a22o_1)
     1    0.00                           _312_ (net)
                  0.05    0.00    0.82 ^ _576_/B1 (sky130_fd_sc_hd__a31o_1)
                  0.04    0.08    0.90 ^ _576_/X (sky130_fd_sc_hd__a31o_1)
     1    0.00                           _083_ (net)
                  0.04    0.00    0.90 ^ _723_/D (sky130_fd_sc_hd__dfrtp_1)
                                  0.90   data arrival time

                          0.00    0.00   clock clk (rise edge)
                          0.00    0.00   clock source latency
                  0.08    0.06    0.06 ^ clk (in)
     1    0.02                           clk (net)
                  0.08    0.00    0.06 ^ clkbuf_0_clk/A (sky130_fd_sc_hd__clkbuf_16)
                  0.06    0.16    0.22 ^ clkbuf_0_clk/X (sky130_fd_sc_hd__clkbuf_16)
     4    0.04                           clknet_0_clk (net)
                  0.06    0.00    0.22 ^ clkbuf_2_1__f_clk/A (sky130_fd_sc_hd__clkbuf_16)
                  0.06    0.15    0.37 ^ clkbuf_2_1__f_clk/X (sky130_fd_sc_hd__clkbuf_16)
    14    0.04                           clknet_2_1__leaf_clk (net)
                  0.06    0.00    0.37 ^ _723_/CLK (sky130_fd_sc_hd__dfrtp_1)
                          0.25    0.62   clock uncertainty
                         -0.04    0.59   clock reconvergence pessimism
                         -0.03    0.56   library hold time
                                  0.56   data required time
-----------------------------------------------------------------------------
                                  0.56   data required time
                                 -0.90   data arrival time
-----------------------------------------------------------------------------
                                  0.35   slack (MET)


Startpoint: _718_ (rising edge-triggered flip-flop clocked by clk)
Endpoint: _717_ (rising edge-triggered flip-flop clocked by clk)
Path Group: clk
Path Type: min

Fanout     Cap    Slew   Delay    Time   Description
-----------------------------------------------------------------------------
                          0.00    0.00   clock clk (rise edge)
                          0.00    0.00   clock source latency
                  0.08    0.05    0.05 ^ clk (in)
     1    0.02                           clk (net)
                  0.08    0.00    0.05 ^ clkbuf_0_clk/A (sky130_fd_sc_hd__clkbuf_16)
                  0.06    0.15    0.20 ^ clkbuf_0_clk/X (sky130_fd_sc_hd__clkbuf_16)
     4    0.04                           clknet_0_clk (net)
                  0.06    0.00    0.20 ^ clkbuf_2_2__f_clk/A (sky130_fd_sc_hd__clkbuf_16)
                  0.06    0.14    0.34 ^ clkbuf_2_2__f_clk/X (sky130_fd_sc_hd__clkbuf_16)
    13    0.04                           clknet_2_2__leaf_clk (net)
                  0.06    0.00    0.34 ^ _718_/CLK (sky130_fd_sc_hd__dfrtp_1)
                  0.10    0.35    0.69 ^ _718_/Q (sky130_fd_sc_hd__dfrtp_1)
     3    0.01                           u_core.Q[1] (net)
                  0.10    0.00    0.69 ^ _587_/A1 (sky130_fd_sc_hd__a22o_1)
                  0.04    0.13    0.82 ^ _587_/X (sky130_fd_sc_hd__a22o_1)
     1    0.00                           _318_ (net)
                  0.04    0.00    0.82 ^ _588_/B1 (sky130_fd_sc_hd__a31o_1)
                  0.04    0.08    0.90 ^ _588_/X (sky130_fd_sc_hd__a31o_1)
     1    0.00                           _077_ (net)
                  0.04    0.00    0.90 ^ _717_/D (sky130_fd_sc_hd__dfrtp_1)
                                  0.90   data arrival time

                          0.00    0.00   clock clk (rise edge)
                          0.00    0.00   clock source latency
                  0.08    0.06    0.06 ^ clk (in)
     1    0.02                           clk (net)
                  0.08    0.00    0.06 ^ clkbuf_0_clk/A (sky130_fd_sc_hd__clkbuf_16)
                  0.06    0.16    0.22 ^ clkbuf_0_clk/X (sky130_fd_sc_hd__clkbuf_16)
     4    0.04                           clknet_0_clk (net)
                  0.06    0.00    0.22 ^ clkbuf_2_2__f_clk/A (sky130_fd_sc_hd__clkbuf_16)
                  0.06    0.15    0.37 ^ clkbuf_2_2__f_clk/X (sky130_fd_sc_hd__clkbuf_16)
    13    0.04                           clknet_2_2__leaf_clk (net)
                  0.06    0.00    0.37 ^ _717_/CLK (sky130_fd_sc_hd__dfrtp_1)
                          0.25    0.62   clock uncertainty
                         -0.04    0.59   clock reconvergence pessimism
                         -0.03    0.56   library hold time
                                  0.56   data required time
-----------------------------------------------------------------------------
                                  0.56   data required time
                                 -0.90   data arrival time
-----------------------------------------------------------------------------
                                  0.35   slack (MET)


Startpoint: _720_ (rising edge-triggered flip-flop clocked by clk)
Endpoint: _719_ (rising edge-triggered flip-flop clocked by clk)
Path Group: clk
Path Type: min

Fanout     Cap    Slew   Delay    Time   Description
-----------------------------------------------------------------------------
                          0.00    0.00   clock clk (rise edge)
                          0.00    0.00   clock source latency
                  0.08    0.05    0.05 ^ clk (in)
     1    0.02                           clk (net)
                  0.08    0.00    0.05 ^ clkbuf_0_clk/A (sky130_fd_sc_hd__clkbuf_16)
                  0.06    0.15    0.20 ^ clkbuf_0_clk/X (sky130_fd_sc_hd__clkbuf_16)
     4    0.04                           clknet_0_clk (net)
                  0.06    0.00    0.20 ^ clkbuf_2_0__f_clk/A (sky130_fd_sc_hd__clkbuf_16)
                  0.06    0.14    0.34 ^ clkbuf_2_0__f_clk/X (sky130_fd_sc_hd__clkbuf_16)
    15    0.04                           clknet_2_0__leaf_clk (net)
                  0.06    0.00    0.34 ^ _720_/CLK (sky130_fd_sc_hd__dfrtp_1)
                  0.12    0.36    0.70 ^ _720_/Q (sky130_fd_sc_hd__dfrtp_1)
     3    0.01                           u_core.Q[3] (net)
                  0.12    0.00    0.70 ^ _583_/A1 (sky130_fd_sc_hd__a22o_1)
                  0.04    0.14    0.85 ^ _583_/X (sky130_fd_sc_hd__a22o_1)
     1    0.00                           _316_ (net)
                  0.04    0.00    0.85 ^ _584_/B1 (sky130_fd_sc_hd__a31o_1)
                  0.04    0.08    0.92 ^ _584_/X (sky130_fd_sc_hd__a31o_1)
     1    0.00                           _079_ (net)
                  0.04    0.00    0.92 ^ _719_/D (sky130_fd_sc_hd__dfrtp_1)
                                  0.92   data arrival time

                          0.00    0.00   clock clk (rise edge)
                          0.00    0.00   clock source latency
                  0.08    0.06    0.06 ^ clk (in)
     1    0.02                           clk (net)
                  0.08    0.00    0.06 ^ clkbuf_0_clk/A (sky130_fd_sc_hd__clkbuf_16)
                  0.06    0.16    0.22 ^ clkbuf_0_clk/X (sky130_fd_sc_hd__clkbuf_16)
     4    0.04                           clknet_0_clk (net)
                  0.06    0.00    0.22 ^ clkbuf_2_1__f_clk/A (sky130_fd_sc_hd__clkbuf_16)
                  0.06    0.15    0.37 ^ clkbuf_2_1__f_clk/X (sky130_fd_sc_hd__clkbuf_16)
    14    0.04                           clknet_2_1__leaf_clk (net)
                  0.06    0.00    0.37 ^ _719_/CLK (sky130_fd_sc_hd__dfrtp_1)
                          0.25    0.62   clock uncertainty
                         -0.02    0.60   clock reconvergence pessimism
                         -0.03    0.57   library hold time
                                  0.57   data required time
-----------------------------------------------------------------------------
                                  0.57   data required time
                                 -0.92   data arrival time
-----------------------------------------------------------------------------
                                  0.35   slack (MET)


Startpoint: _730_ (rising edge-triggered flip-flop clocked by clk)
Endpoint: _730_ (rising edge-triggered flip-flop clocked by clk)
Path Group: clk
Path Type: min

Fanout     Cap    Slew   Delay    Time   Description
-----------------------------------------------------------------------------
                          0.00    0.00   clock clk (rise edge)
                          0.00    0.00   clock source latency
                  0.08    0.05    0.05 ^ clk (in)
     1    0.02                           clk (net)
                  0.08    0.00    0.05 ^ clkbuf_0_clk/A (sky130_fd_sc_hd__clkbuf_16)
                  0.06    0.15    0.20 ^ clkbuf_0_clk/X (sky130_fd_sc_hd__clkbuf_16)
     4    0.04                           clknet_0_clk (net)
                  0.06    0.00    0.20 ^ clkbuf_2_0__f_clk/A (sky130_fd_sc_hd__clkbuf_16)
                  0.06    0.14    0.34 ^ clkbuf_2_0__f_clk/X (sky130_fd_sc_hd__clkbuf_16)
    15    0.04                           clknet_2_0__leaf_clk (net)
                  0.06    0.00    0.34 ^ _730_/CLK (sky130_fd_sc_hd__dfrtp_2)
                  0.10    0.38    0.72 ^ _730_/Q (sky130_fd_sc_hd__dfrtp_2)
     5    0.02                           u_core.M[5] (net)
                  0.10    0.00    0.72 ^ _559_/A1 (sky130_fd_sc_hd__mux2_1)
                  0.04    0.13    0.85 ^ _559_/X (sky130_fd_sc_hd__mux2_1)
     1    0.00                           _303_ (net)
                  0.04    0.00    0.85 ^ _560_/A (sky130_fd_sc_hd__clkbuf_1)
                  0.04    0.07    0.92 ^ _560_/X (sky130_fd_sc_hd__clkbuf_1)
     1    0.00                           _090_ (net)
                  0.04    0.00    0.92 ^ _730_/D (sky130_fd_sc_hd__dfrtp_2)
                                  0.92   data arrival time

                          0.00    0.00   clock clk (rise edge)
                          0.00    0.00   clock source latency
                  0.08    0.06    0.06 ^ clk (in)
     1    0.02                           clk (net)
                  0.08    0.00    0.06 ^ clkbuf_0_clk/A (sky130_fd_sc_hd__clkbuf_16)
                  0.06    0.16    0.22 ^ clkbuf_0_clk/X (sky130_fd_sc_hd__clkbuf_16)
     4    0.04                           clknet_0_clk (net)
                  0.06    0.00    0.22 ^ clkbuf_2_0__f_clk/A (sky130_fd_sc_hd__clkbuf_16)
                  0.06    0.16    0.38 ^ clkbuf_2_0__f_clk/X (sky130_fd_sc_hd__clkbuf_16)
    15    0.04                           clknet_2_0__leaf_clk (net)
                  0.06    0.00    0.38 ^ _730_/CLK (sky130_fd_sc_hd__dfrtp_2)
                          0.25    0.63   clock uncertainty
                         -0.04    0.59   clock reconvergence pessimism
                         -0.03    0.56   library hold time
                                  0.56   data required time
-----------------------------------------------------------------------------
                                  0.56   data required time
                                 -0.92   data arrival time
-----------------------------------------------------------------------------
                                  0.36   slack (MET)


Startpoint: _745_ (rising edge-triggered flip-flop clocked by clk)
Endpoint: _745_ (rising edge-triggered flip-flop clocked by clk)
Path Group: clk
Path Type: min

Fanout     Cap    Slew   Delay    Time   Description
-----------------------------------------------------------------------------
                          0.00    0.00   clock clk (rise edge)
                          0.00    0.00   clock source latency
                  0.08    0.05    0.05 ^ clk (in)
     1    0.02                           clk (net)
                  0.08    0.00    0.05 ^ clkbuf_0_clk/A (sky130_fd_sc_hd__clkbuf_16)
                  0.06    0.15    0.20 ^ clkbuf_0_clk/X (sky130_fd_sc_hd__clkbuf_16)
     4    0.04                           clknet_0_clk (net)
                  0.06    0.00    0.20 ^ clkbuf_2_3__f_clk/A (sky130_fd_sc_hd__clkbuf_16)
                  0.06    0.14    0.33 ^ clkbuf_2_3__f_clk/X (sky130_fd_sc_hd__clkbuf_16)
    12    0.03                           clknet_2_3__leaf_clk (net)
                  0.06    0.00    0.33 ^ _745_/CLK (sky130_fd_sc_hd__dfrtp_1)
                  0.06    0.36    0.70 v _745_/Q (sky130_fd_sc_hd__dfrtp_1)
     2    0.01                           u_core.A[12] (net)
                  0.06    0.00    0.70 v _446_/A (sky130_fd_sc_hd__inv_2)
                  0.07    0.08    0.78 ^ _446_/Y (sky130_fd_sc_hd__inv_2)
     5    0.01                           _207_ (net)
                  0.07    0.00    0.78 ^ _478_/C (sky130_fd_sc_hd__or3_1)
                  0.04    0.09    0.87 ^ _478_/X (sky130_fd_sc_hd__or3_1)
     1    0.00                           _237_ (net)
                  0.04    0.00    0.87 ^ _479_/B (sky130_fd_sc_hd__nand2_1)
                  0.03    0.04    0.91 v _479_/Y (sky130_fd_sc_hd__nand2_1)
     1    0.00                           _105_ (net)
                  0.03    0.00    0.91 v _745_/D (sky130_fd_sc_hd__dfrtp_1)
                                  0.91   data arrival time

                          0.00    0.00   clock clk (rise edge)
                          0.00    0.00   clock source latency
                  0.08    0.06    0.06 ^ clk (in)
     1    0.02                           clk (net)
                  0.08    0.00    0.06 ^ clkbuf_0_clk/A (sky130_fd_sc_hd__clkbuf_16)
                  0.06    0.16    0.22 ^ clkbuf_0_clk/X (sky130_fd_sc_hd__clkbuf_16)
     4    0.04                           clknet_0_clk (net)
                  0.06    0.00    0.22 ^ clkbuf_2_3__f_clk/A (sky130_fd_sc_hd__clkbuf_16)
                  0.06    0.15    0.37 ^ clkbuf_2_3__f_clk/X (sky130_fd_sc_hd__clkbuf_16)
    12    0.03                           clknet_2_3__leaf_clk (net)
                  0.06    0.00    0.37 ^ _745_/CLK (sky130_fd_sc_hd__dfrtp_1)
                          0.25    0.62   clock uncertainty
                         -0.04    0.58   clock reconvergence pessimism
                         -0.04    0.55   library hold time
                                  0.55   data required time
-----------------------------------------------------------------------------
                                  0.55   data required time
                                 -0.91   data arrival time
-----------------------------------------------------------------------------
                                  0.36   slack (MET)


Startpoint: _699_ (rising edge-triggered flip-flop clocked by clk)
Endpoint: _699_ (rising edge-triggered flip-flop clocked by clk)
Path Group: clk
Path Type: min

Fanout     Cap    Slew   Delay    Time   Description
-----------------------------------------------------------------------------
                          0.00    0.00   clock clk (rise edge)
                          0.00    0.00   clock source latency
                  0.08    0.05    0.05 ^ clk (in)
     1    0.02                           clk (net)
                  0.08    0.00    0.05 ^ clkbuf_0_clk/A (sky130_fd_sc_hd__clkbuf_16)
                  0.06    0.15    0.20 ^ clkbuf_0_clk/X (sky130_fd_sc_hd__clkbuf_16)
     4    0.04                           clknet_0_clk (net)
                  0.06    0.00    0.20 ^ clkbuf_2_1__f_clk/A (sky130_fd_sc_hd__clkbuf_16)
                  0.06    0.14    0.34 ^ clkbuf_2_1__f_clk/X (sky130_fd_sc_hd__clkbuf_16)
    14    0.04                           clknet_2_1__leaf_clk (net)
                  0.06    0.00    0.34 ^ _699_/CLK (sky130_fd_sc_hd__dfrtp_4)
                  0.13    0.45    0.79 ^ _699_/Q (sky130_fd_sc_hd__dfrtp_4)
     9    0.04                           u_core.Q_1 (net)
                  0.13    0.00    0.79 ^ _623_/B2 (sky130_fd_sc_hd__a22o_1)
                  0.04    0.13    0.92 ^ _623_/X (sky130_fd_sc_hd__a22o_1)
     1    0.00                           _059_ (net)
                  0.04    0.00    0.92 ^ _699_/D (sky130_fd_sc_hd__dfrtp_4)
                                  0.92   data arrival time

                          0.00    0.00   clock clk (rise edge)
                          0.00    0.00   clock source latency
                  0.08    0.06    0.06 ^ clk (in)
     1    0.02                           clk (net)
                  0.08    0.00    0.06 ^ clkbuf_0_clk/A (sky130_fd_sc_hd__clkbuf_16)
                  0.06    0.16    0.22 ^ clkbuf_0_clk/X (sky130_fd_sc_hd__clkbuf_16)
     4    0.04                           clknet_0_clk (net)
                  0.06    0.00    0.22 ^ clkbuf_2_1__f_clk/A (sky130_fd_sc_hd__clkbuf_16)
                  0.06    0.15    0.37 ^ clkbuf_2_1__f_clk/X (sky130_fd_sc_hd__clkbuf_16)
    14    0.04                           clknet_2_1__leaf_clk (net)
                  0.06    0.00    0.37 ^ _699_/CLK (sky130_fd_sc_hd__dfrtp_4)
                          0.25    0.62   clock uncertainty
                         -0.04    0.59   clock reconvergence pessimism
                         -0.03    0.55   library hold time
                                  0.55   data required time
-----------------------------------------------------------------------------
                                  0.55   data required time
                                 -0.92   data arrival time
-----------------------------------------------------------------------------
                                  0.36   slack (MET)


Startpoint: _743_ (rising edge-triggered flip-flop clocked by clk)
Endpoint: _743_ (rising edge-triggered flip-flop clocked by clk)
Path Group: clk
Path Type: min

Fanout     Cap    Slew   Delay    Time   Description
-----------------------------------------------------------------------------
                          0.00    0.00   clock clk (rise edge)
                          0.00    0.00   clock source latency
                  0.08    0.05    0.05 ^ clk (in)
     1    0.02                           clk (net)
                  0.08    0.00    0.05 ^ clkbuf_0_clk/A (sky130_fd_sc_hd__clkbuf_16)
                  0.06    0.15    0.20 ^ clkbuf_0_clk/X (sky130_fd_sc_hd__clkbuf_16)
     4    0.04                           clknet_0_clk (net)
                  0.06    0.00    0.20 ^ clkbuf_2_2__f_clk/A (sky130_fd_sc_hd__clkbuf_16)
                  0.06    0.14    0.34 ^ clkbuf_2_2__f_clk/X (sky130_fd_sc_hd__clkbuf_16)
    13    0.04                           clknet_2_2__leaf_clk (net)
                  0.06    0.00    0.34 ^ _743_/CLK (sky130_fd_sc_hd__dfrtp_1)
                  0.08    0.39    0.73 v _743_/Q (sky130_fd_sc_hd__dfrtp_1)
     5    0.01                           u_core.A[10] (net)
                  0.08    0.00    0.73 v _498_/C_N (sky130_fd_sc_hd__or3b_1)
                  0.04    0.16    0.89 ^ _498_/X (sky130_fd_sc_hd__or3b_1)
     1    0.00                           _255_ (net)
                  0.04    0.00    0.89 ^ _499_/B (sky130_fd_sc_hd__nand2_1)
                  0.03    0.04    0.93 v _499_/Y (sky130_fd_sc_hd__nand2_1)
     1    0.00                           _103_ (net)
                  0.03    0.00    0.93 v _743_/D (sky130_fd_sc_hd__dfrtp_1)
                                  0.93   data arrival time

                          0.00    0.00   clock clk (rise edge)
                          0.00    0.00   clock source latency
                  0.08    0.06    0.06 ^ clk (in)
     1    0.02                           clk (net)
                  0.08    0.00    0.06 ^ clkbuf_0_clk/A (sky130_fd_sc_hd__clkbuf_16)
                  0.06    0.16    0.22 ^ clkbuf_0_clk/X (sky130_fd_sc_hd__clkbuf_16)
     4    0.04                           clknet_0_clk (net)
                  0.06    0.00    0.22 ^ clkbuf_2_2__f_clk/A (sky130_fd_sc_hd__clkbuf_16)
                  0.06    0.15    0.37 ^ clkbuf_2_2__f_clk/X (sky130_fd_sc_hd__clkbuf_16)
    13    0.04                           clknet_2_2__leaf_clk (net)
                  0.06    0.00    0.37 ^ _743_/CLK (sky130_fd_sc_hd__dfrtp_1)
                          0.25    0.62   clock uncertainty
                         -0.04    0.59   clock reconvergence pessimism
                         -0.04    0.55   library hold time
                                  0.55   data required time
-----------------------------------------------------------------------------
                                  0.55   data required time
                                 -0.93   data arrival time
-----------------------------------------------------------------------------
                                  0.38   slack (MET)


Startpoint: _726_ (rising edge-triggered flip-flop clocked by clk)
Endpoint: _726_ (rising edge-triggered flip-flop clocked by clk)
Path Group: clk
Path Type: min

Fanout     Cap    Slew   Delay    Time   Description
-----------------------------------------------------------------------------
                          0.00    0.00   clock clk (rise edge)
                          0.00    0.00   clock source latency
                  0.08    0.05    0.05 ^ clk (in)
     1    0.02                           clk (net)
                  0.08    0.00    0.05 ^ clkbuf_0_clk/A (sky130_fd_sc_hd__clkbuf_16)
                  0.06    0.15    0.20 ^ clkbuf_0_clk/X (sky130_fd_sc_hd__clkbuf_16)
     4    0.04                           clknet_0_clk (net)
                  0.06    0.00    0.20 ^ clkbuf_2_0__f_clk/A (sky130_fd_sc_hd__clkbuf_16)
                  0.06    0.14    0.34 ^ clkbuf_2_0__f_clk/X (sky130_fd_sc_hd__clkbuf_16)
    15    0.04                           clknet_2_0__leaf_clk (net)
                  0.06    0.00    0.34 ^ _726_/CLK (sky130_fd_sc_hd__dfrtp_1)
                  0.15    0.38    0.72 ^ _726_/Q (sky130_fd_sc_hd__dfrtp_1)
     5    0.02                           u_core.M[1] (net)
                  0.15    0.00    0.72 ^ _567_/A1 (sky130_fd_sc_hd__mux2_1)
                  0.04    0.14    0.87 ^ _567_/X (sky130_fd_sc_hd__mux2_1)
     1    0.00                           _307_ (net)
                  0.04    0.00    0.87 ^ _568_/A (sky130_fd_sc_hd__clkbuf_1)
                  0.04    0.07    0.94 ^ _568_/X (sky130_fd_sc_hd__clkbuf_1)
     1    0.00                           _086_ (net)
                  0.04    0.00    0.94 ^ _726_/D (sky130_fd_sc_hd__dfrtp_1)
                                  0.94   data arrival time

                          0.00    0.00   clock clk (rise edge)
                          0.00    0.00   clock source latency
                  0.08    0.06    0.06 ^ clk (in)
     1    0.02                           clk (net)
                  0.08    0.00    0.06 ^ clkbuf_0_clk/A (sky130_fd_sc_hd__clkbuf_16)
                  0.06    0.16    0.22 ^ clkbuf_0_clk/X (sky130_fd_sc_hd__clkbuf_16)
     4    0.04                           clknet_0_clk (net)
                  0.06    0.00    0.22 ^ clkbuf_2_0__f_clk/A (sky130_fd_sc_hd__clkbuf_16)
                  0.06    0.16    0.38 ^ clkbuf_2_0__f_clk/X (sky130_fd_sc_hd__clkbuf_16)
    15    0.04                           clknet_2_0__leaf_clk (net)
                  0.06    0.00    0.38 ^ _726_/CLK (sky130_fd_sc_hd__dfrtp_1)
                          0.25    0.63   clock uncertainty
                         -0.04    0.59   clock reconvergence pessimism
                         -0.03    0.56   library hold time
                                  0.56   data required time
-----------------------------------------------------------------------------
                                  0.56   data required time
                                 -0.94   data arrival time
-----------------------------------------------------------------------------
                                  0.39   slack (MET)


Startpoint: _725_ (rising edge-triggered flip-flop clocked by clk)
Endpoint: _725_ (rising edge-triggered flip-flop clocked by clk)
Path Group: clk
Path Type: min

Fanout     Cap    Slew   Delay    Time   Description
-----------------------------------------------------------------------------
                          0.00    0.00   clock clk (rise edge)
                          0.00    0.00   clock source latency
                  0.08    0.05    0.05 ^ clk (in)
     1    0.02                           clk (net)
                  0.08    0.00    0.05 ^ clkbuf_0_clk/A (sky130_fd_sc_hd__clkbuf_16)
                  0.06    0.15    0.20 ^ clkbuf_0_clk/X (sky130_fd_sc_hd__clkbuf_16)
     4    0.04                           clknet_0_clk (net)
                  0.06    0.00    0.20 ^ clkbuf_2_0__f_clk/A (sky130_fd_sc_hd__clkbuf_16)
                  0.06    0.14    0.34 ^ clkbuf_2_0__f_clk/X (sky130_fd_sc_hd__clkbuf_16)
    15    0.04                           clknet_2_0__leaf_clk (net)
                  0.06    0.00    0.34 ^ _725_/CLK (sky130_fd_sc_hd__dfrtp_4)
                  0.09    0.42    0.76 ^ _725_/Q (sky130_fd_sc_hd__dfrtp_4)
     6    0.02                           u_core.M[0] (net)
                  0.09    0.00    0.76 ^ _569_/A1 (sky130_fd_sc_hd__mux2_1)
                  0.04    0.12    0.89 ^ _569_/X (sky130_fd_sc_hd__mux2_1)
     1    0.00                           _308_ (net)
                  0.04    0.00    0.89 ^ _570_/A (sky130_fd_sc_hd__clkbuf_1)
                  0.04    0.07    0.96 ^ _570_/X (sky130_fd_sc_hd__clkbuf_1)
     1    0.00                           _085_ (net)
                  0.04    0.00    0.96 ^ _725_/D (sky130_fd_sc_hd__dfrtp_4)
                                  0.96   data arrival time

                          0.00    0.00   clock clk (rise edge)
                          0.00    0.00   clock source latency
                  0.08    0.06    0.06 ^ clk (in)
     1    0.02                           clk (net)
                  0.08    0.00    0.06 ^ clkbuf_0_clk/A (sky130_fd_sc_hd__clkbuf_16)
                  0.06    0.16    0.22 ^ clkbuf_0_clk/X (sky130_fd_sc_hd__clkbuf_16)
     4    0.04                           clknet_0_clk (net)
                  0.06    0.00    0.22 ^ clkbuf_2_0__f_clk/A (sky130_fd_sc_hd__clkbuf_16)
                  0.06    0.16    0.38 ^ clkbuf_2_0__f_clk/X (sky130_fd_sc_hd__clkbuf_16)
    15    0.04                           clknet_2_0__leaf_clk (net)
                  0.06    0.00    0.38 ^ _725_/CLK (sky130_fd_sc_hd__dfrtp_4)
                          0.25    0.63   clock uncertainty
                         -0.04    0.59   clock reconvergence pessimism
                         -0.03    0.56   library hold time
                                  0.56   data required time
-----------------------------------------------------------------------------
                                  0.56   data required time
                                 -0.96   data arrival time
-----------------------------------------------------------------------------
                                  0.40   slack (MET)


Startpoint: _728_ (rising edge-triggered flip-flop clocked by clk)
Endpoint: _728_ (rising edge-triggered flip-flop clocked by clk)
Path Group: clk
Path Type: min

Fanout     Cap    Slew   Delay    Time   Description
-----------------------------------------------------------------------------
                          0.00    0.00   clock clk (rise edge)
                          0.00    0.00   clock source latency
                  0.08    0.05    0.05 ^ clk (in)
     1    0.02                           clk (net)
                  0.08    0.00    0.05 ^ clkbuf_0_clk/A (sky130_fd_sc_hd__clkbuf_16)
                  0.06    0.15    0.20 ^ clkbuf_0_clk/X (sky130_fd_sc_hd__clkbuf_16)
     4    0.04                           clknet_0_clk (net)
                  0.06    0.00    0.20 ^ clkbuf_2_3__f_clk/A (sky130_fd_sc_hd__clkbuf_16)
                  0.06    0.14    0.33 ^ clkbuf_2_3__f_clk/X (sky130_fd_sc_hd__clkbuf_16)
    12    0.03                           clknet_2_3__leaf_clk (net)
                  0.06    0.00    0.33 ^ _728_/CLK (sky130_fd_sc_hd__dfrtp_4)
                  0.10    0.42    0.76 ^ _728_/Q (sky130_fd_sc_hd__dfrtp_4)
     4    0.02                           u_core.M[3] (net)
                  0.10    0.00    0.76 ^ _563_/A1 (sky130_fd_sc_hd__mux2_1)
                  0.04    0.13    0.88 ^ _563_/X (sky130_fd_sc_hd__mux2_1)
     1    0.00                           _305_ (net)
                  0.04    0.00    0.88 ^ _564_/A (sky130_fd_sc_hd__clkbuf_1)
                  0.04    0.07    0.95 ^ _564_/X (sky130_fd_sc_hd__clkbuf_1)
     1    0.00                           _088_ (net)
                  0.04    0.00    0.95 ^ _728_/D (sky130_fd_sc_hd__dfrtp_4)
                                  0.95   data arrival time

                          0.00    0.00   clock clk (rise edge)
                          0.00    0.00   clock source latency
                  0.08    0.06    0.06 ^ clk (in)
     1    0.02                           clk (net)
                  0.08    0.00    0.06 ^ clkbuf_0_clk/A (sky130_fd_sc_hd__clkbuf_16)
                  0.06    0.16    0.22 ^ clkbuf_0_clk/X (sky130_fd_sc_hd__clkbuf_16)
     4    0.04                           clknet_0_clk (net)
                  0.06    0.00    0.22 ^ clkbuf_2_3__f_clk/A (sky130_fd_sc_hd__clkbuf_16)
                  0.06    0.15    0.37 ^ clkbuf_2_3__f_clk/X (sky130_fd_sc_hd__clkbuf_16)
    12    0.03                           clknet_2_3__leaf_clk (net)
                  0.06    0.00    0.37 ^ _728_/CLK (sky130_fd_sc_hd__dfrtp_4)
                          0.25    0.62   clock uncertainty
                         -0.04    0.58   clock reconvergence pessimism
                         -0.03    0.55   library hold time
                                  0.55   data required time
-----------------------------------------------------------------------------
                                  0.55   data required time
                                 -0.95   data arrival time
-----------------------------------------------------------------------------
                                  0.40   slack (MET)


Startpoint: _732_ (rising edge-triggered flip-flop clocked by clk)
Endpoint: _732_ (rising edge-triggered flip-flop clocked by clk)
Path Group: clk
Path Type: min

Fanout     Cap    Slew   Delay    Time   Description
-----------------------------------------------------------------------------
                          0.00    0.00   clock clk (rise edge)
                          0.00    0.00   clock source latency
                  0.08    0.05    0.05 ^ clk (in)
     1    0.02                           clk (net)
                  0.08    0.00    0.05 ^ clkbuf_0_clk/A (sky130_fd_sc_hd__clkbuf_16)
                  0.06    0.15    0.20 ^ clkbuf_0_clk/X (sky130_fd_sc_hd__clkbuf_16)
     4    0.04                           clknet_0_clk (net)
                  0.06    0.00    0.20 ^ clkbuf_2_3__f_clk/A (sky130_fd_sc_hd__clkbuf_16)
                  0.06    0.14    0.33 ^ clkbuf_2_3__f_clk/X (sky130_fd_sc_hd__clkbuf_16)
    12    0.03                           clknet_2_3__leaf_clk (net)
                  0.06    0.00    0.33 ^ _732_/CLK (sky130_fd_sc_hd__dfrtp_4)
                  0.11    0.43    0.77 ^ _732_/Q (sky130_fd_sc_hd__dfrtp_4)
     8    0.03                           u_core.M[7] (net)
                  0.11    0.00    0.77 ^ _555_/A1 (sky130_fd_sc_hd__mux2_1)
                  0.04    0.13    0.90 ^ _555_/X (sky130_fd_sc_hd__mux2_1)
     1    0.00                           _301_ (net)
                  0.04    0.00    0.90 ^ _556_/A (sky130_fd_sc_hd__clkbuf_1)
                  0.04    0.07    0.97 ^ _556_/X (sky130_fd_sc_hd__clkbuf_1)
     1    0.00                           _092_ (net)
                  0.04    0.00    0.97 ^ _732_/D (sky130_fd_sc_hd__dfrtp_4)
                                  0.97   data arrival time

                          0.00    0.00   clock clk (rise edge)
                          0.00    0.00   clock source latency
                  0.08    0.06    0.06 ^ clk (in)
     1    0.02                           clk (net)
                  0.08    0.00    0.06 ^ clkbuf_0_clk/A (sky130_fd_sc_hd__clkbuf_16)
                  0.06    0.16    0.22 ^ clkbuf_0_clk/X (sky130_fd_sc_hd__clkbuf_16)
     4    0.04                           clknet_0_clk (net)
                  0.06    0.00    0.22 ^ clkbuf_2_3__f_clk/A (sky130_fd_sc_hd__clkbuf_16)
                  0.06    0.15    0.37 ^ clkbuf_2_3__f_clk/X (sky130_fd_sc_hd__clkbuf_16)
    12    0.03                           clknet_2_3__leaf_clk (net)
                  0.06    0.00    0.37 ^ _732_/CLK (sky130_fd_sc_hd__dfrtp_4)
                          0.25    0.62   clock uncertainty
                         -0.04    0.58   clock reconvergence pessimism
                         -0.03    0.55   library hold time
                                  0.55   data required time
-----------------------------------------------------------------------------
                                  0.55   data required time
                                 -0.97   data arrival time
-----------------------------------------------------------------------------
                                  0.41   slack (MET)


Startpoint: _729_ (rising edge-triggered flip-flop clocked by clk)
Endpoint: _729_ (rising edge-triggered flip-flop clocked by clk)
Path Group: clk
Path Type: min

Fanout     Cap    Slew   Delay    Time   Description
-----------------------------------------------------------------------------
                          0.00    0.00   clock clk (rise edge)
                          0.00    0.00   clock source latency
                  0.08    0.05    0.05 ^ clk (in)
     1    0.02                           clk (net)
                  0.08    0.00    0.05 ^ clkbuf_0_clk/A (sky130_fd_sc_hd__clkbuf_16)
                  0.06    0.15    0.20 ^ clkbuf_0_clk/X (sky130_fd_sc_hd__clkbuf_16)
     4    0.04                           clknet_0_clk (net)
                  0.06    0.00    0.20 ^ clkbuf_2_0__f_clk/A (sky130_fd_sc_hd__clkbuf_16)
                  0.06    0.14    0.34 ^ clkbuf_2_0__f_clk/X (sky130_fd_sc_hd__clkbuf_16)
    15    0.04                           clknet_2_0__leaf_clk (net)
                  0.06    0.00    0.34 ^ _729_/CLK (sky130_fd_sc_hd__dfrtp_4)
                  0.11    0.44    0.78 ^ _729_/Q (sky130_fd_sc_hd__dfrtp_4)
     8    0.03                           u_core.M[4] (net)
                  0.11    0.00    0.78 ^ _561_/A1 (sky130_fd_sc_hd__mux2_1)
                  0.04    0.13    0.90 ^ _561_/X (sky130_fd_sc_hd__mux2_1)
     1    0.00                           _304_ (net)
                  0.04    0.00    0.90 ^ _562_/A (sky130_fd_sc_hd__clkbuf_1)
                  0.04    0.07    0.97 ^ _562_/X (sky130_fd_sc_hd__clkbuf_1)
     1    0.00                           _089_ (net)
                  0.04    0.00    0.97 ^ _729_/D (sky130_fd_sc_hd__dfrtp_4)
                                  0.97   data arrival time

                          0.00    0.00   clock clk (rise edge)
                          0.00    0.00   clock source latency
                  0.08    0.06    0.06 ^ clk (in)
     1    0.02                           clk (net)
                  0.08    0.00    0.06 ^ clkbuf_0_clk/A (sky130_fd_sc_hd__clkbuf_16)
                  0.06    0.16    0.22 ^ clkbuf_0_clk/X (sky130_fd_sc_hd__clkbuf_16)
     4    0.04                           clknet_0_clk (net)
                  0.06    0.00    0.22 ^ clkbuf_2_0__f_clk/A (sky130_fd_sc_hd__clkbuf_16)
                  0.06    0.16    0.38 ^ clkbuf_2_0__f_clk/X (sky130_fd_sc_hd__clkbuf_16)
    15    0.04                           clknet_2_0__leaf_clk (net)
                  0.06    0.00    0.38 ^ _729_/CLK (sky130_fd_sc_hd__dfrtp_4)
                          0.25    0.63   clock uncertainty
                         -0.04    0.59   clock reconvergence pessimism
                         -0.03    0.56   library hold time
                                  0.56   data required time
-----------------------------------------------------------------------------
                                  0.56   data required time
                                 -0.97   data arrival time
-----------------------------------------------------------------------------
                                  0.42   slack (MET)


Startpoint: _727_ (rising edge-triggered flip-flop clocked by clk)
Endpoint: _727_ (rising edge-triggered flip-flop clocked by clk)
Path Group: clk
Path Type: min

Fanout     Cap    Slew   Delay    Time   Description
-----------------------------------------------------------------------------
                          0.00    0.00   clock clk (rise edge)
                          0.00    0.00   clock source latency
                  0.08    0.05    0.05 ^ clk (in)
     1    0.02                           clk (net)
                  0.08    0.00    0.05 ^ clkbuf_0_clk/A (sky130_fd_sc_hd__clkbuf_16)
                  0.06    0.15    0.20 ^ clkbuf_0_clk/X (sky130_fd_sc_hd__clkbuf_16)
     4    0.04                           clknet_0_clk (net)
                  0.06    0.00    0.20 ^ clkbuf_2_0__f_clk/A (sky130_fd_sc_hd__clkbuf_16)
                  0.06    0.14    0.34 ^ clkbuf_2_0__f_clk/X (sky130_fd_sc_hd__clkbuf_16)
    15    0.04                           clknet_2_0__leaf_clk (net)
                  0.06    0.00    0.34 ^ _727_/CLK (sky130_fd_sc_hd__dfrtp_4)
                  0.11    0.43    0.77 ^ _727_/Q (sky130_fd_sc_hd__dfrtp_4)
     6    0.03                           u_core.M[2] (net)
                  0.11    0.00    0.77 ^ _565_/A1 (sky130_fd_sc_hd__mux2_1)
                  0.04    0.13    0.90 ^ _565_/X (sky130_fd_sc_hd__mux2_1)
     1    0.00                           _306_ (net)
                  0.04    0.00    0.90 ^ _566_/A (sky130_fd_sc_hd__clkbuf_1)
                  0.04    0.07    0.97 ^ _566_/X (sky130_fd_sc_hd__clkbuf_1)
     1    0.00                           _087_ (net)
                  0.04    0.00    0.97 ^ _727_/D (sky130_fd_sc_hd__dfrtp_4)
                                  0.97   data arrival time

                          0.00    0.00   clock clk (rise edge)
                          0.00    0.00   clock source latency
                  0.08    0.06    0.06 ^ clk (in)
     1    0.02                           clk (net)
                  0.08    0.00    0.06 ^ clkbuf_0_clk/A (sky130_fd_sc_hd__clkbuf_16)
                  0.06    0.16    0.22 ^ clkbuf_0_clk/X (sky130_fd_sc_hd__clkbuf_16)
     4    0.04                           clknet_0_clk (net)
                  0.06    0.00    0.22 ^ clkbuf_2_0__f_clk/A (sky130_fd_sc_hd__clkbuf_16)
                  0.06    0.16    0.38 ^ clkbuf_2_0__f_clk/X (sky130_fd_sc_hd__clkbuf_16)
    15    0.04                           clknet_2_0__leaf_clk (net)
                  0.06    0.00    0.38 ^ _727_/CLK (sky130_fd_sc_hd__dfrtp_4)
                          0.25    0.63   clock uncertainty
                         -0.04    0.59   clock reconvergence pessimism
                         -0.03    0.56   library hold time
                                  0.56   data required time
-----------------------------------------------------------------------------
                                  0.56   data required time
                                 -0.97   data arrival time
-----------------------------------------------------------------------------
                                  0.42   slack (MET)


Startpoint: _731_ (rising edge-triggered flip-flop clocked by clk)
Endpoint: _731_ (rising edge-triggered flip-flop clocked by clk)
Path Group: clk
Path Type: min

Fanout     Cap    Slew   Delay    Time   Description
-----------------------------------------------------------------------------
                          0.00    0.00   clock clk (rise edge)
                          0.00    0.00   clock source latency
                  0.08    0.05    0.05 ^ clk (in)
     1    0.02                           clk (net)
                  0.08    0.00    0.05 ^ clkbuf_0_clk/A (sky130_fd_sc_hd__clkbuf_16)
                  0.06    0.15    0.20 ^ clkbuf_0_clk/X (sky130_fd_sc_hd__clkbuf_16)
     4    0.04                           clknet_0_clk (net)
                  0.06    0.00    0.20 ^ clkbuf_2_1__f_clk/A (sky130_fd_sc_hd__clkbuf_16)
                  0.06    0.14    0.34 ^ clkbuf_2_1__f_clk/X (sky130_fd_sc_hd__clkbuf_16)
    14    0.04                           clknet_2_1__leaf_clk (net)
                  0.06    0.00    0.34 ^ _731_/CLK (sky130_fd_sc_hd__dfrtp_4)
                  0.11    0.44    0.78 ^ _731_/Q (sky130_fd_sc_hd__dfrtp_4)
    10    0.03                           u_core.M[6] (net)
                  0.11    0.00    0.78 ^ _557_/A1 (sky130_fd_sc_hd__mux2_1)
                  0.04    0.13    0.91 ^ _557_/X (sky130_fd_sc_hd__mux2_1)
     1    0.00                           _302_ (net)
                  0.04    0.00    0.91 ^ _558_/A (sky130_fd_sc_hd__clkbuf_1)
                  0.04    0.07    0.98 ^ _558_/X (sky130_fd_sc_hd__clkbuf_1)
     1    0.00                           _091_ (net)
                  0.04    0.00    0.98 ^ _731_/D (sky130_fd_sc_hd__dfrtp_4)
                                  0.98   data arrival time

                          0.00    0.00   clock clk (rise edge)
                          0.00    0.00   clock source latency
                  0.08    0.06    0.06 ^ clk (in)
     1    0.02                           clk (net)
                  0.08    0.00    0.06 ^ clkbuf_0_clk/A (sky130_fd_sc_hd__clkbuf_16)
                  0.06    0.16    0.22 ^ clkbuf_0_clk/X (sky130_fd_sc_hd__clkbuf_16)
     4    0.04                           clknet_0_clk (net)
                  0.06    0.00    0.22 ^ clkbuf_2_1__f_clk/A (sky130_fd_sc_hd__clkbuf_16)
                  0.06    0.15    0.37 ^ clkbuf_2_1__f_clk/X (sky130_fd_sc_hd__clkbuf_16)
    14    0.04                           clknet_2_1__leaf_clk (net)
                  0.06    0.00    0.37 ^ _731_/CLK (sky130_fd_sc_hd__dfrtp_4)
                          0.25    0.62   clock uncertainty
                         -0.04    0.59   clock reconvergence pessimism
                         -0.03    0.55   library hold time
                                  0.55   data required time
-----------------------------------------------------------------------------
                                  0.55   data required time
                                 -0.98   data arrival time
-----------------------------------------------------------------------------
                                  0.42   slack (MET)


Startpoint: _696_ (rising edge-triggered flip-flop clocked by clk)
Endpoint: _698_ (rising edge-triggered flip-flop clocked by clk)
Path Group: clk
Path Type: min

Fanout     Cap    Slew   Delay    Time   Description
-----------------------------------------------------------------------------
                          0.00    0.00   clock clk (rise edge)
                          0.00    0.00   clock source latency
                  0.08    0.05    0.05 ^ clk (in)
     1    0.02                           clk (net)
                  0.08    0.00    0.05 ^ clkbuf_0_clk/A (sky130_fd_sc_hd__clkbuf_16)
                  0.06    0.15    0.20 ^ clkbuf_0_clk/X (sky130_fd_sc_hd__clkbuf_16)
     4    0.04                           clknet_0_clk (net)
                  0.06    0.00    0.20 ^ clkbuf_2_3__f_clk/A (sky130_fd_sc_hd__clkbuf_16)
                  0.06    0.14    0.33 ^ clkbuf_2_3__f_clk/X (sky130_fd_sc_hd__clkbuf_16)
    12    0.03                           clknet_2_3__leaf_clk (net)
                  0.06    0.00    0.33 ^ _696_/CLK (sky130_fd_sc_hd__dfrtp_1)
                  0.10    0.35    0.68 ^ _696_/Q (sky130_fd_sc_hd__dfrtp_1)
     4    0.01                           u_core.count[2] (net)
                  0.10    0.00    0.68 ^ _589_/B (sky130_fd_sc_hd__nor4b_1)
                  0.05    0.07    0.75 v _589_/Y (sky130_fd_sc_hd__nor4b_1)
     2    0.01                           _319_ (net)
                  0.05    0.00    0.75 v wire36/A (sky130_fd_sc_hd__clkbuf_2)
                  0.07    0.14    0.89 v wire36/X (sky130_fd_sc_hd__clkbuf_2)
     4    0.02                           net36 (net)
                  0.07    0.00    0.89 v _633_/A2 (sky130_fd_sc_hd__a21oi_1)
                  0.08    0.13    1.02 ^ _633_/Y (sky130_fd_sc_hd__a21oi_1)
     1    0.00                           _000_ (net)
                  0.08    0.00    1.02 ^ _698_/D (sky130_fd_sc_hd__dfrtp_2)
                                  1.02   data arrival time

                          0.00    0.00   clock clk (rise edge)
                          0.00    0.00   clock source latency
                  0.08    0.06    0.06 ^ clk (in)
     1    0.02                           clk (net)
                  0.08    0.00    0.06 ^ clkbuf_0_clk/A (sky130_fd_sc_hd__clkbuf_16)
                  0.06    0.16    0.22 ^ clkbuf_0_clk/X (sky130_fd_sc_hd__clkbuf_16)
     4    0.04                           clknet_0_clk (net)
                  0.06    0.00    0.22 ^ clkbuf_2_3__f_clk/A (sky130_fd_sc_hd__clkbuf_16)
                  0.06    0.15    0.37 ^ clkbuf_2_3__f_clk/X (sky130_fd_sc_hd__clkbuf_16)
    12    0.03                           clknet_2_3__leaf_clk (net)
                  0.06    0.00    0.37 ^ _698_/CLK (sky130_fd_sc_hd__dfrtp_2)
                          0.25    0.62   clock uncertainty
                         -0.04    0.58   clock reconvergence pessimism
                         -0.04    0.54   library hold time
                                  0.54   data required time
-----------------------------------------------------------------------------
                                  0.54   data required time
                                 -1.02   data arrival time
-----------------------------------------------------------------------------
                                  0.48   slack (MET)


Startpoint: rst (input port clocked by clk)
Endpoint: _744_ (removal check against rising-edge clock clk)
Path Group: asynchronous
Path Type: min

Fanout     Cap    Slew   Delay    Time   Description
-----------------------------------------------------------------------------
                          0.00    0.00   clock clk (rise edge)
                          0.00    0.00   clock network delay (propagated)
                          2.00    2.00 v input external delay
                  0.01    0.01    2.01 v rst (in)
     1    0.00                           rst (net)
                  0.01    0.00    2.01 v input17/A (sky130_fd_sc_hd__clkbuf_1)
                  0.02    0.07    2.07 v input17/X (sky130_fd_sc_hd__clkbuf_1)
     1    0.00                           net17 (net)
                  0.02    0.00    2.07 v _634_/A (sky130_fd_sc_hd__clkbuf_4)
                  0.09    0.17    2.24 v _634_/X (sky130_fd_sc_hd__clkbuf_4)
     9    0.04                           _341_ (net)
                  0.09    0.00    2.25 v _690_/A (sky130_fd_sc_hd__inv_2)
                  0.04    0.06    2.30 ^ _690_/Y (sky130_fd_sc_hd__inv_2)
     1    0.00                           _051_ (net)
                  0.04    0.00    2.30 ^ _744_/RESET_B (sky130_fd_sc_hd__dfrtp_2)
                                  2.30   data arrival time

                          0.00    0.00   clock clk (rise edge)
                          0.00    0.00   clock source latency
                  0.08    0.06    0.06 ^ clk (in)
     1    0.02                           clk (net)
                  0.08    0.00    0.06 ^ clkbuf_0_clk/A (sky130_fd_sc_hd__clkbuf_16)
                  0.06    0.16    0.22 ^ clkbuf_0_clk/X (sky130_fd_sc_hd__clkbuf_16)
     4    0.04                           clknet_0_clk (net)
                  0.06    0.00    0.22 ^ clkbuf_2_2__f_clk/A (sky130_fd_sc_hd__clkbuf_16)
                  0.06    0.15    0.37 ^ clkbuf_2_2__f_clk/X (sky130_fd_sc_hd__clkbuf_16)
    13    0.04                           clknet_2_2__leaf_clk (net)
                  0.06    0.00    0.37 ^ _744_/CLK (sky130_fd_sc_hd__dfrtp_2)
                          0.25    0.62   clock uncertainty
                          0.00    0.62   clock reconvergence pessimism
                          0.32    0.95   library removal time
                                  0.95   data required time
-----------------------------------------------------------------------------
                                  0.95   data required time
                                 -2.30   data arrival time
-----------------------------------------------------------------------------
                                  1.36   slack (MET)


Startpoint: rst (input port clocked by clk)
Endpoint: _747_ (removal check against rising-edge clock clk)
Path Group: asynchronous
Path Type: min

Fanout     Cap    Slew   Delay    Time   Description
-----------------------------------------------------------------------------
                          0.00    0.00   clock clk (rise edge)
                          0.00    0.00   clock network delay (propagated)
                          2.00    2.00 v input external delay
                  0.01    0.01    2.01 v rst (in)
     1    0.00                           rst (net)
                  0.01    0.00    2.01 v input17/A (sky130_fd_sc_hd__clkbuf_1)
                  0.02    0.07    2.07 v input17/X (sky130_fd_sc_hd__clkbuf_1)
     1    0.00                           net17 (net)
                  0.02    0.00    2.07 v _634_/A (sky130_fd_sc_hd__clkbuf_4)
                  0.09    0.17    2.24 v _634_/X (sky130_fd_sc_hd__clkbuf_4)
     9    0.04                           _341_ (net)
                  0.09    0.00    2.25 v _693_/A (sky130_fd_sc_hd__inv_2)
                  0.04    0.06    2.30 ^ _693_/Y (sky130_fd_sc_hd__inv_2)
     1    0.00                           _054_ (net)
                  0.04    0.00    2.30 ^ _747_/RESET_B (sky130_fd_sc_hd__dfrtp_1)
                                  2.30   data arrival time

                          0.00    0.00   clock clk (rise edge)
                          0.00    0.00   clock source latency
                  0.08    0.06    0.06 ^ clk (in)
     1    0.02                           clk (net)
                  0.08    0.00    0.06 ^ clkbuf_0_clk/A (sky130_fd_sc_hd__clkbuf_16)
                  0.06    0.16    0.22 ^ clkbuf_0_clk/X (sky130_fd_sc_hd__clkbuf_16)
     4    0.04                           clknet_0_clk (net)
                  0.06    0.00    0.22 ^ clkbuf_2_3__f_clk/A (sky130_fd_sc_hd__clkbuf_16)
                  0.06    0.15    0.37 ^ clkbuf_2_3__f_clk/X (sky130_fd_sc_hd__clkbuf_16)
    12    0.03                           clknet_2_3__leaf_clk (net)
                  0.06    0.00    0.37 ^ _747_/CLK (sky130_fd_sc_hd__dfrtp_1)
                          0.25    0.62   clock uncertainty
                          0.00    0.62   clock reconvergence pessimism
                          0.32    0.94   library removal time
                                  0.94   data required time
-----------------------------------------------------------------------------
                                  0.94   data required time
                                 -2.30   data arrival time
-----------------------------------------------------------------------------
                                  1.36   slack (MET)


Startpoint: rst (input port clocked by clk)
Endpoint: _746_ (removal check against rising-edge clock clk)
Path Group: asynchronous
Path Type: min

Fanout     Cap    Slew   Delay    Time   Description
-----------------------------------------------------------------------------
                          0.00    0.00   clock clk (rise edge)
                          0.00    0.00   clock network delay (propagated)
                          2.00    2.00 v input external delay
                  0.01    0.01    2.01 v rst (in)
     1    0.00                           rst (net)
                  0.01    0.00    2.01 v input17/A (sky130_fd_sc_hd__clkbuf_1)
                  0.02    0.07    2.07 v input17/X (sky130_fd_sc_hd__clkbuf_1)
     1    0.00                           net17 (net)
                  0.02    0.00    2.07 v _634_/A (sky130_fd_sc_hd__clkbuf_4)
                  0.09    0.17    2.24 v _634_/X (sky130_fd_sc_hd__clkbuf_4)
     9    0.04                           _341_ (net)
                  0.09    0.00    2.25 v _692_/A (sky130_fd_sc_hd__inv_2)
                  0.04    0.06    2.30 ^ _692_/Y (sky130_fd_sc_hd__inv_2)
     1    0.00                           _053_ (net)
                  0.04    0.00    2.30 ^ _746_/RESET_B (sky130_fd_sc_hd__dfrtp_1)
                                  2.30   data arrival time

                          0.00    0.00   clock clk (rise edge)
                          0.00    0.00   clock source latency
                  0.08    0.06    0.06 ^ clk (in)
     1    0.02                           clk (net)
                  0.08    0.00    0.06 ^ clkbuf_0_clk/A (sky130_fd_sc_hd__clkbuf_16)
                  0.06    0.16    0.22 ^ clkbuf_0_clk/X (sky130_fd_sc_hd__clkbuf_16)
     4    0.04                           clknet_0_clk (net)
                  0.06    0.00    0.22 ^ clkbuf_2_3__f_clk/A (sky130_fd_sc_hd__clkbuf_16)
                  0.06    0.15    0.37 ^ clkbuf_2_3__f_clk/X (sky130_fd_sc_hd__clkbuf_16)
    12    0.03                           clknet_2_3__leaf_clk (net)
                  0.06    0.00    0.37 ^ _746_/CLK (sky130_fd_sc_hd__dfrtp_1)
                          0.25    0.62   clock uncertainty
                          0.00    0.62   clock reconvergence pessimism
                          0.32    0.94   library removal time
                                  0.94   data required time
-----------------------------------------------------------------------------
                                  0.94   data required time
                                 -2.30   data arrival time
-----------------------------------------------------------------------------
                                  1.36   slack (MET)


Startpoint: rst (input port clocked by clk)
Endpoint: _745_ (removal check against rising-edge clock clk)
Path Group: asynchronous
Path Type: min

Fanout     Cap    Slew   Delay    Time   Description
-----------------------------------------------------------------------------
                          0.00    0.00   clock clk (rise edge)
                          0.00    0.00   clock network delay (propagated)
                          2.00    2.00 v input external delay
                  0.01    0.01    2.01 v rst (in)
     1    0.00                           rst (net)
                  0.01    0.00    2.01 v input17/A (sky130_fd_sc_hd__clkbuf_1)
                  0.02    0.07    2.07 v input17/X (sky130_fd_sc_hd__clkbuf_1)
     1    0.00                           net17 (net)
                  0.02    0.00    2.07 v _634_/A (sky130_fd_sc_hd__clkbuf_4)
                  0.09    0.17    2.24 v _634_/X (sky130_fd_sc_hd__clkbuf_4)
     9    0.04                           _341_ (net)
                  0.09    0.00    2.25 v _691_/A (sky130_fd_sc_hd__inv_2)
                  0.04    0.06    2.30 ^ _691_/Y (sky130_fd_sc_hd__inv_2)
     1    0.00                           _052_ (net)
                  0.04    0.00    2.30 ^ _745_/RESET_B (sky130_fd_sc_hd__dfrtp_1)
                                  2.30   data arrival time

                          0.00    0.00   clock clk (rise edge)
                          0.00    0.00   clock source latency
                  0.08    0.06    0.06 ^ clk (in)
     1    0.02                           clk (net)
                  0.08    0.00    0.06 ^ clkbuf_0_clk/A (sky130_fd_sc_hd__clkbuf_16)
                  0.06    0.16    0.22 ^ clkbuf_0_clk/X (sky130_fd_sc_hd__clkbuf_16)
     4    0.04                           clknet_0_clk (net)
                  0.06    0.00    0.22 ^ clkbuf_2_3__f_clk/A (sky130_fd_sc_hd__clkbuf_16)
                  0.06    0.15    0.37 ^ clkbuf_2_3__f_clk/X (sky130_fd_sc_hd__clkbuf_16)
    12    0.03                           clknet_2_3__leaf_clk (net)
                  0.06    0.00    0.37 ^ _745_/CLK (sky130_fd_sc_hd__dfrtp_1)
                          0.25    0.62   clock uncertainty
                          0.00    0.62   clock reconvergence pessimism
                          0.32    0.94   library removal time
                                  0.94   data required time
-----------------------------------------------------------------------------
                                  0.94   data required time
                                 -2.30   data arrival time
-----------------------------------------------------------------------------
                                  1.36   slack (MET)


Startpoint: rst (input port clocked by clk)
Endpoint: _730_ (removal check against rising-edge clock clk)
Path Group: asynchronous
Path Type: min

Fanout     Cap    Slew   Delay    Time   Description
-----------------------------------------------------------------------------
                          0.00    0.00   clock clk (rise edge)
                          0.00    0.00   clock network delay (propagated)
                          2.00    2.00 v input external delay
                  0.01    0.01    2.01 v rst (in)
     1    0.00                           rst (net)
                  0.01    0.00    2.01 v input17/A (sky130_fd_sc_hd__clkbuf_1)
                  0.02    0.07    2.07 v input17/X (sky130_fd_sc_hd__clkbuf_1)
     1    0.00                           net17 (net)
                  0.02    0.00    2.07 v _634_/A (sky130_fd_sc_hd__clkbuf_4)
                  0.09    0.17    2.24 v _634_/X (sky130_fd_sc_hd__clkbuf_4)
     9    0.04                           _341_ (net)
                  0.09    0.00    2.24 v _668_/A (sky130_fd_sc_hd__clkbuf_8)
                  0.08    0.19    2.44 v _668_/X (sky130_fd_sc_hd__clkbuf_8)
    10    0.06                           _345_ (net)
                  0.08    0.00    2.44 v _675_/A (sky130_fd_sc_hd__inv_2)
                  0.03    0.05    2.49 ^ _675_/Y (sky130_fd_sc_hd__inv_2)
     1    0.00                           _037_ (net)
                  0.03    0.00    2.49 ^ _730_/RESET_B (sky130_fd_sc_hd__dfrtp_2)
                                  2.49   data arrival time

                          0.00    0.00   clock clk (rise edge)
                          0.00    0.00   clock source latency
                  0.08    0.06    0.06 ^ clk (in)
     1    0.02                           clk (net)
                  0.08    0.00    0.06 ^ clkbuf_0_clk/A (sky130_fd_sc_hd__clkbuf_16)
                  0.06    0.16    0.22 ^ clkbuf_0_clk/X (sky130_fd_sc_hd__clkbuf_16)
     4    0.04                           clknet_0_clk (net)
                  0.06    0.00    0.22 ^ clkbuf_2_0__f_clk/A (sky130_fd_sc_hd__clkbuf_16)
                  0.06    0.16    0.38 ^ clkbuf_2_0__f_clk/X (sky130_fd_sc_hd__clkbuf_16)
    15    0.04                           clknet_2_0__leaf_clk (net)
                  0.06    0.00    0.38 ^ _730_/CLK (sky130_fd_sc_hd__dfrtp_2)
                          0.25    0.63   clock uncertainty
                          0.00    0.63   clock reconvergence pessimism
                          0.32    0.95   library removal time
                                  0.95   data required time
-----------------------------------------------------------------------------
                                  0.95   data required time
                                 -2.49   data arrival time
-----------------------------------------------------------------------------
                                  1.54   slack (MET)


Startpoint: rst (input port clocked by clk)
Endpoint: _733_ (removal check against rising-edge clock clk)
Path Group: asynchronous
Path Type: min

Fanout     Cap    Slew   Delay    Time   Description
-----------------------------------------------------------------------------
                          0.00    0.00   clock clk (rise edge)
                          0.00    0.00   clock network delay (propagated)
                          2.00    2.00 v input external delay
                  0.01    0.01    2.01 v rst (in)
     1    0.00                           rst (net)
                  0.01    0.00    2.01 v input17/A (sky130_fd_sc_hd__clkbuf_1)
                  0.02    0.07    2.07 v input17/X (sky130_fd_sc_hd__clkbuf_1)
     1    0.00                           net17 (net)
                  0.02    0.00    2.07 v _634_/A (sky130_fd_sc_hd__clkbuf_4)
                  0.09    0.17    2.24 v _634_/X (sky130_fd_sc_hd__clkbuf_4)
     9    0.04                           _341_ (net)
                  0.09    0.00    2.24 v _668_/A (sky130_fd_sc_hd__clkbuf_8)
                  0.08    0.19    2.44 v _668_/X (sky130_fd_sc_hd__clkbuf_8)
    10    0.06                           _345_ (net)
                  0.08    0.00    2.44 v _678_/A (sky130_fd_sc_hd__inv_2)
                  0.03    0.05    2.49 ^ _678_/Y (sky130_fd_sc_hd__inv_2)
     1    0.00                           _040_ (net)
                  0.03    0.00    2.49 ^ _733_/RESET_B (sky130_fd_sc_hd__dfrtp_1)
                                  2.49   data arrival time

                          0.00    0.00   clock clk (rise edge)
                          0.00    0.00   clock source latency
                  0.08    0.06    0.06 ^ clk (in)
     1    0.02                           clk (net)
                  0.08    0.00    0.06 ^ clkbuf_0_clk/A (sky130_fd_sc_hd__clkbuf_16)
                  0.06    0.16    0.22 ^ clkbuf_0_clk/X (sky130_fd_sc_hd__clkbuf_16)
     4    0.04                           clknet_0_clk (net)
                  0.06    0.00    0.22 ^ clkbuf_2_0__f_clk/A (sky130_fd_sc_hd__clkbuf_16)
                  0.06    0.16    0.38 ^ clkbuf_2_0__f_clk/X (sky130_fd_sc_hd__clkbuf_16)
    15    0.04                           clknet_2_0__leaf_clk (net)
                  0.06    0.00    0.38 ^ _733_/CLK (sky130_fd_sc_hd__dfrtp_1)
                          0.25    0.63   clock uncertainty
                          0.00    0.63   clock reconvergence pessimism
                          0.32    0.95   library removal time
                                  0.95   data required time
-----------------------------------------------------------------------------
                                  0.95   data required time
                                 -2.49   data arrival time
-----------------------------------------------------------------------------
                                  1.54   slack (MET)


Startpoint: rst (input port clocked by clk)
Endpoint: _729_ (removal check against rising-edge clock clk)
Path Group: asynchronous
Path Type: min

Fanout     Cap    Slew   Delay    Time   Description
-----------------------------------------------------------------------------
                          0.00    0.00   clock clk (rise edge)
                          0.00    0.00   clock network delay (propagated)
                          2.00    2.00 v input external delay
                  0.01    0.01    2.01 v rst (in)
     1    0.00                           rst (net)
                  0.01    0.00    2.01 v input17/A (sky130_fd_sc_hd__clkbuf_1)
                  0.02    0.07    2.07 v input17/X (sky130_fd_sc_hd__clkbuf_1)
     1    0.00                           net17 (net)
                  0.02    0.00    2.07 v _634_/A (sky130_fd_sc_hd__clkbuf_4)
                  0.09    0.17    2.24 v _634_/X (sky130_fd_sc_hd__clkbuf_4)
     9    0.04                           _341_ (net)
                  0.09    0.00    2.24 v _668_/A (sky130_fd_sc_hd__clkbuf_8)
                  0.08    0.19    2.44 v _668_/X (sky130_fd_sc_hd__clkbuf_8)
    10    0.06                           _345_ (net)
                  0.08    0.00    2.44 v _674_/A (sky130_fd_sc_hd__inv_2)
                  0.03    0.05    2.49 ^ _674_/Y (sky130_fd_sc_hd__inv_2)
     1    0.00                           _036_ (net)
                  0.03    0.00    2.49 ^ _729_/RESET_B (sky130_fd_sc_hd__dfrtp_4)
                                  2.49   data arrival time

                          0.00    0.00   clock clk (rise edge)
                          0.00    0.00   clock source latency
                  0.08    0.06    0.06 ^ clk (in)
     1    0.02                           clk (net)
                  0.08    0.00    0.06 ^ clkbuf_0_clk/A (sky130_fd_sc_hd__clkbuf_16)
                  0.06    0.16    0.22 ^ clkbuf_0_clk/X (sky130_fd_sc_hd__clkbuf_16)
     4    0.04                           clknet_0_clk (net)
                  0.06    0.00    0.22 ^ clkbuf_2_0__f_clk/A (sky130_fd_sc_hd__clkbuf_16)
                  0.06    0.16    0.38 ^ clkbuf_2_0__f_clk/X (sky130_fd_sc_hd__clkbuf_16)
    15    0.04                           clknet_2_0__leaf_clk (net)
                  0.06    0.00    0.38 ^ _729_/CLK (sky130_fd_sc_hd__dfrtp_4)
                          0.25    0.63   clock uncertainty
                          0.00    0.63   clock reconvergence pessimism
                          0.32    0.95   library removal time
                                  0.95   data required time
-----------------------------------------------------------------------------
                                  0.95   data required time
                                 -2.49   data arrival time
-----------------------------------------------------------------------------
                                  1.54   slack (MET)


Startpoint: rst (input port clocked by clk)
Endpoint: _725_ (removal check against rising-edge clock clk)
Path Group: asynchronous
Path Type: min

Fanout     Cap    Slew   Delay    Time   Description
-----------------------------------------------------------------------------
                          0.00    0.00   clock clk (rise edge)
                          0.00    0.00   clock network delay (propagated)
                          2.00    2.00 v input external delay
                  0.01    0.01    2.01 v rst (in)
     1    0.00                           rst (net)
                  0.01    0.00    2.01 v input17/A (sky130_fd_sc_hd__clkbuf_1)
                  0.02    0.07    2.07 v input17/X (sky130_fd_sc_hd__clkbuf_1)
     1    0.00                           net17 (net)
                  0.02    0.00    2.07 v _634_/A (sky130_fd_sc_hd__clkbuf_4)
                  0.09    0.17    2.24 v _634_/X (sky130_fd_sc_hd__clkbuf_4)
     9    0.04                           _341_ (net)
                  0.09    0.00    2.24 v _668_/A (sky130_fd_sc_hd__clkbuf_8)
                  0.08    0.19    2.44 v _668_/X (sky130_fd_sc_hd__clkbuf_8)
    10    0.06                           _345_ (net)
                  0.08    0.00    2.44 v _670_/A (sky130_fd_sc_hd__inv_2)
                  0.03    0.05    2.49 ^ _670_/Y (sky130_fd_sc_hd__inv_2)
     1    0.00                           _032_ (net)
                  0.03    0.00    2.49 ^ _725_/RESET_B (sky130_fd_sc_hd__dfrtp_4)
                                  2.49   data arrival time

                          0.00    0.00   clock clk (rise edge)
                          0.00    0.00   clock source latency
                  0.08    0.06    0.06 ^ clk (in)
     1    0.02                           clk (net)
                  0.08    0.00    0.06 ^ clkbuf_0_clk/A (sky130_fd_sc_hd__clkbuf_16)
                  0.06    0.16    0.22 ^ clkbuf_0_clk/X (sky130_fd_sc_hd__clkbuf_16)
     4    0.04                           clknet_0_clk (net)
                  0.06    0.00    0.22 ^ clkbuf_2_0__f_clk/A (sky130_fd_sc_hd__clkbuf_16)
                  0.06    0.16    0.38 ^ clkbuf_2_0__f_clk/X (sky130_fd_sc_hd__clkbuf_16)
    15    0.04                           clknet_2_0__leaf_clk (net)
                  0.06    0.00    0.38 ^ _725_/CLK (sky130_fd_sc_hd__dfrtp_4)
                          0.25    0.63   clock uncertainty
                          0.00    0.63   clock reconvergence pessimism
                          0.32    0.95   library removal time
                                  0.95   data required time
-----------------------------------------------------------------------------
                                  0.95   data required time
                                 -2.49   data arrival time
-----------------------------------------------------------------------------
                                  1.54   slack (MET)


Startpoint: rst (input port clocked by clk)
Endpoint: _727_ (removal check against rising-edge clock clk)
Path Group: asynchronous
Path Type: min

Fanout     Cap    Slew   Delay    Time   Description
-----------------------------------------------------------------------------
                          0.00    0.00   clock clk (rise edge)
                          0.00    0.00   clock network delay (propagated)
                          2.00    2.00 v input external delay
                  0.01    0.01    2.01 v rst (in)
     1    0.00                           rst (net)
                  0.01    0.00    2.01 v input17/A (sky130_fd_sc_hd__clkbuf_1)
                  0.02    0.07    2.07 v input17/X (sky130_fd_sc_hd__clkbuf_1)
     1    0.00                           net17 (net)
                  0.02    0.00    2.07 v _634_/A (sky130_fd_sc_hd__clkbuf_4)
                  0.09    0.17    2.24 v _634_/X (sky130_fd_sc_hd__clkbuf_4)
     9    0.04                           _341_ (net)
                  0.09    0.00    2.24 v _668_/A (sky130_fd_sc_hd__clkbuf_8)
                  0.08    0.19    2.44 v _668_/X (sky130_fd_sc_hd__clkbuf_8)
    10    0.06                           _345_ (net)
                  0.08    0.00    2.44 v _672_/A (sky130_fd_sc_hd__inv_2)
                  0.03    0.05    2.49 ^ _672_/Y (sky130_fd_sc_hd__inv_2)
     1    0.00                           _034_ (net)
                  0.03    0.00    2.49 ^ _727_/RESET_B (sky130_fd_sc_hd__dfrtp_4)
                                  2.49   data arrival time

                          0.00    0.00   clock clk (rise edge)
                          0.00    0.00   clock source latency
                  0.08    0.06    0.06 ^ clk (in)
     1    0.02                           clk (net)
                  0.08    0.00    0.06 ^ clkbuf_0_clk/A (sky130_fd_sc_hd__clkbuf_16)
                  0.06    0.16    0.22 ^ clkbuf_0_clk/X (sky130_fd_sc_hd__clkbuf_16)
     4    0.04                           clknet_0_clk (net)
                  0.06    0.00    0.22 ^ clkbuf_2_0__f_clk/A (sky130_fd_sc_hd__clkbuf_16)
                  0.06    0.16    0.38 ^ clkbuf_2_0__f_clk/X (sky130_fd_sc_hd__clkbuf_16)
    15    0.04                           clknet_2_0__leaf_clk (net)
                  0.06    0.00    0.38 ^ _727_/CLK (sky130_fd_sc_hd__dfrtp_4)
                          0.25    0.63   clock uncertainty
                          0.00    0.63   clock reconvergence pessimism
                          0.32    0.95   library removal time
                                  0.95   data required time
-----------------------------------------------------------------------------
                                  0.95   data required time
                                 -2.49   data arrival time
-----------------------------------------------------------------------------
                                  1.55   slack (MET)


Startpoint: rst (input port clocked by clk)
Endpoint: _726_ (removal check against rising-edge clock clk)
Path Group: asynchronous
Path Type: min

Fanout     Cap    Slew   Delay    Time   Description
-----------------------------------------------------------------------------
                          0.00    0.00   clock clk (rise edge)
                          0.00    0.00   clock network delay (propagated)
                          2.00    2.00 v input external delay
                  0.01    0.01    2.01 v rst (in)
     1    0.00                           rst (net)
                  0.01    0.00    2.01 v input17/A (sky130_fd_sc_hd__clkbuf_1)
                  0.02    0.07    2.07 v input17/X (sky130_fd_sc_hd__clkbuf_1)
     1    0.00                           net17 (net)
                  0.02    0.00    2.07 v _634_/A (sky130_fd_sc_hd__clkbuf_4)
                  0.09    0.17    2.24 v _634_/X (sky130_fd_sc_hd__clkbuf_4)
     9    0.04                           _341_ (net)
                  0.09    0.00    2.24 v _668_/A (sky130_fd_sc_hd__clkbuf_8)
                  0.08    0.19    2.44 v _668_/X (sky130_fd_sc_hd__clkbuf_8)
    10    0.06                           _345_ (net)
                  0.08    0.00    2.44 v _671_/A (sky130_fd_sc_hd__inv_2)
                  0.03    0.05    2.49 ^ _671_/Y (sky130_fd_sc_hd__inv_2)
     1    0.00                           _033_ (net)
                  0.03    0.00    2.49 ^ _726_/RESET_B (sky130_fd_sc_hd__dfrtp_1)
                                  2.49   data arrival time

                          0.00    0.00   clock clk (rise edge)
                          0.00    0.00   clock source latency
                  0.08    0.06    0.06 ^ clk (in)
     1    0.02                           clk (net)
                  0.08    0.00    0.06 ^ clkbuf_0_clk/A (sky130_fd_sc_hd__clkbuf_16)
                  0.06    0.16    0.22 ^ clkbuf_0_clk/X (sky130_fd_sc_hd__clkbuf_16)
     4    0.04                           clknet_0_clk (net)
                  0.06    0.00    0.22 ^ clkbuf_2_0__f_clk/A (sky130_fd_sc_hd__clkbuf_16)
                  0.06    0.16    0.38 ^ clkbuf_2_0__f_clk/X (sky130_fd_sc_hd__clkbuf_16)
    15    0.04                           clknet_2_0__leaf_clk (net)
                  0.06    0.00    0.38 ^ _726_/CLK (sky130_fd_sc_hd__dfrtp_1)
                          0.25    0.63   clock uncertainty
                          0.00    0.63   clock reconvergence pessimism
                          0.32    0.95   library removal time
                                  0.95   data required time
-----------------------------------------------------------------------------
                                  0.95   data required time
                                 -2.49   data arrival time
-----------------------------------------------------------------------------
                                  1.55   slack (MET)


Startpoint: rst (input port clocked by clk)
Endpoint: _724_ (removal check against rising-edge clock clk)
Path Group: asynchronous
Path Type: min

Fanout     Cap    Slew   Delay    Time   Description
-----------------------------------------------------------------------------
                          0.00    0.00   clock clk (rise edge)
                          0.00    0.00   clock network delay (propagated)
                          2.00    2.00 v input external delay
                  0.01    0.01    2.01 v rst (in)
     1    0.00                           rst (net)
                  0.01    0.00    2.01 v input17/A (sky130_fd_sc_hd__clkbuf_1)
                  0.02    0.07    2.07 v input17/X (sky130_fd_sc_hd__clkbuf_1)
     1    0.00                           net17 (net)
                  0.02    0.00    2.07 v _634_/A (sky130_fd_sc_hd__clkbuf_4)
                  0.09    0.17    2.24 v _634_/X (sky130_fd_sc_hd__clkbuf_4)
     9    0.04                           _341_ (net)
                  0.09    0.00    2.24 v _668_/A (sky130_fd_sc_hd__clkbuf_8)
                  0.08    0.19    2.44 v _668_/X (sky130_fd_sc_hd__clkbuf_8)
    10    0.06                           _345_ (net)
                  0.08    0.00    2.44 v _669_/A (sky130_fd_sc_hd__inv_2)
                  0.03    0.05    2.49 ^ _669_/Y (sky130_fd_sc_hd__inv_2)
     1    0.00                           _031_ (net)
                  0.03    0.00    2.49 ^ _724_/RESET_B (sky130_fd_sc_hd__dfrtp_1)
                                  2.49   data arrival time

                          0.00    0.00   clock clk (rise edge)
                          0.00    0.00   clock source latency
                  0.08    0.06    0.06 ^ clk (in)
     1    0.02                           clk (net)
                  0.08    0.00    0.06 ^ clkbuf_0_clk/A (sky130_fd_sc_hd__clkbuf_16)
                  0.06    0.16    0.22 ^ clkbuf_0_clk/X (sky130_fd_sc_hd__clkbuf_16)
     4    0.04                           clknet_0_clk (net)
                  0.06    0.00    0.22 ^ clkbuf_2_2__f_clk/A (sky130_fd_sc_hd__clkbuf_16)
                  0.06    0.15    0.37 ^ clkbuf_2_2__f_clk/X (sky130_fd_sc_hd__clkbuf_16)
    13    0.04                           clknet_2_2__leaf_clk (net)
                  0.06    0.00    0.37 ^ _724_/CLK (sky130_fd_sc_hd__dfrtp_1)
                          0.25    0.62   clock uncertainty
                          0.00    0.62   clock reconvergence pessimism
                          0.32    0.94   library removal time
                                  0.94   data required time
-----------------------------------------------------------------------------
                                  0.94   data required time
                                 -2.49   data arrival time
-----------------------------------------------------------------------------
                                  1.55   slack (MET)


Startpoint: rst (input port clocked by clk)
Endpoint: _710_ (removal check against rising-edge clock clk)
Path Group: asynchronous
Path Type: min

Fanout     Cap    Slew   Delay    Time   Description
-----------------------------------------------------------------------------
                          0.00    0.00   clock clk (rise edge)
                          0.00    0.00   clock network delay (propagated)
                          2.00    2.00 v input external delay
                  0.01    0.01    2.01 v rst (in)
     1    0.00                           rst (net)
                  0.01    0.00    2.01 v input17/A (sky130_fd_sc_hd__clkbuf_1)
                  0.02    0.07    2.07 v input17/X (sky130_fd_sc_hd__clkbuf_1)
     1    0.00                           net17 (net)
                  0.02    0.00    2.07 v _634_/A (sky130_fd_sc_hd__clkbuf_4)
                  0.09    0.17    2.24 v _634_/X (sky130_fd_sc_hd__clkbuf_4)
     9    0.04                           _341_ (net)
                  0.09    0.00    2.24 v _646_/A (sky130_fd_sc_hd__clkbuf_8)
                  0.08    0.19    2.44 v _646_/X (sky130_fd_sc_hd__clkbuf_8)
    10    0.06                           _343_ (net)
                  0.08    0.00    2.44 v _653_/A (sky130_fd_sc_hd__inv_2)
                  0.03    0.05    2.49 ^ _653_/Y (sky130_fd_sc_hd__inv_2)
     1    0.00                           _017_ (net)
                  0.03    0.00    2.49 ^ _710_/RESET_B (sky130_fd_sc_hd__dfrtp_1)
                                  2.49   data arrival time

                          0.00    0.00   clock clk (rise edge)
                          0.00    0.00   clock source latency
                  0.08    0.06    0.06 ^ clk (in)
     1    0.02                           clk (net)
                  0.08    0.00    0.06 ^ clkbuf_0_clk/A (sky130_fd_sc_hd__clkbuf_16)
                  0.06    0.16    0.22 ^ clkbuf_0_clk/X (sky130_fd_sc_hd__clkbuf_16)
     4    0.04                           clknet_0_clk (net)
                  0.06    0.00    0.22 ^ clkbuf_2_0__f_clk/A (sky130_fd_sc_hd__clkbuf_16)
                  0.06    0.16    0.38 ^ clkbuf_2_0__f_clk/X (sky130_fd_sc_hd__clkbuf_16)
    15    0.04                           clknet_2_0__leaf_clk (net)
                  0.06    0.00    0.38 ^ _710_/CLK (sky130_fd_sc_hd__dfrtp_1)
                          0.25    0.63   clock uncertainty
                          0.00    0.63   clock reconvergence pessimism
                          0.32    0.95   library removal time
                                  0.95   data required time
-----------------------------------------------------------------------------
                                  0.95   data required time
                                 -2.49   data arrival time
-----------------------------------------------------------------------------
                                  1.55   slack (MET)


Startpoint: rst (input port clocked by clk)
Endpoint: _707_ (removal check against rising-edge clock clk)
Path Group: asynchronous
Path Type: min

Fanout     Cap    Slew   Delay    Time   Description
-----------------------------------------------------------------------------
                          0.00    0.00   clock clk (rise edge)
                          0.00    0.00   clock network delay (propagated)
                          2.00    2.00 v input external delay
                  0.01    0.01    2.01 v rst (in)
     1    0.00                           rst (net)
                  0.01    0.00    2.01 v input17/A (sky130_fd_sc_hd__clkbuf_1)
                  0.02    0.07    2.07 v input17/X (sky130_fd_sc_hd__clkbuf_1)
     1    0.00                           net17 (net)
                  0.02    0.00    2.07 v _634_/A (sky130_fd_sc_hd__clkbuf_4)
                  0.09    0.17    2.24 v _634_/X (sky130_fd_sc_hd__clkbuf_4)
     9    0.04                           _341_ (net)
                  0.09    0.00    2.24 v _646_/A (sky130_fd_sc_hd__clkbuf_8)
                  0.08    0.19    2.44 v _646_/X (sky130_fd_sc_hd__clkbuf_8)
    10    0.06                           _343_ (net)
                  0.08    0.00    2.44 v _650_/A (sky130_fd_sc_hd__inv_2)
                  0.03    0.05    2.49 ^ _650_/Y (sky130_fd_sc_hd__inv_2)
     1    0.00                           _014_ (net)
                  0.03    0.00    2.49 ^ _707_/RESET_B (sky130_fd_sc_hd__dfrtp_1)
                                  2.49   data arrival time

                          0.00    0.00   clock clk (rise edge)
                          0.00    0.00   clock source latency
                  0.08    0.06    0.06 ^ clk (in)
     1    0.02                           clk (net)
                  0.08    0.00    0.06 ^ clkbuf_0_clk/A (sky130_fd_sc_hd__clkbuf_16)
                  0.06    0.16    0.22 ^ clkbuf_0_clk/X (sky130_fd_sc_hd__clkbuf_16)
     4    0.04                           clknet_0_clk (net)
                  0.06    0.00    0.22 ^ clkbuf_2_2__f_clk/A (sky130_fd_sc_hd__clkbuf_16)
                  0.06    0.15    0.37 ^ clkbuf_2_2__f_clk/X (sky130_fd_sc_hd__clkbuf_16)
    13    0.04                           clknet_2_2__leaf_clk (net)
                  0.06    0.00    0.37 ^ _707_/CLK (sky130_fd_sc_hd__dfrtp_1)
                          0.25    0.62   clock uncertainty
                          0.00    0.62   clock reconvergence pessimism
                          0.32    0.95   library removal time
                                  0.95   data required time
-----------------------------------------------------------------------------
                                  0.95   data required time
                                 -2.49   data arrival time
-----------------------------------------------------------------------------
                                  1.55   slack (MET)


Startpoint: rst (input port clocked by clk)
Endpoint: _704_ (removal check against rising-edge clock clk)
Path Group: asynchronous
Path Type: min

Fanout     Cap    Slew   Delay    Time   Description
-----------------------------------------------------------------------------
                          0.00    0.00   clock clk (rise edge)
                          0.00    0.00   clock network delay (propagated)
                          2.00    2.00 v input external delay
                  0.01    0.01    2.01 v rst (in)
     1    0.00                           rst (net)
                  0.01    0.00    2.01 v input17/A (sky130_fd_sc_hd__clkbuf_1)
                  0.02    0.07    2.07 v input17/X (sky130_fd_sc_hd__clkbuf_1)
     1    0.00                           net17 (net)
                  0.02    0.00    2.07 v _634_/A (sky130_fd_sc_hd__clkbuf_4)
                  0.09    0.17    2.24 v _634_/X (sky130_fd_sc_hd__clkbuf_4)
     9    0.04                           _341_ (net)
                  0.09    0.00    2.24 v _646_/A (sky130_fd_sc_hd__clkbuf_8)
                  0.08    0.19    2.44 v _646_/X (sky130_fd_sc_hd__clkbuf_8)
    10    0.06                           _343_ (net)
                  0.08    0.00    2.44 v _647_/A (sky130_fd_sc_hd__inv_2)
                  0.03    0.05    2.50 ^ _647_/Y (sky130_fd_sc_hd__inv_2)
     1    0.00                           _011_ (net)
                  0.03    0.00    2.50 ^ _704_/RESET_B (sky130_fd_sc_hd__dfrtp_1)
                                  2.50   data arrival time

                          0.00    0.00   clock clk (rise edge)
                          0.00    0.00   clock source latency
                  0.08    0.06    0.06 ^ clk (in)
     1    0.02                           clk (net)
                  0.08    0.00    0.06 ^ clkbuf_0_clk/A (sky130_fd_sc_hd__clkbuf_16)
                  0.06    0.16    0.22 ^ clkbuf_0_clk/X (sky130_fd_sc_hd__clkbuf_16)
     4    0.04                           clknet_0_clk (net)
                  0.06    0.00    0.22 ^ clkbuf_2_0__f_clk/A (sky130_fd_sc_hd__clkbuf_16)
                  0.06    0.16    0.38 ^ clkbuf_2_0__f_clk/X (sky130_fd_sc_hd__clkbuf_16)
    15    0.04                           clknet_2_0__leaf_clk (net)
                  0.06    0.00    0.38 ^ _704_/CLK (sky130_fd_sc_hd__dfrtp_1)
                          0.25    0.63   clock uncertainty
                          0.00    0.63   clock reconvergence pessimism
                          0.32    0.95   library removal time
                                  0.95   data required time
-----------------------------------------------------------------------------
                                  0.95   data required time
                                 -2.50   data arrival time
-----------------------------------------------------------------------------
                                  1.55   slack (MET)


Startpoint: rst (input port clocked by clk)
Endpoint: _705_ (removal check against rising-edge clock clk)
Path Group: asynchronous
Path Type: min

Fanout     Cap    Slew   Delay    Time   Description
-----------------------------------------------------------------------------
                          0.00    0.00   clock clk (rise edge)
                          0.00    0.00   clock network delay (propagated)
                          2.00    2.00 v input external delay
                  0.01    0.01    2.01 v rst (in)
     1    0.00                           rst (net)
                  0.01    0.00    2.01 v input17/A (sky130_fd_sc_hd__clkbuf_1)
                  0.02    0.07    2.07 v input17/X (sky130_fd_sc_hd__clkbuf_1)
     1    0.00                           net17 (net)
                  0.02    0.00    2.07 v _634_/A (sky130_fd_sc_hd__clkbuf_4)
                  0.09    0.17    2.24 v _634_/X (sky130_fd_sc_hd__clkbuf_4)
     9    0.04                           _341_ (net)
                  0.09    0.00    2.24 v _646_/A (sky130_fd_sc_hd__clkbuf_8)
                  0.08    0.19    2.44 v _646_/X (sky130_fd_sc_hd__clkbuf_8)
    10    0.06                           _343_ (net)
                  0.08    0.00    2.44 v _648_/A (sky130_fd_sc_hd__inv_2)
                  0.03    0.05    2.49 ^ _648_/Y (sky130_fd_sc_hd__inv_2)
     1    0.00                           _012_ (net)
                  0.03    0.00    2.49 ^ _705_/RESET_B (sky130_fd_sc_hd__dfrtp_1)
                                  2.49   data arrival time

                          0.00    0.00   clock clk (rise edge)
                          0.00    0.00   clock source latency
                  0.08    0.06    0.06 ^ clk (in)
     1    0.02                           clk (net)
                  0.08    0.00    0.06 ^ clkbuf_0_clk/A (sky130_fd_sc_hd__clkbuf_16)
                  0.06    0.16    0.22 ^ clkbuf_0_clk/X (sky130_fd_sc_hd__clkbuf_16)
     4    0.04                           clknet_0_clk (net)
                  0.06    0.00    0.22 ^ clkbuf_2_2__f_clk/A (sky130_fd_sc_hd__clkbuf_16)
                  0.06    0.15    0.37 ^ clkbuf_2_2__f_clk/X (sky130_fd_sc_hd__clkbuf_16)
    13    0.04                           clknet_2_2__leaf_clk (net)
                  0.06    0.00    0.37 ^ _705_/CLK (sky130_fd_sc_hd__dfrtp_1)
                          0.25    0.62   clock uncertainty
                          0.00    0.62   clock reconvergence pessimism
                          0.32    0.94   library removal time
                                  0.94   data required time
-----------------------------------------------------------------------------
                                  0.94   data required time
                                 -2.49   data arrival time
-----------------------------------------------------------------------------
                                  1.55   slack (MET)


Startpoint: rst (input port clocked by clk)
Endpoint: _708_ (removal check against rising-edge clock clk)
Path Group: asynchronous
Path Type: min

Fanout     Cap    Slew   Delay    Time   Description
-----------------------------------------------------------------------------
                          0.00    0.00   clock clk (rise edge)
                          0.00    0.00   clock network delay (propagated)
                          2.00    2.00 v input external delay
                  0.01    0.01    2.01 v rst (in)
     1    0.00                           rst (net)
                  0.01    0.00    2.01 v input17/A (sky130_fd_sc_hd__clkbuf_1)
                  0.02    0.07    2.07 v input17/X (sky130_fd_sc_hd__clkbuf_1)
     1    0.00                           net17 (net)
                  0.02    0.00    2.07 v _634_/A (sky130_fd_sc_hd__clkbuf_4)
                  0.09    0.17    2.24 v _634_/X (sky130_fd_sc_hd__clkbuf_4)
     9    0.04                           _341_ (net)
                  0.09    0.00    2.24 v _646_/A (sky130_fd_sc_hd__clkbuf_8)
                  0.08    0.19    2.44 v _646_/X (sky130_fd_sc_hd__clkbuf_8)
    10    0.06                           _343_ (net)
                  0.08    0.00    2.44 v _651_/A (sky130_fd_sc_hd__inv_2)
                  0.03    0.05    2.49 ^ _651_/Y (sky130_fd_sc_hd__inv_2)
     1    0.00                           _015_ (net)
                  0.03    0.00    2.49 ^ _708_/RESET_B (sky130_fd_sc_hd__dfrtp_1)
                                  2.49   data arrival time

                          0.00    0.00   clock clk (rise edge)
                          0.00    0.00   clock source latency
                  0.08    0.06    0.06 ^ clk (in)
     1    0.02                           clk (net)
                  0.08    0.00    0.06 ^ clkbuf_0_clk/A (sky130_fd_sc_hd__clkbuf_16)
                  0.06    0.16    0.22 ^ clkbuf_0_clk/X (sky130_fd_sc_hd__clkbuf_16)
     4    0.04                           clknet_0_clk (net)
                  0.06    0.00    0.22 ^ clkbuf_2_2__f_clk/A (sky130_fd_sc_hd__clkbuf_16)
                  0.06    0.15    0.37 ^ clkbuf_2_2__f_clk/X (sky130_fd_sc_hd__clkbuf_16)
    13    0.04                           clknet_2_2__leaf_clk (net)
                  0.06    0.00    0.37 ^ _708_/CLK (sky130_fd_sc_hd__dfrtp_1)
                          0.25    0.62   clock uncertainty
                          0.00    0.62   clock reconvergence pessimism
                          0.32    0.94   library removal time
                                  0.94   data required time
-----------------------------------------------------------------------------
                                  0.94   data required time
                                 -2.49   data arrival time
-----------------------------------------------------------------------------
                                  1.55   slack (MET)


Startpoint: rst (input port clocked by clk)
Endpoint: _711_ (removal check against rising-edge clock clk)
Path Group: asynchronous
Path Type: min

Fanout     Cap    Slew   Delay    Time   Description
-----------------------------------------------------------------------------
                          0.00    0.00   clock clk (rise edge)
                          0.00    0.00   clock network delay (propagated)
                          2.00    2.00 v input external delay
                  0.01    0.01    2.01 v rst (in)
     1    0.00                           rst (net)
                  0.01    0.00    2.01 v input17/A (sky130_fd_sc_hd__clkbuf_1)
                  0.02    0.07    2.07 v input17/X (sky130_fd_sc_hd__clkbuf_1)
     1    0.00                           net17 (net)
                  0.02    0.00    2.07 v _634_/A (sky130_fd_sc_hd__clkbuf_4)
                  0.09    0.17    2.24 v _634_/X (sky130_fd_sc_hd__clkbuf_4)
     9    0.04                           _341_ (net)
                  0.09    0.00    2.24 v _646_/A (sky130_fd_sc_hd__clkbuf_8)
                  0.08    0.19    2.44 v _646_/X (sky130_fd_sc_hd__clkbuf_8)
    10    0.06                           _343_ (net)
                  0.08    0.00    2.44 v _654_/A (sky130_fd_sc_hd__inv_2)
                  0.03    0.05    2.49 ^ _654_/Y (sky130_fd_sc_hd__inv_2)
     1    0.00                           _018_ (net)
                  0.03    0.00    2.49 ^ _711_/RESET_B (sky130_fd_sc_hd__dfrtp_1)
                                  2.49   data arrival time

                          0.00    0.00   clock clk (rise edge)
                          0.00    0.00   clock source latency
                  0.08    0.06    0.06 ^ clk (in)
     1    0.02                           clk (net)
                  0.08    0.00    0.06 ^ clkbuf_0_clk/A (sky130_fd_sc_hd__clkbuf_16)
                  0.06    0.16    0.22 ^ clkbuf_0_clk/X (sky130_fd_sc_hd__clkbuf_16)
     4    0.04                           clknet_0_clk (net)
                  0.06    0.00    0.22 ^ clkbuf_2_2__f_clk/A (sky130_fd_sc_hd__clkbuf_16)
                  0.06    0.15    0.37 ^ clkbuf_2_2__f_clk/X (sky130_fd_sc_hd__clkbuf_16)
    13    0.04                           clknet_2_2__leaf_clk (net)
                  0.06    0.00    0.37 ^ _711_/CLK (sky130_fd_sc_hd__dfrtp_1)
                          0.25    0.62   clock uncertainty
                          0.00    0.62   clock reconvergence pessimism
                          0.32    0.94   library removal time
                                  0.94   data required time
-----------------------------------------------------------------------------
                                  0.94   data required time
                                 -2.49   data arrival time
-----------------------------------------------------------------------------
                                  1.55   slack (MET)


Startpoint: rst (input port clocked by clk)
Endpoint: _731_ (removal check against rising-edge clock clk)
Path Group: asynchronous
Path Type: min

Fanout     Cap    Slew   Delay    Time   Description
-----------------------------------------------------------------------------
                          0.00    0.00   clock clk (rise edge)
                          0.00    0.00   clock network delay (propagated)
                          2.00    2.00 v input external delay
                  0.01    0.01    2.01 v rst (in)
     1    0.00                           rst (net)
                  0.01    0.00    2.01 v input17/A (sky130_fd_sc_hd__clkbuf_1)
                  0.02    0.07    2.07 v input17/X (sky130_fd_sc_hd__clkbuf_1)
     1    0.00                           net17 (net)
                  0.02    0.00    2.07 v _634_/A (sky130_fd_sc_hd__clkbuf_4)
                  0.09    0.17    2.24 v _634_/X (sky130_fd_sc_hd__clkbuf_4)
     9    0.04                           _341_ (net)
                  0.09    0.00    2.24 v _668_/A (sky130_fd_sc_hd__clkbuf_8)
                  0.08    0.19    2.44 v _668_/X (sky130_fd_sc_hd__clkbuf_8)
    10    0.06                           _345_ (net)
                  0.08    0.00    2.44 v _676_/A (sky130_fd_sc_hd__inv_2)
                  0.03    0.05    2.49 ^ _676_/Y (sky130_fd_sc_hd__inv_2)
     1    0.00                           _038_ (net)
                  0.03    0.00    2.49 ^ _731_/RESET_B (sky130_fd_sc_hd__dfrtp_4)
                                  2.49   data arrival time

                          0.00    0.00   clock clk (rise edge)
                          0.00    0.00   clock source latency
                  0.08    0.06    0.06 ^ clk (in)
     1    0.02                           clk (net)
                  0.08    0.00    0.06 ^ clkbuf_0_clk/A (sky130_fd_sc_hd__clkbuf_16)
                  0.06    0.16    0.22 ^ clkbuf_0_clk/X (sky130_fd_sc_hd__clkbuf_16)
     4    0.04                           clknet_0_clk (net)
                  0.06    0.00    0.22 ^ clkbuf_2_1__f_clk/A (sky130_fd_sc_hd__clkbuf_16)
                  0.06    0.15    0.37 ^ clkbuf_2_1__f_clk/X (sky130_fd_sc_hd__clkbuf_16)
    14    0.04                           clknet_2_1__leaf_clk (net)
                  0.06    0.00    0.37 ^ _731_/CLK (sky130_fd_sc_hd__dfrtp_4)
                          0.25    0.62   clock uncertainty
                          0.00    0.62   clock reconvergence pessimism
                          0.32    0.94   library removal time
                                  0.94   data required time
-----------------------------------------------------------------------------
                                  0.94   data required time
                                 -2.49   data arrival time
-----------------------------------------------------------------------------
                                  1.55   slack (MET)


Startpoint: rst (input port clocked by clk)
Endpoint: _728_ (removal check against rising-edge clock clk)
Path Group: asynchronous
Path Type: min

Fanout     Cap    Slew   Delay    Time   Description
-----------------------------------------------------------------------------
                          0.00    0.00   clock clk (rise edge)
                          0.00    0.00   clock network delay (propagated)
                          2.00    2.00 v input external delay
                  0.01    0.01    2.01 v rst (in)
     1    0.00                           rst (net)
                  0.01    0.00    2.01 v input17/A (sky130_fd_sc_hd__clkbuf_1)
                  0.02    0.07    2.07 v input17/X (sky130_fd_sc_hd__clkbuf_1)
     1    0.00                           net17 (net)
                  0.02    0.00    2.07 v _634_/A (sky130_fd_sc_hd__clkbuf_4)
                  0.09    0.17    2.24 v _634_/X (sky130_fd_sc_hd__clkbuf_4)
     9    0.04                           _341_ (net)
                  0.09    0.00    2.24 v _668_/A (sky130_fd_sc_hd__clkbuf_8)
                  0.08    0.19    2.44 v _668_/X (sky130_fd_sc_hd__clkbuf_8)
    10    0.06                           _345_ (net)
                  0.08    0.00    2.44 v _673_/A (sky130_fd_sc_hd__inv_2)
                  0.03    0.05    2.49 ^ _673_/Y (sky130_fd_sc_hd__inv_2)
     1    0.00                           _035_ (net)
                  0.03    0.00    2.49 ^ _728_/RESET_B (sky130_fd_sc_hd__dfrtp_4)
                                  2.49   data arrival time

                          0.00    0.00   clock clk (rise edge)
                          0.00    0.00   clock source latency
                  0.08    0.06    0.06 ^ clk (in)
     1    0.02                           clk (net)
                  0.08    0.00    0.06 ^ clkbuf_0_clk/A (sky130_fd_sc_hd__clkbuf_16)
                  0.06    0.16    0.22 ^ clkbuf_0_clk/X (sky130_fd_sc_hd__clkbuf_16)
     4    0.04                           clknet_0_clk (net)
                  0.06    0.00    0.22 ^ clkbuf_2_3__f_clk/A (sky130_fd_sc_hd__clkbuf_16)
                  0.06    0.15    0.37 ^ clkbuf_2_3__f_clk/X (sky130_fd_sc_hd__clkbuf_16)
    12    0.03                           clknet_2_3__leaf_clk (net)
                  0.06    0.00    0.37 ^ _728_/CLK (sky130_fd_sc_hd__dfrtp_4)
                          0.25    0.62   clock uncertainty
                          0.00    0.62   clock reconvergence pessimism
                          0.32    0.94   library removal time
                                  0.94   data required time
-----------------------------------------------------------------------------
                                  0.94   data required time
                                 -2.49   data arrival time
-----------------------------------------------------------------------------
                                  1.55   slack (MET)


Startpoint: rst (input port clocked by clk)
Endpoint: _732_ (removal check against rising-edge clock clk)
Path Group: asynchronous
Path Type: min

Fanout     Cap    Slew   Delay    Time   Description
-----------------------------------------------------------------------------
                          0.00    0.00   clock clk (rise edge)
                          0.00    0.00   clock network delay (propagated)
                          2.00    2.00 v input external delay
                  0.01    0.01    2.01 v rst (in)
     1    0.00                           rst (net)
                  0.01    0.00    2.01 v input17/A (sky130_fd_sc_hd__clkbuf_1)
                  0.02    0.07    2.07 v input17/X (sky130_fd_sc_hd__clkbuf_1)
     1    0.00                           net17 (net)
                  0.02    0.00    2.07 v _634_/A (sky130_fd_sc_hd__clkbuf_4)
                  0.09    0.17    2.24 v _634_/X (sky130_fd_sc_hd__clkbuf_4)
     9    0.04                           _341_ (net)
                  0.09    0.00    2.24 v _668_/A (sky130_fd_sc_hd__clkbuf_8)
                  0.08    0.19    2.44 v _668_/X (sky130_fd_sc_hd__clkbuf_8)
    10    0.06                           _345_ (net)
                  0.08    0.00    2.44 v _677_/A (sky130_fd_sc_hd__inv_2)
                  0.03    0.05    2.49 ^ _677_/Y (sky130_fd_sc_hd__inv_2)
     1    0.00                           _039_ (net)
                  0.03    0.00    2.49 ^ _732_/RESET_B (sky130_fd_sc_hd__dfrtp_4)
                                  2.49   data arrival time

                          0.00    0.00   clock clk (rise edge)
                          0.00    0.00   clock source latency
                  0.08    0.06    0.06 ^ clk (in)
     1    0.02                           clk (net)
                  0.08    0.00    0.06 ^ clkbuf_0_clk/A (sky130_fd_sc_hd__clkbuf_16)
                  0.06    0.16    0.22 ^ clkbuf_0_clk/X (sky130_fd_sc_hd__clkbuf_16)
     4    0.04                           clknet_0_clk (net)
                  0.06    0.00    0.22 ^ clkbuf_2_3__f_clk/A (sky130_fd_sc_hd__clkbuf_16)
                  0.06    0.15    0.37 ^ clkbuf_2_3__f_clk/X (sky130_fd_sc_hd__clkbuf_16)
    12    0.03                           clknet_2_3__leaf_clk (net)
                  0.06    0.00    0.37 ^ _732_/CLK (sky130_fd_sc_hd__dfrtp_4)
                          0.25    0.62   clock uncertainty
                          0.00    0.62   clock reconvergence pessimism
                          0.32    0.94   library removal time
                                  0.94   data required time
-----------------------------------------------------------------------------
                                  0.94   data required time
                                 -2.49   data arrival time
-----------------------------------------------------------------------------
                                  1.55   slack (MET)


Startpoint: rst (input port clocked by clk)
Endpoint: _713_ (removal check against rising-edge clock clk)
Path Group: asynchronous
Path Type: min

Fanout     Cap    Slew   Delay    Time   Description
-----------------------------------------------------------------------------
                          0.00    0.00   clock clk (rise edge)
                          0.00    0.00   clock network delay (propagated)
                          2.00    2.00 v input external delay
                  0.01    0.01    2.01 v rst (in)
     1    0.00                           rst (net)
                  0.01    0.00    2.01 v input17/A (sky130_fd_sc_hd__clkbuf_1)
                  0.02    0.07    2.07 v input17/X (sky130_fd_sc_hd__clkbuf_1)
     1    0.00                           net17 (net)
                  0.02    0.00    2.07 v _634_/A (sky130_fd_sc_hd__clkbuf_4)
                  0.09    0.17    2.24 v _634_/X (sky130_fd_sc_hd__clkbuf_4)
     9    0.04                           _341_ (net)
                  0.09    0.00    2.24 v _646_/A (sky130_fd_sc_hd__clkbuf_8)
                  0.08    0.19    2.44 v _646_/X (sky130_fd_sc_hd__clkbuf_8)
    10    0.06                           _343_ (net)
                  0.08    0.00    2.44 v _656_/A (sky130_fd_sc_hd__inv_2)
                  0.03    0.05    2.49 ^ _656_/Y (sky130_fd_sc_hd__inv_2)
     1    0.00                           _020_ (net)
                  0.03    0.00    2.49 ^ _713_/RESET_B (sky130_fd_sc_hd__dfrtp_1)
                                  2.49   data arrival time

                          0.00    0.00   clock clk (rise edge)
                          0.00    0.00   clock source latency
                  0.08    0.06    0.06 ^ clk (in)
     1    0.02                           clk (net)
                  0.08    0.00    0.06 ^ clkbuf_0_clk/A (sky130_fd_sc_hd__clkbuf_16)
                  0.06    0.16    0.22 ^ clkbuf_0_clk/X (sky130_fd_sc_hd__clkbuf_16)
     4    0.04                           clknet_0_clk (net)
                  0.06    0.00    0.22 ^ clkbuf_2_3__f_clk/A (sky130_fd_sc_hd__clkbuf_16)
                  0.06    0.15    0.37 ^ clkbuf_2_3__f_clk/X (sky130_fd_sc_hd__clkbuf_16)
    12    0.03                           clknet_2_3__leaf_clk (net)
                  0.06    0.00    0.37 ^ _713_/CLK (sky130_fd_sc_hd__dfrtp_1)
                          0.25    0.62   clock uncertainty
                          0.00    0.62   clock reconvergence pessimism
                          0.32    0.94   library removal time
                                  0.94   data required time
-----------------------------------------------------------------------------
                                  0.94   data required time
                                 -2.49   data arrival time
-----------------------------------------------------------------------------
                                  1.55   slack (MET)


Startpoint: rst (input port clocked by clk)
Endpoint: _709_ (removal check against rising-edge clock clk)
Path Group: asynchronous
Path Type: min

Fanout     Cap    Slew   Delay    Time   Description
-----------------------------------------------------------------------------
                          0.00    0.00   clock clk (rise edge)
                          0.00    0.00   clock network delay (propagated)
                          2.00    2.00 v input external delay
                  0.01    0.01    2.01 v rst (in)
     1    0.00                           rst (net)
                  0.01    0.00    2.01 v input17/A (sky130_fd_sc_hd__clkbuf_1)
                  0.02    0.07    2.07 v input17/X (sky130_fd_sc_hd__clkbuf_1)
     1    0.00                           net17 (net)
                  0.02    0.00    2.07 v _634_/A (sky130_fd_sc_hd__clkbuf_4)
                  0.09    0.17    2.24 v _634_/X (sky130_fd_sc_hd__clkbuf_4)
     9    0.04                           _341_ (net)
                  0.09    0.00    2.24 v _646_/A (sky130_fd_sc_hd__clkbuf_8)
                  0.08    0.19    2.44 v _646_/X (sky130_fd_sc_hd__clkbuf_8)
    10    0.06                           _343_ (net)
                  0.08    0.00    2.44 v _652_/A (sky130_fd_sc_hd__inv_2)
                  0.03    0.05    2.50 ^ _652_/Y (sky130_fd_sc_hd__inv_2)
     1    0.00                           _016_ (net)
                  0.03    0.00    2.50 ^ _709_/RESET_B (sky130_fd_sc_hd__dfrtp_1)
                                  2.50   data arrival time

                          0.00    0.00   clock clk (rise edge)
                          0.00    0.00   clock source latency
                  0.08    0.06    0.06 ^ clk (in)
     1    0.02                           clk (net)
                  0.08    0.00    0.06 ^ clkbuf_0_clk/A (sky130_fd_sc_hd__clkbuf_16)
                  0.06    0.16    0.22 ^ clkbuf_0_clk/X (sky130_fd_sc_hd__clkbuf_16)
     4    0.04                           clknet_0_clk (net)
                  0.06    0.00    0.22 ^ clkbuf_2_1__f_clk/A (sky130_fd_sc_hd__clkbuf_16)
                  0.06    0.15    0.37 ^ clkbuf_2_1__f_clk/X (sky130_fd_sc_hd__clkbuf_16)
    14    0.04                           clknet_2_1__leaf_clk (net)
                  0.06    0.00    0.37 ^ _709_/CLK (sky130_fd_sc_hd__dfrtp_1)
                          0.25    0.62   clock uncertainty
                          0.00    0.62   clock reconvergence pessimism
                          0.32    0.94   library removal time
                                  0.94   data required time
-----------------------------------------------------------------------------
                                  0.94   data required time
                                 -2.50   data arrival time
-----------------------------------------------------------------------------
                                  1.55   slack (MET)


Startpoint: rst (input port clocked by clk)
Endpoint: _706_ (removal check against rising-edge clock clk)
Path Group: asynchronous
Path Type: min

Fanout     Cap    Slew   Delay    Time   Description
-----------------------------------------------------------------------------
                          0.00    0.00   clock clk (rise edge)
                          0.00    0.00   clock network delay (propagated)
                          2.00    2.00 v input external delay
                  0.01    0.01    2.01 v rst (in)
     1    0.00                           rst (net)
                  0.01    0.00    2.01 v input17/A (sky130_fd_sc_hd__clkbuf_1)
                  0.02    0.07    2.07 v input17/X (sky130_fd_sc_hd__clkbuf_1)
     1    0.00                           net17 (net)
                  0.02    0.00    2.07 v _634_/A (sky130_fd_sc_hd__clkbuf_4)
                  0.09    0.17    2.24 v _634_/X (sky130_fd_sc_hd__clkbuf_4)
     9    0.04                           _341_ (net)
                  0.09    0.00    2.24 v _646_/A (sky130_fd_sc_hd__clkbuf_8)
                  0.08    0.19    2.44 v _646_/X (sky130_fd_sc_hd__clkbuf_8)
    10    0.06                           _343_ (net)
                  0.08    0.00    2.44 v _649_/A (sky130_fd_sc_hd__inv_2)
                  0.03    0.05    2.50 ^ _649_/Y (sky130_fd_sc_hd__inv_2)
     1    0.00                           _013_ (net)
                  0.03    0.00    2.50 ^ _706_/RESET_B (sky130_fd_sc_hd__dfrtp_1)
                                  2.50   data arrival time

                          0.00    0.00   clock clk (rise edge)
                          0.00    0.00   clock source latency
                  0.08    0.06    0.06 ^ clk (in)
     1    0.02                           clk (net)
                  0.08    0.00    0.06 ^ clkbuf_0_clk/A (sky130_fd_sc_hd__clkbuf_16)
                  0.06    0.16    0.22 ^ clkbuf_0_clk/X (sky130_fd_sc_hd__clkbuf_16)
     4    0.04                           clknet_0_clk (net)
                  0.06    0.00    0.22 ^ clkbuf_2_1__f_clk/A (sky130_fd_sc_hd__clkbuf_16)
                  0.06    0.15    0.37 ^ clkbuf_2_1__f_clk/X (sky130_fd_sc_hd__clkbuf_16)
    14    0.04                           clknet_2_1__leaf_clk (net)
                  0.06    0.00    0.37 ^ _706_/CLK (sky130_fd_sc_hd__dfrtp_1)
                          0.25    0.62   clock uncertainty
                          0.00    0.62   clock reconvergence pessimism
                          0.32    0.94   library removal time
                                  0.94   data required time
-----------------------------------------------------------------------------
                                  0.94   data required time
                                 -2.50   data arrival time
-----------------------------------------------------------------------------
                                  1.55   slack (MET)


Startpoint: rst (input port clocked by clk)
Endpoint: _712_ (removal check against rising-edge clock clk)
Path Group: asynchronous
Path Type: min

Fanout     Cap    Slew   Delay    Time   Description
-----------------------------------------------------------------------------
                          0.00    0.00   clock clk (rise edge)
                          0.00    0.00   clock network delay (propagated)
                          2.00    2.00 v input external delay
                  0.01    0.01    2.01 v rst (in)
     1    0.00                           rst (net)
                  0.01    0.00    2.01 v input17/A (sky130_fd_sc_hd__clkbuf_1)
                  0.02    0.07    2.07 v input17/X (sky130_fd_sc_hd__clkbuf_1)
     1    0.00                           net17 (net)
                  0.02    0.00    2.07 v _634_/A (sky130_fd_sc_hd__clkbuf_4)
                  0.09    0.17    2.24 v _634_/X (sky130_fd_sc_hd__clkbuf_4)
     9    0.04                           _341_ (net)
                  0.09    0.00    2.24 v _646_/A (sky130_fd_sc_hd__clkbuf_8)
                  0.08    0.19    2.44 v _646_/X (sky130_fd_sc_hd__clkbuf_8)
    10    0.06                           _343_ (net)
                  0.08    0.00    2.44 v _655_/A (sky130_fd_sc_hd__inv_2)
                  0.03    0.06    2.50 ^ _655_/Y (sky130_fd_sc_hd__inv_2)
     1    0.00                           _019_ (net)
                  0.03    0.00    2.50 ^ _712_/RESET_B (sky130_fd_sc_hd__dfrtp_1)
                                  2.50   data arrival time

                          0.00    0.00   clock clk (rise edge)
                          0.00    0.00   clock source latency
                  0.08    0.06    0.06 ^ clk (in)
     1    0.02                           clk (net)
                  0.08    0.00    0.06 ^ clkbuf_0_clk/A (sky130_fd_sc_hd__clkbuf_16)
                  0.06    0.16    0.22 ^ clkbuf_0_clk/X (sky130_fd_sc_hd__clkbuf_16)
     4    0.04                           clknet_0_clk (net)
                  0.06    0.00    0.22 ^ clkbuf_2_1__f_clk/A (sky130_fd_sc_hd__clkbuf_16)
                  0.06    0.15    0.37 ^ clkbuf_2_1__f_clk/X (sky130_fd_sc_hd__clkbuf_16)
    14    0.04                           clknet_2_1__leaf_clk (net)
                  0.06    0.00    0.37 ^ _712_/CLK (sky130_fd_sc_hd__dfrtp_1)
                          0.25    0.62   clock uncertainty
                          0.00    0.62   clock reconvergence pessimism
                          0.32    0.94   library removal time
                                  0.94   data required time
-----------------------------------------------------------------------------
                                  0.94   data required time
                                 -2.50   data arrival time
-----------------------------------------------------------------------------
                                  1.55   slack (MET)


Startpoint: rst (input port clocked by clk)
Endpoint: _734_ (removal check against rising-edge clock clk)
Path Group: asynchronous
Path Type: min

Fanout     Cap    Slew   Delay    Time   Description
-----------------------------------------------------------------------------
                          0.00    0.00   clock clk (rise edge)
                          0.00    0.00   clock network delay (propagated)
                          2.00    2.00 v input external delay
                  0.01    0.01    2.01 v rst (in)
     1    0.00                           rst (net)
                  0.01    0.00    2.01 v input17/A (sky130_fd_sc_hd__clkbuf_1)
                  0.02    0.07    2.07 v input17/X (sky130_fd_sc_hd__clkbuf_1)
     1    0.00                           net17 (net)
                  0.02    0.00    2.07 v _634_/A (sky130_fd_sc_hd__clkbuf_4)
                  0.09    0.17    2.24 v _634_/X (sky130_fd_sc_hd__clkbuf_4)
     9    0.04                           _341_ (net)
                  0.09    0.00    2.24 v _679_/A (sky130_fd_sc_hd__buf_4)
                  0.08    0.20    2.45 v _679_/X (sky130_fd_sc_hd__buf_4)
    10    0.06                           _346_ (net)
                  0.08    0.00    2.45 v _680_/A (sky130_fd_sc_hd__inv_2)
                  0.03    0.06    2.50 ^ _680_/Y (sky130_fd_sc_hd__inv_2)
     1    0.00                           _041_ (net)
                  0.03    0.00    2.50 ^ _734_/RESET_B (sky130_fd_sc_hd__dfrtp_1)
                                  2.50   data arrival time

                          0.00    0.00   clock clk (rise edge)
                          0.00    0.00   clock source latency
                  0.08    0.06    0.06 ^ clk (in)
     1    0.02                           clk (net)
                  0.08    0.00    0.06 ^ clkbuf_0_clk/A (sky130_fd_sc_hd__clkbuf_16)
                  0.06    0.16    0.22 ^ clkbuf_0_clk/X (sky130_fd_sc_hd__clkbuf_16)
     4    0.04                           clknet_0_clk (net)
                  0.06    0.00    0.22 ^ clkbuf_2_0__f_clk/A (sky130_fd_sc_hd__clkbuf_16)
                  0.06    0.16    0.38 ^ clkbuf_2_0__f_clk/X (sky130_fd_sc_hd__clkbuf_16)
    15    0.04                           clknet_2_0__leaf_clk (net)
                  0.06    0.00    0.38 ^ _734_/CLK (sky130_fd_sc_hd__dfrtp_1)
                          0.25    0.63   clock uncertainty
                          0.00    0.63   clock reconvergence pessimism
                          0.32    0.95   library removal time
                                  0.95   data required time
-----------------------------------------------------------------------------
                                  0.95   data required time
                                 -2.50   data arrival time
-----------------------------------------------------------------------------
                                  1.56   slack (MET)


Startpoint: rst (input port clocked by clk)
Endpoint: _735_ (removal check against rising-edge clock clk)
Path Group: asynchronous
Path Type: min

Fanout     Cap    Slew   Delay    Time   Description
-----------------------------------------------------------------------------
                          0.00    0.00   clock clk (rise edge)
                          0.00    0.00   clock network delay (propagated)
                          2.00    2.00 v input external delay
                  0.01    0.01    2.01 v rst (in)
     1    0.00                           rst (net)
                  0.01    0.00    2.01 v input17/A (sky130_fd_sc_hd__clkbuf_1)
                  0.02    0.07    2.07 v input17/X (sky130_fd_sc_hd__clkbuf_1)
     1    0.00                           net17 (net)
                  0.02    0.00    2.07 v _634_/A (sky130_fd_sc_hd__clkbuf_4)
                  0.09    0.17    2.24 v _634_/X (sky130_fd_sc_hd__clkbuf_4)
     9    0.04                           _341_ (net)
                  0.09    0.00    2.24 v _679_/A (sky130_fd_sc_hd__buf_4)
                  0.08    0.20    2.45 v _679_/X (sky130_fd_sc_hd__buf_4)
    10    0.06                           _346_ (net)
                  0.08    0.00    2.45 v _681_/A (sky130_fd_sc_hd__inv_2)
                  0.03    0.06    2.50 ^ _681_/Y (sky130_fd_sc_hd__inv_2)
     1    0.00                           _042_ (net)
                  0.03    0.00    2.50 ^ _735_/RESET_B (sky130_fd_sc_hd__dfrtp_1)
                                  2.50   data arrival time

                          0.00    0.00   clock clk (rise edge)
                          0.00    0.00   clock source latency
                  0.08    0.06    0.06 ^ clk (in)
     1    0.02                           clk (net)
                  0.08    0.00    0.06 ^ clkbuf_0_clk/A (sky130_fd_sc_hd__clkbuf_16)
                  0.06    0.16    0.22 ^ clkbuf_0_clk/X (sky130_fd_sc_hd__clkbuf_16)
     4    0.04                           clknet_0_clk (net)
                  0.06    0.00    0.22 ^ clkbuf_2_0__f_clk/A (sky130_fd_sc_hd__clkbuf_16)
                  0.06    0.16    0.38 ^ clkbuf_2_0__f_clk/X (sky130_fd_sc_hd__clkbuf_16)
    15    0.04                           clknet_2_0__leaf_clk (net)
                  0.06    0.00    0.38 ^ _735_/CLK (sky130_fd_sc_hd__dfrtp_1)
                          0.25    0.63   clock uncertainty
                          0.00    0.63   clock reconvergence pessimism
                          0.32    0.95   library removal time
                                  0.95   data required time
-----------------------------------------------------------------------------
                                  0.95   data required time
                                 -2.50   data arrival time
-----------------------------------------------------------------------------
                                  1.56   slack (MET)


Startpoint: rst (input port clocked by clk)
Endpoint: _716_ (removal check against rising-edge clock clk)
Path Group: asynchronous
Path Type: min

Fanout     Cap    Slew   Delay    Time   Description
-----------------------------------------------------------------------------
                          0.00    0.00   clock clk (rise edge)
                          0.00    0.00   clock network delay (propagated)
                          2.00    2.00 v input external delay
                  0.01    0.01    2.01 v rst (in)
     1    0.00                           rst (net)
                  0.01    0.00    2.01 v input17/A (sky130_fd_sc_hd__clkbuf_1)
                  0.02    0.07    2.07 v input17/X (sky130_fd_sc_hd__clkbuf_1)
     1    0.00                           net17 (net)
                  0.02    0.00    2.07 v _634_/A (sky130_fd_sc_hd__clkbuf_4)
                  0.09    0.17    2.24 v _634_/X (sky130_fd_sc_hd__clkbuf_4)
     9    0.04                           _341_ (net)
                  0.09    0.00    2.24 v _657_/A (sky130_fd_sc_hd__buf_4)
                  0.08    0.20    2.45 v _657_/X (sky130_fd_sc_hd__buf_4)
    10    0.06                           _344_ (net)
                  0.08    0.00    2.45 v _660_/A (sky130_fd_sc_hd__inv_2)
                  0.03    0.06    2.50 ^ _660_/Y (sky130_fd_sc_hd__inv_2)
     1    0.00                           _023_ (net)
                  0.03    0.00    2.50 ^ _716_/RESET_B (sky130_fd_sc_hd__dfrtp_1)
                                  2.50   data arrival time

                          0.00    0.00   clock clk (rise edge)
                          0.00    0.00   clock source latency
                  0.08    0.06    0.06 ^ clk (in)
     1    0.02                           clk (net)
                  0.08    0.00    0.06 ^ clkbuf_0_clk/A (sky130_fd_sc_hd__clkbuf_16)
                  0.06    0.16    0.22 ^ clkbuf_0_clk/X (sky130_fd_sc_hd__clkbuf_16)
     4    0.04                           clknet_0_clk (net)
                  0.06    0.00    0.22 ^ clkbuf_2_0__f_clk/A (sky130_fd_sc_hd__clkbuf_16)
                  0.06    0.16    0.38 ^ clkbuf_2_0__f_clk/X (sky130_fd_sc_hd__clkbuf_16)
    15    0.04                           clknet_2_0__leaf_clk (net)
                  0.06    0.00    0.38 ^ _716_/CLK (sky130_fd_sc_hd__dfrtp_1)
                          0.25    0.63   clock uncertainty
                          0.00    0.63   clock reconvergence pessimism
                          0.32    0.95   library removal time
                                  0.95   data required time
-----------------------------------------------------------------------------
                                  0.95   data required time
                                 -2.50   data arrival time
-----------------------------------------------------------------------------
                                  1.56   slack (MET)


Startpoint: rst (input port clocked by clk)
Endpoint: _743_ (removal check against rising-edge clock clk)
Path Group: asynchronous
Path Type: min

Fanout     Cap    Slew   Delay    Time   Description
-----------------------------------------------------------------------------
                          0.00    0.00   clock clk (rise edge)
                          0.00    0.00   clock network delay (propagated)
                          2.00    2.00 v input external delay
                  0.01    0.01    2.01 v rst (in)
     1    0.00                           rst (net)
                  0.01    0.00    2.01 v input17/A (sky130_fd_sc_hd__clkbuf_1)
                  0.02    0.07    2.07 v input17/X (sky130_fd_sc_hd__clkbuf_1)
     1    0.00                           net17 (net)
                  0.02    0.00    2.07 v _634_/A (sky130_fd_sc_hd__clkbuf_4)
                  0.09    0.17    2.24 v _634_/X (sky130_fd_sc_hd__clkbuf_4)
     9    0.04                           _341_ (net)
                  0.09    0.00    2.24 v _679_/A (sky130_fd_sc_hd__buf_4)
                  0.08    0.20    2.45 v _679_/X (sky130_fd_sc_hd__buf_4)
    10    0.06                           _346_ (net)
                  0.08    0.00    2.45 v _689_/A (sky130_fd_sc_hd__inv_2)
                  0.03    0.06    2.50 ^ _689_/Y (sky130_fd_sc_hd__inv_2)
     1    0.00                           _050_ (net)
                  0.03    0.00    2.50 ^ _743_/RESET_B (sky130_fd_sc_hd__dfrtp_1)
                                  2.50   data arrival time

                          0.00    0.00   clock clk (rise edge)
                          0.00    0.00   clock source latency
                  0.08    0.06    0.06 ^ clk (in)
     1    0.02                           clk (net)
                  0.08    0.00    0.06 ^ clkbuf_0_clk/A (sky130_fd_sc_hd__clkbuf_16)
                  0.06    0.16    0.22 ^ clkbuf_0_clk/X (sky130_fd_sc_hd__clkbuf_16)
     4    0.04                           clknet_0_clk (net)
                  0.06    0.00    0.22 ^ clkbuf_2_2__f_clk/A (sky130_fd_sc_hd__clkbuf_16)
                  0.06    0.15    0.37 ^ clkbuf_2_2__f_clk/X (sky130_fd_sc_hd__clkbuf_16)
    13    0.04                           clknet_2_2__leaf_clk (net)
                  0.06    0.00    0.37 ^ _743_/CLK (sky130_fd_sc_hd__dfrtp_1)
                          0.25    0.62   clock uncertainty
                          0.00    0.62   clock reconvergence pessimism
                          0.32    0.95   library removal time
                                  0.95   data required time
-----------------------------------------------------------------------------
                                  0.95   data required time
                                 -2.50   data arrival time
-----------------------------------------------------------------------------
                                  1.56   slack (MET)


Startpoint: rst (input port clocked by clk)
Endpoint: _702_ (removal check against rising-edge clock clk)
Path Group: asynchronous
Path Type: min

Fanout     Cap    Slew   Delay    Time   Description
-----------------------------------------------------------------------------
                          0.00    0.00   clock clk (rise edge)
                          0.00    0.00   clock network delay (propagated)
                          2.00    2.00 v input external delay
                  0.01    0.01    2.01 v rst (in)
     1    0.00                           rst (net)
                  0.01    0.00    2.01 v input17/A (sky130_fd_sc_hd__clkbuf_1)
                  0.02    0.07    2.07 v input17/X (sky130_fd_sc_hd__clkbuf_1)
     1    0.00                           net17 (net)
                  0.02    0.00    2.07 v _634_/A (sky130_fd_sc_hd__clkbuf_4)
                  0.09    0.17    2.24 v _634_/X (sky130_fd_sc_hd__clkbuf_4)
     9    0.04                           _341_ (net)
                  0.09    0.00    2.24 v _635_/A (sky130_fd_sc_hd__buf_4)
                  0.09    0.20    2.45 v _635_/X (sky130_fd_sc_hd__buf_4)
    10    0.06                           _342_ (net)
                  0.09    0.00    2.45 v _644_/A (sky130_fd_sc_hd__inv_2)
                  0.03    0.06    2.51 ^ _644_/Y (sky130_fd_sc_hd__inv_2)
     1    0.00                           _009_ (net)
                  0.03    0.00    2.51 ^ _702_/RESET_B (sky130_fd_sc_hd__dfrtp_1)
                                  2.51   data arrival time

                          0.00    0.00   clock clk (rise edge)
                          0.00    0.00   clock source latency
                  0.08    0.06    0.06 ^ clk (in)
     1    0.02                           clk (net)
                  0.08    0.00    0.06 ^ clkbuf_0_clk/A (sky130_fd_sc_hd__clkbuf_16)
                  0.06    0.16    0.22 ^ clkbuf_0_clk/X (sky130_fd_sc_hd__clkbuf_16)
     4    0.04                           clknet_0_clk (net)
                  0.06    0.00    0.22 ^ clkbuf_2_0__f_clk/A (sky130_fd_sc_hd__clkbuf_16)
                  0.06    0.16    0.38 ^ clkbuf_2_0__f_clk/X (sky130_fd_sc_hd__clkbuf_16)
    15    0.04                           clknet_2_0__leaf_clk (net)
                  0.06    0.00    0.38 ^ _702_/CLK (sky130_fd_sc_hd__dfrtp_1)
                          0.25    0.63   clock uncertainty
                          0.00    0.63   clock reconvergence pessimism
                          0.32    0.95   library removal time
                                  0.95   data required time
-----------------------------------------------------------------------------
                                  0.95   data required time
                                 -2.51   data arrival time
-----------------------------------------------------------------------------
                                  1.56   slack (MET)


Startpoint: rst (input port clocked by clk)
Endpoint: _742_ (removal check against rising-edge clock clk)
Path Group: asynchronous
Path Type: min

Fanout     Cap    Slew   Delay    Time   Description
-----------------------------------------------------------------------------
                          0.00    0.00   clock clk (rise edge)
                          0.00    0.00   clock network delay (propagated)
                          2.00    2.00 v input external delay
                  0.01    0.01    2.01 v rst (in)
     1    0.00                           rst (net)
                  0.01    0.00    2.01 v input17/A (sky130_fd_sc_hd__clkbuf_1)
                  0.02    0.07    2.07 v input17/X (sky130_fd_sc_hd__clkbuf_1)
     1    0.00                           net17 (net)
                  0.02    0.00    2.07 v _634_/A (sky130_fd_sc_hd__clkbuf_4)
                  0.09    0.17    2.24 v _634_/X (sky130_fd_sc_hd__clkbuf_4)
     9    0.04                           _341_ (net)
                  0.09    0.00    2.24 v _679_/A (sky130_fd_sc_hd__buf_4)
                  0.08    0.20    2.45 v _679_/X (sky130_fd_sc_hd__buf_4)
    10    0.06                           _346_ (net)
                  0.08    0.00    2.45 v _688_/A (sky130_fd_sc_hd__inv_2)
                  0.03    0.06    2.50 ^ _688_/Y (sky130_fd_sc_hd__inv_2)
     1    0.00                           _049_ (net)
                  0.03    0.00    2.50 ^ _742_/RESET_B (sky130_fd_sc_hd__dfrtp_2)
                                  2.50   data arrival time

                          0.00    0.00   clock clk (rise edge)
                          0.00    0.00   clock source latency
                  0.08    0.06    0.06 ^ clk (in)
     1    0.02                           clk (net)
                  0.08    0.00    0.06 ^ clkbuf_0_clk/A (sky130_fd_sc_hd__clkbuf_16)
                  0.06    0.16    0.22 ^ clkbuf_0_clk/X (sky130_fd_sc_hd__clkbuf_16)
     4    0.04                           clknet_0_clk (net)
                  0.06    0.00    0.22 ^ clkbuf_2_2__f_clk/A (sky130_fd_sc_hd__clkbuf_16)
                  0.06    0.15    0.37 ^ clkbuf_2_2__f_clk/X (sky130_fd_sc_hd__clkbuf_16)
    13    0.04                           clknet_2_2__leaf_clk (net)
                  0.06    0.00    0.37 ^ _742_/CLK (sky130_fd_sc_hd__dfrtp_2)
                          0.25    0.62   clock uncertainty
                          0.00    0.62   clock reconvergence pessimism
                          0.32    0.95   library removal time
                                  0.95   data required time
-----------------------------------------------------------------------------
                                  0.95   data required time
                                 -2.50   data arrival time
-----------------------------------------------------------------------------
                                  1.56   slack (MET)


Startpoint: rst (input port clocked by clk)
Endpoint: _741_ (removal check against rising-edge clock clk)
Path Group: asynchronous
Path Type: min

Fanout     Cap    Slew   Delay    Time   Description
-----------------------------------------------------------------------------
                          0.00    0.00   clock clk (rise edge)
                          0.00    0.00   clock network delay (propagated)
                          2.00    2.00 v input external delay
                  0.01    0.01    2.01 v rst (in)
     1    0.00                           rst (net)
                  0.01    0.00    2.01 v input17/A (sky130_fd_sc_hd__clkbuf_1)
                  0.02    0.07    2.07 v input17/X (sky130_fd_sc_hd__clkbuf_1)
     1    0.00                           net17 (net)
                  0.02    0.00    2.07 v _634_/A (sky130_fd_sc_hd__clkbuf_4)
                  0.09    0.17    2.24 v _634_/X (sky130_fd_sc_hd__clkbuf_4)
     9    0.04                           _341_ (net)
                  0.09    0.00    2.24 v _679_/A (sky130_fd_sc_hd__buf_4)
                  0.08    0.20    2.45 v _679_/X (sky130_fd_sc_hd__buf_4)
    10    0.06                           _346_ (net)
                  0.08    0.00    2.45 v _687_/A (sky130_fd_sc_hd__inv_2)
                  0.03    0.06    2.50 ^ _687_/Y (sky130_fd_sc_hd__inv_2)
     1    0.00                           _048_ (net)
                  0.03    0.00    2.50 ^ _741_/RESET_B (sky130_fd_sc_hd__dfrtp_4)
                                  2.50   data arrival time

                          0.00    0.00   clock clk (rise edge)
                          0.00    0.00   clock source latency
                  0.08    0.06    0.06 ^ clk (in)
     1    0.02                           clk (net)
                  0.08    0.00    0.06 ^ clkbuf_0_clk/A (sky130_fd_sc_hd__clkbuf_16)
                  0.06    0.16    0.22 ^ clkbuf_0_clk/X (sky130_fd_sc_hd__clkbuf_16)
     4    0.04                           clknet_0_clk (net)
                  0.06    0.00    0.22 ^ clkbuf_2_2__f_clk/A (sky130_fd_sc_hd__clkbuf_16)
                  0.06    0.15    0.37 ^ clkbuf_2_2__f_clk/X (sky130_fd_sc_hd__clkbuf_16)
    13    0.04                           clknet_2_2__leaf_clk (net)
                  0.06    0.00    0.37 ^ _741_/CLK (sky130_fd_sc_hd__dfrtp_4)
                          0.25    0.62   clock uncertainty
                          0.00    0.62   clock reconvergence pessimism
                          0.32    0.95   library removal time
                                  0.95   data required time
-----------------------------------------------------------------------------
                                  0.95   data required time
                                 -2.50   data arrival time
-----------------------------------------------------------------------------
                                  1.56   slack (MET)


Startpoint: rst (input port clocked by clk)
Endpoint: _740_ (removal check against rising-edge clock clk)
Path Group: asynchronous
Path Type: min

Fanout     Cap    Slew   Delay    Time   Description
-----------------------------------------------------------------------------
                          0.00    0.00   clock clk (rise edge)
                          0.00    0.00   clock network delay (propagated)
                          2.00    2.00 v input external delay
                  0.01    0.01    2.01 v rst (in)
     1    0.00                           rst (net)
                  0.01    0.00    2.01 v input17/A (sky130_fd_sc_hd__clkbuf_1)
                  0.02    0.07    2.07 v input17/X (sky130_fd_sc_hd__clkbuf_1)
     1    0.00                           net17 (net)
                  0.02    0.00    2.07 v _634_/A (sky130_fd_sc_hd__clkbuf_4)
                  0.09    0.17    2.24 v _634_/X (sky130_fd_sc_hd__clkbuf_4)
     9    0.04                           _341_ (net)
                  0.09    0.00    2.24 v _679_/A (sky130_fd_sc_hd__buf_4)
                  0.08    0.20    2.45 v _679_/X (sky130_fd_sc_hd__buf_4)
    10    0.06                           _346_ (net)
                  0.08    0.00    2.45 v _686_/A (sky130_fd_sc_hd__inv_2)
                  0.03    0.06    2.50 ^ _686_/Y (sky130_fd_sc_hd__inv_2)
     1    0.00                           _047_ (net)
                  0.03    0.00    2.50 ^ _740_/RESET_B (sky130_fd_sc_hd__dfrtp_2)
                                  2.50   data arrival time

                          0.00    0.00   clock clk (rise edge)
                          0.00    0.00   clock source latency
                  0.08    0.06    0.06 ^ clk (in)
     1    0.02                           clk (net)
                  0.08    0.00    0.06 ^ clkbuf_0_clk/A (sky130_fd_sc_hd__clkbuf_16)
                  0.06    0.16    0.22 ^ clkbuf_0_clk/X (sky130_fd_sc_hd__clkbuf_16)
     4    0.04                           clknet_0_clk (net)
                  0.06    0.00    0.22 ^ clkbuf_2_2__f_clk/A (sky130_fd_sc_hd__clkbuf_16)
                  0.06    0.15    0.37 ^ clkbuf_2_2__f_clk/X (sky130_fd_sc_hd__clkbuf_16)
    13    0.04                           clknet_2_2__leaf_clk (net)
                  0.06    0.00    0.37 ^ _740_/CLK (sky130_fd_sc_hd__dfrtp_2)
                          0.25    0.62   clock uncertainty
                          0.00    0.62   clock reconvergence pessimism
                          0.32    0.95   library removal time
                                  0.95   data required time
-----------------------------------------------------------------------------
                                  0.95   data required time
                                 -2.50   data arrival time
-----------------------------------------------------------------------------
                                  1.56   slack (MET)


Startpoint: rst (input port clocked by clk)
Endpoint: _720_ (removal check against rising-edge clock clk)
Path Group: asynchronous
Path Type: min

Fanout     Cap    Slew   Delay    Time   Description
-----------------------------------------------------------------------------
                          0.00    0.00   clock clk (rise edge)
                          0.00    0.00   clock network delay (propagated)
                          2.00    2.00 v input external delay
                  0.01    0.01    2.01 v rst (in)
     1    0.00                           rst (net)
                  0.01    0.00    2.01 v input17/A (sky130_fd_sc_hd__clkbuf_1)
                  0.02    0.07    2.07 v input17/X (sky130_fd_sc_hd__clkbuf_1)
     1    0.00                           net17 (net)
                  0.02    0.00    2.07 v _634_/A (sky130_fd_sc_hd__clkbuf_4)
                  0.09    0.17    2.24 v _634_/X (sky130_fd_sc_hd__clkbuf_4)
     9    0.04                           _341_ (net)
                  0.09    0.00    2.24 v _657_/A (sky130_fd_sc_hd__buf_4)
                  0.08    0.20    2.45 v _657_/X (sky130_fd_sc_hd__buf_4)
    10    0.06                           _344_ (net)
                  0.08    0.00    2.45 v _664_/A (sky130_fd_sc_hd__inv_2)
                  0.03    0.06    2.51 ^ _664_/Y (sky130_fd_sc_hd__inv_2)
     1    0.00                           _027_ (net)
                  0.03    0.00    2.51 ^ _720_/RESET_B (sky130_fd_sc_hd__dfrtp_1)
                                  2.51   data arrival time

                          0.00    0.00   clock clk (rise edge)
                          0.00    0.00   clock source latency
                  0.08    0.06    0.06 ^ clk (in)
     1    0.02                           clk (net)
                  0.08    0.00    0.06 ^ clkbuf_0_clk/A (sky130_fd_sc_hd__clkbuf_16)
                  0.06    0.16    0.22 ^ clkbuf_0_clk/X (sky130_fd_sc_hd__clkbuf_16)
     4    0.04                           clknet_0_clk (net)
                  0.06    0.00    0.22 ^ clkbuf_2_0__f_clk/A (sky130_fd_sc_hd__clkbuf_16)
                  0.06    0.16    0.38 ^ clkbuf_2_0__f_clk/X (sky130_fd_sc_hd__clkbuf_16)
    15    0.04                           clknet_2_0__leaf_clk (net)
                  0.06    0.00    0.38 ^ _720_/CLK (sky130_fd_sc_hd__dfrtp_1)
                          0.25    0.63   clock uncertainty
                          0.00    0.63   clock reconvergence pessimism
                          0.32    0.95   library removal time
                                  0.95   data required time
-----------------------------------------------------------------------------
                                  0.95   data required time
                                 -2.51   data arrival time
-----------------------------------------------------------------------------
                                  1.56   slack (MET)


Startpoint: rst (input port clocked by clk)
Endpoint: _721_ (removal check against rising-edge clock clk)
Path Group: asynchronous
Path Type: min

Fanout     Cap    Slew   Delay    Time   Description
-----------------------------------------------------------------------------
                          0.00    0.00   clock clk (rise edge)
                          0.00    0.00   clock network delay (propagated)
                          2.00    2.00 v input external delay
                  0.01    0.01    2.01 v rst (in)
     1    0.00                           rst (net)
                  0.01    0.00    2.01 v input17/A (sky130_fd_sc_hd__clkbuf_1)
                  0.02    0.07    2.07 v input17/X (sky130_fd_sc_hd__clkbuf_1)
     1    0.00                           net17 (net)
                  0.02    0.00    2.07 v _634_/A (sky130_fd_sc_hd__clkbuf_4)
                  0.09    0.17    2.24 v _634_/X (sky130_fd_sc_hd__clkbuf_4)
     9    0.04                           _341_ (net)
                  0.09    0.00    2.24 v _657_/A (sky130_fd_sc_hd__buf_4)
                  0.08    0.20    2.45 v _657_/X (sky130_fd_sc_hd__buf_4)
    10    0.06                           _344_ (net)
                  0.08    0.00    2.45 v _665_/A (sky130_fd_sc_hd__inv_2)
                  0.03    0.06    2.51 ^ _665_/Y (sky130_fd_sc_hd__inv_2)
     1    0.00                           _028_ (net)
                  0.03    0.00    2.51 ^ _721_/RESET_B (sky130_fd_sc_hd__dfrtp_1)
                                  2.51   data arrival time

                          0.00    0.00   clock clk (rise edge)
                          0.00    0.00   clock source latency
                  0.08    0.06    0.06 ^ clk (in)
     1    0.02                           clk (net)
                  0.08    0.00    0.06 ^ clkbuf_0_clk/A (sky130_fd_sc_hd__clkbuf_16)
                  0.06    0.16    0.22 ^ clkbuf_0_clk/X (sky130_fd_sc_hd__clkbuf_16)
     4    0.04                           clknet_0_clk (net)
                  0.06    0.00    0.22 ^ clkbuf_2_0__f_clk/A (sky130_fd_sc_hd__clkbuf_16)
                  0.06    0.16    0.38 ^ clkbuf_2_0__f_clk/X (sky130_fd_sc_hd__clkbuf_16)
    15    0.04                           clknet_2_0__leaf_clk (net)
                  0.06    0.00    0.38 ^ _721_/CLK (sky130_fd_sc_hd__dfrtp_1)
                          0.25    0.63   clock uncertainty
                          0.00    0.63   clock reconvergence pessimism
                          0.32    0.95   library removal time
                                  0.95   data required time
-----------------------------------------------------------------------------
                                  0.95   data required time
                                 -2.51   data arrival time
-----------------------------------------------------------------------------
                                  1.56   slack (MET)


Startpoint: rst (input port clocked by clk)
Endpoint: _722_ (removal check against rising-edge clock clk)
Path Group: asynchronous
Path Type: min

Fanout     Cap    Slew   Delay    Time   Description
-----------------------------------------------------------------------------
                          0.00    0.00   clock clk (rise edge)
                          0.00    0.00   clock network delay (propagated)
                          2.00    2.00 v input external delay
                  0.01    0.01    2.01 v rst (in)
     1    0.00                           rst (net)
                  0.01    0.00    2.01 v input17/A (sky130_fd_sc_hd__clkbuf_1)
                  0.02    0.07    2.07 v input17/X (sky130_fd_sc_hd__clkbuf_1)
     1    0.00                           net17 (net)
                  0.02    0.00    2.07 v _634_/A (sky130_fd_sc_hd__clkbuf_4)
                  0.09    0.17    2.24 v _634_/X (sky130_fd_sc_hd__clkbuf_4)
     9    0.04                           _341_ (net)
                  0.09    0.00    2.24 v _657_/A (sky130_fd_sc_hd__buf_4)
                  0.08    0.20    2.45 v _657_/X (sky130_fd_sc_hd__buf_4)
    10    0.06                           _344_ (net)
                  0.08    0.00    2.45 v _666_/A (sky130_fd_sc_hd__inv_2)
                  0.03    0.06    2.51 ^ _666_/Y (sky130_fd_sc_hd__inv_2)
     1    0.00                           _029_ (net)
                  0.03    0.00    2.51 ^ _722_/RESET_B (sky130_fd_sc_hd__dfrtp_1)
                                  2.51   data arrival time

                          0.00    0.00   clock clk (rise edge)
                          0.00    0.00   clock source latency
                  0.08    0.06    0.06 ^ clk (in)
     1    0.02                           clk (net)
                  0.08    0.00    0.06 ^ clkbuf_0_clk/A (sky130_fd_sc_hd__clkbuf_16)
                  0.06    0.16    0.22 ^ clkbuf_0_clk/X (sky130_fd_sc_hd__clkbuf_16)
     4    0.04                           clknet_0_clk (net)
                  0.06    0.00    0.22 ^ clkbuf_2_0__f_clk/A (sky130_fd_sc_hd__clkbuf_16)
                  0.06    0.16    0.38 ^ clkbuf_2_0__f_clk/X (sky130_fd_sc_hd__clkbuf_16)
    15    0.04                           clknet_2_0__leaf_clk (net)
                  0.06    0.00    0.38 ^ _722_/CLK (sky130_fd_sc_hd__dfrtp_1)
                          0.25    0.63   clock uncertainty
                          0.00    0.63   clock reconvergence pessimism
                          0.32    0.95   library removal time
                                  0.95   data required time
-----------------------------------------------------------------------------
                                  0.95   data required time
                                 -2.51   data arrival time
-----------------------------------------------------------------------------
                                  1.56   slack (MET)


Startpoint: rst (input port clocked by clk)
Endpoint: _717_ (removal check against rising-edge clock clk)
Path Group: asynchronous
Path Type: min

Fanout     Cap    Slew   Delay    Time   Description
-----------------------------------------------------------------------------
                          0.00    0.00   clock clk (rise edge)
                          0.00    0.00   clock network delay (propagated)
                          2.00    2.00 v input external delay
                  0.01    0.01    2.01 v rst (in)
     1    0.00                           rst (net)
                  0.01    0.00    2.01 v input17/A (sky130_fd_sc_hd__clkbuf_1)
                  0.02    0.07    2.07 v input17/X (sky130_fd_sc_hd__clkbuf_1)
     1    0.00                           net17 (net)
                  0.02    0.00    2.07 v _634_/A (sky130_fd_sc_hd__clkbuf_4)
                  0.09    0.17    2.24 v _634_/X (sky130_fd_sc_hd__clkbuf_4)
     9    0.04                           _341_ (net)
                  0.09    0.00    2.24 v _657_/A (sky130_fd_sc_hd__buf_4)
                  0.08    0.20    2.45 v _657_/X (sky130_fd_sc_hd__buf_4)
    10    0.06                           _344_ (net)
                  0.08    0.00    2.45 v _661_/A (sky130_fd_sc_hd__inv_2)
                  0.03    0.06    2.50 ^ _661_/Y (sky130_fd_sc_hd__inv_2)
     1    0.00                           _024_ (net)
                  0.03    0.00    2.50 ^ _717_/RESET_B (sky130_fd_sc_hd__dfrtp_1)
                                  2.50   data arrival time

                          0.00    0.00   clock clk (rise edge)
                          0.00    0.00   clock source latency
                  0.08    0.06    0.06 ^ clk (in)
     1    0.02                           clk (net)
                  0.08    0.00    0.06 ^ clkbuf_0_clk/A (sky130_fd_sc_hd__clkbuf_16)
                  0.06    0.16    0.22 ^ clkbuf_0_clk/X (sky130_fd_sc_hd__clkbuf_16)
     4    0.04                           clknet_0_clk (net)
                  0.06    0.00    0.22 ^ clkbuf_2_2__f_clk/A (sky130_fd_sc_hd__clkbuf_16)
                  0.06    0.15    0.37 ^ clkbuf_2_2__f_clk/X (sky130_fd_sc_hd__clkbuf_16)
    13    0.04                           clknet_2_2__leaf_clk (net)
                  0.06    0.00    0.37 ^ _717_/CLK (sky130_fd_sc_hd__dfrtp_1)
                          0.25    0.62   clock uncertainty
                          0.00    0.62   clock reconvergence pessimism
                          0.32    0.95   library removal time
                                  0.95   data required time
-----------------------------------------------------------------------------
                                  0.95   data required time
                                 -2.50   data arrival time
-----------------------------------------------------------------------------
                                  1.56   slack (MET)


Startpoint: rst (input port clocked by clk)
Endpoint: _718_ (removal check against rising-edge clock clk)
Path Group: asynchronous
Path Type: min

Fanout     Cap    Slew   Delay    Time   Description
-----------------------------------------------------------------------------
                          0.00    0.00   clock clk (rise edge)
                          0.00    0.00   clock network delay (propagated)
                          2.00    2.00 v input external delay
                  0.01    0.01    2.01 v rst (in)
     1    0.00                           rst (net)
                  0.01    0.00    2.01 v input17/A (sky130_fd_sc_hd__clkbuf_1)
                  0.02    0.07    2.07 v input17/X (sky130_fd_sc_hd__clkbuf_1)
     1    0.00                           net17 (net)
                  0.02    0.00    2.07 v _634_/A (sky130_fd_sc_hd__clkbuf_4)
                  0.09    0.17    2.24 v _634_/X (sky130_fd_sc_hd__clkbuf_4)
     9    0.04                           _341_ (net)
                  0.09    0.00    2.24 v _657_/A (sky130_fd_sc_hd__buf_4)
                  0.08    0.20    2.45 v _657_/X (sky130_fd_sc_hd__buf_4)
    10    0.06                           _344_ (net)
                  0.08    0.00    2.45 v _662_/A (sky130_fd_sc_hd__inv_2)
                  0.03    0.06    2.51 ^ _662_/Y (sky130_fd_sc_hd__inv_2)
     1    0.00                           _025_ (net)
                  0.03    0.00    2.51 ^ _718_/RESET_B (sky130_fd_sc_hd__dfrtp_1)
                                  2.51   data arrival time

                          0.00    0.00   clock clk (rise edge)
                          0.00    0.00   clock source latency
                  0.08    0.06    0.06 ^ clk (in)
     1    0.02                           clk (net)
                  0.08    0.00    0.06 ^ clkbuf_0_clk/A (sky130_fd_sc_hd__clkbuf_16)
                  0.06    0.16    0.22 ^ clkbuf_0_clk/X (sky130_fd_sc_hd__clkbuf_16)
     4    0.04                           clknet_0_clk (net)
                  0.06    0.00    0.22 ^ clkbuf_2_2__f_clk/A (sky130_fd_sc_hd__clkbuf_16)
                  0.06    0.15    0.37 ^ clkbuf_2_2__f_clk/X (sky130_fd_sc_hd__clkbuf_16)
    13    0.04                           clknet_2_2__leaf_clk (net)
                  0.06    0.00    0.37 ^ _718_/CLK (sky130_fd_sc_hd__dfrtp_1)
                          0.25    0.62   clock uncertainty
                          0.00    0.62   clock reconvergence pessimism
                          0.32    0.95   library removal time
                                  0.95   data required time
-----------------------------------------------------------------------------
                                  0.95   data required time
                                 -2.51   data arrival time
-----------------------------------------------------------------------------
                                  1.56   slack (MET)


Startpoint: rst (input port clocked by clk)
Endpoint: _701_ (removal check against rising-edge clock clk)
Path Group: asynchronous
Path Type: min

Fanout     Cap    Slew   Delay    Time   Description
-----------------------------------------------------------------------------
                          0.00    0.00   clock clk (rise edge)
                          0.00    0.00   clock network delay (propagated)
                          2.00    2.00 v input external delay
                  0.01    0.01    2.01 v rst (in)
     1    0.00                           rst (net)
                  0.01    0.00    2.01 v input17/A (sky130_fd_sc_hd__clkbuf_1)
                  0.02    0.07    2.07 v input17/X (sky130_fd_sc_hd__clkbuf_1)
     1    0.00                           net17 (net)
                  0.02    0.00    2.07 v _634_/A (sky130_fd_sc_hd__clkbuf_4)
                  0.09    0.17    2.24 v _634_/X (sky130_fd_sc_hd__clkbuf_4)
     9    0.04                           _341_ (net)
                  0.09    0.00    2.24 v _635_/A (sky130_fd_sc_hd__buf_4)
                  0.09    0.20    2.45 v _635_/X (sky130_fd_sc_hd__buf_4)
    10    0.06                           _342_ (net)
                  0.09    0.00    2.45 v _643_/A (sky130_fd_sc_hd__inv_2)
                  0.03    0.06    2.51 ^ _643_/Y (sky130_fd_sc_hd__inv_2)
     1    0.00                           _008_ (net)
                  0.03    0.00    2.51 ^ _701_/RESET_B (sky130_fd_sc_hd__dfrtp_1)
                                  2.51   data arrival time

                          0.00    0.00   clock clk (rise edge)
                          0.00    0.00   clock source latency
                  0.08    0.06    0.06 ^ clk (in)
     1    0.02                           clk (net)
                  0.08    0.00    0.06 ^ clkbuf_0_clk/A (sky130_fd_sc_hd__clkbuf_16)
                  0.06    0.16    0.22 ^ clkbuf_0_clk/X (sky130_fd_sc_hd__clkbuf_16)
     4    0.04                           clknet_0_clk (net)
                  0.06    0.00    0.22 ^ clkbuf_2_2__f_clk/A (sky130_fd_sc_hd__clkbuf_16)
                  0.06    0.15    0.37 ^ clkbuf_2_2__f_clk/X (sky130_fd_sc_hd__clkbuf_16)
    13    0.04                           clknet_2_2__leaf_clk (net)
                  0.06    0.00    0.37 ^ _701_/CLK (sky130_fd_sc_hd__dfrtp_1)
                          0.25    0.62   clock uncertainty
                          0.00    0.62   clock reconvergence pessimism
                          0.32    0.95   library removal time
                                  0.95   data required time
-----------------------------------------------------------------------------
                                  0.95   data required time
                                 -2.51   data arrival time
-----------------------------------------------------------------------------
                                  1.56   slack (MET)


Startpoint: rst (input port clocked by clk)
Endpoint: _737_ (removal check against rising-edge clock clk)
Path Group: asynchronous
Path Type: min

Fanout     Cap    Slew   Delay    Time   Description
-----------------------------------------------------------------------------
                          0.00    0.00   clock clk (rise edge)
                          0.00    0.00   clock network delay (propagated)
                          2.00    2.00 v input external delay
                  0.01    0.01    2.01 v rst (in)
     1    0.00                           rst (net)
                  0.01    0.00    2.01 v input17/A (sky130_fd_sc_hd__clkbuf_1)
                  0.02    0.07    2.07 v input17/X (sky130_fd_sc_hd__clkbuf_1)
     1    0.00                           net17 (net)
                  0.02    0.00    2.07 v _634_/A (sky130_fd_sc_hd__clkbuf_4)
                  0.09    0.17    2.24 v _634_/X (sky130_fd_sc_hd__clkbuf_4)
     9    0.04                           _341_ (net)
                  0.09    0.00    2.24 v _679_/A (sky130_fd_sc_hd__buf_4)
                  0.08    0.20    2.45 v _679_/X (sky130_fd_sc_hd__buf_4)
    10    0.06                           _346_ (net)
                  0.08    0.00    2.45 v _683_/A (sky130_fd_sc_hd__inv_2)
                  0.03    0.06    2.50 ^ _683_/Y (sky130_fd_sc_hd__inv_2)
     1    0.00                           _044_ (net)
                  0.03    0.00    2.50 ^ _737_/RESET_B (sky130_fd_sc_hd__dfrtp_2)
                                  2.50   data arrival time

                          0.00    0.00   clock clk (rise edge)
                          0.00    0.00   clock source latency
                  0.08    0.06    0.06 ^ clk (in)
     1    0.02                           clk (net)
                  0.08    0.00    0.06 ^ clkbuf_0_clk/A (sky130_fd_sc_hd__clkbuf_16)
                  0.06    0.16    0.22 ^ clkbuf_0_clk/X (sky130_fd_sc_hd__clkbuf_16)
     4    0.04                           clknet_0_clk (net)
                  0.06    0.00    0.22 ^ clkbuf_2_1__f_clk/A (sky130_fd_sc_hd__clkbuf_16)
                  0.06    0.15    0.37 ^ clkbuf_2_1__f_clk/X (sky130_fd_sc_hd__clkbuf_16)
    14    0.04                           clknet_2_1__leaf_clk (net)
                  0.06    0.00    0.37 ^ _737_/CLK (sky130_fd_sc_hd__dfrtp_2)
                          0.25    0.62   clock uncertainty
                          0.00    0.62   clock reconvergence pessimism
                          0.32    0.94   library removal time
                                  0.94   data required time
-----------------------------------------------------------------------------
                                  0.94   data required time
                                 -2.50   data arrival time
-----------------------------------------------------------------------------
                                  1.56   slack (MET)


Startpoint: rst (input port clocked by clk)
Endpoint: _736_ (removal check against rising-edge clock clk)
Path Group: asynchronous
Path Type: min

Fanout     Cap    Slew   Delay    Time   Description
-----------------------------------------------------------------------------
                          0.00    0.00   clock clk (rise edge)
                          0.00    0.00   clock network delay (propagated)
                          2.00    2.00 v input external delay
                  0.01    0.01    2.01 v rst (in)
     1    0.00                           rst (net)
                  0.01    0.00    2.01 v input17/A (sky130_fd_sc_hd__clkbuf_1)
                  0.02    0.07    2.07 v input17/X (sky130_fd_sc_hd__clkbuf_1)
     1    0.00                           net17 (net)
                  0.02    0.00    2.07 v _634_/A (sky130_fd_sc_hd__clkbuf_4)
                  0.09    0.17    2.24 v _634_/X (sky130_fd_sc_hd__clkbuf_4)
     9    0.04                           _341_ (net)
                  0.09    0.00    2.24 v _679_/A (sky130_fd_sc_hd__buf_4)
                  0.08    0.20    2.45 v _679_/X (sky130_fd_sc_hd__buf_4)
    10    0.06                           _346_ (net)
                  0.08    0.00    2.45 v _682_/A (sky130_fd_sc_hd__inv_2)
                  0.03    0.06    2.51 ^ _682_/Y (sky130_fd_sc_hd__inv_2)
     1    0.00                           _043_ (net)
                  0.03    0.00    2.51 ^ _736_/RESET_B (sky130_fd_sc_hd__dfrtp_2)
                                  2.51   data arrival time

                          0.00    0.00   clock clk (rise edge)
                          0.00    0.00   clock source latency
                  0.08    0.06    0.06 ^ clk (in)
     1    0.02                           clk (net)
                  0.08    0.00    0.06 ^ clkbuf_0_clk/A (sky130_fd_sc_hd__clkbuf_16)
                  0.06    0.16    0.22 ^ clkbuf_0_clk/X (sky130_fd_sc_hd__clkbuf_16)
     4    0.04                           clknet_0_clk (net)
                  0.06    0.00    0.22 ^ clkbuf_2_1__f_clk/A (sky130_fd_sc_hd__clkbuf_16)
                  0.06    0.15    0.37 ^ clkbuf_2_1__f_clk/X (sky130_fd_sc_hd__clkbuf_16)
    14    0.04                           clknet_2_1__leaf_clk (net)
                  0.06    0.00    0.37 ^ _736_/CLK (sky130_fd_sc_hd__dfrtp_2)
                          0.25    0.62   clock uncertainty
                          0.00    0.62   clock reconvergence pessimism
                          0.32    0.94   library removal time
                                  0.94   data required time
-----------------------------------------------------------------------------
                                  0.94   data required time
                                 -2.51   data arrival time
-----------------------------------------------------------------------------
                                  1.56   slack (MET)


Startpoint: rst (input port clocked by clk)
Endpoint: _738_ (removal check against rising-edge clock clk)
Path Group: asynchronous
Path Type: min

Fanout     Cap    Slew   Delay    Time   Description
-----------------------------------------------------------------------------
                          0.00    0.00   clock clk (rise edge)
                          0.00    0.00   clock network delay (propagated)
                          2.00    2.00 v input external delay
                  0.01    0.01    2.01 v rst (in)
     1    0.00                           rst (net)
                  0.01    0.00    2.01 v input17/A (sky130_fd_sc_hd__clkbuf_1)
                  0.02    0.07    2.07 v input17/X (sky130_fd_sc_hd__clkbuf_1)
     1    0.00                           net17 (net)
                  0.02    0.00    2.07 v _634_/A (sky130_fd_sc_hd__clkbuf_4)
                  0.09    0.17    2.24 v _634_/X (sky130_fd_sc_hd__clkbuf_4)
     9    0.04                           _341_ (net)
                  0.09    0.00    2.24 v _679_/A (sky130_fd_sc_hd__buf_4)
                  0.08    0.20    2.45 v _679_/X (sky130_fd_sc_hd__buf_4)
    10    0.06                           _346_ (net)
                  0.08    0.00    2.45 v _684_/A (sky130_fd_sc_hd__inv_2)
                  0.03    0.06    2.51 ^ _684_/Y (sky130_fd_sc_hd__inv_2)
     1    0.00                           _045_ (net)
                  0.03    0.00    2.51 ^ _738_/RESET_B (sky130_fd_sc_hd__dfrtp_2)
                                  2.51   data arrival time

                          0.00    0.00   clock clk (rise edge)
                          0.00    0.00   clock source latency
                  0.08    0.06    0.06 ^ clk (in)
     1    0.02                           clk (net)
                  0.08    0.00    0.06 ^ clkbuf_0_clk/A (sky130_fd_sc_hd__clkbuf_16)
                  0.06    0.16    0.22 ^ clkbuf_0_clk/X (sky130_fd_sc_hd__clkbuf_16)
     4    0.04                           clknet_0_clk (net)
                  0.06    0.00    0.22 ^ clkbuf_2_1__f_clk/A (sky130_fd_sc_hd__clkbuf_16)
                  0.06    0.15    0.37 ^ clkbuf_2_1__f_clk/X (sky130_fd_sc_hd__clkbuf_16)
    14    0.04                           clknet_2_1__leaf_clk (net)
                  0.06    0.00    0.37 ^ _738_/CLK (sky130_fd_sc_hd__dfrtp_2)
                          0.25    0.62   clock uncertainty
                          0.00    0.62   clock reconvergence pessimism
                          0.32    0.94   library removal time
                                  0.94   data required time
-----------------------------------------------------------------------------
                                  0.94   data required time
                                 -2.51   data arrival time
-----------------------------------------------------------------------------
                                  1.56   slack (MET)


Startpoint: rst (input port clocked by clk)
Endpoint: _715_ (removal check against rising-edge clock clk)
Path Group: asynchronous
Path Type: min

Fanout     Cap    Slew   Delay    Time   Description
-----------------------------------------------------------------------------
                          0.00    0.00   clock clk (rise edge)
                          0.00    0.00   clock network delay (propagated)
                          2.00    2.00 v input external delay
                  0.01    0.01    2.01 v rst (in)
     1    0.00                           rst (net)
                  0.01    0.00    2.01 v input17/A (sky130_fd_sc_hd__clkbuf_1)
                  0.02    0.07    2.07 v input17/X (sky130_fd_sc_hd__clkbuf_1)
     1    0.00                           net17 (net)
                  0.02    0.00    2.07 v _634_/A (sky130_fd_sc_hd__clkbuf_4)
                  0.09    0.17    2.24 v _634_/X (sky130_fd_sc_hd__clkbuf_4)
     9    0.04                           _341_ (net)
                  0.09    0.00    2.24 v _657_/A (sky130_fd_sc_hd__buf_4)
                  0.08    0.20    2.45 v _657_/X (sky130_fd_sc_hd__buf_4)
    10    0.06                           _344_ (net)
                  0.08    0.00    2.45 v _659_/A (sky130_fd_sc_hd__inv_2)
                  0.03    0.06    2.50 ^ _659_/Y (sky130_fd_sc_hd__inv_2)
     1    0.00                           _022_ (net)
                  0.03    0.00    2.50 ^ _715_/RESET_B (sky130_fd_sc_hd__dfrtp_1)
                                  2.50   data arrival time

                          0.00    0.00   clock clk (rise edge)
                          0.00    0.00   clock source latency
                  0.08    0.06    0.06 ^ clk (in)
     1    0.02                           clk (net)
                  0.08    0.00    0.06 ^ clkbuf_0_clk/A (sky130_fd_sc_hd__clkbuf_16)
                  0.06    0.16    0.22 ^ clkbuf_0_clk/X (sky130_fd_sc_hd__clkbuf_16)
     4    0.04                           clknet_0_clk (net)
                  0.06    0.00    0.22 ^ clkbuf_2_3__f_clk/A (sky130_fd_sc_hd__clkbuf_16)
                  0.06    0.15    0.37 ^ clkbuf_2_3__f_clk/X (sky130_fd_sc_hd__clkbuf_16)
    12    0.03                           clknet_2_3__leaf_clk (net)
                  0.06    0.00    0.37 ^ _715_/CLK (sky130_fd_sc_hd__dfrtp_1)
                          0.25    0.62   clock uncertainty
                          0.00    0.62   clock reconvergence pessimism
                          0.32    0.94   library removal time
                                  0.94   data required time
-----------------------------------------------------------------------------
                                  0.94   data required time
                                 -2.50   data arrival time
-----------------------------------------------------------------------------
                                  1.56   slack (MET)


Startpoint: rst (input port clocked by clk)
Endpoint: _739_ (removal check against rising-edge clock clk)
Path Group: asynchronous
Path Type: min

Fanout     Cap    Slew   Delay    Time   Description
-----------------------------------------------------------------------------
                          0.00    0.00   clock clk (rise edge)
                          0.00    0.00   clock network delay (propagated)
                          2.00    2.00 v input external delay
                  0.01    0.01    2.01 v rst (in)
     1    0.00                           rst (net)
                  0.01    0.00    2.01 v input17/A (sky130_fd_sc_hd__clkbuf_1)
                  0.02    0.07    2.07 v input17/X (sky130_fd_sc_hd__clkbuf_1)
     1    0.00                           net17 (net)
                  0.02    0.00    2.07 v _634_/A (sky130_fd_sc_hd__clkbuf_4)
                  0.09    0.17    2.24 v _634_/X (sky130_fd_sc_hd__clkbuf_4)
     9    0.04                           _341_ (net)
                  0.09    0.00    2.24 v _679_/A (sky130_fd_sc_hd__buf_4)
                  0.08    0.20    2.45 v _679_/X (sky130_fd_sc_hd__buf_4)
    10    0.06                           _346_ (net)
                  0.08    0.00    2.45 v _685_/A (sky130_fd_sc_hd__inv_2)
                  0.03    0.06    2.50 ^ _685_/Y (sky130_fd_sc_hd__inv_2)
     1    0.00                           _046_ (net)
                  0.03    0.00    2.50 ^ _739_/RESET_B (sky130_fd_sc_hd__dfrtp_2)
                                  2.50   data arrival time

                          0.00    0.00   clock clk (rise edge)
                          0.00    0.00   clock source latency
                  0.08    0.06    0.06 ^ clk (in)
     1    0.02                           clk (net)
                  0.08    0.00    0.06 ^ clkbuf_0_clk/A (sky130_fd_sc_hd__clkbuf_16)
                  0.06    0.16    0.22 ^ clkbuf_0_clk/X (sky130_fd_sc_hd__clkbuf_16)
     4    0.04                           clknet_0_clk (net)
                  0.06    0.00    0.22 ^ clkbuf_2_3__f_clk/A (sky130_fd_sc_hd__clkbuf_16)
                  0.06    0.15    0.37 ^ clkbuf_2_3__f_clk/X (sky130_fd_sc_hd__clkbuf_16)
    12    0.03                           clknet_2_3__leaf_clk (net)
                  0.06    0.00    0.37 ^ _739_/CLK (sky130_fd_sc_hd__dfrtp_2)
                          0.25    0.62   clock uncertainty
                          0.00    0.62   clock reconvergence pessimism
                          0.32    0.94   library removal time
                                  0.94   data required time
-----------------------------------------------------------------------------
                                  0.94   data required time
                                 -2.50   data arrival time
-----------------------------------------------------------------------------
                                  1.56   slack (MET)


Startpoint: rst (input port clocked by clk)
Endpoint: _714_ (removal check against rising-edge clock clk)
Path Group: asynchronous
Path Type: min

Fanout     Cap    Slew   Delay    Time   Description
-----------------------------------------------------------------------------
                          0.00    0.00   clock clk (rise edge)
                          0.00    0.00   clock network delay (propagated)
                          2.00    2.00 v input external delay
                  0.01    0.01    2.01 v rst (in)
     1    0.00                           rst (net)
                  0.01    0.00    2.01 v input17/A (sky130_fd_sc_hd__clkbuf_1)
                  0.02    0.07    2.07 v input17/X (sky130_fd_sc_hd__clkbuf_1)
     1    0.00                           net17 (net)
                  0.02    0.00    2.07 v _634_/A (sky130_fd_sc_hd__clkbuf_4)
                  0.09    0.17    2.24 v _634_/X (sky130_fd_sc_hd__clkbuf_4)
     9    0.04                           _341_ (net)
                  0.09    0.00    2.24 v _657_/A (sky130_fd_sc_hd__buf_4)
                  0.08    0.20    2.45 v _657_/X (sky130_fd_sc_hd__buf_4)
    10    0.06                           _344_ (net)
                  0.08    0.00    2.45 v _658_/A (sky130_fd_sc_hd__inv_2)
                  0.03    0.06    2.51 ^ _658_/Y (sky130_fd_sc_hd__inv_2)
     1    0.00                           _021_ (net)
                  0.03    0.00    2.51 ^ _714_/RESET_B (sky130_fd_sc_hd__dfrtp_1)
                                  2.51   data arrival time

                          0.00    0.00   clock clk (rise edge)
                          0.00    0.00   clock source latency
                  0.08    0.06    0.06 ^ clk (in)
     1    0.02                           clk (net)
                  0.08    0.00    0.06 ^ clkbuf_0_clk/A (sky130_fd_sc_hd__clkbuf_16)
                  0.06    0.16    0.22 ^ clkbuf_0_clk/X (sky130_fd_sc_hd__clkbuf_16)
     4    0.04                           clknet_0_clk (net)
                  0.06    0.00    0.22 ^ clkbuf_2_1__f_clk/A (sky130_fd_sc_hd__clkbuf_16)
                  0.06    0.15    0.37 ^ clkbuf_2_1__f_clk/X (sky130_fd_sc_hd__clkbuf_16)
    14    0.04                           clknet_2_1__leaf_clk (net)
                  0.06    0.00    0.37 ^ _714_/CLK (sky130_fd_sc_hd__dfrtp_1)
                          0.25    0.62   clock uncertainty
                          0.00    0.62   clock reconvergence pessimism
                          0.32    0.94   library removal time
                                  0.94   data required time
-----------------------------------------------------------------------------
                                  0.94   data required time
                                 -2.51   data arrival time
-----------------------------------------------------------------------------
                                  1.56   slack (MET)


Startpoint: rst (input port clocked by clk)
Endpoint: _723_ (removal check against rising-edge clock clk)
Path Group: asynchronous
Path Type: min

Fanout     Cap    Slew   Delay    Time   Description
-----------------------------------------------------------------------------
                          0.00    0.00   clock clk (rise edge)
                          0.00    0.00   clock network delay (propagated)
                          2.00    2.00 v input external delay
                  0.01    0.01    2.01 v rst (in)
     1    0.00                           rst (net)
                  0.01    0.00    2.01 v input17/A (sky130_fd_sc_hd__clkbuf_1)
                  0.02    0.07    2.07 v input17/X (sky130_fd_sc_hd__clkbuf_1)
     1    0.00                           net17 (net)
                  0.02    0.00    2.07 v _634_/A (sky130_fd_sc_hd__clkbuf_4)
                  0.09    0.17    2.24 v _634_/X (sky130_fd_sc_hd__clkbuf_4)
     9    0.04                           _341_ (net)
                  0.09    0.00    2.24 v _657_/A (sky130_fd_sc_hd__buf_4)
                  0.08    0.20    2.45 v _657_/X (sky130_fd_sc_hd__buf_4)
    10    0.06                           _344_ (net)
                  0.08    0.00    2.45 v _667_/A (sky130_fd_sc_hd__inv_2)
                  0.03    0.06    2.51 ^ _667_/Y (sky130_fd_sc_hd__inv_2)
     1    0.00                           _030_ (net)
                  0.03    0.00    2.51 ^ _723_/RESET_B (sky130_fd_sc_hd__dfrtp_1)
                                  2.51   data arrival time

                          0.00    0.00   clock clk (rise edge)
                          0.00    0.00   clock source latency
                  0.08    0.06    0.06 ^ clk (in)
     1    0.02                           clk (net)
                  0.08    0.00    0.06 ^ clkbuf_0_clk/A (sky130_fd_sc_hd__clkbuf_16)
                  0.06    0.16    0.22 ^ clkbuf_0_clk/X (sky130_fd_sc_hd__clkbuf_16)
     4    0.04                           clknet_0_clk (net)
                  0.06    0.00    0.22 ^ clkbuf_2_1__f_clk/A (sky130_fd_sc_hd__clkbuf_16)
                  0.06    0.15    0.37 ^ clkbuf_2_1__f_clk/X (sky130_fd_sc_hd__clkbuf_16)
    14    0.04                           clknet_2_1__leaf_clk (net)
                  0.06    0.00    0.37 ^ _723_/CLK (sky130_fd_sc_hd__dfrtp_1)
                          0.25    0.62   clock uncertainty
                          0.00    0.62   clock reconvergence pessimism
                          0.32    0.94   library removal time
                                  0.94   data required time
-----------------------------------------------------------------------------
                                  0.94   data required time
                                 -2.51   data arrival time
-----------------------------------------------------------------------------
                                  1.56   slack (MET)


Startpoint: rst (input port clocked by clk)
Endpoint: _719_ (removal check against rising-edge clock clk)
Path Group: asynchronous
Path Type: min

Fanout     Cap    Slew   Delay    Time   Description
-----------------------------------------------------------------------------
                          0.00    0.00   clock clk (rise edge)
                          0.00    0.00   clock network delay (propagated)
                          2.00    2.00 v input external delay
                  0.01    0.01    2.01 v rst (in)
     1    0.00                           rst (net)
                  0.01    0.00    2.01 v input17/A (sky130_fd_sc_hd__clkbuf_1)
                  0.02    0.07    2.07 v input17/X (sky130_fd_sc_hd__clkbuf_1)
     1    0.00                           net17 (net)
                  0.02    0.00    2.07 v _634_/A (sky130_fd_sc_hd__clkbuf_4)
                  0.09    0.17    2.24 v _634_/X (sky130_fd_sc_hd__clkbuf_4)
     9    0.04                           _341_ (net)
                  0.09    0.00    2.24 v _657_/A (sky130_fd_sc_hd__buf_4)
                  0.08    0.20    2.45 v _657_/X (sky130_fd_sc_hd__buf_4)
    10    0.06                           _344_ (net)
                  0.08    0.00    2.45 v _663_/A (sky130_fd_sc_hd__inv_2)
                  0.03    0.06    2.51 ^ _663_/Y (sky130_fd_sc_hd__inv_2)
     1    0.00                           _026_ (net)
                  0.03    0.00    2.51 ^ _719_/RESET_B (sky130_fd_sc_hd__dfrtp_1)
                                  2.51   data arrival time

                          0.00    0.00   clock clk (rise edge)
                          0.00    0.00   clock source latency
                  0.08    0.06    0.06 ^ clk (in)
     1    0.02                           clk (net)
                  0.08    0.00    0.06 ^ clkbuf_0_clk/A (sky130_fd_sc_hd__clkbuf_16)
                  0.06    0.16    0.22 ^ clkbuf_0_clk/X (sky130_fd_sc_hd__clkbuf_16)
     4    0.04                           clknet_0_clk (net)
                  0.06    0.00    0.22 ^ clkbuf_2_1__f_clk/A (sky130_fd_sc_hd__clkbuf_16)
                  0.06    0.15    0.37 ^ clkbuf_2_1__f_clk/X (sky130_fd_sc_hd__clkbuf_16)
    14    0.04                           clknet_2_1__leaf_clk (net)
                  0.06    0.00    0.37 ^ _719_/CLK (sky130_fd_sc_hd__dfrtp_1)
                          0.25    0.62   clock uncertainty
                          0.00    0.62   clock reconvergence pessimism
                          0.32    0.94   library removal time
                                  0.94   data required time
-----------------------------------------------------------------------------
                                  0.94   data required time
                                 -2.51   data arrival time
-----------------------------------------------------------------------------
                                  1.56   slack (MET)


Startpoint: rst (input port clocked by clk)
Endpoint: _695_ (removal check against rising-edge clock clk)
Path Group: asynchronous
Path Type: min

Fanout     Cap    Slew   Delay    Time   Description
-----------------------------------------------------------------------------
                          0.00    0.00   clock clk (rise edge)
                          0.00    0.00   clock network delay (propagated)
                          2.00    2.00 v input external delay
                  0.01    0.01    2.01 v rst (in)
     1    0.00                           rst (net)
                  0.01    0.00    2.01 v input17/A (sky130_fd_sc_hd__clkbuf_1)
                  0.02    0.07    2.07 v input17/X (sky130_fd_sc_hd__clkbuf_1)
     1    0.00                           net17 (net)
                  0.02    0.00    2.07 v _634_/A (sky130_fd_sc_hd__clkbuf_4)
                  0.09    0.17    2.24 v _634_/X (sky130_fd_sc_hd__clkbuf_4)
     9    0.04                           _341_ (net)
                  0.09    0.00    2.24 v _635_/A (sky130_fd_sc_hd__buf_4)
                  0.09    0.20    2.45 v _635_/X (sky130_fd_sc_hd__buf_4)
    10    0.06                           _342_ (net)
                  0.09    0.00    2.45 v _637_/A (sky130_fd_sc_hd__inv_2)
                  0.03    0.06    2.51 ^ _637_/Y (sky130_fd_sc_hd__inv_2)
     1    0.00                           _002_ (net)
                  0.03    0.00    2.51 ^ _695_/RESET_B (sky130_fd_sc_hd__dfrtp_1)
                                  2.51   data arrival time

                          0.00    0.00   clock clk (rise edge)
                          0.00    0.00   clock source latency
                  0.08    0.06    0.06 ^ clk (in)
     1    0.02                           clk (net)
                  0.08    0.00    0.06 ^ clkbuf_0_clk/A (sky130_fd_sc_hd__clkbuf_16)
                  0.06    0.16    0.22 ^ clkbuf_0_clk/X (sky130_fd_sc_hd__clkbuf_16)
     4    0.04                           clknet_0_clk (net)
                  0.06    0.00    0.22 ^ clkbuf_2_1__f_clk/A (sky130_fd_sc_hd__clkbuf_16)
                  0.06    0.15    0.37 ^ clkbuf_2_1__f_clk/X (sky130_fd_sc_hd__clkbuf_16)
    14    0.04                           clknet_2_1__leaf_clk (net)
                  0.06    0.00    0.37 ^ _695_/CLK (sky130_fd_sc_hd__dfrtp_1)
                          0.25    0.62   clock uncertainty
                          0.00    0.62   clock reconvergence pessimism
                          0.32    0.94   library removal time
                                  0.94   data required time
-----------------------------------------------------------------------------
                                  0.94   data required time
                                 -2.51   data arrival time
-----------------------------------------------------------------------------
                                  1.57   slack (MET)


Startpoint: rst (input port clocked by clk)
Endpoint: _699_ (removal check against rising-edge clock clk)
Path Group: asynchronous
Path Type: min

Fanout     Cap    Slew   Delay    Time   Description
-----------------------------------------------------------------------------
                          0.00    0.00   clock clk (rise edge)
                          0.00    0.00   clock network delay (propagated)
                          2.00    2.00 v input external delay
                  0.01    0.01    2.01 v rst (in)
     1    0.00                           rst (net)
                  0.01    0.00    2.01 v input17/A (sky130_fd_sc_hd__clkbuf_1)
                  0.02    0.07    2.07 v input17/X (sky130_fd_sc_hd__clkbuf_1)
     1    0.00                           net17 (net)
                  0.02    0.00    2.07 v _634_/A (sky130_fd_sc_hd__clkbuf_4)
                  0.09    0.17    2.24 v _634_/X (sky130_fd_sc_hd__clkbuf_4)
     9    0.04                           _341_ (net)
                  0.09    0.00    2.24 v _635_/A (sky130_fd_sc_hd__buf_4)
                  0.09    0.20    2.45 v _635_/X (sky130_fd_sc_hd__buf_4)
    10    0.06                           _342_ (net)
                  0.09    0.00    2.45 v _641_/A (sky130_fd_sc_hd__inv_2)
                  0.03    0.06    2.51 ^ _641_/Y (sky130_fd_sc_hd__inv_2)
     1    0.00                           _006_ (net)
                  0.03    0.00    2.51 ^ _699_/RESET_B (sky130_fd_sc_hd__dfrtp_4)
                                  2.51   data arrival time

                          0.00    0.00   clock clk (rise edge)
                          0.00    0.00   clock source latency
                  0.08    0.06    0.06 ^ clk (in)
     1    0.02                           clk (net)
                  0.08    0.00    0.06 ^ clkbuf_0_clk/A (sky130_fd_sc_hd__clkbuf_16)
                  0.06    0.16    0.22 ^ clkbuf_0_clk/X (sky130_fd_sc_hd__clkbuf_16)
     4    0.04                           clknet_0_clk (net)
                  0.06    0.00    0.22 ^ clkbuf_2_1__f_clk/A (sky130_fd_sc_hd__clkbuf_16)
                  0.06    0.15    0.37 ^ clkbuf_2_1__f_clk/X (sky130_fd_sc_hd__clkbuf_16)
    14    0.04                           clknet_2_1__leaf_clk (net)
                  0.06    0.00    0.37 ^ _699_/CLK (sky130_fd_sc_hd__dfrtp_4)
                          0.25    0.62   clock uncertainty
                          0.00    0.62   clock reconvergence pessimism
                          0.32    0.94   library removal time
                                  0.94   data required time
-----------------------------------------------------------------------------
                                  0.94   data required time
                                 -2.51   data arrival time
-----------------------------------------------------------------------------
                                  1.57   slack (MET)


Startpoint: rst (input port clocked by clk)
Endpoint: _694_ (removal check against rising-edge clock clk)
Path Group: asynchronous
Path Type: min

Fanout     Cap    Slew   Delay    Time   Description
-----------------------------------------------------------------------------
                          0.00    0.00   clock clk (rise edge)
                          0.00    0.00   clock network delay (propagated)
                          2.00    2.00 v input external delay
                  0.01    0.01    2.01 v rst (in)
     1    0.00                           rst (net)
                  0.01    0.00    2.01 v input17/A (sky130_fd_sc_hd__clkbuf_1)
                  0.02    0.07    2.07 v input17/X (sky130_fd_sc_hd__clkbuf_1)
     1    0.00                           net17 (net)
                  0.02    0.00    2.07 v _634_/A (sky130_fd_sc_hd__clkbuf_4)
                  0.09    0.17    2.24 v _634_/X (sky130_fd_sc_hd__clkbuf_4)
     9    0.04                           _341_ (net)
                  0.09    0.00    2.24 v _635_/A (sky130_fd_sc_hd__buf_4)
                  0.09    0.20    2.45 v _635_/X (sky130_fd_sc_hd__buf_4)
    10    0.06                           _342_ (net)
                  0.09    0.00    2.45 v _636_/A (sky130_fd_sc_hd__inv_2)
                  0.03    0.06    2.51 ^ _636_/Y (sky130_fd_sc_hd__inv_2)
     1    0.00                           _001_ (net)
                  0.03    0.00    2.51 ^ _694_/RESET_B (sky130_fd_sc_hd__dfrtp_1)
                                  2.51   data arrival time

                          0.00    0.00   clock clk (rise edge)
                          0.00    0.00   clock source latency
                  0.08    0.06    0.06 ^ clk (in)
     1    0.02                           clk (net)
                  0.08    0.00    0.06 ^ clkbuf_0_clk/A (sky130_fd_sc_hd__clkbuf_16)
                  0.06    0.16    0.22 ^ clkbuf_0_clk/X (sky130_fd_sc_hd__clkbuf_16)
     4    0.04                           clknet_0_clk (net)
                  0.06    0.00    0.22 ^ clkbuf_2_1__f_clk/A (sky130_fd_sc_hd__clkbuf_16)
                  0.06    0.15    0.37 ^ clkbuf_2_1__f_clk/X (sky130_fd_sc_hd__clkbuf_16)
    14    0.04                           clknet_2_1__leaf_clk (net)
                  0.06    0.00    0.37 ^ _694_/CLK (sky130_fd_sc_hd__dfrtp_1)
                          0.25    0.62   clock uncertainty
                          0.00    0.62   clock reconvergence pessimism
                          0.32    0.94   library removal time
                                  0.94   data required time
-----------------------------------------------------------------------------
                                  0.94   data required time
                                 -2.51   data arrival time
-----------------------------------------------------------------------------
                                  1.57   slack (MET)


Startpoint: rst (input port clocked by clk)
Endpoint: _703_ (removal check against rising-edge clock clk)
Path Group: asynchronous
Path Type: min

Fanout     Cap    Slew   Delay    Time   Description
-----------------------------------------------------------------------------
                          0.00    0.00   clock clk (rise edge)
                          0.00    0.00   clock network delay (propagated)
                          2.00    2.00 v input external delay
                  0.01    0.01    2.01 v rst (in)
     1    0.00                           rst (net)
                  0.01    0.00    2.01 v input17/A (sky130_fd_sc_hd__clkbuf_1)
                  0.02    0.07    2.07 v input17/X (sky130_fd_sc_hd__clkbuf_1)
     1    0.00                           net17 (net)
                  0.02    0.00    2.07 v _634_/A (sky130_fd_sc_hd__clkbuf_4)
                  0.09    0.17    2.24 v _634_/X (sky130_fd_sc_hd__clkbuf_4)
     9    0.04                           _341_ (net)
                  0.09    0.00    2.24 v _635_/A (sky130_fd_sc_hd__buf_4)
                  0.09    0.20    2.45 v _635_/X (sky130_fd_sc_hd__buf_4)
    10    0.06                           _342_ (net)
                  0.09    0.00    2.45 v _645_/A (sky130_fd_sc_hd__inv_2)
                  0.04    0.06    2.51 ^ _645_/Y (sky130_fd_sc_hd__inv_2)
     1    0.00                           _010_ (net)
                  0.04    0.00    2.51 ^ _703_/RESET_B (sky130_fd_sc_hd__dfrtp_1)
                                  2.51   data arrival time

                          0.00    0.00   clock clk (rise edge)
                          0.00    0.00   clock source latency
                  0.08    0.06    0.06 ^ clk (in)
     1    0.02                           clk (net)
                  0.08    0.00    0.06 ^ clkbuf_0_clk/A (sky130_fd_sc_hd__clkbuf_16)
                  0.06    0.16    0.22 ^ clkbuf_0_clk/X (sky130_fd_sc_hd__clkbuf_16)
     4    0.04                           clknet_0_clk (net)
                  0.06    0.00    0.22 ^ clkbuf_2_1__f_clk/A (sky130_fd_sc_hd__clkbuf_16)
                  0.06    0.15    0.37 ^ clkbuf_2_1__f_clk/X (sky130_fd_sc_hd__clkbuf_16)
    14    0.04                           clknet_2_1__leaf_clk (net)
                  0.06    0.00    0.37 ^ _703_/CLK (sky130_fd_sc_hd__dfrtp_1)
                          0.25    0.62   clock uncertainty
                          0.00    0.62   clock reconvergence pessimism
                          0.32    0.94   library removal time
                                  0.94   data required time
-----------------------------------------------------------------------------
                                  0.94   data required time
                                 -2.51   data arrival time
-----------------------------------------------------------------------------
                                  1.57   slack (MET)


Startpoint: rst (input port clocked by clk)
Endpoint: _698_ (removal check against rising-edge clock clk)
Path Group: asynchronous
Path Type: min

Fanout     Cap    Slew   Delay    Time   Description
-----------------------------------------------------------------------------
                          0.00    0.00   clock clk (rise edge)
                          0.00    0.00   clock network delay (propagated)
                          2.00    2.00 v input external delay
                  0.01    0.01    2.01 v rst (in)
     1    0.00                           rst (net)
                  0.01    0.00    2.01 v input17/A (sky130_fd_sc_hd__clkbuf_1)
                  0.02    0.07    2.07 v input17/X (sky130_fd_sc_hd__clkbuf_1)
     1    0.00                           net17 (net)
                  0.02    0.00    2.07 v _634_/A (sky130_fd_sc_hd__clkbuf_4)
                  0.09    0.17    2.24 v _634_/X (sky130_fd_sc_hd__clkbuf_4)
     9    0.04                           _341_ (net)
                  0.09    0.00    2.24 v _635_/A (sky130_fd_sc_hd__buf_4)
                  0.09    0.20    2.45 v _635_/X (sky130_fd_sc_hd__buf_4)
    10    0.06                           _342_ (net)
                  0.09    0.00    2.45 v _640_/A (sky130_fd_sc_hd__inv_2)
                  0.03    0.06    2.51 ^ _640_/Y (sky130_fd_sc_hd__inv_2)
     1    0.00                           _005_ (net)
                  0.03    0.00    2.51 ^ _698_/RESET_B (sky130_fd_sc_hd__dfrtp_2)
                                  2.51   data arrival time

                          0.00    0.00   clock clk (rise edge)
                          0.00    0.00   clock source latency
                  0.08    0.06    0.06 ^ clk (in)
     1    0.02                           clk (net)
                  0.08    0.00    0.06 ^ clkbuf_0_clk/A (sky130_fd_sc_hd__clkbuf_16)
                  0.06    0.16    0.22 ^ clkbuf_0_clk/X (sky130_fd_sc_hd__clkbuf_16)
     4    0.04                           clknet_0_clk (net)
                  0.06    0.00    0.22 ^ clkbuf_2_3__f_clk/A (sky130_fd_sc_hd__clkbuf_16)
                  0.06    0.15    0.37 ^ clkbuf_2_3__f_clk/X (sky130_fd_sc_hd__clkbuf_16)
    12    0.03                           clknet_2_3__leaf_clk (net)
                  0.06    0.00    0.37 ^ _698_/CLK (sky130_fd_sc_hd__dfrtp_2)
                          0.25    0.62   clock uncertainty
                          0.00    0.62   clock reconvergence pessimism
                          0.32    0.94   library removal time
                                  0.94   data required time
-----------------------------------------------------------------------------
                                  0.94   data required time
                                 -2.51   data arrival time
-----------------------------------------------------------------------------
                                  1.57   slack (MET)


Startpoint: rst (input port clocked by clk)
Endpoint: _696_ (removal check against rising-edge clock clk)
Path Group: asynchronous
Path Type: min

Fanout     Cap    Slew   Delay    Time   Description
-----------------------------------------------------------------------------
                          0.00    0.00   clock clk (rise edge)
                          0.00    0.00   clock network delay (propagated)
                          2.00    2.00 v input external delay
                  0.01    0.01    2.01 v rst (in)
     1    0.00                           rst (net)
                  0.01    0.00    2.01 v input17/A (sky130_fd_sc_hd__clkbuf_1)
                  0.02    0.07    2.07 v input17/X (sky130_fd_sc_hd__clkbuf_1)
     1    0.00                           net17 (net)
                  0.02    0.00    2.07 v _634_/A (sky130_fd_sc_hd__clkbuf_4)
                  0.09    0.17    2.24 v _634_/X (sky130_fd_sc_hd__clkbuf_4)
     9    0.04                           _341_ (net)
                  0.09    0.00    2.24 v _635_/A (sky130_fd_sc_hd__buf_4)
                  0.09    0.20    2.45 v _635_/X (sky130_fd_sc_hd__buf_4)
    10    0.06                           _342_ (net)
                  0.09    0.00    2.45 v _638_/A (sky130_fd_sc_hd__inv_2)
                  0.04    0.06    2.51 ^ _638_/Y (sky130_fd_sc_hd__inv_2)
     1    0.00                           _003_ (net)
                  0.04    0.00    2.51 ^ _696_/RESET_B (sky130_fd_sc_hd__dfrtp_1)
                                  2.51   data arrival time

                          0.00    0.00   clock clk (rise edge)
                          0.00    0.00   clock source latency
                  0.08    0.06    0.06 ^ clk (in)
     1    0.02                           clk (net)
                  0.08    0.00    0.06 ^ clkbuf_0_clk/A (sky130_fd_sc_hd__clkbuf_16)
                  0.06    0.16    0.22 ^ clkbuf_0_clk/X (sky130_fd_sc_hd__clkbuf_16)
     4    0.04                           clknet_0_clk (net)
                  0.06    0.00    0.22 ^ clkbuf_2_3__f_clk/A (sky130_fd_sc_hd__clkbuf_16)
                  0.06    0.15    0.37 ^ clkbuf_2_3__f_clk/X (sky130_fd_sc_hd__clkbuf_16)
    12    0.03                           clknet_2_3__leaf_clk (net)
                  0.06    0.00    0.37 ^ _696_/CLK (sky130_fd_sc_hd__dfrtp_1)
                          0.25    0.62   clock uncertainty
                          0.00    0.62   clock reconvergence pessimism
                          0.32    0.94   library removal time
                                  0.94   data required time
-----------------------------------------------------------------------------
                                  0.94   data required time
                                 -2.51   data arrival time
-----------------------------------------------------------------------------
                                  1.57   slack (MET)


Startpoint: rst (input port clocked by clk)
Endpoint: _697_ (removal check against rising-edge clock clk)
Path Group: asynchronous
Path Type: min

Fanout     Cap    Slew   Delay    Time   Description
-----------------------------------------------------------------------------
                          0.00    0.00   clock clk (rise edge)
                          0.00    0.00   clock network delay (propagated)
                          2.00    2.00 v input external delay
                  0.01    0.01    2.01 v rst (in)
     1    0.00                           rst (net)
                  0.01    0.00    2.01 v input17/A (sky130_fd_sc_hd__clkbuf_1)
                  0.02    0.07    2.07 v input17/X (sky130_fd_sc_hd__clkbuf_1)
     1    0.00                           net17 (net)
                  0.02    0.00    2.07 v _634_/A (sky130_fd_sc_hd__clkbuf_4)
                  0.09    0.17    2.24 v _634_/X (sky130_fd_sc_hd__clkbuf_4)
     9    0.04                           _341_ (net)
                  0.09    0.00    2.24 v _635_/A (sky130_fd_sc_hd__buf_4)
                  0.09    0.20    2.45 v _635_/X (sky130_fd_sc_hd__buf_4)
    10    0.06                           _342_ (net)
                  0.09    0.00    2.45 v _639_/A (sky130_fd_sc_hd__inv_2)
                  0.03    0.06    2.51 ^ _639_/Y (sky130_fd_sc_hd__inv_2)
     1    0.00                           _004_ (net)
                  0.03    0.00    2.51 ^ _697_/RESET_B (sky130_fd_sc_hd__dfrtp_1)
                                  2.51   data arrival time

                          0.00    0.00   clock clk (rise edge)
                          0.00    0.00   clock source latency
                  0.08    0.06    0.06 ^ clk (in)
     1    0.02                           clk (net)
                  0.08    0.00    0.06 ^ clkbuf_0_clk/A (sky130_fd_sc_hd__clkbuf_16)
                  0.06    0.16    0.22 ^ clkbuf_0_clk/X (sky130_fd_sc_hd__clkbuf_16)
     4    0.04                           clknet_0_clk (net)
                  0.06    0.00    0.22 ^ clkbuf_2_3__f_clk/A (sky130_fd_sc_hd__clkbuf_16)
                  0.06    0.15    0.37 ^ clkbuf_2_3__f_clk/X (sky130_fd_sc_hd__clkbuf_16)
    12    0.03                           clknet_2_3__leaf_clk (net)
                  0.06    0.00    0.37 ^ _697_/CLK (sky130_fd_sc_hd__dfrtp_1)
                          0.25    0.62   clock uncertainty
                          0.00    0.62   clock reconvergence pessimism
                          0.32    0.94   library removal time
                                  0.94   data required time
-----------------------------------------------------------------------------
                                  0.94   data required time
                                 -2.51   data arrival time
-----------------------------------------------------------------------------
                                  1.57   slack (MET)


Startpoint: rst (input port clocked by clk)
Endpoint: _700_ (removal check against rising-edge clock clk)
Path Group: asynchronous
Path Type: min

Fanout     Cap    Slew   Delay    Time   Description
-----------------------------------------------------------------------------
                          0.00    0.00   clock clk (rise edge)
                          0.00    0.00   clock network delay (propagated)
                          2.00    2.00 v input external delay
                  0.01    0.01    2.01 v rst (in)
     1    0.00                           rst (net)
                  0.01    0.00    2.01 v input17/A (sky130_fd_sc_hd__clkbuf_1)
                  0.02    0.07    2.07 v input17/X (sky130_fd_sc_hd__clkbuf_1)
     1    0.00                           net17 (net)
                  0.02    0.00    2.07 v _634_/A (sky130_fd_sc_hd__clkbuf_4)
                  0.09    0.17    2.24 v _634_/X (sky130_fd_sc_hd__clkbuf_4)
     9    0.04                           _341_ (net)
                  0.09    0.00    2.24 v _635_/A (sky130_fd_sc_hd__buf_4)
                  0.09    0.20    2.45 v _635_/X (sky130_fd_sc_hd__buf_4)
    10    0.06                           _342_ (net)
                  0.09    0.00    2.45 v _642_/A (sky130_fd_sc_hd__inv_2)
                  0.04    0.06    2.51 ^ _642_/Y (sky130_fd_sc_hd__inv_2)
     1    0.00                           _007_ (net)
                  0.04    0.00    2.51 ^ _700_/RESET_B (sky130_fd_sc_hd__dfrtp_1)
                                  2.51   data arrival time

                          0.00    0.00   clock clk (rise edge)
                          0.00    0.00   clock source latency
                  0.08    0.06    0.06 ^ clk (in)
     1    0.02                           clk (net)
                  0.08    0.00    0.06 ^ clkbuf_0_clk/A (sky130_fd_sc_hd__clkbuf_16)
                  0.06    0.16    0.22 ^ clkbuf_0_clk/X (sky130_fd_sc_hd__clkbuf_16)
     4    0.04                           clknet_0_clk (net)
                  0.06    0.00    0.22 ^ clkbuf_2_3__f_clk/A (sky130_fd_sc_hd__clkbuf_16)
                  0.06    0.15    0.37 ^ clkbuf_2_3__f_clk/X (sky130_fd_sc_hd__clkbuf_16)
    12    0.03                           clknet_2_3__leaf_clk (net)
                  0.06    0.00    0.37 ^ _700_/CLK (sky130_fd_sc_hd__dfrtp_1)
                          0.25    0.62   clock uncertainty
                          0.00    0.62   clock reconvergence pessimism
                          0.32    0.94   library removal time
                                  0.94   data required time
-----------------------------------------------------------------------------
                                  0.94   data required time
                                 -2.51   data arrival time
-----------------------------------------------------------------------------
                                  1.57   slack (MET)


Startpoint: _707_ (rising edge-triggered flip-flop clocked by clk)
Endpoint: product[6] (output port clocked by clk)
Path Group: clk
Path Type: min

Fanout     Cap    Slew   Delay    Time   Description
-----------------------------------------------------------------------------
                          0.00    0.00   clock clk (rise edge)
                          0.00    0.00   clock source latency
                  0.08    0.05    0.05 ^ clk (in)
     1    0.02                           clk (net)
                  0.08    0.00    0.05 ^ clkbuf_0_clk/A (sky130_fd_sc_hd__clkbuf_16)
                  0.06    0.15    0.20 ^ clkbuf_0_clk/X (sky130_fd_sc_hd__clkbuf_16)
     4    0.04                           clknet_0_clk (net)
                  0.06    0.00    0.20 ^ clkbuf_2_2__f_clk/A (sky130_fd_sc_hd__clkbuf_16)
                  0.06    0.14    0.34 ^ clkbuf_2_2__f_clk/X (sky130_fd_sc_hd__clkbuf_16)
    13    0.04                           clknet_2_2__leaf_clk (net)
                  0.06    0.00    0.34 ^ _707_/CLK (sky130_fd_sc_hd__dfrtp_1)
                  0.06    0.32    0.66 ^ _707_/Q (sky130_fd_sc_hd__dfrtp_1)
     2    0.00                           net32 (net)
                  0.06    0.00    0.66 ^ output32/A (sky130_fd_sc_hd__clkbuf_4)
                  0.11    0.18    0.84 ^ output32/X (sky130_fd_sc_hd__clkbuf_4)
     1    0.03                           product[6] (net)
                  0.11    0.00    0.84 ^ product[6] (out)
                                  0.84   data arrival time

                          0.00    0.00   clock clk (rise edge)
                          0.00    0.00   clock network delay (propagated)
                          0.25    0.25   clock uncertainty
                          0.00    0.25   clock reconvergence pessimism
                         -2.00   -1.75   output external delay
                                 -1.75   data required time
-----------------------------------------------------------------------------
                                 -1.75   data required time
                                 -0.84   data arrival time
-----------------------------------------------------------------------------
                                  2.59   slack (MET)


Startpoint: _708_ (rising edge-triggered flip-flop clocked by clk)
Endpoint: product[7] (output port clocked by clk)
Path Group: clk
Path Type: min

Fanout     Cap    Slew   Delay    Time   Description
-----------------------------------------------------------------------------
                          0.00    0.00   clock clk (rise edge)
                          0.00    0.00   clock source latency
                  0.08    0.05    0.05 ^ clk (in)
     1    0.02                           clk (net)
                  0.08    0.00    0.05 ^ clkbuf_0_clk/A (sky130_fd_sc_hd__clkbuf_16)
                  0.06    0.15    0.20 ^ clkbuf_0_clk/X (sky130_fd_sc_hd__clkbuf_16)
     4    0.04                           clknet_0_clk (net)
                  0.06    0.00    0.20 ^ clkbuf_2_2__f_clk/A (sky130_fd_sc_hd__clkbuf_16)
                  0.06    0.14    0.34 ^ clkbuf_2_2__f_clk/X (sky130_fd_sc_hd__clkbuf_16)
    13    0.04                           clknet_2_2__leaf_clk (net)
                  0.06    0.00    0.34 ^ _708_/CLK (sky130_fd_sc_hd__dfrtp_1)
                  0.07    0.32    0.66 ^ _708_/Q (sky130_fd_sc_hd__dfrtp_1)
     2    0.01                           net33 (net)
                  0.07    0.00    0.66 ^ output33/A (sky130_fd_sc_hd__clkbuf_4)
                  0.11    0.18    0.84 ^ output33/X (sky130_fd_sc_hd__clkbuf_4)
     1    0.03                           product[7] (net)
                  0.11    0.00    0.84 ^ product[7] (out)
                                  0.84   data arrival time

                          0.00    0.00   clock clk (rise edge)
                          0.00    0.00   clock network delay (propagated)
                          0.25    0.25   clock uncertainty
                          0.00    0.25   clock reconvergence pessimism
                         -2.00   -1.75   output external delay
                                 -1.75   data required time
-----------------------------------------------------------------------------
                                 -1.75   data required time
                                 -0.84   data arrival time
-----------------------------------------------------------------------------
                                  2.59   slack (MET)


Startpoint: _709_ (rising edge-triggered flip-flop clocked by clk)
Endpoint: product[8] (output port clocked by clk)
Path Group: clk
Path Type: min

Fanout     Cap    Slew   Delay    Time   Description
-----------------------------------------------------------------------------
                          0.00    0.00   clock clk (rise edge)
                          0.00    0.00   clock source latency
                  0.08    0.05    0.05 ^ clk (in)
     1    0.02                           clk (net)
                  0.08    0.00    0.05 ^ clkbuf_0_clk/A (sky130_fd_sc_hd__clkbuf_16)
                  0.06    0.15    0.20 ^ clkbuf_0_clk/X (sky130_fd_sc_hd__clkbuf_16)
     4    0.04                           clknet_0_clk (net)
                  0.06    0.00    0.20 ^ clkbuf_2_1__f_clk/A (sky130_fd_sc_hd__clkbuf_16)
                  0.06    0.14    0.34 ^ clkbuf_2_1__f_clk/X (sky130_fd_sc_hd__clkbuf_16)
    14    0.04                           clknet_2_1__leaf_clk (net)
                  0.06    0.00    0.34 ^ _709_/CLK (sky130_fd_sc_hd__dfrtp_1)
                  0.06    0.32    0.65 ^ _709_/Q (sky130_fd_sc_hd__dfrtp_1)
     2    0.00                           net34 (net)
                  0.06    0.00    0.65 ^ output34/A (sky130_fd_sc_hd__buf_2)
                  0.17    0.19    0.85 ^ output34/X (sky130_fd_sc_hd__buf_2)
     1    0.03                           product[8] (net)
                  0.17    0.00    0.85 ^ product[8] (out)
                                  0.85   data arrival time

                          0.00    0.00   clock clk (rise edge)
                          0.00    0.00   clock network delay (propagated)
                          0.25    0.25   clock uncertainty
                          0.00    0.25   clock reconvergence pessimism
                         -2.00   -1.75   output external delay
                                 -1.75   data required time
-----------------------------------------------------------------------------
                                 -1.75   data required time
                                 -0.85   data arrival time
-----------------------------------------------------------------------------
                                  2.60   slack (MET)


Startpoint: _712_ (rising edge-triggered flip-flop clocked by clk)
Endpoint: product[11] (output port clocked by clk)
Path Group: clk
Path Type: min

Fanout     Cap    Slew   Delay    Time   Description
-----------------------------------------------------------------------------
                          0.00    0.00   clock clk (rise edge)
                          0.00    0.00   clock source latency
                  0.08    0.05    0.05 ^ clk (in)
     1    0.02                           clk (net)
                  0.08    0.00    0.05 ^ clkbuf_0_clk/A (sky130_fd_sc_hd__clkbuf_16)
                  0.06    0.15    0.20 ^ clkbuf_0_clk/X (sky130_fd_sc_hd__clkbuf_16)
     4    0.04                           clknet_0_clk (net)
                  0.06    0.00    0.20 ^ clkbuf_2_1__f_clk/A (sky130_fd_sc_hd__clkbuf_16)
                  0.06    0.14    0.34 ^ clkbuf_2_1__f_clk/X (sky130_fd_sc_hd__clkbuf_16)
    14    0.04                           clknet_2_1__leaf_clk (net)
                  0.06    0.00    0.34 ^ _712_/CLK (sky130_fd_sc_hd__dfrtp_1)
                  0.06    0.32    0.65 ^ _712_/Q (sky130_fd_sc_hd__dfrtp_1)
     2    0.00                           net22 (net)
                  0.06    0.00    0.65 ^ output22/A (sky130_fd_sc_hd__buf_2)
                  0.17    0.19    0.85 ^ output22/X (sky130_fd_sc_hd__buf_2)
     1    0.03                           product[11] (net)
                  0.17    0.00    0.85 ^ product[11] (out)
                                  0.85   data arrival time

                          0.00    0.00   clock clk (rise edge)
                          0.00    0.00   clock network delay (propagated)
                          0.25    0.25   clock uncertainty
                          0.00    0.25   clock reconvergence pessimism
                         -2.00   -1.75   output external delay
                                 -1.75   data required time
-----------------------------------------------------------------------------
                                 -1.75   data required time
                                 -0.85   data arrival time
-----------------------------------------------------------------------------
                                  2.60   slack (MET)


Startpoint: _700_ (rising edge-triggered flip-flop clocked by clk)
Endpoint: done (output port clocked by clk)
Path Group: clk
Path Type: min

Fanout     Cap    Slew   Delay    Time   Description
-----------------------------------------------------------------------------
                          0.00    0.00   clock clk (rise edge)
                          0.00    0.00   clock source latency
                  0.08    0.05    0.05 ^ clk (in)
     1    0.02                           clk (net)
                  0.08    0.00    0.05 ^ clkbuf_0_clk/A (sky130_fd_sc_hd__clkbuf_16)
                  0.06    0.15    0.20 ^ clkbuf_0_clk/X (sky130_fd_sc_hd__clkbuf_16)
     4    0.04                           clknet_0_clk (net)
                  0.06    0.00    0.20 ^ clkbuf_2_3__f_clk/A (sky130_fd_sc_hd__clkbuf_16)
                  0.06    0.14    0.33 ^ clkbuf_2_3__f_clk/X (sky130_fd_sc_hd__clkbuf_16)
    12    0.03                           clknet_2_3__leaf_clk (net)
                  0.06    0.00    0.33 ^ _700_/CLK (sky130_fd_sc_hd__dfrtp_1)
                  0.06    0.32    0.65 ^ _700_/Q (sky130_fd_sc_hd__dfrtp_1)
     2    0.01                           net19 (net)
                  0.06    0.00    0.65 ^ output19/A (sky130_fd_sc_hd__buf_2)
                  0.17    0.19    0.85 ^ output19/X (sky130_fd_sc_hd__buf_2)
     1    0.03                           done (net)
                  0.17    0.00    0.85 ^ done (out)
                                  0.85   data arrival time

                          0.00    0.00   clock clk (rise edge)
                          0.00    0.00   clock network delay (propagated)
                          0.25    0.25   clock uncertainty
                          0.00    0.25   clock reconvergence pessimism
                         -2.00   -1.75   output external delay
                                 -1.75   data required time
-----------------------------------------------------------------------------
                                 -1.75   data required time
                                 -0.85   data arrival time
-----------------------------------------------------------------------------
                                  2.60   slack (MET)


Startpoint: _701_ (rising edge-triggered flip-flop clocked by clk)
Endpoint: product[0] (output port clocked by clk)
Path Group: clk
Path Type: min

Fanout     Cap    Slew   Delay    Time   Description
-----------------------------------------------------------------------------
                          0.00    0.00   clock clk (rise edge)
                          0.00    0.00   clock source latency
                  0.08    0.05    0.05 ^ clk (in)
     1    0.02                           clk (net)
                  0.08    0.00    0.05 ^ clkbuf_0_clk/A (sky130_fd_sc_hd__clkbuf_16)
                  0.06    0.15    0.20 ^ clkbuf_0_clk/X (sky130_fd_sc_hd__clkbuf_16)
     4    0.04                           clknet_0_clk (net)
                  0.06    0.00    0.20 ^ clkbuf_2_2__f_clk/A (sky130_fd_sc_hd__clkbuf_16)
                  0.06    0.14    0.34 ^ clkbuf_2_2__f_clk/X (sky130_fd_sc_hd__clkbuf_16)
    13    0.04                           clknet_2_2__leaf_clk (net)
                  0.06    0.00    0.34 ^ _701_/CLK (sky130_fd_sc_hd__dfrtp_1)
                  0.06    0.32    0.66 ^ _701_/Q (sky130_fd_sc_hd__dfrtp_1)
     2    0.00                           net20 (net)
                  0.06    0.00    0.66 ^ output20/A (sky130_fd_sc_hd__buf_2)
                  0.17    0.19    0.85 ^ output20/X (sky130_fd_sc_hd__buf_2)
     1    0.03                           product[0] (net)
                  0.17    0.00    0.85 ^ product[0] (out)
                                  0.85   data arrival time

                          0.00    0.00   clock clk (rise edge)
                          0.00    0.00   clock network delay (propagated)
                          0.25    0.25   clock uncertainty
                          0.00    0.25   clock reconvergence pessimism
                         -2.00   -1.75   output external delay
                                 -1.75   data required time
-----------------------------------------------------------------------------
                                 -1.75   data required time
                                 -0.85   data arrival time
-----------------------------------------------------------------------------
                                  2.60   slack (MET)


Startpoint: _713_ (rising edge-triggered flip-flop clocked by clk)
Endpoint: product[12] (output port clocked by clk)
Path Group: clk
Path Type: min

Fanout     Cap    Slew   Delay    Time   Description
-----------------------------------------------------------------------------
                          0.00    0.00   clock clk (rise edge)
                          0.00    0.00   clock source latency
                  0.08    0.05    0.05 ^ clk (in)
     1    0.02                           clk (net)
                  0.08    0.00    0.05 ^ clkbuf_0_clk/A (sky130_fd_sc_hd__clkbuf_16)
                  0.06    0.15    0.20 ^ clkbuf_0_clk/X (sky130_fd_sc_hd__clkbuf_16)
     4    0.04                           clknet_0_clk (net)
                  0.06    0.00    0.20 ^ clkbuf_2_3__f_clk/A (sky130_fd_sc_hd__clkbuf_16)
                  0.06    0.14    0.33 ^ clkbuf_2_3__f_clk/X (sky130_fd_sc_hd__clkbuf_16)
    12    0.03                           clknet_2_3__leaf_clk (net)
                  0.06    0.00    0.33 ^ _713_/CLK (sky130_fd_sc_hd__dfrtp_1)
                  0.07    0.33    0.66 ^ _713_/Q (sky130_fd_sc_hd__dfrtp_1)
     2    0.01                           net23 (net)
                  0.07    0.00    0.66 ^ output23/A (sky130_fd_sc_hd__clkbuf_4)
                  0.11    0.19    0.85 ^ output23/X (sky130_fd_sc_hd__clkbuf_4)
     1    0.03                           product[12] (net)
                  0.11    0.00    0.85 ^ product[12] (out)
                                  0.85   data arrival time

                          0.00    0.00   clock clk (rise edge)
                          0.00    0.00   clock network delay (propagated)
                          0.25    0.25   clock uncertainty
                          0.00    0.25   clock reconvergence pessimism
                         -2.00   -1.75   output external delay
                                 -1.75   data required time
-----------------------------------------------------------------------------
                                 -1.75   data required time
                                 -0.85   data arrival time
-----------------------------------------------------------------------------
                                  2.60   slack (MET)


Startpoint: _705_ (rising edge-triggered flip-flop clocked by clk)
Endpoint: product[4] (output port clocked by clk)
Path Group: clk
Path Type: min

Fanout     Cap    Slew   Delay    Time   Description
-----------------------------------------------------------------------------
                          0.00    0.00   clock clk (rise edge)
                          0.00    0.00   clock source latency
                  0.08    0.05    0.05 ^ clk (in)
     1    0.02                           clk (net)
                  0.08    0.00    0.05 ^ clkbuf_0_clk/A (sky130_fd_sc_hd__clkbuf_16)
                  0.06    0.15    0.20 ^ clkbuf_0_clk/X (sky130_fd_sc_hd__clkbuf_16)
     4    0.04                           clknet_0_clk (net)
                  0.06    0.00    0.20 ^ clkbuf_2_2__f_clk/A (sky130_fd_sc_hd__clkbuf_16)
                  0.06    0.14    0.34 ^ clkbuf_2_2__f_clk/X (sky130_fd_sc_hd__clkbuf_16)
    13    0.04                           clknet_2_2__leaf_clk (net)
                  0.06    0.00    0.34 ^ _705_/CLK (sky130_fd_sc_hd__dfrtp_1)
                  0.06    0.32    0.66 ^ _705_/Q (sky130_fd_sc_hd__dfrtp_1)
     2    0.01                           net30 (net)
                  0.06    0.00    0.66 ^ output30/A (sky130_fd_sc_hd__buf_2)
                  0.17    0.19    0.85 ^ output30/X (sky130_fd_sc_hd__buf_2)
     1    0.03                           product[4] (net)
                  0.17    0.00    0.85 ^ product[4] (out)
                                  0.85   data arrival time

                          0.00    0.00   clock clk (rise edge)
                          0.00    0.00   clock network delay (propagated)
                          0.25    0.25   clock uncertainty
                          0.00    0.25   clock reconvergence pessimism
                         -2.00   -1.75   output external delay
                                 -1.75   data required time
-----------------------------------------------------------------------------
                                 -1.75   data required time
                                 -0.85   data arrival time
-----------------------------------------------------------------------------
                                  2.60   slack (MET)


Startpoint: _704_ (rising edge-triggered flip-flop clocked by clk)
Endpoint: product[3] (output port clocked by clk)
Path Group: clk
Path Type: min

Fanout     Cap    Slew   Delay    Time   Description
-----------------------------------------------------------------------------
                          0.00    0.00   clock clk (rise edge)
                          0.00    0.00   clock source latency
                  0.08    0.05    0.05 ^ clk (in)
     1    0.02                           clk (net)
                  0.08    0.00    0.05 ^ clkbuf_0_clk/A (sky130_fd_sc_hd__clkbuf_16)
                  0.06    0.15    0.20 ^ clkbuf_0_clk/X (sky130_fd_sc_hd__clkbuf_16)
     4    0.04                           clknet_0_clk (net)
                  0.06    0.00    0.20 ^ clkbuf_2_0__f_clk/A (sky130_fd_sc_hd__clkbuf_16)
                  0.06    0.14    0.34 ^ clkbuf_2_0__f_clk/X (sky130_fd_sc_hd__clkbuf_16)
    15    0.04                           clknet_2_0__leaf_clk (net)
                  0.06    0.00    0.34 ^ _704_/CLK (sky130_fd_sc_hd__dfrtp_1)
                  0.06    0.32    0.66 ^ _704_/Q (sky130_fd_sc_hd__dfrtp_1)
     2    0.00                           net29 (net)
                  0.06    0.00    0.66 ^ output29/A (sky130_fd_sc_hd__buf_2)
                  0.17    0.19    0.85 ^ output29/X (sky130_fd_sc_hd__buf_2)
     1    0.03                           product[3] (net)
                  0.17    0.00    0.85 ^ product[3] (out)
                                  0.85   data arrival time

                          0.00    0.00   clock clk (rise edge)
                          0.00    0.00   clock network delay (propagated)
                          0.25    0.25   clock uncertainty
                          0.00    0.25   clock reconvergence pessimism
                         -2.00   -1.75   output external delay
                                 -1.75   data required time
-----------------------------------------------------------------------------
                                 -1.75   data required time
                                 -0.85   data arrival time
-----------------------------------------------------------------------------
                                  2.60   slack (MET)


Startpoint: _703_ (rising edge-triggered flip-flop clocked by clk)
Endpoint: product[2] (output port clocked by clk)
Path Group: clk
Path Type: min

Fanout     Cap    Slew   Delay    Time   Description
-----------------------------------------------------------------------------
                          0.00    0.00   clock clk (rise edge)
                          0.00    0.00   clock source latency
                  0.08    0.05    0.05 ^ clk (in)
     1    0.02                           clk (net)
                  0.08    0.00    0.05 ^ clkbuf_0_clk/A (sky130_fd_sc_hd__clkbuf_16)
                  0.06    0.15    0.20 ^ clkbuf_0_clk/X (sky130_fd_sc_hd__clkbuf_16)
     4    0.04                           clknet_0_clk (net)
                  0.06    0.00    0.20 ^ clkbuf_2_1__f_clk/A (sky130_fd_sc_hd__clkbuf_16)
                  0.06    0.14    0.34 ^ clkbuf_2_1__f_clk/X (sky130_fd_sc_hd__clkbuf_16)
    14    0.04                           clknet_2_1__leaf_clk (net)
                  0.06    0.00    0.34 ^ _703_/CLK (sky130_fd_sc_hd__dfrtp_1)
                  0.07    0.32    0.66 ^ _703_/Q (sky130_fd_sc_hd__dfrtp_1)
     2    0.01                           net28 (net)
                  0.07    0.00    0.66 ^ output28/A (sky130_fd_sc_hd__buf_2)
                  0.17    0.19    0.85 ^ output28/X (sky130_fd_sc_hd__buf_2)
     1    0.03                           product[2] (net)
                  0.17    0.00    0.85 ^ product[2] (out)
                                  0.85   data arrival time

                          0.00    0.00   clock clk (rise edge)
                          0.00    0.00   clock network delay (propagated)
                          0.25    0.25   clock uncertainty
                          0.00    0.25   clock reconvergence pessimism
                         -2.00   -1.75   output external delay
                                 -1.75   data required time
-----------------------------------------------------------------------------
                                 -1.75   data required time
                                 -0.85   data arrival time
-----------------------------------------------------------------------------
                                  2.60   slack (MET)


Startpoint: _710_ (rising edge-triggered flip-flop clocked by clk)
Endpoint: product[9] (output port clocked by clk)
Path Group: clk
Path Type: min

Fanout     Cap    Slew   Delay    Time   Description
-----------------------------------------------------------------------------
                          0.00    0.00   clock clk (rise edge)
                          0.00    0.00   clock source latency
                  0.08    0.05    0.05 ^ clk (in)
     1    0.02                           clk (net)
                  0.08    0.00    0.05 ^ clkbuf_0_clk/A (sky130_fd_sc_hd__clkbuf_16)
                  0.06    0.15    0.20 ^ clkbuf_0_clk/X (sky130_fd_sc_hd__clkbuf_16)
     4    0.04                           clknet_0_clk (net)
                  0.06    0.00    0.20 ^ clkbuf_2_0__f_clk/A (sky130_fd_sc_hd__clkbuf_16)
                  0.06    0.14    0.34 ^ clkbuf_2_0__f_clk/X (sky130_fd_sc_hd__clkbuf_16)
    15    0.04                           clknet_2_0__leaf_clk (net)
                  0.06    0.00    0.34 ^ _710_/CLK (sky130_fd_sc_hd__dfrtp_1)
                  0.06    0.32    0.66 ^ _710_/Q (sky130_fd_sc_hd__dfrtp_1)
     2    0.00                           net35 (net)
                  0.06    0.00    0.66 ^ output35/A (sky130_fd_sc_hd__buf_2)
                  0.17    0.19    0.85 ^ output35/X (sky130_fd_sc_hd__buf_2)
     1    0.03                           product[9] (net)
                  0.17    0.00    0.85 ^ product[9] (out)
                                  0.85   data arrival time

                          0.00    0.00   clock clk (rise edge)
                          0.00    0.00   clock network delay (propagated)
                          0.25    0.25   clock uncertainty
                          0.00    0.25   clock reconvergence pessimism
                         -2.00   -1.75   output external delay
                                 -1.75   data required time
-----------------------------------------------------------------------------
                                 -1.75   data required time
                                 -0.85   data arrival time
-----------------------------------------------------------------------------
                                  2.60   slack (MET)


Startpoint: _702_ (rising edge-triggered flip-flop clocked by clk)
Endpoint: product[1] (output port clocked by clk)
Path Group: clk
Path Type: min

Fanout     Cap    Slew   Delay    Time   Description
-----------------------------------------------------------------------------
                          0.00    0.00   clock clk (rise edge)
                          0.00    0.00   clock source latency
                  0.08    0.05    0.05 ^ clk (in)
     1    0.02                           clk (net)
                  0.08    0.00    0.05 ^ clkbuf_0_clk/A (sky130_fd_sc_hd__clkbuf_16)
                  0.06    0.15    0.20 ^ clkbuf_0_clk/X (sky130_fd_sc_hd__clkbuf_16)
     4    0.04                           clknet_0_clk (net)
                  0.06    0.00    0.20 ^ clkbuf_2_0__f_clk/A (sky130_fd_sc_hd__clkbuf_16)
                  0.06    0.14    0.34 ^ clkbuf_2_0__f_clk/X (sky130_fd_sc_hd__clkbuf_16)
    15    0.04                           clknet_2_0__leaf_clk (net)
                  0.06    0.00    0.34 ^ _702_/CLK (sky130_fd_sc_hd__dfrtp_1)
                  0.06    0.32    0.66 ^ _702_/Q (sky130_fd_sc_hd__dfrtp_1)
     2    0.01                           net27 (net)
                  0.06    0.00    0.66 ^ output27/A (sky130_fd_sc_hd__buf_2)
                  0.17    0.19    0.85 ^ output27/X (sky130_fd_sc_hd__buf_2)
     1    0.03                           product[1] (net)
                  0.17    0.00    0.85 ^ product[1] (out)
                                  0.85   data arrival time

                          0.00    0.00   clock clk (rise edge)
                          0.00    0.00   clock network delay (propagated)
                          0.25    0.25   clock uncertainty
                          0.00    0.25   clock reconvergence pessimism
                         -2.00   -1.75   output external delay
                                 -1.75   data required time
-----------------------------------------------------------------------------
                                 -1.75   data required time
                                 -0.85   data arrival time
-----------------------------------------------------------------------------
                                  2.60   slack (MET)


Startpoint: _714_ (rising edge-triggered flip-flop clocked by clk)
Endpoint: product[13] (output port clocked by clk)
Path Group: clk
Path Type: min

Fanout     Cap    Slew   Delay    Time   Description
-----------------------------------------------------------------------------
                          0.00    0.00   clock clk (rise edge)
                          0.00    0.00   clock source latency
                  0.08    0.05    0.05 ^ clk (in)
     1    0.02                           clk (net)
                  0.08    0.00    0.05 ^ clkbuf_0_clk/A (sky130_fd_sc_hd__clkbuf_16)
                  0.06    0.15    0.20 ^ clkbuf_0_clk/X (sky130_fd_sc_hd__clkbuf_16)
     4    0.04                           clknet_0_clk (net)
                  0.06    0.00    0.20 ^ clkbuf_2_1__f_clk/A (sky130_fd_sc_hd__clkbuf_16)
                  0.06    0.14    0.34 ^ clkbuf_2_1__f_clk/X (sky130_fd_sc_hd__clkbuf_16)
    14    0.04                           clknet_2_1__leaf_clk (net)
                  0.06    0.00    0.34 ^ _714_/CLK (sky130_fd_sc_hd__dfrtp_1)
                  0.07    0.32    0.66 ^ _714_/Q (sky130_fd_sc_hd__dfrtp_1)
     2    0.01                           net24 (net)
                  0.07    0.00    0.66 ^ output24/A (sky130_fd_sc_hd__buf_2)
                  0.17    0.20    0.86 ^ output24/X (sky130_fd_sc_hd__buf_2)
     1    0.03                           product[13] (net)
                  0.17    0.00    0.86 ^ product[13] (out)
                                  0.86   data arrival time

                          0.00    0.00   clock clk (rise edge)
                          0.00    0.00   clock network delay (propagated)
                          0.25    0.25   clock uncertainty
                          0.00    0.25   clock reconvergence pessimism
                         -2.00   -1.75   output external delay
                                 -1.75   data required time
-----------------------------------------------------------------------------
                                 -1.75   data required time
                                 -0.86   data arrival time
-----------------------------------------------------------------------------
                                  2.61   slack (MET)


Startpoint: _711_ (rising edge-triggered flip-flop clocked by clk)
Endpoint: product[10] (output port clocked by clk)
Path Group: clk
Path Type: min

Fanout     Cap    Slew   Delay    Time   Description
-----------------------------------------------------------------------------
                          0.00    0.00   clock clk (rise edge)
                          0.00    0.00   clock source latency
                  0.08    0.05    0.05 ^ clk (in)
     1    0.02                           clk (net)
                  0.08    0.00    0.05 ^ clkbuf_0_clk/A (sky130_fd_sc_hd__clkbuf_16)
                  0.06    0.15    0.20 ^ clkbuf_0_clk/X (sky130_fd_sc_hd__clkbuf_16)
     4    0.04                           clknet_0_clk (net)
                  0.06    0.00    0.20 ^ clkbuf_2_2__f_clk/A (sky130_fd_sc_hd__clkbuf_16)
                  0.06    0.14    0.34 ^ clkbuf_2_2__f_clk/X (sky130_fd_sc_hd__clkbuf_16)
    13    0.04                           clknet_2_2__leaf_clk (net)
                  0.06    0.00    0.34 ^ _711_/CLK (sky130_fd_sc_hd__dfrtp_1)
                  0.08    0.34    0.67 ^ _711_/Q (sky130_fd_sc_hd__dfrtp_1)
     2    0.01                           net21 (net)
                  0.08    0.00    0.67 ^ output21/A (sky130_fd_sc_hd__clkbuf_4)
                  0.11    0.19    0.86 ^ output21/X (sky130_fd_sc_hd__clkbuf_4)
     1    0.03                           product[10] (net)
                  0.11    0.00    0.86 ^ product[10] (out)
                                  0.86   data arrival time

                          0.00    0.00   clock clk (rise edge)
                          0.00    0.00   clock network delay (propagated)
                          0.25    0.25   clock uncertainty
                          0.00    0.25   clock reconvergence pessimism
                         -2.00   -1.75   output external delay
                                 -1.75   data required time
-----------------------------------------------------------------------------
                                 -1.75   data required time
                                 -0.86   data arrival time
-----------------------------------------------------------------------------
                                  2.61   slack (MET)


Startpoint: _716_ (rising edge-triggered flip-flop clocked by clk)
Endpoint: product[15] (output port clocked by clk)
Path Group: clk
Path Type: min

Fanout     Cap    Slew   Delay    Time   Description
-----------------------------------------------------------------------------
                          0.00    0.00   clock clk (rise edge)
                          0.00    0.00   clock source latency
                  0.08    0.05    0.05 ^ clk (in)
     1    0.02                           clk (net)
                  0.08    0.00    0.05 ^ clkbuf_0_clk/A (sky130_fd_sc_hd__clkbuf_16)
                  0.06    0.15    0.20 ^ clkbuf_0_clk/X (sky130_fd_sc_hd__clkbuf_16)
     4    0.04                           clknet_0_clk (net)
                  0.06    0.00    0.20 ^ clkbuf_2_0__f_clk/A (sky130_fd_sc_hd__clkbuf_16)
                  0.06    0.14    0.34 ^ clkbuf_2_0__f_clk/X (sky130_fd_sc_hd__clkbuf_16)
    15    0.04                           clknet_2_0__leaf_clk (net)
                  0.06    0.00    0.34 ^ _716_/CLK (sky130_fd_sc_hd__dfrtp_1)
                  0.09    0.34    0.68 ^ _716_/Q (sky130_fd_sc_hd__dfrtp_1)
     2    0.01                           net26 (net)
                  0.09    0.00    0.68 ^ output26/A (sky130_fd_sc_hd__buf_2)
                  0.17    0.20    0.88 ^ output26/X (sky130_fd_sc_hd__buf_2)
     1    0.03                           product[15] (net)
                  0.17    0.00    0.88 ^ product[15] (out)
                                  0.88   data arrival time

                          0.00    0.00   clock clk (rise edge)
                          0.00    0.00   clock network delay (propagated)
                          0.25    0.25   clock uncertainty
                          0.00    0.25   clock reconvergence pessimism
                         -2.00   -1.75   output external delay
                                 -1.75   data required time
-----------------------------------------------------------------------------
                                 -1.75   data required time
                                 -0.88   data arrival time
-----------------------------------------------------------------------------
                                  2.63   slack (MET)


Startpoint: _706_ (rising edge-triggered flip-flop clocked by clk)
Endpoint: product[5] (output port clocked by clk)
Path Group: clk
Path Type: min

Fanout     Cap    Slew   Delay    Time   Description
-----------------------------------------------------------------------------
                          0.00    0.00   clock clk (rise edge)
                          0.00    0.00   clock source latency
                  0.08    0.05    0.05 ^ clk (in)
     1    0.02                           clk (net)
                  0.08    0.00    0.05 ^ clkbuf_0_clk/A (sky130_fd_sc_hd__clkbuf_16)
                  0.06    0.15    0.20 ^ clkbuf_0_clk/X (sky130_fd_sc_hd__clkbuf_16)
     4    0.04                           clknet_0_clk (net)
                  0.06    0.00    0.20 ^ clkbuf_2_1__f_clk/A (sky130_fd_sc_hd__clkbuf_16)
                  0.06    0.14    0.34 ^ clkbuf_2_1__f_clk/X (sky130_fd_sc_hd__clkbuf_16)
    14    0.04                           clknet_2_1__leaf_clk (net)
                  0.06    0.00    0.34 ^ _706_/CLK (sky130_fd_sc_hd__dfrtp_1)
                  0.08    0.38    0.72 v _706_/Q (sky130_fd_sc_hd__dfrtp_1)
     2    0.01                           net31 (net)
                  0.08    0.00    0.72 v output31/A (sky130_fd_sc_hd__buf_2)
                  0.09    0.18    0.90 v output31/X (sky130_fd_sc_hd__buf_2)
     1    0.03                           product[5] (net)
                  0.09    0.00    0.90 v product[5] (out)
                                  0.90   data arrival time

                          0.00    0.00   clock clk (rise edge)
                          0.00    0.00   clock network delay (propagated)
                          0.25    0.25   clock uncertainty
                          0.00    0.25   clock reconvergence pessimism
                         -2.00   -1.75   output external delay
                                 -1.75   data required time
-----------------------------------------------------------------------------
                                 -1.75   data required time
                                 -0.90   data arrival time
-----------------------------------------------------------------------------
                                  2.65   slack (MET)


Startpoint: _715_ (rising edge-triggered flip-flop clocked by clk)
Endpoint: product[14] (output port clocked by clk)
Path Group: clk
Path Type: min

Fanout     Cap    Slew   Delay    Time   Description
-----------------------------------------------------------------------------
                          0.00    0.00   clock clk (rise edge)
                          0.00    0.00   clock source latency
                  0.08    0.05    0.05 ^ clk (in)
     1    0.02                           clk (net)
                  0.08    0.00    0.05 ^ clkbuf_0_clk/A (sky130_fd_sc_hd__clkbuf_16)
                  0.06    0.15    0.20 ^ clkbuf_0_clk/X (sky130_fd_sc_hd__clkbuf_16)
     4    0.04                           clknet_0_clk (net)
                  0.06    0.00    0.20 ^ clkbuf_2_3__f_clk/A (sky130_fd_sc_hd__clkbuf_16)
                  0.06    0.14    0.33 ^ clkbuf_2_3__f_clk/X (sky130_fd_sc_hd__clkbuf_16)
    12    0.03                           clknet_2_3__leaf_clk (net)
                  0.06    0.00    0.33 ^ _715_/CLK (sky130_fd_sc_hd__dfrtp_1)
                  0.09    0.39    0.73 v _715_/Q (sky130_fd_sc_hd__dfrtp_1)
     2    0.01                           net25 (net)
                  0.09    0.00    0.73 v output25/A (sky130_fd_sc_hd__buf_2)
                  0.09    0.19    0.92 v output25/X (sky130_fd_sc_hd__buf_2)
     1    0.03                           product[14] (net)
                  0.09    0.00    0.92 v product[14] (out)
                                  0.92   data arrival time

                          0.00    0.00   clock clk (rise edge)
                          0.00    0.00   clock network delay (propagated)
                          0.25    0.25   clock uncertainty
                          0.00    0.25   clock reconvergence pessimism
                         -2.00   -1.75   output external delay
                                 -1.75   data required time
-----------------------------------------------------------------------------
                                 -1.75   data required time
                                 -0.92   data arrival time
-----------------------------------------------------------------------------
                                  2.67   slack (MET)



min_report_end
max_report

===========================================================================
report_checks -path_delay max (Setup)
============================================================================
======================= Typical Corner ===================================

Startpoint: _715_ (rising edge-triggered flip-flop clocked by clk)
Endpoint: product[14] (output port clocked by clk)
Path Group: clk
Path Type: max

Fanout     Cap    Slew   Delay    Time   Description
-----------------------------------------------------------------------------
                          0.00    0.00   clock clk (rise edge)
                          0.00    0.00   clock source latency
                  0.08    0.06    0.06 ^ clk (in)
     1    0.02                           clk (net)
                  0.08    0.00    0.06 ^ clkbuf_0_clk/A (sky130_fd_sc_hd__clkbuf_16)
                  0.06    0.16    0.22 ^ clkbuf_0_clk/X (sky130_fd_sc_hd__clkbuf_16)
     4    0.04                           clknet_0_clk (net)
                  0.06    0.00    0.22 ^ clkbuf_2_3__f_clk/A (sky130_fd_sc_hd__clkbuf_16)
                  0.06    0.15    0.37 ^ clkbuf_2_3__f_clk/X (sky130_fd_sc_hd__clkbuf_16)
    12    0.03                           clknet_2_3__leaf_clk (net)
                  0.06    0.00    0.37 ^ _715_/CLK (sky130_fd_sc_hd__dfrtp_1)
                  0.14    0.42    0.79 ^ _715_/Q (sky130_fd_sc_hd__dfrtp_1)
     2    0.01                           net25 (net)
                  0.14    0.00    0.79 ^ output25/A (sky130_fd_sc_hd__buf_2)
                  0.17    0.24    1.03 ^ output25/X (sky130_fd_sc_hd__buf_2)
     1    0.03                           product[14] (net)
                  0.17    0.00    1.03 ^ product[14] (out)
                                  1.03   data arrival time

                         10.00   10.00   clock clk (rise edge)
                          0.00   10.00   clock network delay (propagated)
                         -0.25    9.75   clock uncertainty
                          0.00    9.75   clock reconvergence pessimism
                         -2.00    7.75   output external delay
                                  7.75   data required time
-----------------------------------------------------------------------------
                                  7.75   data required time
                                 -1.03   data arrival time
-----------------------------------------------------------------------------
                                  6.72   slack (MET)


Startpoint: _706_ (rising edge-triggered flip-flop clocked by clk)
Endpoint: product[5] (output port clocked by clk)
Path Group: clk
Path Type: max

Fanout     Cap    Slew   Delay    Time   Description
-----------------------------------------------------------------------------
                          0.00    0.00   clock clk (rise edge)
                          0.00    0.00   clock source latency
                  0.08    0.06    0.06 ^ clk (in)
     1    0.02                           clk (net)
                  0.08    0.00    0.06 ^ clkbuf_0_clk/A (sky130_fd_sc_hd__clkbuf_16)
                  0.06    0.16    0.22 ^ clkbuf_0_clk/X (sky130_fd_sc_hd__clkbuf_16)
     4    0.04                           clknet_0_clk (net)
                  0.06    0.00    0.22 ^ clkbuf_2_1__f_clk/A (sky130_fd_sc_hd__clkbuf_16)
                  0.06    0.15    0.37 ^ clkbuf_2_1__f_clk/X (sky130_fd_sc_hd__clkbuf_16)
    14    0.04                           clknet_2_1__leaf_clk (net)
                  0.06    0.00    0.37 ^ _706_/CLK (sky130_fd_sc_hd__dfrtp_1)
                  0.11    0.40    0.77 ^ _706_/Q (sky130_fd_sc_hd__dfrtp_1)
     2    0.01                           net31 (net)
                  0.11    0.00    0.77 ^ output31/A (sky130_fd_sc_hd__buf_2)
                  0.17    0.23    1.00 ^ output31/X (sky130_fd_sc_hd__buf_2)
     1    0.03                           product[5] (net)
                  0.17    0.00    1.00 ^ product[5] (out)
                                  1.00   data arrival time

                         10.00   10.00   clock clk (rise edge)
                          0.00   10.00   clock network delay (propagated)
                         -0.25    9.75   clock uncertainty
                          0.00    9.75   clock reconvergence pessimism
                         -2.00    7.75   output external delay
                                  7.75   data required time
-----------------------------------------------------------------------------
                                  7.75   data required time
                                 -1.00   data arrival time
-----------------------------------------------------------------------------
                                  6.75   slack (MET)


Startpoint: _716_ (rising edge-triggered flip-flop clocked by clk)
Endpoint: product[15] (output port clocked by clk)
Path Group: clk
Path Type: max

Fanout     Cap    Slew   Delay    Time   Description
-----------------------------------------------------------------------------
                          0.00    0.00   clock clk (rise edge)
                          0.00    0.00   clock source latency
                  0.08    0.06    0.06 ^ clk (in)
     1    0.02                           clk (net)
                  0.08    0.00    0.06 ^ clkbuf_0_clk/A (sky130_fd_sc_hd__clkbuf_16)
                  0.06    0.16    0.22 ^ clkbuf_0_clk/X (sky130_fd_sc_hd__clkbuf_16)
     4    0.04                           clknet_0_clk (net)
                  0.06    0.00    0.22 ^ clkbuf_2_0__f_clk/A (sky130_fd_sc_hd__clkbuf_16)
                  0.06    0.16    0.38 ^ clkbuf_2_0__f_clk/X (sky130_fd_sc_hd__clkbuf_16)
    15    0.04                           clknet_2_0__leaf_clk (net)
                  0.06    0.00    0.38 ^ _716_/CLK (sky130_fd_sc_hd__dfrtp_1)
                  0.06    0.41    0.78 v _716_/Q (sky130_fd_sc_hd__dfrtp_1)
     2    0.01                           net26 (net)
                  0.06    0.00    0.78 v output26/A (sky130_fd_sc_hd__buf_2)
                  0.09    0.20    0.98 v output26/X (sky130_fd_sc_hd__buf_2)
     1    0.03                           product[15] (net)
                  0.09    0.00    0.98 v product[15] (out)
                                  0.98   data arrival time

                         10.00   10.00   clock clk (rise edge)
                          0.00   10.00   clock network delay (propagated)
                         -0.25    9.75   clock uncertainty
                          0.00    9.75   clock reconvergence pessimism
                         -2.00    7.75   output external delay
                                  7.75   data required time
-----------------------------------------------------------------------------
                                  7.75   data required time
                                 -0.98   data arrival time
-----------------------------------------------------------------------------
                                  6.77   slack (MET)


Startpoint: _711_ (rising edge-triggered flip-flop clocked by clk)
Endpoint: product[10] (output port clocked by clk)
Path Group: clk
Path Type: max

Fanout     Cap    Slew   Delay    Time   Description
-----------------------------------------------------------------------------
                          0.00    0.00   clock clk (rise edge)
                          0.00    0.00   clock source latency
                  0.08    0.06    0.06 ^ clk (in)
     1    0.02                           clk (net)
                  0.08    0.00    0.06 ^ clkbuf_0_clk/A (sky130_fd_sc_hd__clkbuf_16)
                  0.06    0.16    0.22 ^ clkbuf_0_clk/X (sky130_fd_sc_hd__clkbuf_16)
     4    0.04                           clknet_0_clk (net)
                  0.06    0.00    0.22 ^ clkbuf_2_2__f_clk/A (sky130_fd_sc_hd__clkbuf_16)
                  0.06    0.15    0.37 ^ clkbuf_2_2__f_clk/X (sky130_fd_sc_hd__clkbuf_16)
    13    0.04                           clknet_2_2__leaf_clk (net)
                  0.06    0.00    0.37 ^ _711_/CLK (sky130_fd_sc_hd__dfrtp_1)
                  0.06    0.40    0.78 v _711_/Q (sky130_fd_sc_hd__dfrtp_1)
     2    0.01                           net21 (net)
                  0.06    0.00    0.78 v output21/A (sky130_fd_sc_hd__clkbuf_4)
                  0.08    0.20    0.98 v output21/X (sky130_fd_sc_hd__clkbuf_4)
     1    0.03                           product[10] (net)
                  0.08    0.00    0.98 v product[10] (out)
                                  0.98   data arrival time

                         10.00   10.00   clock clk (rise edge)
                          0.00   10.00   clock network delay (propagated)
                         -0.25    9.75   clock uncertainty
                          0.00    9.75   clock reconvergence pessimism
                         -2.00    7.75   output external delay
                                  7.75   data required time
-----------------------------------------------------------------------------
                                  7.75   data required time
                                 -0.98   data arrival time
-----------------------------------------------------------------------------
                                  6.77   slack (MET)


Startpoint: _713_ (rising edge-triggered flip-flop clocked by clk)
Endpoint: product[12] (output port clocked by clk)
Path Group: clk
Path Type: max

Fanout     Cap    Slew   Delay    Time   Description
-----------------------------------------------------------------------------
                          0.00    0.00   clock clk (rise edge)
                          0.00    0.00   clock source latency
                  0.08    0.06    0.06 ^ clk (in)
     1    0.02                           clk (net)
                  0.08    0.00    0.06 ^ clkbuf_0_clk/A (sky130_fd_sc_hd__clkbuf_16)
                  0.06    0.16    0.22 ^ clkbuf_0_clk/X (sky130_fd_sc_hd__clkbuf_16)
     4    0.04                           clknet_0_clk (net)
                  0.06    0.00    0.22 ^ clkbuf_2_3__f_clk/A (sky130_fd_sc_hd__clkbuf_16)
                  0.06    0.15    0.37 ^ clkbuf_2_3__f_clk/X (sky130_fd_sc_hd__clkbuf_16)
    12    0.03                           clknet_2_3__leaf_clk (net)
                  0.06    0.00    0.37 ^ _713_/CLK (sky130_fd_sc_hd__dfrtp_1)
                  0.05    0.39    0.76 v _713_/Q (sky130_fd_sc_hd__dfrtp_1)
     2    0.01                           net23 (net)
                  0.05    0.00    0.76 v output23/A (sky130_fd_sc_hd__clkbuf_4)
                  0.08    0.20    0.96 v output23/X (sky130_fd_sc_hd__clkbuf_4)
     1    0.03                           product[12] (net)
                  0.08    0.00    0.96 v product[12] (out)
                                  0.96   data arrival time

                         10.00   10.00   clock clk (rise edge)
                          0.00   10.00   clock network delay (propagated)
                         -0.25    9.75   clock uncertainty
                          0.00    9.75   clock reconvergence pessimism
                         -2.00    7.75   output external delay
                                  7.75   data required time
-----------------------------------------------------------------------------
                                  7.75   data required time
                                 -0.96   data arrival time
-----------------------------------------------------------------------------
                                  6.79   slack (MET)


Startpoint: _714_ (rising edge-triggered flip-flop clocked by clk)
Endpoint: product[13] (output port clocked by clk)
Path Group: clk
Path Type: max

Fanout     Cap    Slew   Delay    Time   Description
-----------------------------------------------------------------------------
                          0.00    0.00   clock clk (rise edge)
                          0.00    0.00   clock source latency
                  0.08    0.06    0.06 ^ clk (in)
     1    0.02                           clk (net)
                  0.08    0.00    0.06 ^ clkbuf_0_clk/A (sky130_fd_sc_hd__clkbuf_16)
                  0.06    0.16    0.22 ^ clkbuf_0_clk/X (sky130_fd_sc_hd__clkbuf_16)
     4    0.04                           clknet_0_clk (net)
                  0.06    0.00    0.22 ^ clkbuf_2_1__f_clk/A (sky130_fd_sc_hd__clkbuf_16)
                  0.06    0.15    0.37 ^ clkbuf_2_1__f_clk/X (sky130_fd_sc_hd__clkbuf_16)
    14    0.04                           clknet_2_1__leaf_clk (net)
                  0.06    0.00    0.37 ^ _714_/CLK (sky130_fd_sc_hd__dfrtp_1)
                  0.05    0.39    0.77 v _714_/Q (sky130_fd_sc_hd__dfrtp_1)
     2    0.01                           net24 (net)
                  0.05    0.00    0.77 v output24/A (sky130_fd_sc_hd__buf_2)
                  0.09    0.19    0.96 v output24/X (sky130_fd_sc_hd__buf_2)
     1    0.03                           product[13] (net)
                  0.09    0.00    0.96 v product[13] (out)
                                  0.96   data arrival time

                         10.00   10.00   clock clk (rise edge)
                          0.00   10.00   clock network delay (propagated)
                         -0.25    9.75   clock uncertainty
                          0.00    9.75   clock reconvergence pessimism
                         -2.00    7.75   output external delay
                                  7.75   data required time
-----------------------------------------------------------------------------
                                  7.75   data required time
                                 -0.96   data arrival time
-----------------------------------------------------------------------------
                                  6.79   slack (MET)


Startpoint: _708_ (rising edge-triggered flip-flop clocked by clk)
Endpoint: product[7] (output port clocked by clk)
Path Group: clk
Path Type: max

Fanout     Cap    Slew   Delay    Time   Description
-----------------------------------------------------------------------------
                          0.00    0.00   clock clk (rise edge)
                          0.00    0.00   clock source latency
                  0.08    0.06    0.06 ^ clk (in)
     1    0.02                           clk (net)
                  0.08    0.00    0.06 ^ clkbuf_0_clk/A (sky130_fd_sc_hd__clkbuf_16)
                  0.06    0.16    0.22 ^ clkbuf_0_clk/X (sky130_fd_sc_hd__clkbuf_16)
     4    0.04                           clknet_0_clk (net)
                  0.06    0.00    0.22 ^ clkbuf_2_2__f_clk/A (sky130_fd_sc_hd__clkbuf_16)
                  0.06    0.15    0.37 ^ clkbuf_2_2__f_clk/X (sky130_fd_sc_hd__clkbuf_16)
    13    0.04                           clknet_2_2__leaf_clk (net)
                  0.06    0.00    0.37 ^ _708_/CLK (sky130_fd_sc_hd__dfrtp_1)
                  0.05    0.39    0.76 v _708_/Q (sky130_fd_sc_hd__dfrtp_1)
     2    0.00                           net33 (net)
                  0.05    0.00    0.76 v output33/A (sky130_fd_sc_hd__clkbuf_4)
                  0.08    0.19    0.96 v output33/X (sky130_fd_sc_hd__clkbuf_4)
     1    0.03                           product[7] (net)
                  0.08    0.00    0.96 v product[7] (out)
                                  0.96   data arrival time

                         10.00   10.00   clock clk (rise edge)
                          0.00   10.00   clock network delay (propagated)
                         -0.25    9.75   clock uncertainty
                          0.00    9.75   clock reconvergence pessimism
                         -2.00    7.75   output external delay
                                  7.75   data required time
-----------------------------------------------------------------------------
                                  7.75   data required time
                                 -0.96   data arrival time
-----------------------------------------------------------------------------
                                  6.79   slack (MET)


Startpoint: _702_ (rising edge-triggered flip-flop clocked by clk)
Endpoint: product[1] (output port clocked by clk)
Path Group: clk
Path Type: max

Fanout     Cap    Slew   Delay    Time   Description
-----------------------------------------------------------------------------
                          0.00    0.00   clock clk (rise edge)
                          0.00    0.00   clock source latency
                  0.08    0.06    0.06 ^ clk (in)
     1    0.02                           clk (net)
                  0.08    0.00    0.06 ^ clkbuf_0_clk/A (sky130_fd_sc_hd__clkbuf_16)
                  0.06    0.16    0.22 ^ clkbuf_0_clk/X (sky130_fd_sc_hd__clkbuf_16)
     4    0.04                           clknet_0_clk (net)
                  0.06    0.00    0.22 ^ clkbuf_2_0__f_clk/A (sky130_fd_sc_hd__clkbuf_16)
                  0.06    0.16    0.38 ^ clkbuf_2_0__f_clk/X (sky130_fd_sc_hd__clkbuf_16)
    15    0.04                           clknet_2_0__leaf_clk (net)
                  0.06    0.00    0.38 ^ _702_/CLK (sky130_fd_sc_hd__dfrtp_1)
                  0.05    0.39    0.76 v _702_/Q (sky130_fd_sc_hd__dfrtp_1)
     2    0.00                           net27 (net)
                  0.05    0.00    0.76 v output27/A (sky130_fd_sc_hd__buf_2)
                  0.09    0.19    0.96 v output27/X (sky130_fd_sc_hd__buf_2)
     1    0.03                           product[1] (net)
                  0.09    0.00    0.96 v product[1] (out)
                                  0.96   data arrival time

                         10.00   10.00   clock clk (rise edge)
                          0.00   10.00   clock network delay (propagated)
                         -0.25    9.75   clock uncertainty
                          0.00    9.75   clock reconvergence pessimism
                         -2.00    7.75   output external delay
                                  7.75   data required time
-----------------------------------------------------------------------------
                                  7.75   data required time
                                 -0.96   data arrival time
-----------------------------------------------------------------------------
                                  6.79   slack (MET)


Startpoint: _710_ (rising edge-triggered flip-flop clocked by clk)
Endpoint: product[9] (output port clocked by clk)
Path Group: clk
Path Type: max

Fanout     Cap    Slew   Delay    Time   Description
-----------------------------------------------------------------------------
                          0.00    0.00   clock clk (rise edge)
                          0.00    0.00   clock source latency
                  0.08    0.06    0.06 ^ clk (in)
     1    0.02                           clk (net)
                  0.08    0.00    0.06 ^ clkbuf_0_clk/A (sky130_fd_sc_hd__clkbuf_16)
                  0.06    0.16    0.22 ^ clkbuf_0_clk/X (sky130_fd_sc_hd__clkbuf_16)
     4    0.04                           clknet_0_clk (net)
                  0.06    0.00    0.22 ^ clkbuf_2_0__f_clk/A (sky130_fd_sc_hd__clkbuf_16)
                  0.06    0.16    0.38 ^ clkbuf_2_0__f_clk/X (sky130_fd_sc_hd__clkbuf_16)
    15    0.04                           clknet_2_0__leaf_clk (net)
                  0.06    0.00    0.38 ^ _710_/CLK (sky130_fd_sc_hd__dfrtp_1)
                  0.05    0.39    0.76 v _710_/Q (sky130_fd_sc_hd__dfrtp_1)
     2    0.00                           net35 (net)
                  0.05    0.00    0.76 v output35/A (sky130_fd_sc_hd__buf_2)
                  0.09    0.19    0.95 v output35/X (sky130_fd_sc_hd__buf_2)
     1    0.03                           product[9] (net)
                  0.09    0.00    0.95 v product[9] (out)
                                  0.95   data arrival time

                         10.00   10.00   clock clk (rise edge)
                          0.00   10.00   clock network delay (propagated)
                         -0.25    9.75   clock uncertainty
                          0.00    9.75   clock reconvergence pessimism
                         -2.00    7.75   output external delay
                                  7.75   data required time
-----------------------------------------------------------------------------
                                  7.75   data required time
                                 -0.95   data arrival time
-----------------------------------------------------------------------------
                                  6.80   slack (MET)


Startpoint: _707_ (rising edge-triggered flip-flop clocked by clk)
Endpoint: product[6] (output port clocked by clk)
Path Group: clk
Path Type: max

Fanout     Cap    Slew   Delay    Time   Description
-----------------------------------------------------------------------------
                          0.00    0.00   clock clk (rise edge)
                          0.00    0.00   clock source latency
                  0.08    0.06    0.06 ^ clk (in)
     1    0.02                           clk (net)
                  0.08    0.00    0.06 ^ clkbuf_0_clk/A (sky130_fd_sc_hd__clkbuf_16)
                  0.06    0.16    0.22 ^ clkbuf_0_clk/X (sky130_fd_sc_hd__clkbuf_16)
     4    0.04                           clknet_0_clk (net)
                  0.06    0.00    0.22 ^ clkbuf_2_2__f_clk/A (sky130_fd_sc_hd__clkbuf_16)
                  0.06    0.15    0.37 ^ clkbuf_2_2__f_clk/X (sky130_fd_sc_hd__clkbuf_16)
    13    0.04                           clknet_2_2__leaf_clk (net)
                  0.06    0.00    0.37 ^ _707_/CLK (sky130_fd_sc_hd__dfrtp_1)
                  0.05    0.39    0.76 v _707_/Q (sky130_fd_sc_hd__dfrtp_1)
     2    0.00                           net32 (net)
                  0.05    0.00    0.76 v output32/A (sky130_fd_sc_hd__clkbuf_4)
                  0.08    0.19    0.95 v output32/X (sky130_fd_sc_hd__clkbuf_4)
     1    0.03                           product[6] (net)
                  0.08    0.00    0.95 v product[6] (out)
                                  0.95   data arrival time

                         10.00   10.00   clock clk (rise edge)
                          0.00   10.00   clock network delay (propagated)
                         -0.25    9.75   clock uncertainty
                          0.00    9.75   clock reconvergence pessimism
                         -2.00    7.75   output external delay
                                  7.75   data required time
-----------------------------------------------------------------------------
                                  7.75   data required time
                                 -0.95   data arrival time
-----------------------------------------------------------------------------
                                  6.80   slack (MET)


Startpoint: _703_ (rising edge-triggered flip-flop clocked by clk)
Endpoint: product[2] (output port clocked by clk)
Path Group: clk
Path Type: max

Fanout     Cap    Slew   Delay    Time   Description
-----------------------------------------------------------------------------
                          0.00    0.00   clock clk (rise edge)
                          0.00    0.00   clock source latency
                  0.08    0.06    0.06 ^ clk (in)
     1    0.02                           clk (net)
                  0.08    0.00    0.06 ^ clkbuf_0_clk/A (sky130_fd_sc_hd__clkbuf_16)
                  0.06    0.16    0.22 ^ clkbuf_0_clk/X (sky130_fd_sc_hd__clkbuf_16)
     4    0.04                           clknet_0_clk (net)
                  0.06    0.00    0.22 ^ clkbuf_2_1__f_clk/A (sky130_fd_sc_hd__clkbuf_16)
                  0.06    0.15    0.37 ^ clkbuf_2_1__f_clk/X (sky130_fd_sc_hd__clkbuf_16)
    14    0.04                           clknet_2_1__leaf_clk (net)
                  0.06    0.00    0.37 ^ _703_/CLK (sky130_fd_sc_hd__dfrtp_1)
                  0.05    0.39    0.76 v _703_/Q (sky130_fd_sc_hd__dfrtp_1)
     2    0.01                           net28 (net)
                  0.05    0.00    0.76 v output28/A (sky130_fd_sc_hd__buf_2)
                  0.09    0.19    0.95 v output28/X (sky130_fd_sc_hd__buf_2)
     1    0.03                           product[2] (net)
                  0.09    0.00    0.95 v product[2] (out)
                                  0.95   data arrival time

                         10.00   10.00   clock clk (rise edge)
                          0.00   10.00   clock network delay (propagated)
                         -0.25    9.75   clock uncertainty
                          0.00    9.75   clock reconvergence pessimism
                         -2.00    7.75   output external delay
                                  7.75   data required time
-----------------------------------------------------------------------------
                                  7.75   data required time
                                 -0.95   data arrival time
-----------------------------------------------------------------------------
                                  6.80   slack (MET)


Startpoint: _705_ (rising edge-triggered flip-flop clocked by clk)
Endpoint: product[4] (output port clocked by clk)
Path Group: clk
Path Type: max

Fanout     Cap    Slew   Delay    Time   Description
-----------------------------------------------------------------------------
                          0.00    0.00   clock clk (rise edge)
                          0.00    0.00   clock source latency
                  0.08    0.06    0.06 ^ clk (in)
     1    0.02                           clk (net)
                  0.08    0.00    0.06 ^ clkbuf_0_clk/A (sky130_fd_sc_hd__clkbuf_16)
                  0.06    0.16    0.22 ^ clkbuf_0_clk/X (sky130_fd_sc_hd__clkbuf_16)
     4    0.04                           clknet_0_clk (net)
                  0.06    0.00    0.22 ^ clkbuf_2_2__f_clk/A (sky130_fd_sc_hd__clkbuf_16)
                  0.06    0.15    0.37 ^ clkbuf_2_2__f_clk/X (sky130_fd_sc_hd__clkbuf_16)
    13    0.04                           clknet_2_2__leaf_clk (net)
                  0.06    0.00    0.37 ^ _705_/CLK (sky130_fd_sc_hd__dfrtp_1)
                  0.05    0.39    0.76 v _705_/Q (sky130_fd_sc_hd__dfrtp_1)
     2    0.00                           net30 (net)
                  0.05    0.00    0.76 v output30/A (sky130_fd_sc_hd__buf_2)
                  0.09    0.19    0.95 v output30/X (sky130_fd_sc_hd__buf_2)
     1    0.03                           product[4] (net)
                  0.09    0.00    0.95 v product[4] (out)
                                  0.95   data arrival time

                         10.00   10.00   clock clk (rise edge)
                          0.00   10.00   clock network delay (propagated)
                         -0.25    9.75   clock uncertainty
                          0.00    9.75   clock reconvergence pessimism
                         -2.00    7.75   output external delay
                                  7.75   data required time
-----------------------------------------------------------------------------
                                  7.75   data required time
                                 -0.95   data arrival time
-----------------------------------------------------------------------------
                                  6.80   slack (MET)


Startpoint: _704_ (rising edge-triggered flip-flop clocked by clk)
Endpoint: product[3] (output port clocked by clk)
Path Group: clk
Path Type: max

Fanout     Cap    Slew   Delay    Time   Description
-----------------------------------------------------------------------------
                          0.00    0.00   clock clk (rise edge)
                          0.00    0.00   clock source latency
                  0.08    0.06    0.06 ^ clk (in)
     1    0.02                           clk (net)
                  0.08    0.00    0.06 ^ clkbuf_0_clk/A (sky130_fd_sc_hd__clkbuf_16)
                  0.06    0.16    0.22 ^ clkbuf_0_clk/X (sky130_fd_sc_hd__clkbuf_16)
     4    0.04                           clknet_0_clk (net)
                  0.06    0.00    0.22 ^ clkbuf_2_0__f_clk/A (sky130_fd_sc_hd__clkbuf_16)
                  0.06    0.16    0.38 ^ clkbuf_2_0__f_clk/X (sky130_fd_sc_hd__clkbuf_16)
    15    0.04                           clknet_2_0__leaf_clk (net)
                  0.06    0.00    0.38 ^ _704_/CLK (sky130_fd_sc_hd__dfrtp_1)
                  0.05    0.39    0.76 v _704_/Q (sky130_fd_sc_hd__dfrtp_1)
     2    0.00                           net29 (net)
                  0.05    0.00    0.76 v output29/A (sky130_fd_sc_hd__buf_2)
                  0.09    0.19    0.95 v output29/X (sky130_fd_sc_hd__buf_2)
     1    0.03                           product[3] (net)
                  0.09    0.00    0.95 v product[3] (out)
                                  0.95   data arrival time

                         10.00   10.00   clock clk (rise edge)
                          0.00   10.00   clock network delay (propagated)
                         -0.25    9.75   clock uncertainty
                          0.00    9.75   clock reconvergence pessimism
                         -2.00    7.75   output external delay
                                  7.75   data required time
-----------------------------------------------------------------------------
                                  7.75   data required time
                                 -0.95   data arrival time
-----------------------------------------------------------------------------
                                  6.80   slack (MET)


Startpoint: _701_ (rising edge-triggered flip-flop clocked by clk)
Endpoint: product[0] (output port clocked by clk)
Path Group: clk
Path Type: max

Fanout     Cap    Slew   Delay    Time   Description
-----------------------------------------------------------------------------
                          0.00    0.00   clock clk (rise edge)
                          0.00    0.00   clock source latency
                  0.08    0.06    0.06 ^ clk (in)
     1    0.02                           clk (net)
                  0.08    0.00    0.06 ^ clkbuf_0_clk/A (sky130_fd_sc_hd__clkbuf_16)
                  0.06    0.16    0.22 ^ clkbuf_0_clk/X (sky130_fd_sc_hd__clkbuf_16)
     4    0.04                           clknet_0_clk (net)
                  0.06    0.00    0.22 ^ clkbuf_2_2__f_clk/A (sky130_fd_sc_hd__clkbuf_16)
                  0.06    0.15    0.37 ^ clkbuf_2_2__f_clk/X (sky130_fd_sc_hd__clkbuf_16)
    13    0.04                           clknet_2_2__leaf_clk (net)
                  0.06    0.00    0.37 ^ _701_/CLK (sky130_fd_sc_hd__dfrtp_1)
                  0.05    0.39    0.76 v _701_/Q (sky130_fd_sc_hd__dfrtp_1)
     2    0.00                           net20 (net)
                  0.05    0.00    0.76 v output20/A (sky130_fd_sc_hd__buf_2)
                  0.09    0.19    0.95 v output20/X (sky130_fd_sc_hd__buf_2)
     1    0.03                           product[0] (net)
                  0.09    0.00    0.95 v product[0] (out)
                                  0.95   data arrival time

                         10.00   10.00   clock clk (rise edge)
                          0.00   10.00   clock network delay (propagated)
                         -0.25    9.75   clock uncertainty
                          0.00    9.75   clock reconvergence pessimism
                         -2.00    7.75   output external delay
                                  7.75   data required time
-----------------------------------------------------------------------------
                                  7.75   data required time
                                 -0.95   data arrival time
-----------------------------------------------------------------------------
                                  6.80   slack (MET)


Startpoint: _700_ (rising edge-triggered flip-flop clocked by clk)
Endpoint: done (output port clocked by clk)
Path Group: clk
Path Type: max

Fanout     Cap    Slew   Delay    Time   Description
-----------------------------------------------------------------------------
                          0.00    0.00   clock clk (rise edge)
                          0.00    0.00   clock source latency
                  0.08    0.06    0.06 ^ clk (in)
     1    0.02                           clk (net)
                  0.08    0.00    0.06 ^ clkbuf_0_clk/A (sky130_fd_sc_hd__clkbuf_16)
                  0.06    0.16    0.22 ^ clkbuf_0_clk/X (sky130_fd_sc_hd__clkbuf_16)
     4    0.04                           clknet_0_clk (net)
                  0.06    0.00    0.22 ^ clkbuf_2_3__f_clk/A (sky130_fd_sc_hd__clkbuf_16)
                  0.06    0.15    0.37 ^ clkbuf_2_3__f_clk/X (sky130_fd_sc_hd__clkbuf_16)
    12    0.03                           clknet_2_3__leaf_clk (net)
                  0.06    0.00    0.37 ^ _700_/CLK (sky130_fd_sc_hd__dfrtp_1)
                  0.05    0.39    0.76 v _700_/Q (sky130_fd_sc_hd__dfrtp_1)
     2    0.00                           net19 (net)
                  0.05    0.00    0.76 v output19/A (sky130_fd_sc_hd__buf_2)
                  0.09    0.19    0.95 v output19/X (sky130_fd_sc_hd__buf_2)
     1    0.03                           done (net)
                  0.09    0.00    0.95 v done (out)
                                  0.95   data arrival time

                         10.00   10.00   clock clk (rise edge)
                          0.00   10.00   clock network delay (propagated)
                         -0.25    9.75   clock uncertainty
                          0.00    9.75   clock reconvergence pessimism
                         -2.00    7.75   output external delay
                                  7.75   data required time
-----------------------------------------------------------------------------
                                  7.75   data required time
                                 -0.95   data arrival time
-----------------------------------------------------------------------------
                                  6.80   slack (MET)


Startpoint: _712_ (rising edge-triggered flip-flop clocked by clk)
Endpoint: product[11] (output port clocked by clk)
Path Group: clk
Path Type: max

Fanout     Cap    Slew   Delay    Time   Description
-----------------------------------------------------------------------------
                          0.00    0.00   clock clk (rise edge)
                          0.00    0.00   clock source latency
                  0.08    0.06    0.06 ^ clk (in)
     1    0.02                           clk (net)
                  0.08    0.00    0.06 ^ clkbuf_0_clk/A (sky130_fd_sc_hd__clkbuf_16)
                  0.06    0.16    0.22 ^ clkbuf_0_clk/X (sky130_fd_sc_hd__clkbuf_16)
     4    0.04                           clknet_0_clk (net)
                  0.06    0.00    0.22 ^ clkbuf_2_1__f_clk/A (sky130_fd_sc_hd__clkbuf_16)
                  0.06    0.15    0.37 ^ clkbuf_2_1__f_clk/X (sky130_fd_sc_hd__clkbuf_16)
    14    0.04                           clknet_2_1__leaf_clk (net)
                  0.06    0.00    0.37 ^ _712_/CLK (sky130_fd_sc_hd__dfrtp_1)
                  0.05    0.39    0.76 v _712_/Q (sky130_fd_sc_hd__dfrtp_1)
     2    0.00                           net22 (net)
                  0.05    0.00    0.76 v output22/A (sky130_fd_sc_hd__buf_2)
                  0.09    0.19    0.95 v output22/X (sky130_fd_sc_hd__buf_2)
     1    0.03                           product[11] (net)
                  0.09    0.00    0.95 v product[11] (out)
                                  0.95   data arrival time

                         10.00   10.00   clock clk (rise edge)
                          0.00   10.00   clock network delay (propagated)
                         -0.25    9.75   clock uncertainty
                          0.00    9.75   clock reconvergence pessimism
                         -2.00    7.75   output external delay
                                  7.75   data required time
-----------------------------------------------------------------------------
                                  7.75   data required time
                                 -0.95   data arrival time
-----------------------------------------------------------------------------
                                  6.80   slack (MET)


Startpoint: _709_ (rising edge-triggered flip-flop clocked by clk)
Endpoint: product[8] (output port clocked by clk)
Path Group: clk
Path Type: max

Fanout     Cap    Slew   Delay    Time   Description
-----------------------------------------------------------------------------
                          0.00    0.00   clock clk (rise edge)
                          0.00    0.00   clock source latency
                  0.08    0.06    0.06 ^ clk (in)
     1    0.02                           clk (net)
                  0.08    0.00    0.06 ^ clkbuf_0_clk/A (sky130_fd_sc_hd__clkbuf_16)
                  0.06    0.16    0.22 ^ clkbuf_0_clk/X (sky130_fd_sc_hd__clkbuf_16)
     4    0.04                           clknet_0_clk (net)
                  0.06    0.00    0.22 ^ clkbuf_2_1__f_clk/A (sky130_fd_sc_hd__clkbuf_16)
                  0.06    0.15    0.37 ^ clkbuf_2_1__f_clk/X (sky130_fd_sc_hd__clkbuf_16)
    14    0.04                           clknet_2_1__leaf_clk (net)
                  0.06    0.00    0.37 ^ _709_/CLK (sky130_fd_sc_hd__dfrtp_1)
                  0.05    0.38    0.76 v _709_/Q (sky130_fd_sc_hd__dfrtp_1)
     2    0.00                           net34 (net)
                  0.05    0.00    0.76 v output34/A (sky130_fd_sc_hd__buf_2)
                  0.09    0.19    0.95 v output34/X (sky130_fd_sc_hd__buf_2)
     1    0.03                           product[8] (net)
                  0.09    0.00    0.95 v product[8] (out)
                                  0.95   data arrival time

                         10.00   10.00   clock clk (rise edge)
                          0.00   10.00   clock network delay (propagated)
                         -0.25    9.75   clock uncertainty
                          0.00    9.75   clock reconvergence pessimism
                         -2.00    7.75   output external delay
                                  7.75   data required time
-----------------------------------------------------------------------------
                                  7.75   data required time
                                 -0.95   data arrival time
-----------------------------------------------------------------------------
                                  6.80   slack (MET)


Startpoint: _725_ (rising edge-triggered flip-flop clocked by clk)
Endpoint: _714_ (rising edge-triggered flip-flop clocked by clk)
Path Group: clk
Path Type: max

Fanout     Cap    Slew   Delay    Time   Description
-----------------------------------------------------------------------------
                          0.00    0.00   clock clk (rise edge)
                          0.00    0.00   clock source latency
                  0.08    0.06    0.06 ^ clk (in)
     1    0.02                           clk (net)
                  0.08    0.00    0.06 ^ clkbuf_0_clk/A (sky130_fd_sc_hd__clkbuf_16)
                  0.06    0.16    0.22 ^ clkbuf_0_clk/X (sky130_fd_sc_hd__clkbuf_16)
     4    0.04                           clknet_0_clk (net)
                  0.06    0.00    0.22 ^ clkbuf_2_0__f_clk/A (sky130_fd_sc_hd__clkbuf_16)
                  0.06    0.16    0.38 ^ clkbuf_2_0__f_clk/X (sky130_fd_sc_hd__clkbuf_16)
    15    0.04                           clknet_2_0__leaf_clk (net)
                  0.06    0.00    0.38 ^ _725_/CLK (sky130_fd_sc_hd__dfrtp_4)
                  0.08    0.53    0.91 v _725_/Q (sky130_fd_sc_hd__dfrtp_4)
     6    0.02                           u_core.M[0] (net)
                  0.08    0.00    0.91 v _354_/B (sky130_fd_sc_hd__nor2_2)
                  0.20    0.19    1.10 ^ _354_/Y (sky130_fd_sc_hd__nor2_2)
     3    0.02                           _115_ (net)
                  0.20    0.00    1.10 ^ _366_/A (sky130_fd_sc_hd__buf_2)
                  0.16    0.25    1.35 ^ _366_/X (sky130_fd_sc_hd__buf_2)
    10    0.03                           _127_ (net)
                  0.16    0.00    1.35 ^ _381_/A (sky130_fd_sc_hd__nand2_2)
                  0.08    0.11    1.46 v _381_/Y (sky130_fd_sc_hd__nand2_2)
     6    0.02                           _142_ (net)
                  0.08    0.00    1.46 v _383_/A2 (sky130_fd_sc_hd__o21ai_1)
                  0.18    0.19    1.66 ^ _383_/Y (sky130_fd_sc_hd__o21ai_1)
     2    0.01                           _144_ (net)
                  0.18    0.00    1.66 ^ _384_/B1 (sky130_fd_sc_hd__o21ai_1)
                  0.09    0.13    1.79 v _384_/Y (sky130_fd_sc_hd__o21ai_1)
     2    0.01                           _145_ (net)
                  0.09    0.00    1.79 v _436_/A (sky130_fd_sc_hd__nand2_1)
                  0.09    0.11    1.90 ^ _436_/Y (sky130_fd_sc_hd__nand2_1)
     3    0.01                           _197_ (net)
                  0.09    0.00    1.90 ^ _437_/D1 (sky130_fd_sc_hd__o2111a_1)
                  0.10    0.22    2.12 ^ _437_/X (sky130_fd_sc_hd__o2111a_1)
     2    0.01                           _198_ (net)
                  0.10    0.00    2.12 ^ _515_/C (sky130_fd_sc_hd__nand3_1)
                  0.11    0.13    2.24 v _515_/Y (sky130_fd_sc_hd__nand3_1)
     3    0.01                           _268_ (net)
                  0.11    0.00    2.24 v _524_/A1 (sky130_fd_sc_hd__a21oi_1)
                  0.09    0.13    2.38 ^ _524_/Y (sky130_fd_sc_hd__a21oi_1)
     1    0.00                           _276_ (net)
                  0.09    0.00    2.38 ^ _526_/A1_N (sky130_fd_sc_hd__a2bb2o_1)
                  0.07    0.33    2.70 v _526_/X (sky130_fd_sc_hd__a2bb2o_1)
     2    0.01                           _278_ (net)
                  0.07    0.00    2.71 v _596_/A0 (sky130_fd_sc_hd__mux2_1)
                  0.05    0.29    3.00 v _596_/X (sky130_fd_sc_hd__mux2_1)
     1    0.00                           _324_ (net)
                  0.05    0.00    3.00 v _597_/A (sky130_fd_sc_hd__clkbuf_1)
                  0.02    0.09    3.09 v _597_/X (sky130_fd_sc_hd__clkbuf_1)
     1    0.00                           _074_ (net)
                  0.02    0.00    3.09 v _714_/D (sky130_fd_sc_hd__dfrtp_1)
                                  3.09   data arrival time

                         10.00   10.00   clock clk (rise edge)
                          0.00   10.00   clock source latency
                  0.08    0.05   10.05 ^ clk (in)
     1    0.02                           clk (net)
                  0.08    0.00   10.05 ^ clkbuf_0_clk/A (sky130_fd_sc_hd__clkbuf_16)
                  0.06    0.15   10.20 ^ clkbuf_0_clk/X (sky130_fd_sc_hd__clkbuf_16)
     4    0.04                           clknet_0_clk (net)
                  0.06    0.00   10.20 ^ clkbuf_2_1__f_clk/A (sky130_fd_sc_hd__clkbuf_16)
                  0.06    0.14   10.34 ^ clkbuf_2_1__f_clk/X (sky130_fd_sc_hd__clkbuf_16)
    14    0.04                           clknet_2_1__leaf_clk (net)
                  0.06    0.00   10.34 ^ _714_/CLK (sky130_fd_sc_hd__dfrtp_1)
                         -0.25   10.09   clock uncertainty
                          0.02   10.11   clock reconvergence pessimism
                         -0.10   10.01   library setup time
                                 10.01   data required time
-----------------------------------------------------------------------------
                                 10.01   data required time
                                 -3.09   data arrival time
-----------------------------------------------------------------------------
                                  6.91   slack (MET)


Startpoint: _725_ (rising edge-triggered flip-flop clocked by clk)
Endpoint: _740_ (rising edge-triggered flip-flop clocked by clk)
Path Group: clk
Path Type: max

Fanout     Cap    Slew   Delay    Time   Description
-----------------------------------------------------------------------------
                          0.00    0.00   clock clk (rise edge)
                          0.00    0.00   clock source latency
                  0.08    0.06    0.06 ^ clk (in)
     1    0.02                           clk (net)
                  0.08    0.00    0.06 ^ clkbuf_0_clk/A (sky130_fd_sc_hd__clkbuf_16)
                  0.06    0.16    0.22 ^ clkbuf_0_clk/X (sky130_fd_sc_hd__clkbuf_16)
     4    0.04                           clknet_0_clk (net)
                  0.06    0.00    0.22 ^ clkbuf_2_0__f_clk/A (sky130_fd_sc_hd__clkbuf_16)
                  0.06    0.16    0.38 ^ clkbuf_2_0__f_clk/X (sky130_fd_sc_hd__clkbuf_16)
    15    0.04                           clknet_2_0__leaf_clk (net)
                  0.06    0.00    0.38 ^ _725_/CLK (sky130_fd_sc_hd__dfrtp_4)
                  0.08    0.53    0.91 v _725_/Q (sky130_fd_sc_hd__dfrtp_4)
     6    0.02                           u_core.M[0] (net)
                  0.08    0.00    0.91 v _354_/B (sky130_fd_sc_hd__nor2_2)
                  0.20    0.19    1.10 ^ _354_/Y (sky130_fd_sc_hd__nor2_2)
     3    0.02                           _115_ (net)
                  0.20    0.00    1.10 ^ _366_/A (sky130_fd_sc_hd__buf_2)
                  0.16    0.25    1.35 ^ _366_/X (sky130_fd_sc_hd__buf_2)
    10    0.03                           _127_ (net)
                  0.16    0.00    1.35 ^ _381_/A (sky130_fd_sc_hd__nand2_2)
                  0.08    0.11    1.46 v _381_/Y (sky130_fd_sc_hd__nand2_2)
     6    0.02                           _142_ (net)
                  0.08    0.00    1.46 v _383_/A2 (sky130_fd_sc_hd__o21ai_1)
                  0.18    0.19    1.66 ^ _383_/Y (sky130_fd_sc_hd__o21ai_1)
     2    0.01                           _144_ (net)
                  0.18    0.00    1.66 ^ _384_/B1 (sky130_fd_sc_hd__o21ai_1)
                  0.09    0.13    1.79 v _384_/Y (sky130_fd_sc_hd__o21ai_1)
     2    0.01                           _145_ (net)
                  0.09    0.00    1.79 v _393_/A2 (sky130_fd_sc_hd__o21ai_2)
                  0.19    0.21    2.00 ^ _393_/Y (sky130_fd_sc_hd__o21ai_2)
     4    0.01                           _154_ (net)
                  0.19    0.00    2.00 ^ _405_/B1 (sky130_fd_sc_hd__o22a_1)
                  0.10    0.22    2.22 ^ _405_/X (sky130_fd_sc_hd__o22a_1)
     3    0.01                           _166_ (net)
                  0.10    0.00    2.22 ^ _482_/A (sky130_fd_sc_hd__nand2_1)
                  0.11    0.13    2.35 v _482_/Y (sky130_fd_sc_hd__nand2_1)
     5    0.01                           _240_ (net)
                  0.11    0.00    2.35 v _511_/B (sky130_fd_sc_hd__or2_1)
                  0.05    0.24    2.58 v _511_/X (sky130_fd_sc_hd__or2_1)
     1    0.00                           _265_ (net)
                  0.05    0.00    2.58 v _513_/B1 (sky130_fd_sc_hd__a22oi_1)
                  0.19    0.18    2.76 ^ _513_/Y (sky130_fd_sc_hd__a22oi_1)
     2    0.01                           _267_ (net)
                  0.19    0.00    2.76 ^ _514_/A2_N (sky130_fd_sc_hd__a2bb2o_1)
                  0.05    0.31    3.07 v _514_/X (sky130_fd_sc_hd__a2bb2o_1)
     1    0.00                           _100_ (net)
                  0.05    0.00    3.07 v _740_/D (sky130_fd_sc_hd__dfrtp_2)
                                  3.07   data arrival time

                         10.00   10.00   clock clk (rise edge)
                          0.00   10.00   clock source latency
                  0.08    0.05   10.05 ^ clk (in)
     1    0.02                           clk (net)
                  0.08    0.00   10.05 ^ clkbuf_0_clk/A (sky130_fd_sc_hd__clkbuf_16)
                  0.06    0.15   10.20 ^ clkbuf_0_clk/X (sky130_fd_sc_hd__clkbuf_16)
     4    0.04                           clknet_0_clk (net)
                  0.06    0.00   10.20 ^ clkbuf_2_2__f_clk/A (sky130_fd_sc_hd__clkbuf_16)
                  0.06    0.14   10.34 ^ clkbuf_2_2__f_clk/X (sky130_fd_sc_hd__clkbuf_16)
    13    0.04                           clknet_2_2__leaf_clk (net)
                  0.06    0.00   10.34 ^ _740_/CLK (sky130_fd_sc_hd__dfrtp_2)
                         -0.25   10.09   clock uncertainty
                          0.02   10.11   clock reconvergence pessimism
                         -0.11   10.00   library setup time
                                 10.00   data required time
-----------------------------------------------------------------------------
                                 10.00   data required time
                                 -3.07   data arrival time
-----------------------------------------------------------------------------
                                  6.93   slack (MET)


Startpoint: _725_ (rising edge-triggered flip-flop clocked by clk)
Endpoint: _747_ (rising edge-triggered flip-flop clocked by clk)
Path Group: clk
Path Type: max

Fanout     Cap    Slew   Delay    Time   Description
-----------------------------------------------------------------------------
                          0.00    0.00   clock clk (rise edge)
                          0.00    0.00   clock source latency
                  0.08    0.06    0.06 ^ clk (in)
     1    0.02                           clk (net)
                  0.08    0.00    0.06 ^ clkbuf_0_clk/A (sky130_fd_sc_hd__clkbuf_16)
                  0.06    0.16    0.22 ^ clkbuf_0_clk/X (sky130_fd_sc_hd__clkbuf_16)
     4    0.04                           clknet_0_clk (net)
                  0.06    0.00    0.22 ^ clkbuf_2_0__f_clk/A (sky130_fd_sc_hd__clkbuf_16)
                  0.06    0.16    0.38 ^ clkbuf_2_0__f_clk/X (sky130_fd_sc_hd__clkbuf_16)
    15    0.04                           clknet_2_0__leaf_clk (net)
                  0.06    0.00    0.38 ^ _725_/CLK (sky130_fd_sc_hd__dfrtp_4)
                  0.08    0.53    0.91 v _725_/Q (sky130_fd_sc_hd__dfrtp_4)
     6    0.02                           u_core.M[0] (net)
                  0.08    0.00    0.91 v _354_/B (sky130_fd_sc_hd__nor2_2)
                  0.20    0.19    1.10 ^ _354_/Y (sky130_fd_sc_hd__nor2_2)
     3    0.02                           _115_ (net)
                  0.20    0.00    1.10 ^ _366_/A (sky130_fd_sc_hd__buf_2)
                  0.16    0.25    1.35 ^ _366_/X (sky130_fd_sc_hd__buf_2)
    10    0.03                           _127_ (net)
                  0.16    0.00    1.35 ^ _381_/A (sky130_fd_sc_hd__nand2_2)
                  0.08    0.11    1.46 v _381_/Y (sky130_fd_sc_hd__nand2_2)
     6    0.02                           _142_ (net)
                  0.08    0.00    1.46 v _383_/A2 (sky130_fd_sc_hd__o21ai_1)
                  0.18    0.19    1.66 ^ _383_/Y (sky130_fd_sc_hd__o21ai_1)
     2    0.01                           _144_ (net)
                  0.18    0.00    1.66 ^ _384_/B1 (sky130_fd_sc_hd__o21ai_1)
                  0.09    0.13    1.79 v _384_/Y (sky130_fd_sc_hd__o21ai_1)
     2    0.01                           _145_ (net)
                  0.09    0.00    1.79 v _436_/A (sky130_fd_sc_hd__nand2_1)
                  0.09    0.11    1.90 ^ _436_/Y (sky130_fd_sc_hd__nand2_1)
     3    0.01                           _197_ (net)
                  0.09    0.00    1.90 ^ _437_/D1 (sky130_fd_sc_hd__o2111a_1)
                  0.10    0.22    2.12 ^ _437_/X (sky130_fd_sc_hd__o2111a_1)
     2    0.01                           _198_ (net)
                  0.10    0.00    2.12 ^ _438_/D (sky130_fd_sc_hd__nand4_2)
                  0.12    0.15    2.27 v _438_/Y (sky130_fd_sc_hd__nand4_2)
     3    0.01                           _199_ (net)
                  0.12    0.00    2.27 v _444_/A2 (sky130_fd_sc_hd__a21oi_1)
                  0.16    0.22    2.49 ^ _444_/Y (sky130_fd_sc_hd__a21oi_1)
     2    0.01                           _205_ (net)
                  0.16    0.00    2.49 ^ _450_/A2 (sky130_fd_sc_hd__o21bai_1)
                  0.09    0.12    2.61 v _450_/Y (sky130_fd_sc_hd__o21bai_1)
     3    0.01                           _211_ (net)
                  0.09    0.00    2.61 v _453_/B1 (sky130_fd_sc_hd__a22oi_1)
                  0.13    0.14    2.75 ^ _453_/Y (sky130_fd_sc_hd__a22oi_1)
     1    0.00                           _214_ (net)
                  0.13    0.00    2.75 ^ _459_/A2_N (sky130_fd_sc_hd__a2bb2o_1)
                  0.05    0.30    3.05 v _459_/X (sky130_fd_sc_hd__a2bb2o_1)
     1    0.00                           _107_ (net)
                  0.05    0.00    3.05 v _747_/D (sky130_fd_sc_hd__dfrtp_1)
                                  3.05   data arrival time

                         10.00   10.00   clock clk (rise edge)
                          0.00   10.00   clock source latency
                  0.08    0.05   10.05 ^ clk (in)
     1    0.02                           clk (net)
                  0.08    0.00   10.05 ^ clkbuf_0_clk/A (sky130_fd_sc_hd__clkbuf_16)
                  0.06    0.15   10.20 ^ clkbuf_0_clk/X (sky130_fd_sc_hd__clkbuf_16)
     4    0.04                           clknet_0_clk (net)
                  0.06    0.00   10.20 ^ clkbuf_2_3__f_clk/A (sky130_fd_sc_hd__clkbuf_16)
                  0.06    0.14   10.33 ^ clkbuf_2_3__f_clk/X (sky130_fd_sc_hd__clkbuf_16)
    12    0.03                           clknet_2_3__leaf_clk (net)
                  0.06    0.00   10.33 ^ _747_/CLK (sky130_fd_sc_hd__dfrtp_1)
                         -0.25   10.08   clock uncertainty
                          0.02   10.11   clock reconvergence pessimism
                         -0.11    9.99   library setup time
                                  9.99   data required time
-----------------------------------------------------------------------------
                                  9.99   data required time
                                 -3.05   data arrival time
-----------------------------------------------------------------------------
                                  6.94   slack (MET)


Startpoint: _725_ (rising edge-triggered flip-flop clocked by clk)
Endpoint: _742_ (rising edge-triggered flip-flop clocked by clk)
Path Group: clk
Path Type: max

Fanout     Cap    Slew   Delay    Time   Description
-----------------------------------------------------------------------------
                          0.00    0.00   clock clk (rise edge)
                          0.00    0.00   clock source latency
                  0.08    0.06    0.06 ^ clk (in)
     1    0.02                           clk (net)
                  0.08    0.00    0.06 ^ clkbuf_0_clk/A (sky130_fd_sc_hd__clkbuf_16)
                  0.06    0.16    0.22 ^ clkbuf_0_clk/X (sky130_fd_sc_hd__clkbuf_16)
     4    0.04                           clknet_0_clk (net)
                  0.06    0.00    0.22 ^ clkbuf_2_0__f_clk/A (sky130_fd_sc_hd__clkbuf_16)
                  0.06    0.16    0.38 ^ clkbuf_2_0__f_clk/X (sky130_fd_sc_hd__clkbuf_16)
    15    0.04                           clknet_2_0__leaf_clk (net)
                  0.06    0.00    0.38 ^ _725_/CLK (sky130_fd_sc_hd__dfrtp_4)
                  0.08    0.53    0.91 v _725_/Q (sky130_fd_sc_hd__dfrtp_4)
     6    0.02                           u_core.M[0] (net)
                  0.08    0.00    0.91 v _354_/B (sky130_fd_sc_hd__nor2_2)
                  0.20    0.19    1.10 ^ _354_/Y (sky130_fd_sc_hd__nor2_2)
     3    0.02                           _115_ (net)
                  0.20    0.00    1.10 ^ _366_/A (sky130_fd_sc_hd__buf_2)
                  0.16    0.25    1.35 ^ _366_/X (sky130_fd_sc_hd__buf_2)
    10    0.03                           _127_ (net)
                  0.16    0.00    1.35 ^ _381_/A (sky130_fd_sc_hd__nand2_2)
                  0.08    0.11    1.46 v _381_/Y (sky130_fd_sc_hd__nand2_2)
     6    0.02                           _142_ (net)
                  0.08    0.00    1.46 v _383_/A2 (sky130_fd_sc_hd__o21ai_1)
                  0.18    0.19    1.66 ^ _383_/Y (sky130_fd_sc_hd__o21ai_1)
     2    0.01                           _144_ (net)
                  0.18    0.00    1.66 ^ _384_/B1 (sky130_fd_sc_hd__o21ai_1)
                  0.09    0.13    1.79 v _384_/Y (sky130_fd_sc_hd__o21ai_1)
     2    0.01                           _145_ (net)
                  0.09    0.00    1.79 v _393_/A2 (sky130_fd_sc_hd__o21ai_2)
                  0.19    0.21    2.00 ^ _393_/Y (sky130_fd_sc_hd__o21ai_2)
     4    0.01                           _154_ (net)
                  0.19    0.00    2.00 ^ _405_/B1 (sky130_fd_sc_hd__o22a_1)
                  0.10    0.22    2.22 ^ _405_/X (sky130_fd_sc_hd__o22a_1)
     3    0.01                           _166_ (net)
                  0.10    0.00    2.22 ^ _482_/A (sky130_fd_sc_hd__nand2_1)
                  0.11    0.13    2.35 v _482_/Y (sky130_fd_sc_hd__nand2_1)
     5    0.01                           _240_ (net)
                  0.11    0.00    2.35 v _500_/A1 (sky130_fd_sc_hd__a211o_1)
                  0.05    0.29    2.63 v _500_/X (sky130_fd_sc_hd__a211o_1)
     1    0.00                           _256_ (net)
                  0.05    0.00    2.63 v _501_/B2 (sky130_fd_sc_hd__a22o_1)
                  0.04    0.20    2.83 v _501_/X (sky130_fd_sc_hd__a22o_1)
     1    0.00                           _257_ (net)
                  0.04    0.00    2.83 v _503_/B1 (sky130_fd_sc_hd__a22o_1)
                  0.04    0.18    3.01 v _503_/X (sky130_fd_sc_hd__a22o_1)
     1    0.00                           _102_ (net)
                  0.04    0.00    3.01 v _742_/D (sky130_fd_sc_hd__dfrtp_2)
                                  3.01   data arrival time

                         10.00   10.00   clock clk (rise edge)
                          0.00   10.00   clock source latency
                  0.08    0.05   10.05 ^ clk (in)
     1    0.02                           clk (net)
                  0.08    0.00   10.05 ^ clkbuf_0_clk/A (sky130_fd_sc_hd__clkbuf_16)
                  0.06    0.15   10.20 ^ clkbuf_0_clk/X (sky130_fd_sc_hd__clkbuf_16)
     4    0.04                           clknet_0_clk (net)
                  0.06    0.00   10.20 ^ clkbuf_2_2__f_clk/A (sky130_fd_sc_hd__clkbuf_16)
                  0.06    0.14   10.34 ^ clkbuf_2_2__f_clk/X (sky130_fd_sc_hd__clkbuf_16)
    13    0.04                           clknet_2_2__leaf_clk (net)
                  0.06    0.00   10.34 ^ _742_/CLK (sky130_fd_sc_hd__dfrtp_2)
                         -0.25   10.09   clock uncertainty
                          0.02   10.11   clock reconvergence pessimism
                         -0.11   10.00   library setup time
                                 10.00   data required time
-----------------------------------------------------------------------------
                                 10.00   data required time
                                 -3.01   data arrival time
-----------------------------------------------------------------------------
                                  6.99   slack (MET)


Startpoint: _725_ (rising edge-triggered flip-flop clocked by clk)
Endpoint: _744_ (rising edge-triggered flip-flop clocked by clk)
Path Group: clk
Path Type: max

Fanout     Cap    Slew   Delay    Time   Description
-----------------------------------------------------------------------------
                          0.00    0.00   clock clk (rise edge)
                          0.00    0.00   clock source latency
                  0.08    0.06    0.06 ^ clk (in)
     1    0.02                           clk (net)
                  0.08    0.00    0.06 ^ clkbuf_0_clk/A (sky130_fd_sc_hd__clkbuf_16)
                  0.06    0.16    0.22 ^ clkbuf_0_clk/X (sky130_fd_sc_hd__clkbuf_16)
     4    0.04                           clknet_0_clk (net)
                  0.06    0.00    0.22 ^ clkbuf_2_0__f_clk/A (sky130_fd_sc_hd__clkbuf_16)
                  0.06    0.16    0.38 ^ clkbuf_2_0__f_clk/X (sky130_fd_sc_hd__clkbuf_16)
    15    0.04                           clknet_2_0__leaf_clk (net)
                  0.06    0.00    0.38 ^ _725_/CLK (sky130_fd_sc_hd__dfrtp_4)
                  0.08    0.53    0.91 v _725_/Q (sky130_fd_sc_hd__dfrtp_4)
     6    0.02                           u_core.M[0] (net)
                  0.08    0.00    0.91 v _354_/B (sky130_fd_sc_hd__nor2_2)
                  0.20    0.19    1.10 ^ _354_/Y (sky130_fd_sc_hd__nor2_2)
     3    0.02                           _115_ (net)
                  0.20    0.00    1.10 ^ _366_/A (sky130_fd_sc_hd__buf_2)
                  0.16    0.25    1.35 ^ _366_/X (sky130_fd_sc_hd__buf_2)
    10    0.03                           _127_ (net)
                  0.16    0.00    1.35 ^ _381_/A (sky130_fd_sc_hd__nand2_2)
                  0.08    0.11    1.46 v _381_/Y (sky130_fd_sc_hd__nand2_2)
     6    0.02                           _142_ (net)
                  0.08    0.00    1.46 v _383_/A2 (sky130_fd_sc_hd__o21ai_1)
                  0.18    0.19    1.66 ^ _383_/Y (sky130_fd_sc_hd__o21ai_1)
     2    0.01                           _144_ (net)
                  0.18    0.00    1.66 ^ _384_/B1 (sky130_fd_sc_hd__o21ai_1)
                  0.09    0.13    1.79 v _384_/Y (sky130_fd_sc_hd__o21ai_1)
     2    0.01                           _145_ (net)
                  0.09    0.00    1.79 v _436_/A (sky130_fd_sc_hd__nand2_1)
                  0.09    0.11    1.90 ^ _436_/Y (sky130_fd_sc_hd__nand2_1)
     3    0.01                           _197_ (net)
                  0.09    0.00    1.90 ^ _437_/D1 (sky130_fd_sc_hd__o2111a_1)
                  0.10    0.22    2.12 ^ _437_/X (sky130_fd_sc_hd__o2111a_1)
     2    0.01                           _198_ (net)
                  0.10    0.00    2.12 ^ _438_/D (sky130_fd_sc_hd__nand4_2)
                  0.12    0.15    2.27 v _438_/Y (sky130_fd_sc_hd__nand4_2)
     3    0.01                           _199_ (net)
                  0.12    0.00    2.27 v _444_/A2 (sky130_fd_sc_hd__a21oi_1)
                  0.16    0.22    2.49 ^ _444_/Y (sky130_fd_sc_hd__a21oi_1)
     2    0.01                           _205_ (net)
                  0.16    0.00    2.49 ^ _471_/A2 (sky130_fd_sc_hd__o21bai_1)
                  0.08    0.12    2.61 v _471_/Y (sky130_fd_sc_hd__o21bai_1)
     3    0.01                           _230_ (net)
                  0.08    0.00    2.61 v _486_/B1 (sky130_fd_sc_hd__a22o_1)
                  0.04    0.20    2.80 v _486_/X (sky130_fd_sc_hd__a22o_1)
     1    0.00                           _244_ (net)
                  0.04    0.00    2.80 v _488_/B1 (sky130_fd_sc_hd__a22o_1)
                  0.04    0.18    2.98 v _488_/X (sky130_fd_sc_hd__a22o_1)
     1    0.00                           _104_ (net)
                  0.04    0.00    2.98 v _744_/D (sky130_fd_sc_hd__dfrtp_2)
                                  2.98   data arrival time

                         10.00   10.00   clock clk (rise edge)
                          0.00   10.00   clock source latency
                  0.08    0.05   10.05 ^ clk (in)
     1    0.02                           clk (net)
                  0.08    0.00   10.05 ^ clkbuf_0_clk/A (sky130_fd_sc_hd__clkbuf_16)
                  0.06    0.15   10.20 ^ clkbuf_0_clk/X (sky130_fd_sc_hd__clkbuf_16)
     4    0.04                           clknet_0_clk (net)
                  0.06    0.00   10.20 ^ clkbuf_2_2__f_clk/A (sky130_fd_sc_hd__clkbuf_16)
                  0.06    0.14   10.34 ^ clkbuf_2_2__f_clk/X (sky130_fd_sc_hd__clkbuf_16)
    13    0.04                           clknet_2_2__leaf_clk (net)
                  0.06    0.00   10.34 ^ _744_/CLK (sky130_fd_sc_hd__dfrtp_2)
                         -0.25   10.09   clock uncertainty
                          0.02   10.11   clock reconvergence pessimism
                         -0.11   10.00   library setup time
                                 10.00   data required time
-----------------------------------------------------------------------------
                                 10.00   data required time
                                 -2.98   data arrival time
-----------------------------------------------------------------------------
                                  7.02   slack (MET)


Startpoint: _725_ (rising edge-triggered flip-flop clocked by clk)
Endpoint: _745_ (rising edge-triggered flip-flop clocked by clk)
Path Group: clk
Path Type: max

Fanout     Cap    Slew   Delay    Time   Description
-----------------------------------------------------------------------------
                          0.00    0.00   clock clk (rise edge)
                          0.00    0.00   clock source latency
                  0.08    0.06    0.06 ^ clk (in)
     1    0.02                           clk (net)
                  0.08    0.00    0.06 ^ clkbuf_0_clk/A (sky130_fd_sc_hd__clkbuf_16)
                  0.06    0.16    0.22 ^ clkbuf_0_clk/X (sky130_fd_sc_hd__clkbuf_16)
     4    0.04                           clknet_0_clk (net)
                  0.06    0.00    0.22 ^ clkbuf_2_0__f_clk/A (sky130_fd_sc_hd__clkbuf_16)
                  0.06    0.16    0.38 ^ clkbuf_2_0__f_clk/X (sky130_fd_sc_hd__clkbuf_16)
    15    0.04                           clknet_2_0__leaf_clk (net)
                  0.06    0.00    0.38 ^ _725_/CLK (sky130_fd_sc_hd__dfrtp_4)
                  0.08    0.53    0.91 v _725_/Q (sky130_fd_sc_hd__dfrtp_4)
     6    0.02                           u_core.M[0] (net)
                  0.08    0.00    0.91 v _354_/B (sky130_fd_sc_hd__nor2_2)
                  0.20    0.19    1.10 ^ _354_/Y (sky130_fd_sc_hd__nor2_2)
     3    0.02                           _115_ (net)
                  0.20    0.00    1.10 ^ _366_/A (sky130_fd_sc_hd__buf_2)
                  0.16    0.25    1.35 ^ _366_/X (sky130_fd_sc_hd__buf_2)
    10    0.03                           _127_ (net)
                  0.16    0.00    1.35 ^ _381_/A (sky130_fd_sc_hd__nand2_2)
                  0.08    0.11    1.46 v _381_/Y (sky130_fd_sc_hd__nand2_2)
     6    0.02                           _142_ (net)
                  0.08    0.00    1.46 v _383_/A2 (sky130_fd_sc_hd__o21ai_1)
                  0.18    0.19    1.66 ^ _383_/Y (sky130_fd_sc_hd__o21ai_1)
     2    0.01                           _144_ (net)
                  0.18    0.00    1.66 ^ _384_/B1 (sky130_fd_sc_hd__o21ai_1)
                  0.09    0.13    1.79 v _384_/Y (sky130_fd_sc_hd__o21ai_1)
     2    0.01                           _145_ (net)
                  0.09    0.00    1.79 v _436_/A (sky130_fd_sc_hd__nand2_1)
                  0.09    0.11    1.90 ^ _436_/Y (sky130_fd_sc_hd__nand2_1)
     3    0.01                           _197_ (net)
                  0.09    0.00    1.90 ^ _437_/D1 (sky130_fd_sc_hd__o2111a_1)
                  0.10    0.22    2.12 ^ _437_/X (sky130_fd_sc_hd__o2111a_1)
     2    0.01                           _198_ (net)
                  0.10    0.00    2.12 ^ _438_/D (sky130_fd_sc_hd__nand4_2)
                  0.12    0.15    2.27 v _438_/Y (sky130_fd_sc_hd__nand4_2)
     3    0.01                           _199_ (net)
                  0.12    0.00    2.27 v _444_/A2 (sky130_fd_sc_hd__a21oi_1)
                  0.16    0.22    2.49 ^ _444_/Y (sky130_fd_sc_hd__a21oi_1)
     2    0.01                           _205_ (net)
                  0.16    0.00    2.49 ^ _471_/A2 (sky130_fd_sc_hd__o21bai_1)
                  0.08    0.12    2.61 v _471_/Y (sky130_fd_sc_hd__o21bai_1)
     3    0.01                           _230_ (net)
                  0.08    0.00    2.61 v _474_/C1 (sky130_fd_sc_hd__o211ai_1)
                  0.14    0.09    2.70 ^ _474_/Y (sky130_fd_sc_hd__o211ai_1)
     1    0.00                           _233_ (net)
                  0.14    0.00    2.70 ^ _475_/B1 (sky130_fd_sc_hd__o21ai_1)
                  0.05    0.08    2.78 v _475_/Y (sky130_fd_sc_hd__o21ai_1)
     1    0.00                           _234_ (net)
                  0.05    0.00    2.78 v _477_/A2 (sky130_fd_sc_hd__o21bai_1)
                  0.11    0.13    2.91 ^ _477_/Y (sky130_fd_sc_hd__o21bai_1)
     1    0.00                           _236_ (net)
                  0.11    0.00    2.91 ^ _479_/A (sky130_fd_sc_hd__nand2_1)
                  0.04    0.06    2.97 v _479_/Y (sky130_fd_sc_hd__nand2_1)
     1    0.00                           _105_ (net)
                  0.04    0.00    2.97 v _745_/D (sky130_fd_sc_hd__dfrtp_1)
                                  2.97   data arrival time

                         10.00   10.00   clock clk (rise edge)
                          0.00   10.00   clock source latency
                  0.08    0.05   10.05 ^ clk (in)
     1    0.02                           clk (net)
                  0.08    0.00   10.05 ^ clkbuf_0_clk/A (sky130_fd_sc_hd__clkbuf_16)
                  0.06    0.15   10.20 ^ clkbuf_0_clk/X (sky130_fd_sc_hd__clkbuf_16)
     4    0.04                           clknet_0_clk (net)
                  0.06    0.00   10.20 ^ clkbuf_2_3__f_clk/A (sky130_fd_sc_hd__clkbuf_16)
                  0.06    0.14   10.33 ^ clkbuf_2_3__f_clk/X (sky130_fd_sc_hd__clkbuf_16)
    12    0.03                           clknet_2_3__leaf_clk (net)
                  0.06    0.00   10.33 ^ _745_/CLK (sky130_fd_sc_hd__dfrtp_1)
                         -0.25   10.08   clock uncertainty
                          0.02   10.11   clock reconvergence pessimism
                         -0.11   10.00   library setup time
                                 10.00   data required time
-----------------------------------------------------------------------------
                                 10.00   data required time
                                 -2.97   data arrival time
-----------------------------------------------------------------------------
                                  7.02   slack (MET)


Startpoint: _725_ (rising edge-triggered flip-flop clocked by clk)
Endpoint: _715_ (rising edge-triggered flip-flop clocked by clk)
Path Group: clk
Path Type: max

Fanout     Cap    Slew   Delay    Time   Description
-----------------------------------------------------------------------------
                          0.00    0.00   clock clk (rise edge)
                          0.00    0.00   clock source latency
                  0.08    0.06    0.06 ^ clk (in)
     1    0.02                           clk (net)
                  0.08    0.00    0.06 ^ clkbuf_0_clk/A (sky130_fd_sc_hd__clkbuf_16)
                  0.06    0.16    0.22 ^ clkbuf_0_clk/X (sky130_fd_sc_hd__clkbuf_16)
     4    0.04                           clknet_0_clk (net)
                  0.06    0.00    0.22 ^ clkbuf_2_0__f_clk/A (sky130_fd_sc_hd__clkbuf_16)
                  0.06    0.16    0.38 ^ clkbuf_2_0__f_clk/X (sky130_fd_sc_hd__clkbuf_16)
    15    0.04                           clknet_2_0__leaf_clk (net)
                  0.06    0.00    0.38 ^ _725_/CLK (sky130_fd_sc_hd__dfrtp_4)
                  0.08    0.53    0.91 v _725_/Q (sky130_fd_sc_hd__dfrtp_4)
     6    0.02                           u_core.M[0] (net)
                  0.08    0.00    0.91 v _354_/B (sky130_fd_sc_hd__nor2_2)
                  0.20    0.19    1.10 ^ _354_/Y (sky130_fd_sc_hd__nor2_2)
     3    0.02                           _115_ (net)
                  0.20    0.00    1.10 ^ _366_/A (sky130_fd_sc_hd__buf_2)
                  0.16    0.25    1.35 ^ _366_/X (sky130_fd_sc_hd__buf_2)
    10    0.03                           _127_ (net)
                  0.16    0.00    1.35 ^ _381_/A (sky130_fd_sc_hd__nand2_2)
                  0.08    0.11    1.46 v _381_/Y (sky130_fd_sc_hd__nand2_2)
     6    0.02                           _142_ (net)
                  0.08    0.00    1.46 v _383_/A2 (sky130_fd_sc_hd__o21ai_1)
                  0.18    0.19    1.66 ^ _383_/Y (sky130_fd_sc_hd__o21ai_1)
     2    0.01                           _144_ (net)
                  0.18    0.00    1.66 ^ _384_/B1 (sky130_fd_sc_hd__o21ai_1)
                  0.09    0.13    1.79 v _384_/Y (sky130_fd_sc_hd__o21ai_1)
     2    0.01                           _145_ (net)
                  0.09    0.00    1.79 v _436_/A (sky130_fd_sc_hd__nand2_1)
                  0.09    0.11    1.90 ^ _436_/Y (sky130_fd_sc_hd__nand2_1)
     3    0.01                           _197_ (net)
                  0.09    0.00    1.90 ^ _437_/D1 (sky130_fd_sc_hd__o2111a_1)
                  0.10    0.22    2.12 ^ _437_/X (sky130_fd_sc_hd__o2111a_1)
     2    0.01                           _198_ (net)
                  0.10    0.00    2.12 ^ _515_/C (sky130_fd_sc_hd__nand3_1)
                  0.11    0.13    2.24 v _515_/Y (sky130_fd_sc_hd__nand3_1)
     3    0.01                           _268_ (net)
                  0.11    0.00    2.24 v _517_/A1 (sky130_fd_sc_hd__a21o_1)
                  0.04    0.20    2.44 v _517_/X (sky130_fd_sc_hd__a21o_1)
     2    0.01                           _270_ (net)
                  0.04    0.00    2.44 v _518_/A4 (sky130_fd_sc_hd__a41oi_1)
                  0.15    0.21    2.65 ^ _518_/Y (sky130_fd_sc_hd__a41oi_1)
     1    0.00                           _271_ (net)
                  0.15    0.00    2.65 ^ _520_/A (sky130_fd_sc_hd__nand2_1)
                  0.07    0.09    2.74 v _520_/Y (sky130_fd_sc_hd__nand2_1)
     2    0.01                           _273_ (net)
                  0.07    0.00    2.74 v _595_/A1 (sky130_fd_sc_hd__a32o_1)
                  0.04    0.23    2.97 v _595_/X (sky130_fd_sc_hd__a32o_1)
     1    0.00                           _075_ (net)
                  0.04    0.00    2.97 v _715_/D (sky130_fd_sc_hd__dfrtp_1)
                                  2.97   data arrival time

                         10.00   10.00   clock clk (rise edge)
                          0.00   10.00   clock source latency
                  0.08    0.05   10.05 ^ clk (in)
     1    0.02                           clk (net)
                  0.08    0.00   10.05 ^ clkbuf_0_clk/A (sky130_fd_sc_hd__clkbuf_16)
                  0.06    0.15   10.20 ^ clkbuf_0_clk/X (sky130_fd_sc_hd__clkbuf_16)
     4    0.04                           clknet_0_clk (net)
                  0.06    0.00   10.20 ^ clkbuf_2_3__f_clk/A (sky130_fd_sc_hd__clkbuf_16)
                  0.06    0.14   10.33 ^ clkbuf_2_3__f_clk/X (sky130_fd_sc_hd__clkbuf_16)
    12    0.03                           clknet_2_3__leaf_clk (net)
                  0.06    0.00   10.33 ^ _715_/CLK (sky130_fd_sc_hd__dfrtp_1)
                         -0.25   10.08   clock uncertainty
                          0.02   10.11   clock reconvergence pessimism
                         -0.11   10.00   library setup time
                                 10.00   data required time
-----------------------------------------------------------------------------
                                 10.00   data required time
                                 -2.97   data arrival time
-----------------------------------------------------------------------------
                                  7.03   slack (MET)


Startpoint: _725_ (rising edge-triggered flip-flop clocked by clk)
Endpoint: _746_ (rising edge-triggered flip-flop clocked by clk)
Path Group: clk
Path Type: max

Fanout     Cap    Slew   Delay    Time   Description
-----------------------------------------------------------------------------
                          0.00    0.00   clock clk (rise edge)
                          0.00    0.00   clock source latency
                  0.08    0.06    0.06 ^ clk (in)
     1    0.02                           clk (net)
                  0.08    0.00    0.06 ^ clkbuf_0_clk/A (sky130_fd_sc_hd__clkbuf_16)
                  0.06    0.16    0.22 ^ clkbuf_0_clk/X (sky130_fd_sc_hd__clkbuf_16)
     4    0.04                           clknet_0_clk (net)
                  0.06    0.00    0.22 ^ clkbuf_2_0__f_clk/A (sky130_fd_sc_hd__clkbuf_16)
                  0.06    0.16    0.38 ^ clkbuf_2_0__f_clk/X (sky130_fd_sc_hd__clkbuf_16)
    15    0.04                           clknet_2_0__leaf_clk (net)
                  0.06    0.00    0.38 ^ _725_/CLK (sky130_fd_sc_hd__dfrtp_4)
                  0.08    0.53    0.91 v _725_/Q (sky130_fd_sc_hd__dfrtp_4)
     6    0.02                           u_core.M[0] (net)
                  0.08    0.00    0.91 v _354_/B (sky130_fd_sc_hd__nor2_2)
                  0.20    0.19    1.10 ^ _354_/Y (sky130_fd_sc_hd__nor2_2)
     3    0.02                           _115_ (net)
                  0.20    0.00    1.10 ^ _366_/A (sky130_fd_sc_hd__buf_2)
                  0.16    0.25    1.35 ^ _366_/X (sky130_fd_sc_hd__buf_2)
    10    0.03                           _127_ (net)
                  0.16    0.00    1.35 ^ _381_/A (sky130_fd_sc_hd__nand2_2)
                  0.08    0.11    1.46 v _381_/Y (sky130_fd_sc_hd__nand2_2)
     6    0.02                           _142_ (net)
                  0.08    0.00    1.46 v _383_/A2 (sky130_fd_sc_hd__o21ai_1)
                  0.18    0.19    1.66 ^ _383_/Y (sky130_fd_sc_hd__o21ai_1)
     2    0.01                           _144_ (net)
                  0.18    0.00    1.66 ^ _384_/B1 (sky130_fd_sc_hd__o21ai_1)
                  0.09    0.13    1.79 v _384_/Y (sky130_fd_sc_hd__o21ai_1)
     2    0.01                           _145_ (net)
                  0.09    0.00    1.79 v _436_/A (sky130_fd_sc_hd__nand2_1)
                  0.09    0.11    1.90 ^ _436_/Y (sky130_fd_sc_hd__nand2_1)
     3    0.01                           _197_ (net)
                  0.09    0.00    1.90 ^ _437_/D1 (sky130_fd_sc_hd__o2111a_1)
                  0.10    0.22    2.12 ^ _437_/X (sky130_fd_sc_hd__o2111a_1)
     2    0.01                           _198_ (net)
                  0.10    0.00    2.12 ^ _438_/D (sky130_fd_sc_hd__nand4_2)
                  0.12    0.15    2.27 v _438_/Y (sky130_fd_sc_hd__nand4_2)
     3    0.01                           _199_ (net)
                  0.12    0.00    2.27 v _444_/A2 (sky130_fd_sc_hd__a21oi_1)
                  0.16    0.22    2.49 ^ _444_/Y (sky130_fd_sc_hd__a21oi_1)
     2    0.01                           _205_ (net)
                  0.16    0.00    2.49 ^ _450_/A2 (sky130_fd_sc_hd__o21bai_1)
                  0.09    0.12    2.61 v _450_/Y (sky130_fd_sc_hd__o21bai_1)
     3    0.01                           _211_ (net)
                  0.09    0.00    2.61 v _465_/A1 (sky130_fd_sc_hd__a31oi_1)
                  0.13    0.15    2.76 ^ _465_/Y (sky130_fd_sc_hd__a31oi_1)
     1    0.00                           _225_ (net)
                  0.13    0.00    2.76 ^ _466_/B (sky130_fd_sc_hd__nand2_1)
                  0.04    0.07    2.83 v _466_/Y (sky130_fd_sc_hd__nand2_1)
     1    0.00                           _226_ (net)
                  0.04    0.00    2.83 v _469_/A2_N (sky130_fd_sc_hd__o2bb2ai_1)
                  0.04    0.12    2.95 v _469_/Y (sky130_fd_sc_hd__o2bb2ai_1)
     1    0.00                           _106_ (net)
                  0.04    0.00    2.95 v _746_/D (sky130_fd_sc_hd__dfrtp_1)
                                  2.95   data arrival time

                         10.00   10.00   clock clk (rise edge)
                          0.00   10.00   clock source latency
                  0.08    0.05   10.05 ^ clk (in)
     1    0.02                           clk (net)
                  0.08    0.00   10.05 ^ clkbuf_0_clk/A (sky130_fd_sc_hd__clkbuf_16)
                  0.06    0.15   10.20 ^ clkbuf_0_clk/X (sky130_fd_sc_hd__clkbuf_16)
     4    0.04                           clknet_0_clk (net)
                  0.06    0.00   10.20 ^ clkbuf_2_3__f_clk/A (sky130_fd_sc_hd__clkbuf_16)
                  0.06    0.14   10.33 ^ clkbuf_2_3__f_clk/X (sky130_fd_sc_hd__clkbuf_16)
    12    0.03                           clknet_2_3__leaf_clk (net)
                  0.06    0.00   10.33 ^ _746_/CLK (sky130_fd_sc_hd__dfrtp_1)
                         -0.25   10.08   clock uncertainty
                          0.02   10.11   clock reconvergence pessimism
                         -0.11   10.00   library setup time
                                 10.00   data required time
-----------------------------------------------------------------------------
                                 10.00   data required time
                                 -2.95   data arrival time
-----------------------------------------------------------------------------
                                  7.05   slack (MET)


Startpoint: _725_ (rising edge-triggered flip-flop clocked by clk)
Endpoint: _741_ (rising edge-triggered flip-flop clocked by clk)
Path Group: clk
Path Type: max

Fanout     Cap    Slew   Delay    Time   Description
-----------------------------------------------------------------------------
                          0.00    0.00   clock clk (rise edge)
                          0.00    0.00   clock source latency
                  0.08    0.06    0.06 ^ clk (in)
     1    0.02                           clk (net)
                  0.08    0.00    0.06 ^ clkbuf_0_clk/A (sky130_fd_sc_hd__clkbuf_16)
                  0.06    0.16    0.22 ^ clkbuf_0_clk/X (sky130_fd_sc_hd__clkbuf_16)
     4    0.04                           clknet_0_clk (net)
                  0.06    0.00    0.22 ^ clkbuf_2_0__f_clk/A (sky130_fd_sc_hd__clkbuf_16)
                  0.06    0.16    0.38 ^ clkbuf_2_0__f_clk/X (sky130_fd_sc_hd__clkbuf_16)
    15    0.04                           clknet_2_0__leaf_clk (net)
                  0.06    0.00    0.38 ^ _725_/CLK (sky130_fd_sc_hd__dfrtp_4)
                  0.08    0.53    0.91 v _725_/Q (sky130_fd_sc_hd__dfrtp_4)
     6    0.02                           u_core.M[0] (net)
                  0.08    0.00    0.91 v _354_/B (sky130_fd_sc_hd__nor2_2)
                  0.20    0.19    1.10 ^ _354_/Y (sky130_fd_sc_hd__nor2_2)
     3    0.02                           _115_ (net)
                  0.20    0.00    1.10 ^ _366_/A (sky130_fd_sc_hd__buf_2)
                  0.16    0.25    1.35 ^ _366_/X (sky130_fd_sc_hd__buf_2)
    10    0.03                           _127_ (net)
                  0.16    0.00    1.35 ^ _381_/A (sky130_fd_sc_hd__nand2_2)
                  0.08    0.11    1.46 v _381_/Y (sky130_fd_sc_hd__nand2_2)
     6    0.02                           _142_ (net)
                  0.08    0.00    1.46 v _383_/A2 (sky130_fd_sc_hd__o21ai_1)
                  0.18    0.19    1.66 ^ _383_/Y (sky130_fd_sc_hd__o21ai_1)
     2    0.01                           _144_ (net)
                  0.18    0.00    1.66 ^ _384_/B1 (sky130_fd_sc_hd__o21ai_1)
                  0.09    0.13    1.79 v _384_/Y (sky130_fd_sc_hd__o21ai_1)
     2    0.01                           _145_ (net)
                  0.09    0.00    1.79 v _436_/A (sky130_fd_sc_hd__nand2_1)
                  0.09    0.11    1.90 ^ _436_/Y (sky130_fd_sc_hd__nand2_1)
     3    0.01                           _197_ (net)
                  0.09    0.00    1.90 ^ _437_/D1 (sky130_fd_sc_hd__o2111a_1)
                  0.10    0.22    2.12 ^ _437_/X (sky130_fd_sc_hd__o2111a_1)
     2    0.01                           _198_ (net)
                  0.10    0.00    2.12 ^ _438_/D (sky130_fd_sc_hd__nand4_2)
                  0.12    0.15    2.27 v _438_/Y (sky130_fd_sc_hd__nand4_2)
     3    0.01                           _199_ (net)
                  0.12    0.00    2.27 v _482_/B (sky130_fd_sc_hd__nand2_1)
                  0.15    0.18    2.45 ^ _482_/Y (sky130_fd_sc_hd__nand2_1)
     5    0.02                           _240_ (net)
                  0.15    0.00    2.45 ^ _505_/A (sky130_fd_sc_hd__nand2_1)
                  0.06    0.09    2.53 v _505_/Y (sky130_fd_sc_hd__nand2_1)
     2    0.00                           _260_ (net)
                  0.06    0.00    2.53 v _507_/A2 (sky130_fd_sc_hd__a31o_1)
                  0.04    0.21    2.75 v _507_/X (sky130_fd_sc_hd__a31o_1)
     1    0.00                           _262_ (net)
                  0.04    0.00    2.75 v _508_/B2 (sky130_fd_sc_hd__o22ai_1)
                  0.13    0.11    2.85 ^ _508_/Y (sky130_fd_sc_hd__o22ai_1)
     1    0.00                           _263_ (net)
                  0.13    0.00    2.85 ^ _510_/B1 (sky130_fd_sc_hd__o2bb2ai_1)
                  0.05    0.09    2.94 v _510_/Y (sky130_fd_sc_hd__o2bb2ai_1)
     1    0.00                           _101_ (net)
                  0.05    0.00    2.94 v _741_/D (sky130_fd_sc_hd__dfrtp_4)
                                  2.94   data arrival time

                         10.00   10.00   clock clk (rise edge)
                          0.00   10.00   clock source latency
                  0.08    0.05   10.05 ^ clk (in)
     1    0.02                           clk (net)
                  0.08    0.00   10.05 ^ clkbuf_0_clk/A (sky130_fd_sc_hd__clkbuf_16)
                  0.06    0.15   10.20 ^ clkbuf_0_clk/X (sky130_fd_sc_hd__clkbuf_16)
     4    0.04                           clknet_0_clk (net)
                  0.06    0.00   10.20 ^ clkbuf_2_2__f_clk/A (sky130_fd_sc_hd__clkbuf_16)
                  0.06    0.14   10.34 ^ clkbuf_2_2__f_clk/X (sky130_fd_sc_hd__clkbuf_16)
    13    0.04                           clknet_2_2__leaf_clk (net)
                  0.06    0.00   10.34 ^ _741_/CLK (sky130_fd_sc_hd__dfrtp_4)
                         -0.25   10.09   clock uncertainty
                          0.02   10.11   clock reconvergence pessimism
                         -0.11   10.00   library setup time
                                 10.00   data required time
-----------------------------------------------------------------------------
                                 10.00   data required time
                                 -2.94   data arrival time
-----------------------------------------------------------------------------
                                  7.05   slack (MET)


Startpoint: _725_ (rising edge-triggered flip-flop clocked by clk)
Endpoint: _739_ (rising edge-triggered flip-flop clocked by clk)
Path Group: clk
Path Type: max

Fanout     Cap    Slew   Delay    Time   Description
-----------------------------------------------------------------------------
                          0.00    0.00   clock clk (rise edge)
                          0.00    0.00   clock source latency
                  0.08    0.06    0.06 ^ clk (in)
     1    0.02                           clk (net)
                  0.08    0.00    0.06 ^ clkbuf_0_clk/A (sky130_fd_sc_hd__clkbuf_16)
                  0.06    0.16    0.22 ^ clkbuf_0_clk/X (sky130_fd_sc_hd__clkbuf_16)
     4    0.04                           clknet_0_clk (net)
                  0.06    0.00    0.22 ^ clkbuf_2_0__f_clk/A (sky130_fd_sc_hd__clkbuf_16)
                  0.06    0.16    0.38 ^ clkbuf_2_0__f_clk/X (sky130_fd_sc_hd__clkbuf_16)
    15    0.04                           clknet_2_0__leaf_clk (net)
                  0.06    0.00    0.38 ^ _725_/CLK (sky130_fd_sc_hd__dfrtp_4)
                  0.08    0.53    0.91 v _725_/Q (sky130_fd_sc_hd__dfrtp_4)
     6    0.02                           u_core.M[0] (net)
                  0.08    0.00    0.91 v _354_/B (sky130_fd_sc_hd__nor2_2)
                  0.20    0.19    1.10 ^ _354_/Y (sky130_fd_sc_hd__nor2_2)
     3    0.02                           _115_ (net)
                  0.20    0.00    1.10 ^ _366_/A (sky130_fd_sc_hd__buf_2)
                  0.16    0.25    1.35 ^ _366_/X (sky130_fd_sc_hd__buf_2)
    10    0.03                           _127_ (net)
                  0.16    0.00    1.35 ^ _381_/A (sky130_fd_sc_hd__nand2_2)
                  0.08    0.11    1.46 v _381_/Y (sky130_fd_sc_hd__nand2_2)
     6    0.02                           _142_ (net)
                  0.08    0.00    1.46 v _383_/A2 (sky130_fd_sc_hd__o21ai_1)
                  0.18    0.19    1.66 ^ _383_/Y (sky130_fd_sc_hd__o21ai_1)
     2    0.01                           _144_ (net)
                  0.18    0.00    1.66 ^ _384_/B1 (sky130_fd_sc_hd__o21ai_1)
                  0.09    0.13    1.79 v _384_/Y (sky130_fd_sc_hd__o21ai_1)
     2    0.01                           _145_ (net)
                  0.09    0.00    1.79 v _436_/A (sky130_fd_sc_hd__nand2_1)
                  0.09    0.11    1.90 ^ _436_/Y (sky130_fd_sc_hd__nand2_1)
     3    0.01                           _197_ (net)
                  0.09    0.00    1.90 ^ _437_/D1 (sky130_fd_sc_hd__o2111a_1)
                  0.10    0.22    2.12 ^ _437_/X (sky130_fd_sc_hd__o2111a_1)
     2    0.01                           _198_ (net)
                  0.10    0.00    2.12 ^ _515_/C (sky130_fd_sc_hd__nand3_1)
                  0.11    0.13    2.24 v _515_/Y (sky130_fd_sc_hd__nand3_1)
     3    0.01                           _268_ (net)
                  0.11    0.00    2.24 v _517_/A1 (sky130_fd_sc_hd__a21o_1)
                  0.04    0.20    2.44 v _517_/X (sky130_fd_sc_hd__a21o_1)
     2    0.01                           _270_ (net)
                  0.04    0.00    2.44 v _518_/A4 (sky130_fd_sc_hd__a41oi_1)
                  0.15    0.21    2.65 ^ _518_/Y (sky130_fd_sc_hd__a41oi_1)
     1    0.00                           _271_ (net)
                  0.15    0.00    2.65 ^ _520_/A (sky130_fd_sc_hd__nand2_1)
                  0.07    0.09    2.74 v _520_/Y (sky130_fd_sc_hd__nand2_1)
     2    0.01                           _273_ (net)
                  0.07    0.00    2.74 v _522_/B1 (sky130_fd_sc_hd__a22o_1)
                  0.04    0.18    2.93 v _522_/X (sky130_fd_sc_hd__a22o_1)
     1    0.00                           _099_ (net)
                  0.04    0.00    2.93 v _739_/D (sky130_fd_sc_hd__dfrtp_2)
                                  2.93   data arrival time

                         10.00   10.00   clock clk (rise edge)
                          0.00   10.00   clock source latency
                  0.08    0.05   10.05 ^ clk (in)
     1    0.02                           clk (net)
                  0.08    0.00   10.05 ^ clkbuf_0_clk/A (sky130_fd_sc_hd__clkbuf_16)
                  0.06    0.15   10.20 ^ clkbuf_0_clk/X (sky130_fd_sc_hd__clkbuf_16)
     4    0.04                           clknet_0_clk (net)
                  0.06    0.00   10.20 ^ clkbuf_2_3__f_clk/A (sky130_fd_sc_hd__clkbuf_16)
                  0.06    0.14   10.33 ^ clkbuf_2_3__f_clk/X (sky130_fd_sc_hd__clkbuf_16)
    12    0.03                           clknet_2_3__leaf_clk (net)
                  0.06    0.00   10.33 ^ _739_/CLK (sky130_fd_sc_hd__dfrtp_2)
                         -0.25   10.08   clock uncertainty
                          0.02   10.11   clock reconvergence pessimism
                         -0.11   10.00   library setup time
                                 10.00   data required time
-----------------------------------------------------------------------------
                                 10.00   data required time
                                 -2.93   data arrival time
-----------------------------------------------------------------------------
                                  7.07   slack (MET)


Startpoint: _725_ (rising edge-triggered flip-flop clocked by clk)
Endpoint: _738_ (rising edge-triggered flip-flop clocked by clk)
Path Group: clk
Path Type: max

Fanout     Cap    Slew   Delay    Time   Description
-----------------------------------------------------------------------------
                          0.00    0.00   clock clk (rise edge)
                          0.00    0.00   clock source latency
                  0.08    0.06    0.06 ^ clk (in)
     1    0.02                           clk (net)
                  0.08    0.00    0.06 ^ clkbuf_0_clk/A (sky130_fd_sc_hd__clkbuf_16)
                  0.06    0.16    0.22 ^ clkbuf_0_clk/X (sky130_fd_sc_hd__clkbuf_16)
     4    0.04                           clknet_0_clk (net)
                  0.06    0.00    0.22 ^ clkbuf_2_0__f_clk/A (sky130_fd_sc_hd__clkbuf_16)
                  0.06    0.16    0.38 ^ clkbuf_2_0__f_clk/X (sky130_fd_sc_hd__clkbuf_16)
    15    0.04                           clknet_2_0__leaf_clk (net)
                  0.06    0.00    0.38 ^ _725_/CLK (sky130_fd_sc_hd__dfrtp_4)
                  0.08    0.53    0.91 v _725_/Q (sky130_fd_sc_hd__dfrtp_4)
     6    0.02                           u_core.M[0] (net)
                  0.08    0.00    0.91 v _354_/B (sky130_fd_sc_hd__nor2_2)
                  0.20    0.19    1.10 ^ _354_/Y (sky130_fd_sc_hd__nor2_2)
     3    0.02                           _115_ (net)
                  0.20    0.00    1.10 ^ _366_/A (sky130_fd_sc_hd__buf_2)
                  0.16    0.25    1.35 ^ _366_/X (sky130_fd_sc_hd__buf_2)
    10    0.03                           _127_ (net)
                  0.16    0.00    1.35 ^ _381_/A (sky130_fd_sc_hd__nand2_2)
                  0.08    0.11    1.46 v _381_/Y (sky130_fd_sc_hd__nand2_2)
     6    0.02                           _142_ (net)
                  0.08    0.00    1.46 v _383_/A2 (sky130_fd_sc_hd__o21ai_1)
                  0.18    0.19    1.66 ^ _383_/Y (sky130_fd_sc_hd__o21ai_1)
     2    0.01                           _144_ (net)
                  0.18    0.00    1.66 ^ _384_/B1 (sky130_fd_sc_hd__o21ai_1)
                  0.09    0.13    1.79 v _384_/Y (sky130_fd_sc_hd__o21ai_1)
     2    0.01                           _145_ (net)
                  0.09    0.00    1.79 v _436_/A (sky130_fd_sc_hd__nand2_1)
                  0.09    0.11    1.90 ^ _436_/Y (sky130_fd_sc_hd__nand2_1)
     3    0.01                           _197_ (net)
                  0.09    0.00    1.90 ^ _437_/D1 (sky130_fd_sc_hd__o2111a_1)
                  0.10    0.22    2.12 ^ _437_/X (sky130_fd_sc_hd__o2111a_1)
     2    0.01                           _198_ (net)
                  0.10    0.00    2.12 ^ _515_/C (sky130_fd_sc_hd__nand3_1)
                  0.11    0.13    2.24 v _515_/Y (sky130_fd_sc_hd__nand3_1)
     3    0.01                           _268_ (net)
                  0.11    0.00    2.24 v _524_/A1 (sky130_fd_sc_hd__a21oi_1)
                  0.09    0.13    2.38 ^ _524_/Y (sky130_fd_sc_hd__a21oi_1)
     1    0.00                           _276_ (net)
                  0.09    0.00    2.38 ^ _526_/A1_N (sky130_fd_sc_hd__a2bb2o_1)
                  0.07    0.33    2.70 v _526_/X (sky130_fd_sc_hd__a2bb2o_1)
     2    0.01                           _278_ (net)
                  0.07    0.00    2.71 v _527_/B1 (sky130_fd_sc_hd__a22o_1)
                  0.04    0.19    2.89 v _527_/X (sky130_fd_sc_hd__a22o_1)
     1    0.00                           _098_ (net)
                  0.04    0.00    2.89 v _738_/D (sky130_fd_sc_hd__dfrtp_2)
                                  2.89   data arrival time

                         10.00   10.00   clock clk (rise edge)
                          0.00   10.00   clock source latency
                  0.08    0.05   10.05 ^ clk (in)
     1    0.02                           clk (net)
                  0.08    0.00   10.05 ^ clkbuf_0_clk/A (sky130_fd_sc_hd__clkbuf_16)
                  0.06    0.15   10.20 ^ clkbuf_0_clk/X (sky130_fd_sc_hd__clkbuf_16)
     4    0.04                           clknet_0_clk (net)
                  0.06    0.00   10.20 ^ clkbuf_2_1__f_clk/A (sky130_fd_sc_hd__clkbuf_16)
                  0.06    0.14   10.34 ^ clkbuf_2_1__f_clk/X (sky130_fd_sc_hd__clkbuf_16)
    14    0.04                           clknet_2_1__leaf_clk (net)
                  0.06    0.00   10.34 ^ _738_/CLK (sky130_fd_sc_hd__dfrtp_2)
                         -0.25   10.09   clock uncertainty
                          0.02   10.11   clock reconvergence pessimism
                         -0.11   10.00   library setup time
                                 10.00   data required time
-----------------------------------------------------------------------------
                                 10.00   data required time
                                 -2.89   data arrival time
-----------------------------------------------------------------------------
                                  7.10   slack (MET)


Startpoint: _725_ (rising edge-triggered flip-flop clocked by clk)
Endpoint: _743_ (rising edge-triggered flip-flop clocked by clk)
Path Group: clk
Path Type: max

Fanout     Cap    Slew   Delay    Time   Description
-----------------------------------------------------------------------------
                          0.00    0.00   clock clk (rise edge)
                          0.00    0.00   clock source latency
                  0.08    0.06    0.06 ^ clk (in)
     1    0.02                           clk (net)
                  0.08    0.00    0.06 ^ clkbuf_0_clk/A (sky130_fd_sc_hd__clkbuf_16)
                  0.06    0.16    0.22 ^ clkbuf_0_clk/X (sky130_fd_sc_hd__clkbuf_16)
     4    0.04                           clknet_0_clk (net)
                  0.06    0.00    0.22 ^ clkbuf_2_0__f_clk/A (sky130_fd_sc_hd__clkbuf_16)
                  0.06    0.16    0.38 ^ clkbuf_2_0__f_clk/X (sky130_fd_sc_hd__clkbuf_16)
    15    0.04                           clknet_2_0__leaf_clk (net)
                  0.06    0.00    0.38 ^ _725_/CLK (sky130_fd_sc_hd__dfrtp_4)
                  0.08    0.53    0.91 v _725_/Q (sky130_fd_sc_hd__dfrtp_4)
     6    0.02                           u_core.M[0] (net)
                  0.08    0.00    0.91 v _354_/B (sky130_fd_sc_hd__nor2_2)
                  0.20    0.19    1.10 ^ _354_/Y (sky130_fd_sc_hd__nor2_2)
     3    0.02                           _115_ (net)
                  0.20    0.00    1.10 ^ _366_/A (sky130_fd_sc_hd__buf_2)
                  0.16    0.25    1.35 ^ _366_/X (sky130_fd_sc_hd__buf_2)
    10    0.03                           _127_ (net)
                  0.16    0.00    1.35 ^ _381_/A (sky130_fd_sc_hd__nand2_2)
                  0.08    0.11    1.46 v _381_/Y (sky130_fd_sc_hd__nand2_2)
     6    0.02                           _142_ (net)
                  0.08    0.00    1.46 v _383_/A2 (sky130_fd_sc_hd__o21ai_1)
                  0.18    0.19    1.66 ^ _383_/Y (sky130_fd_sc_hd__o21ai_1)
     2    0.01                           _144_ (net)
                  0.18    0.00    1.66 ^ _384_/B1 (sky130_fd_sc_hd__o21ai_1)
                  0.09    0.13    1.79 v _384_/Y (sky130_fd_sc_hd__o21ai_1)
     2    0.01                           _145_ (net)
                  0.09    0.00    1.79 v _436_/A (sky130_fd_sc_hd__nand2_1)
                  0.09    0.11    1.90 ^ _436_/Y (sky130_fd_sc_hd__nand2_1)
     3    0.01                           _197_ (net)
                  0.09    0.00    1.90 ^ _437_/D1 (sky130_fd_sc_hd__o2111a_1)
                  0.10    0.22    2.12 ^ _437_/X (sky130_fd_sc_hd__o2111a_1)
     2    0.01                           _198_ (net)
                  0.10    0.00    2.12 ^ _438_/D (sky130_fd_sc_hd__nand4_2)
                  0.12    0.15    2.27 v _438_/Y (sky130_fd_sc_hd__nand4_2)
     3    0.01                           _199_ (net)
                  0.12    0.00    2.27 v _491_/A2 (sky130_fd_sc_hd__a21boi_1)
                  0.12    0.19    2.45 ^ _491_/Y (sky130_fd_sc_hd__a21boi_1)
     1    0.00                           _248_ (net)
                  0.12    0.00    2.45 ^ _492_/A2 (sky130_fd_sc_hd__o21ai_1)
                  0.11    0.11    2.56 v _492_/Y (sky130_fd_sc_hd__o21ai_1)
     3    0.01                           _249_ (net)
                  0.11    0.00    2.56 v _494_/A (sky130_fd_sc_hd__nand3_1)
                  0.06    0.09    2.65 ^ _494_/Y (sky130_fd_sc_hd__nand3_1)
     1    0.00                           _251_ (net)
                  0.06    0.00    2.65 ^ _495_/B1 (sky130_fd_sc_hd__o21ai_1)
                  0.05    0.06    2.71 v _495_/Y (sky130_fd_sc_hd__o21ai_1)
     1    0.00                           _252_ (net)
                  0.05    0.00    2.71 v _497_/A2 (sky130_fd_sc_hd__o21ai_1)
                  0.10    0.11    2.83 ^ _497_/Y (sky130_fd_sc_hd__o21ai_1)
     1    0.00                           _254_ (net)
                  0.10    0.00    2.83 ^ _499_/A (sky130_fd_sc_hd__nand2_1)
                  0.04    0.06    2.89 v _499_/Y (sky130_fd_sc_hd__nand2_1)
     1    0.00                           _103_ (net)
                  0.04    0.00    2.89 v _743_/D (sky130_fd_sc_hd__dfrtp_1)
                                  2.89   data arrival time

                         10.00   10.00   clock clk (rise edge)
                          0.00   10.00   clock source latency
                  0.08    0.05   10.05 ^ clk (in)
     1    0.02                           clk (net)
                  0.08    0.00   10.05 ^ clkbuf_0_clk/A (sky130_fd_sc_hd__clkbuf_16)
                  0.06    0.15   10.20 ^ clkbuf_0_clk/X (sky130_fd_sc_hd__clkbuf_16)
     4    0.04                           clknet_0_clk (net)
                  0.06    0.00   10.20 ^ clkbuf_2_2__f_clk/A (sky130_fd_sc_hd__clkbuf_16)
                  0.06    0.14   10.34 ^ clkbuf_2_2__f_clk/X (sky130_fd_sc_hd__clkbuf_16)
    13    0.04                           clknet_2_2__leaf_clk (net)
                  0.06    0.00   10.34 ^ _743_/CLK (sky130_fd_sc_hd__dfrtp_1)
                         -0.25   10.09   clock uncertainty
                          0.02   10.11   clock reconvergence pessimism
                         -0.11   10.00   library setup time
                                 10.00   data required time
-----------------------------------------------------------------------------
                                 10.00   data required time
                                 -2.89   data arrival time
-----------------------------------------------------------------------------
                                  7.11   slack (MET)


Startpoint: _699_ (rising edge-triggered flip-flop clocked by clk)
Endpoint: _712_ (rising edge-triggered flip-flop clocked by clk)
Path Group: clk
Path Type: max

Fanout     Cap    Slew   Delay    Time   Description
-----------------------------------------------------------------------------
                          0.00    0.00   clock clk (rise edge)
                          0.00    0.00   clock source latency
                  0.08    0.06    0.06 ^ clk (in)
     1    0.02                           clk (net)
                  0.08    0.00    0.06 ^ clkbuf_0_clk/A (sky130_fd_sc_hd__clkbuf_16)
                  0.06    0.16    0.22 ^ clkbuf_0_clk/X (sky130_fd_sc_hd__clkbuf_16)
     4    0.04                           clknet_0_clk (net)
                  0.06    0.00    0.22 ^ clkbuf_2_1__f_clk/A (sky130_fd_sc_hd__clkbuf_16)
                  0.06    0.15    0.37 ^ clkbuf_2_1__f_clk/X (sky130_fd_sc_hd__clkbuf_16)
    14    0.04                           clknet_2_1__leaf_clk (net)
                  0.06    0.00    0.37 ^ _699_/CLK (sky130_fd_sc_hd__dfrtp_4)
                  0.10    0.55    0.92 v _699_/Q (sky130_fd_sc_hd__dfrtp_4)
     9    0.03                           u_core.Q_1 (net)
                  0.10    0.00    0.93 v _347_/A_N (sky130_fd_sc_hd__and2b_1)
                  0.06    0.23    1.16 ^ _347_/X (sky130_fd_sc_hd__and2b_1)
     2    0.01                           _108_ (net)
                  0.06    0.00    1.16 ^ _348_/A (sky130_fd_sc_hd__clkbuf_4)
                  0.13    0.21    1.37 ^ _348_/X (sky130_fd_sc_hd__clkbuf_4)
    10    0.04                           _109_ (net)
                  0.13    0.00    1.37 ^ _407_/A1 (sky130_fd_sc_hd__o21ai_1)
                  0.06    0.11    1.48 v _407_/Y (sky130_fd_sc_hd__o21ai_1)
     2    0.01                           _168_ (net)
                  0.06    0.00    1.48 v _409_/A (sky130_fd_sc_hd__nand3_1)
                  0.11    0.11    1.59 ^ _409_/Y (sky130_fd_sc_hd__nand3_1)
     3    0.01                           _170_ (net)
                  0.11    0.00    1.59 ^ _414_/A (sky130_fd_sc_hd__nand2_1)
                  0.11    0.13    1.72 v _414_/Y (sky130_fd_sc_hd__nand2_1)
     3    0.01                           _175_ (net)
                  0.11    0.00    1.72 v _428_/A1 (sky130_fd_sc_hd__o21bai_4)
                  0.18    0.23    1.95 ^ _428_/Y (sky130_fd_sc_hd__o21bai_4)
     5    0.02                           _189_ (net)
                  0.18    0.00    1.95 ^ _528_/C1 (sky130_fd_sc_hd__o2111ai_2)
                  0.11    0.17    2.12 v _528_/Y (sky130_fd_sc_hd__o2111ai_2)
     3    0.01                           _279_ (net)
                  0.11    0.00    2.12 v _535_/B (sky130_fd_sc_hd__and3_1)
                  0.04    0.20    2.32 v _535_/X (sky130_fd_sc_hd__and3_1)
     1    0.00                           _285_ (net)
                  0.04    0.00    2.32 v _536_/B1 (sky130_fd_sc_hd__a31o_1)
                  0.05    0.21    2.52 v _536_/X (sky130_fd_sc_hd__a31o_1)
     2    0.01                           _286_ (net)
                  0.05    0.00    2.52 v _599_/A0 (sky130_fd_sc_hd__mux2_1)
                  0.05    0.29    2.81 v _599_/X (sky130_fd_sc_hd__mux2_1)
     1    0.00                           _325_ (net)
                  0.05    0.00    2.81 v _600_/A (sky130_fd_sc_hd__clkbuf_1)
                  0.02    0.09    2.90 v _600_/X (sky130_fd_sc_hd__clkbuf_1)
     1    0.00                           _072_ (net)
                  0.02    0.00    2.90 v _712_/D (sky130_fd_sc_hd__dfrtp_1)
                                  2.90   data arrival time

                         10.00   10.00   clock clk (rise edge)
                          0.00   10.00   clock source latency
                  0.08    0.05   10.05 ^ clk (in)
     1    0.02                           clk (net)
                  0.08    0.00   10.05 ^ clkbuf_0_clk/A (sky130_fd_sc_hd__clkbuf_16)
                  0.06    0.15   10.20 ^ clkbuf_0_clk/X (sky130_fd_sc_hd__clkbuf_16)
     4    0.04                           clknet_0_clk (net)
                  0.06    0.00   10.20 ^ clkbuf_2_1__f_clk/A (sky130_fd_sc_hd__clkbuf_16)
                  0.06    0.14   10.34 ^ clkbuf_2_1__f_clk/X (sky130_fd_sc_hd__clkbuf_16)
    14    0.04                           clknet_2_1__leaf_clk (net)
                  0.06    0.00   10.34 ^ _712_/CLK (sky130_fd_sc_hd__dfrtp_1)
                         -0.25   10.09   clock uncertainty
                          0.04   10.12   clock reconvergence pessimism
                         -0.10   10.02   library setup time
                                 10.02   data required time
-----------------------------------------------------------------------------
                                 10.02   data required time
                                 -2.90   data arrival time
-----------------------------------------------------------------------------
                                  7.12   slack (MET)


Startpoint: start (input port clocked by clk)
Endpoint: _723_ (rising edge-triggered flip-flop clocked by clk)
Path Group: clk
Path Type: max

Fanout     Cap    Slew   Delay    Time   Description
-----------------------------------------------------------------------------
                          0.00    0.00   clock clk (rise edge)
                          0.00    0.00   clock network delay (propagated)
                          2.00    2.00 ^ input external delay
                  0.02    0.01    2.01 ^ start (in)
     1    0.00                           start (net)
                  0.02    0.00    2.01 ^ input18/A (sky130_fd_sc_hd__clkbuf_2)
                  0.13    0.17    2.18 ^ input18/X (sky130_fd_sc_hd__clkbuf_2)
     5    0.02                           net18 (net)
                  0.13    0.00    2.18 ^ _480_/B (sky130_fd_sc_hd__nor2_1)
                  0.07    0.09    2.27 v _480_/Y (sky130_fd_sc_hd__nor2_1)
     4    0.01                           _238_ (net)
                  0.07    0.00    2.27 v _523_/A (sky130_fd_sc_hd__clkbuf_4)
                  0.08    0.20    2.47 v _523_/X (sky130_fd_sc_hd__clkbuf_4)
    10    0.03                           _275_ (net)
                  0.08    0.00    2.47 v _575_/B1 (sky130_fd_sc_hd__a22o_1)
                  0.04    0.19    2.66 v _575_/X (sky130_fd_sc_hd__a22o_1)
     1    0.00                           _312_ (net)
                  0.04    0.00    2.66 v _576_/B1 (sky130_fd_sc_hd__a31o_1)
                  0.04    0.18    2.84 v _576_/X (sky130_fd_sc_hd__a31o_1)
     1    0.00                           _083_ (net)
                  0.04    0.00    2.84 v _723_/D (sky130_fd_sc_hd__dfrtp_1)
                                  2.84   data arrival time

                         10.00   10.00   clock clk (rise edge)
                          0.00   10.00   clock source latency
                  0.08    0.05   10.05 ^ clk (in)
     1    0.02                           clk (net)
                  0.08    0.00   10.05 ^ clkbuf_0_clk/A (sky130_fd_sc_hd__clkbuf_16)
                  0.06    0.15   10.20 ^ clkbuf_0_clk/X (sky130_fd_sc_hd__clkbuf_16)
     4    0.04                           clknet_0_clk (net)
                  0.06    0.00   10.20 ^ clkbuf_2_1__f_clk/A (sky130_fd_sc_hd__clkbuf_16)
                  0.06    0.14   10.34 ^ clkbuf_2_1__f_clk/X (sky130_fd_sc_hd__clkbuf_16)
    14    0.04                           clknet_2_1__leaf_clk (net)
                  0.06    0.00   10.34 ^ _723_/CLK (sky130_fd_sc_hd__dfrtp_1)
                         -0.25   10.09   clock uncertainty
                          0.00   10.09   clock reconvergence pessimism
                         -0.11    9.98   library setup time
                                  9.98   data required time
-----------------------------------------------------------------------------
                                  9.98   data required time
                                 -2.84   data arrival time
-----------------------------------------------------------------------------
                                  7.14   slack (MET)


Startpoint: start (input port clocked by clk)
Endpoint: _719_ (rising edge-triggered flip-flop clocked by clk)
Path Group: clk
Path Type: max

Fanout     Cap    Slew   Delay    Time   Description
-----------------------------------------------------------------------------
                          0.00    0.00   clock clk (rise edge)
                          0.00    0.00   clock network delay (propagated)
                          2.00    2.00 ^ input external delay
                  0.02    0.01    2.01 ^ start (in)
     1    0.00                           start (net)
                  0.02    0.00    2.01 ^ input18/A (sky130_fd_sc_hd__clkbuf_2)
                  0.13    0.17    2.18 ^ input18/X (sky130_fd_sc_hd__clkbuf_2)
     5    0.02                           net18 (net)
                  0.13    0.00    2.18 ^ _480_/B (sky130_fd_sc_hd__nor2_1)
                  0.07    0.09    2.27 v _480_/Y (sky130_fd_sc_hd__nor2_1)
     4    0.01                           _238_ (net)
                  0.07    0.00    2.27 v _523_/A (sky130_fd_sc_hd__clkbuf_4)
                  0.08    0.20    2.47 v _523_/X (sky130_fd_sc_hd__clkbuf_4)
    10    0.03                           _275_ (net)
                  0.08    0.00    2.47 v _583_/B1 (sky130_fd_sc_hd__a22o_1)
                  0.04    0.19    2.66 v _583_/X (sky130_fd_sc_hd__a22o_1)
     1    0.00                           _316_ (net)
                  0.04    0.00    2.66 v _584_/B1 (sky130_fd_sc_hd__a31o_1)
                  0.04    0.18    2.84 v _584_/X (sky130_fd_sc_hd__a31o_1)
     1    0.00                           _079_ (net)
                  0.04    0.00    2.84 v _719_/D (sky130_fd_sc_hd__dfrtp_1)
                                  2.84   data arrival time

                         10.00   10.00   clock clk (rise edge)
                          0.00   10.00   clock source latency
                  0.08    0.05   10.05 ^ clk (in)
     1    0.02                           clk (net)
                  0.08    0.00   10.05 ^ clkbuf_0_clk/A (sky130_fd_sc_hd__clkbuf_16)
                  0.06    0.15   10.20 ^ clkbuf_0_clk/X (sky130_fd_sc_hd__clkbuf_16)
     4    0.04                           clknet_0_clk (net)
                  0.06    0.00   10.20 ^ clkbuf_2_1__f_clk/A (sky130_fd_sc_hd__clkbuf_16)
                  0.06    0.14   10.34 ^ clkbuf_2_1__f_clk/X (sky130_fd_sc_hd__clkbuf_16)
    14    0.04                           clknet_2_1__leaf_clk (net)
                  0.06    0.00   10.34 ^ _719_/CLK (sky130_fd_sc_hd__dfrtp_1)
                         -0.25   10.09   clock uncertainty
                          0.00   10.09   clock reconvergence pessimism
                         -0.11    9.98   library setup time
                                  9.98   data required time
-----------------------------------------------------------------------------
                                  9.98   data required time
                                 -2.84   data arrival time
-----------------------------------------------------------------------------
                                  7.14   slack (MET)


Startpoint: start (input port clocked by clk)
Endpoint: _722_ (rising edge-triggered flip-flop clocked by clk)
Path Group: clk
Path Type: max

Fanout     Cap    Slew   Delay    Time   Description
-----------------------------------------------------------------------------
                          0.00    0.00   clock clk (rise edge)
                          0.00    0.00   clock network delay (propagated)
                          2.00    2.00 ^ input external delay
                  0.02    0.01    2.01 ^ start (in)
     1    0.00                           start (net)
                  0.02    0.00    2.01 ^ input18/A (sky130_fd_sc_hd__clkbuf_2)
                  0.13    0.17    2.18 ^ input18/X (sky130_fd_sc_hd__clkbuf_2)
     5    0.02                           net18 (net)
                  0.13    0.00    2.18 ^ _480_/B (sky130_fd_sc_hd__nor2_1)
                  0.07    0.09    2.27 v _480_/Y (sky130_fd_sc_hd__nor2_1)
     4    0.01                           _238_ (net)
                  0.07    0.00    2.27 v _523_/A (sky130_fd_sc_hd__clkbuf_4)
                  0.08    0.20    2.47 v _523_/X (sky130_fd_sc_hd__clkbuf_4)
    10    0.03                           _275_ (net)
                  0.08    0.00    2.47 v _577_/B1 (sky130_fd_sc_hd__a22o_1)
                  0.04    0.19    2.66 v _577_/X (sky130_fd_sc_hd__a22o_1)
     1    0.00                           _313_ (net)
                  0.04    0.00    2.66 v _578_/B1 (sky130_fd_sc_hd__a31o_1)
                  0.04    0.18    2.85 v _578_/X (sky130_fd_sc_hd__a31o_1)
     1    0.00                           _082_ (net)
                  0.04    0.00    2.85 v _722_/D (sky130_fd_sc_hd__dfrtp_1)
                                  2.85   data arrival time

                         10.00   10.00   clock clk (rise edge)
                          0.00   10.00   clock source latency
                  0.08    0.05   10.05 ^ clk (in)
     1    0.02                           clk (net)
                  0.08    0.00   10.05 ^ clkbuf_0_clk/A (sky130_fd_sc_hd__clkbuf_16)
                  0.06    0.15   10.20 ^ clkbuf_0_clk/X (sky130_fd_sc_hd__clkbuf_16)
     4    0.04                           clknet_0_clk (net)
                  0.06    0.00   10.20 ^ clkbuf_2_0__f_clk/A (sky130_fd_sc_hd__clkbuf_16)
                  0.06    0.14   10.34 ^ clkbuf_2_0__f_clk/X (sky130_fd_sc_hd__clkbuf_16)
    15    0.04                           clknet_2_0__leaf_clk (net)
                  0.06    0.00   10.34 ^ _722_/CLK (sky130_fd_sc_hd__dfrtp_1)
                         -0.25   10.09   clock uncertainty
                          0.00   10.09   clock reconvergence pessimism
                         -0.11    9.98   library setup time
                                  9.98   data required time
-----------------------------------------------------------------------------
                                  9.98   data required time
                                 -2.85   data arrival time
-----------------------------------------------------------------------------
                                  7.14   slack (MET)


Startpoint: start (input port clocked by clk)
Endpoint: _720_ (rising edge-triggered flip-flop clocked by clk)
Path Group: clk
Path Type: max

Fanout     Cap    Slew   Delay    Time   Description
-----------------------------------------------------------------------------
                          0.00    0.00   clock clk (rise edge)
                          0.00    0.00   clock network delay (propagated)
                          2.00    2.00 ^ input external delay
                  0.02    0.01    2.01 ^ start (in)
     1    0.00                           start (net)
                  0.02    0.00    2.01 ^ input18/A (sky130_fd_sc_hd__clkbuf_2)
                  0.13    0.17    2.18 ^ input18/X (sky130_fd_sc_hd__clkbuf_2)
     5    0.02                           net18 (net)
                  0.13    0.00    2.18 ^ _480_/B (sky130_fd_sc_hd__nor2_1)
                  0.07    0.09    2.27 v _480_/Y (sky130_fd_sc_hd__nor2_1)
     4    0.01                           _238_ (net)
                  0.07    0.00    2.27 v _523_/A (sky130_fd_sc_hd__clkbuf_4)
                  0.08    0.20    2.47 v _523_/X (sky130_fd_sc_hd__clkbuf_4)
    10    0.03                           _275_ (net)
                  0.08    0.00    2.47 v _581_/B1 (sky130_fd_sc_hd__a22o_1)
                  0.04    0.19    2.66 v _581_/X (sky130_fd_sc_hd__a22o_1)
     1    0.00                           _315_ (net)
                  0.04    0.00    2.66 v _582_/B1 (sky130_fd_sc_hd__a31o_1)
                  0.04    0.18    2.84 v _582_/X (sky130_fd_sc_hd__a31o_1)
     1    0.00                           _080_ (net)
                  0.04    0.00    2.84 v _720_/D (sky130_fd_sc_hd__dfrtp_1)
                                  2.84   data arrival time

                         10.00   10.00   clock clk (rise edge)
                          0.00   10.00   clock source latency
                  0.08    0.05   10.05 ^ clk (in)
     1    0.02                           clk (net)
                  0.08    0.00   10.05 ^ clkbuf_0_clk/A (sky130_fd_sc_hd__clkbuf_16)
                  0.06    0.15   10.20 ^ clkbuf_0_clk/X (sky130_fd_sc_hd__clkbuf_16)
     4    0.04                           clknet_0_clk (net)
                  0.06    0.00   10.20 ^ clkbuf_2_0__f_clk/A (sky130_fd_sc_hd__clkbuf_16)
                  0.06    0.14   10.34 ^ clkbuf_2_0__f_clk/X (sky130_fd_sc_hd__clkbuf_16)
    15    0.04                           clknet_2_0__leaf_clk (net)
                  0.06    0.00   10.34 ^ _720_/CLK (sky130_fd_sc_hd__dfrtp_1)
                         -0.25   10.09   clock uncertainty
                          0.00   10.09   clock reconvergence pessimism
                         -0.11    9.98   library setup time
                                  9.98   data required time
-----------------------------------------------------------------------------
                                  9.98   data required time
                                 -2.84   data arrival time
-----------------------------------------------------------------------------
                                  7.14   slack (MET)


Startpoint: start (input port clocked by clk)
Endpoint: _721_ (rising edge-triggered flip-flop clocked by clk)
Path Group: clk
Path Type: max

Fanout     Cap    Slew   Delay    Time   Description
-----------------------------------------------------------------------------
                          0.00    0.00   clock clk (rise edge)
                          0.00    0.00   clock network delay (propagated)
                          2.00    2.00 ^ input external delay
                  0.02    0.01    2.01 ^ start (in)
     1    0.00                           start (net)
                  0.02    0.00    2.01 ^ input18/A (sky130_fd_sc_hd__clkbuf_2)
                  0.13    0.17    2.18 ^ input18/X (sky130_fd_sc_hd__clkbuf_2)
     5    0.02                           net18 (net)
                  0.13    0.00    2.18 ^ _480_/B (sky130_fd_sc_hd__nor2_1)
                  0.07    0.09    2.27 v _480_/Y (sky130_fd_sc_hd__nor2_1)
     4    0.01                           _238_ (net)
                  0.07    0.00    2.27 v _523_/A (sky130_fd_sc_hd__clkbuf_4)
                  0.08    0.20    2.47 v _523_/X (sky130_fd_sc_hd__clkbuf_4)
    10    0.03                           _275_ (net)
                  0.08    0.00    2.47 v _579_/B1 (sky130_fd_sc_hd__a22o_1)
                  0.04    0.19    2.66 v _579_/X (sky130_fd_sc_hd__a22o_1)
     1    0.00                           _314_ (net)
                  0.04    0.00    2.66 v _580_/B1 (sky130_fd_sc_hd__a31o_1)
                  0.03    0.18    2.84 v _580_/X (sky130_fd_sc_hd__a31o_1)
     1    0.00                           _081_ (net)
                  0.03    0.00    2.84 v _721_/D (sky130_fd_sc_hd__dfrtp_1)
                                  2.84   data arrival time

                         10.00   10.00   clock clk (rise edge)
                          0.00   10.00   clock source latency
                  0.08    0.05   10.05 ^ clk (in)
     1    0.02                           clk (net)
                  0.08    0.00   10.05 ^ clkbuf_0_clk/A (sky130_fd_sc_hd__clkbuf_16)
                  0.06    0.15   10.20 ^ clkbuf_0_clk/X (sky130_fd_sc_hd__clkbuf_16)
     4    0.04                           clknet_0_clk (net)
                  0.06    0.00   10.20 ^ clkbuf_2_0__f_clk/A (sky130_fd_sc_hd__clkbuf_16)
                  0.06    0.14   10.34 ^ clkbuf_2_0__f_clk/X (sky130_fd_sc_hd__clkbuf_16)
    15    0.04                           clknet_2_0__leaf_clk (net)
                  0.06    0.00   10.34 ^ _721_/CLK (sky130_fd_sc_hd__dfrtp_1)
                         -0.25   10.09   clock uncertainty
                          0.00   10.09   clock reconvergence pessimism
                         -0.11    9.98   library setup time
                                  9.98   data required time
-----------------------------------------------------------------------------
                                  9.98   data required time
                                 -2.84   data arrival time
-----------------------------------------------------------------------------
                                  7.14   slack (MET)


Startpoint: start (input port clocked by clk)
Endpoint: _724_ (rising edge-triggered flip-flop clocked by clk)
Path Group: clk
Path Type: max

Fanout     Cap    Slew   Delay    Time   Description
-----------------------------------------------------------------------------
                          0.00    0.00   clock clk (rise edge)
                          0.00    0.00   clock network delay (propagated)
                          2.00    2.00 ^ input external delay
                  0.02    0.01    2.01 ^ start (in)
     1    0.00                           start (net)
                  0.02    0.00    2.01 ^ input18/A (sky130_fd_sc_hd__clkbuf_2)
                  0.13    0.17    2.18 ^ input18/X (sky130_fd_sc_hd__clkbuf_2)
     5    0.02                           net18 (net)
                  0.13    0.00    2.18 ^ _480_/B (sky130_fd_sc_hd__nor2_1)
                  0.07    0.09    2.27 v _480_/Y (sky130_fd_sc_hd__nor2_1)
     4    0.01                           _238_ (net)
                  0.07    0.00    2.27 v _523_/A (sky130_fd_sc_hd__clkbuf_4)
                  0.08    0.20    2.47 v _523_/X (sky130_fd_sc_hd__clkbuf_4)
    10    0.03                           _275_ (net)
                  0.08    0.00    2.47 v _574_/A2 (sky130_fd_sc_hd__a221o_1)
                  0.05    0.36    2.83 v _574_/X (sky130_fd_sc_hd__a221o_1)
     1    0.00                           _084_ (net)
                  0.05    0.00    2.83 v _724_/D (sky130_fd_sc_hd__dfrtp_1)
                                  2.83   data arrival time

                         10.00   10.00   clock clk (rise edge)
                          0.00   10.00   clock source latency
                  0.08    0.05   10.05 ^ clk (in)
     1    0.02                           clk (net)
                  0.08    0.00   10.05 ^ clkbuf_0_clk/A (sky130_fd_sc_hd__clkbuf_16)
                  0.06    0.15   10.20 ^ clkbuf_0_clk/X (sky130_fd_sc_hd__clkbuf_16)
     4    0.04                           clknet_0_clk (net)
                  0.06    0.00   10.20 ^ clkbuf_2_2__f_clk/A (sky130_fd_sc_hd__clkbuf_16)
                  0.06    0.14   10.34 ^ clkbuf_2_2__f_clk/X (sky130_fd_sc_hd__clkbuf_16)
    13    0.04                           clknet_2_2__leaf_clk (net)
                  0.06    0.00   10.34 ^ _724_/CLK (sky130_fd_sc_hd__dfrtp_1)
                         -0.25   10.09   clock uncertainty
                          0.00   10.09   clock reconvergence pessimism
                         -0.11    9.97   library setup time
                                  9.97   data required time
-----------------------------------------------------------------------------
                                  9.97   data required time
                                 -2.83   data arrival time
-----------------------------------------------------------------------------
                                  7.14   slack (MET)


Startpoint: _725_ (rising edge-triggered flip-flop clocked by clk)
Endpoint: _716_ (rising edge-triggered flip-flop clocked by clk)
Path Group: clk
Path Type: max

Fanout     Cap    Slew   Delay    Time   Description
-----------------------------------------------------------------------------
                          0.00    0.00   clock clk (rise edge)
                          0.00    0.00   clock source latency
                  0.08    0.06    0.06 ^ clk (in)
     1    0.02                           clk (net)
                  0.08    0.00    0.06 ^ clkbuf_0_clk/A (sky130_fd_sc_hd__clkbuf_16)
                  0.06    0.16    0.22 ^ clkbuf_0_clk/X (sky130_fd_sc_hd__clkbuf_16)
     4    0.04                           clknet_0_clk (net)
                  0.06    0.00    0.22 ^ clkbuf_2_0__f_clk/A (sky130_fd_sc_hd__clkbuf_16)
                  0.06    0.16    0.38 ^ clkbuf_2_0__f_clk/X (sky130_fd_sc_hd__clkbuf_16)
    15    0.04                           clknet_2_0__leaf_clk (net)
                  0.06    0.00    0.38 ^ _725_/CLK (sky130_fd_sc_hd__dfrtp_4)
                  0.08    0.53    0.91 v _725_/Q (sky130_fd_sc_hd__dfrtp_4)
     6    0.02                           u_core.M[0] (net)
                  0.08    0.00    0.91 v _354_/B (sky130_fd_sc_hd__nor2_2)
                  0.20    0.19    1.10 ^ _354_/Y (sky130_fd_sc_hd__nor2_2)
     3    0.02                           _115_ (net)
                  0.20    0.00    1.10 ^ _366_/A (sky130_fd_sc_hd__buf_2)
                  0.16    0.25    1.35 ^ _366_/X (sky130_fd_sc_hd__buf_2)
    10    0.03                           _127_ (net)
                  0.16    0.00    1.35 ^ _381_/A (sky130_fd_sc_hd__nand2_2)
                  0.08    0.11    1.46 v _381_/Y (sky130_fd_sc_hd__nand2_2)
     6    0.02                           _142_ (net)
                  0.08    0.00    1.46 v _383_/A2 (sky130_fd_sc_hd__o21ai_1)
                  0.18    0.19    1.66 ^ _383_/Y (sky130_fd_sc_hd__o21ai_1)
     2    0.01                           _144_ (net)
                  0.18    0.00    1.66 ^ _384_/B1 (sky130_fd_sc_hd__o21ai_1)
                  0.09    0.13    1.79 v _384_/Y (sky130_fd_sc_hd__o21ai_1)
     2    0.01                           _145_ (net)
                  0.09    0.00    1.79 v _393_/A2 (sky130_fd_sc_hd__o21ai_2)
                  0.19    0.21    2.00 ^ _393_/Y (sky130_fd_sc_hd__o21ai_2)
     4    0.01                           _154_ (net)
                  0.19    0.00    2.00 ^ _405_/B1 (sky130_fd_sc_hd__o22a_1)
                  0.10    0.22    2.22 ^ _405_/X (sky130_fd_sc_hd__o22a_1)
     3    0.01                           _166_ (net)
                  0.10    0.00    2.22 ^ _482_/A (sky130_fd_sc_hd__nand2_1)
                  0.11    0.13    2.35 v _482_/Y (sky130_fd_sc_hd__nand2_1)
     5    0.01                           _240_ (net)
                  0.11    0.00    2.35 v _511_/B (sky130_fd_sc_hd__or2_1)
                  0.05    0.24    2.58 v _511_/X (sky130_fd_sc_hd__or2_1)
     1    0.00                           _265_ (net)
                  0.05    0.00    2.58 v _513_/B1 (sky130_fd_sc_hd__a22oi_1)
                  0.19    0.18    2.76 ^ _513_/Y (sky130_fd_sc_hd__a22oi_1)
     2    0.01                           _267_ (net)
                  0.19    0.00    2.76 ^ _594_/A2 (sky130_fd_sc_hd__o21ai_1)
                  0.05    0.08    2.84 v _594_/Y (sky130_fd_sc_hd__o21ai_1)
     1    0.00                           _076_ (net)
                  0.05    0.00    2.84 v _716_/D (sky130_fd_sc_hd__dfrtp_1)
                                  2.84   data arrival time

                         10.00   10.00   clock clk (rise edge)
                          0.00   10.00   clock source latency
                  0.08    0.05   10.05 ^ clk (in)
     1    0.02                           clk (net)
                  0.08    0.00   10.05 ^ clkbuf_0_clk/A (sky130_fd_sc_hd__clkbuf_16)
                  0.06    0.15   10.20 ^ clkbuf_0_clk/X (sky130_fd_sc_hd__clkbuf_16)
     4    0.04                           clknet_0_clk (net)
                  0.06    0.00   10.20 ^ clkbuf_2_0__f_clk/A (sky130_fd_sc_hd__clkbuf_16)
                  0.06    0.14   10.34 ^ clkbuf_2_0__f_clk/X (sky130_fd_sc_hd__clkbuf_16)
    15    0.04                           clknet_2_0__leaf_clk (net)
                  0.06    0.00   10.34 ^ _716_/CLK (sky130_fd_sc_hd__dfrtp_1)
                         -0.25   10.09   clock uncertainty
                          0.04   10.13   clock reconvergence pessimism
                         -0.11   10.01   library setup time
                                 10.01   data required time
-----------------------------------------------------------------------------
                                 10.01   data required time
                                 -2.84   data arrival time
-----------------------------------------------------------------------------
                                  7.17   slack (MET)


Startpoint: _699_ (rising edge-triggered flip-flop clocked by clk)
Endpoint: _713_ (rising edge-triggered flip-flop clocked by clk)
Path Group: clk
Path Type: max

Fanout     Cap    Slew   Delay    Time   Description
-----------------------------------------------------------------------------
                          0.00    0.00   clock clk (rise edge)
                          0.00    0.00   clock source latency
                  0.08    0.06    0.06 ^ clk (in)
     1    0.02                           clk (net)
                  0.08    0.00    0.06 ^ clkbuf_0_clk/A (sky130_fd_sc_hd__clkbuf_16)
                  0.06    0.16    0.22 ^ clkbuf_0_clk/X (sky130_fd_sc_hd__clkbuf_16)
     4    0.04                           clknet_0_clk (net)
                  0.06    0.00    0.22 ^ clkbuf_2_1__f_clk/A (sky130_fd_sc_hd__clkbuf_16)
                  0.06    0.15    0.37 ^ clkbuf_2_1__f_clk/X (sky130_fd_sc_hd__clkbuf_16)
    14    0.04                           clknet_2_1__leaf_clk (net)
                  0.06    0.00    0.37 ^ _699_/CLK (sky130_fd_sc_hd__dfrtp_4)
                  0.10    0.55    0.92 v _699_/Q (sky130_fd_sc_hd__dfrtp_4)
     9    0.03                           u_core.Q_1 (net)
                  0.10    0.00    0.93 v _347_/A_N (sky130_fd_sc_hd__and2b_1)
                  0.06    0.23    1.16 ^ _347_/X (sky130_fd_sc_hd__and2b_1)
     2    0.01                           _108_ (net)
                  0.06    0.00    1.16 ^ _348_/A (sky130_fd_sc_hd__clkbuf_4)
                  0.13    0.21    1.37 ^ _348_/X (sky130_fd_sc_hd__clkbuf_4)
    10    0.04                           _109_ (net)
                  0.13    0.00    1.37 ^ _407_/A1 (sky130_fd_sc_hd__o21ai_1)
                  0.06    0.11    1.48 v _407_/Y (sky130_fd_sc_hd__o21ai_1)
     2    0.01                           _168_ (net)
                  0.06    0.00    1.48 v _409_/A (sky130_fd_sc_hd__nand3_1)
                  0.11    0.11    1.59 ^ _409_/Y (sky130_fd_sc_hd__nand3_1)
     3    0.01                           _170_ (net)
                  0.11    0.00    1.59 ^ _414_/A (sky130_fd_sc_hd__nand2_1)
                  0.11    0.13    1.72 v _414_/Y (sky130_fd_sc_hd__nand2_1)
     3    0.01                           _175_ (net)
                  0.11    0.00    1.72 v _428_/A1 (sky130_fd_sc_hd__o21bai_4)
                  0.18    0.23    1.95 ^ _428_/Y (sky130_fd_sc_hd__o21bai_4)
     5    0.02                           _189_ (net)
                  0.18    0.00    1.95 ^ _528_/C1 (sky130_fd_sc_hd__o2111ai_2)
                  0.11    0.17    2.12 v _528_/Y (sky130_fd_sc_hd__o2111ai_2)
     3    0.01                           _279_ (net)
                  0.11    0.00    2.12 v _530_/A4 (sky130_fd_sc_hd__a41o_1)
                  0.04    0.27    2.39 v _530_/X (sky130_fd_sc_hd__a41o_1)
     1    0.00                           _281_ (net)
                  0.04    0.00    2.39 v _531_/B2 (sky130_fd_sc_hd__o221a_1)
                  0.08    0.25    2.64 v _531_/X (sky130_fd_sc_hd__o221a_1)
     2    0.01                           _282_ (net)
                  0.08    0.00    2.64 v _598_/B1 (sky130_fd_sc_hd__a22o_1)
                  0.04    0.19    2.83 v _598_/X (sky130_fd_sc_hd__a22o_1)
     1    0.00                           _073_ (net)
                  0.04    0.00    2.83 v _713_/D (sky130_fd_sc_hd__dfrtp_1)
                                  2.83   data arrival time

                         10.00   10.00   clock clk (rise edge)
                          0.00   10.00   clock source latency
                  0.08    0.05   10.05 ^ clk (in)
     1    0.02                           clk (net)
                  0.08    0.00   10.05 ^ clkbuf_0_clk/A (sky130_fd_sc_hd__clkbuf_16)
                  0.06    0.15   10.20 ^ clkbuf_0_clk/X (sky130_fd_sc_hd__clkbuf_16)
     4    0.04                           clknet_0_clk (net)
                  0.06    0.00   10.20 ^ clkbuf_2_3__f_clk/A (sky130_fd_sc_hd__clkbuf_16)
                  0.06    0.14   10.33 ^ clkbuf_2_3__f_clk/X (sky130_fd_sc_hd__clkbuf_16)
    12    0.03                           clknet_2_3__leaf_clk (net)
                  0.06    0.00   10.33 ^ _713_/CLK (sky130_fd_sc_hd__dfrtp_1)
                         -0.25   10.08   clock uncertainty
                          0.02   10.11   clock reconvergence pessimism
                         -0.11   10.00   library setup time
                                 10.00   data required time
-----------------------------------------------------------------------------
                                 10.00   data required time
                                 -2.83   data arrival time
-----------------------------------------------------------------------------
                                  7.17   slack (MET)


Startpoint: _699_ (rising edge-triggered flip-flop clocked by clk)
Endpoint: _737_ (rising edge-triggered flip-flop clocked by clk)
Path Group: clk
Path Type: max

Fanout     Cap    Slew   Delay    Time   Description
-----------------------------------------------------------------------------
                          0.00    0.00   clock clk (rise edge)
                          0.00    0.00   clock source latency
                  0.08    0.06    0.06 ^ clk (in)
     1    0.02                           clk (net)
                  0.08    0.00    0.06 ^ clkbuf_0_clk/A (sky130_fd_sc_hd__clkbuf_16)
                  0.06    0.16    0.22 ^ clkbuf_0_clk/X (sky130_fd_sc_hd__clkbuf_16)
     4    0.04                           clknet_0_clk (net)
                  0.06    0.00    0.22 ^ clkbuf_2_1__f_clk/A (sky130_fd_sc_hd__clkbuf_16)
                  0.06    0.15    0.37 ^ clkbuf_2_1__f_clk/X (sky130_fd_sc_hd__clkbuf_16)
    14    0.04                           clknet_2_1__leaf_clk (net)
                  0.06    0.00    0.37 ^ _699_/CLK (sky130_fd_sc_hd__dfrtp_4)
                  0.10    0.55    0.92 v _699_/Q (sky130_fd_sc_hd__dfrtp_4)
     9    0.03                           u_core.Q_1 (net)
                  0.10    0.00    0.93 v _347_/A_N (sky130_fd_sc_hd__and2b_1)
                  0.06    0.23    1.16 ^ _347_/X (sky130_fd_sc_hd__and2b_1)
     2    0.01                           _108_ (net)
                  0.06    0.00    1.16 ^ _348_/A (sky130_fd_sc_hd__clkbuf_4)
                  0.13    0.21    1.37 ^ _348_/X (sky130_fd_sc_hd__clkbuf_4)
    10    0.04                           _109_ (net)
                  0.13    0.00    1.37 ^ _407_/A1 (sky130_fd_sc_hd__o21ai_1)
                  0.06    0.11    1.48 v _407_/Y (sky130_fd_sc_hd__o21ai_1)
     2    0.01                           _168_ (net)
                  0.06    0.00    1.48 v _409_/A (sky130_fd_sc_hd__nand3_1)
                  0.11    0.11    1.59 ^ _409_/Y (sky130_fd_sc_hd__nand3_1)
     3    0.01                           _170_ (net)
                  0.11    0.00    1.59 ^ _414_/A (sky130_fd_sc_hd__nand2_1)
                  0.11    0.13    1.72 v _414_/Y (sky130_fd_sc_hd__nand2_1)
     3    0.01                           _175_ (net)
                  0.11    0.00    1.72 v _428_/A1 (sky130_fd_sc_hd__o21bai_4)
                  0.18    0.23    1.95 ^ _428_/Y (sky130_fd_sc_hd__o21bai_4)
     5    0.02                           _189_ (net)
                  0.18    0.00    1.95 ^ _528_/C1 (sky130_fd_sc_hd__o2111ai_2)
                  0.11    0.17    2.12 v _528_/Y (sky130_fd_sc_hd__o2111ai_2)
     3    0.01                           _279_ (net)
                  0.11    0.00    2.12 v _530_/A4 (sky130_fd_sc_hd__a41o_1)
                  0.04    0.27    2.39 v _530_/X (sky130_fd_sc_hd__a41o_1)
     1    0.00                           _281_ (net)
                  0.04    0.00    2.39 v _531_/B2 (sky130_fd_sc_hd__o221a_1)
                  0.08    0.25    2.64 v _531_/X (sky130_fd_sc_hd__o221a_1)
     2    0.01                           _282_ (net)
                  0.08    0.00    2.64 v _532_/B1 (sky130_fd_sc_hd__a21o_1)
                  0.03    0.17    2.80 v _532_/X (sky130_fd_sc_hd__a21o_1)
     1    0.00                           _097_ (net)
                  0.03    0.00    2.80 v _737_/D (sky130_fd_sc_hd__dfrtp_2)
                                  2.80   data arrival time

                         10.00   10.00   clock clk (rise edge)
                          0.00   10.00   clock source latency
                  0.08    0.05   10.05 ^ clk (in)
     1    0.02                           clk (net)
                  0.08    0.00   10.05 ^ clkbuf_0_clk/A (sky130_fd_sc_hd__clkbuf_16)
                  0.06    0.15   10.20 ^ clkbuf_0_clk/X (sky130_fd_sc_hd__clkbuf_16)
     4    0.04                           clknet_0_clk (net)
                  0.06    0.00   10.20 ^ clkbuf_2_1__f_clk/A (sky130_fd_sc_hd__clkbuf_16)
                  0.06    0.14   10.34 ^ clkbuf_2_1__f_clk/X (sky130_fd_sc_hd__clkbuf_16)
    14    0.04                           clknet_2_1__leaf_clk (net)
                  0.06    0.00   10.34 ^ _737_/CLK (sky130_fd_sc_hd__dfrtp_2)
                         -0.25   10.09   clock uncertainty
                          0.04   10.12   clock reconvergence pessimism
                         -0.11   10.01   library setup time
                                 10.01   data required time
-----------------------------------------------------------------------------
                                 10.01   data required time
                                 -2.80   data arrival time
-----------------------------------------------------------------------------
                                  7.21   slack (MET)


Startpoint: start (input port clocked by clk)
Endpoint: _726_ (rising edge-triggered flip-flop clocked by clk)
Path Group: clk
Path Type: max

Fanout     Cap    Slew   Delay    Time   Description
-----------------------------------------------------------------------------
                          0.00    0.00   clock clk (rise edge)
                          0.00    0.00   clock network delay (propagated)
                          2.00    2.00 v input external delay
                  0.01    0.00    2.00 v start (in)
     1    0.00                           start (net)
                  0.01    0.00    2.00 v input18/A (sky130_fd_sc_hd__clkbuf_2)
                  0.09    0.14    2.15 v input18/X (sky130_fd_sc_hd__clkbuf_2)
     5    0.02                           net18 (net)
                  0.09    0.00    2.15 v _554_/B (sky130_fd_sc_hd__nand2_4)
                  0.16    0.17    2.32 ^ _554_/Y (sky130_fd_sc_hd__nand2_4)
    10    0.05                           _300_ (net)
                  0.16    0.00    2.33 ^ _567_/S (sky130_fd_sc_hd__mux2_1)
                  0.06    0.35    2.68 v _567_/X (sky130_fd_sc_hd__mux2_1)
     1    0.00                           _307_ (net)
                  0.06    0.00    2.68 v _568_/A (sky130_fd_sc_hd__clkbuf_1)
                  0.03    0.10    2.77 v _568_/X (sky130_fd_sc_hd__clkbuf_1)
     1    0.00                           _086_ (net)
                  0.03    0.00    2.77 v _726_/D (sky130_fd_sc_hd__dfrtp_1)
                                  2.77   data arrival time

                         10.00   10.00   clock clk (rise edge)
                          0.00   10.00   clock source latency
                  0.08    0.05   10.05 ^ clk (in)
     1    0.02                           clk (net)
                  0.08    0.00   10.05 ^ clkbuf_0_clk/A (sky130_fd_sc_hd__clkbuf_16)
                  0.06    0.15   10.20 ^ clkbuf_0_clk/X (sky130_fd_sc_hd__clkbuf_16)
     4    0.04                           clknet_0_clk (net)
                  0.06    0.00   10.20 ^ clkbuf_2_0__f_clk/A (sky130_fd_sc_hd__clkbuf_16)
                  0.06    0.14   10.34 ^ clkbuf_2_0__f_clk/X (sky130_fd_sc_hd__clkbuf_16)
    15    0.04                           clknet_2_0__leaf_clk (net)
                  0.06    0.00   10.34 ^ _726_/CLK (sky130_fd_sc_hd__dfrtp_1)
                         -0.25   10.09   clock uncertainty
                          0.00   10.09   clock reconvergence pessimism
                         -0.10    9.99   library setup time
                                  9.99   data required time
-----------------------------------------------------------------------------
                                  9.99   data required time
                                 -2.77   data arrival time
-----------------------------------------------------------------------------
                                  7.21   slack (MET)


Startpoint: start (input port clocked by clk)
Endpoint: _728_ (rising edge-triggered flip-flop clocked by clk)
Path Group: clk
Path Type: max

Fanout     Cap    Slew   Delay    Time   Description
-----------------------------------------------------------------------------
                          0.00    0.00   clock clk (rise edge)
                          0.00    0.00   clock network delay (propagated)
                          2.00    2.00 v input external delay
                  0.01    0.00    2.00 v start (in)
     1    0.00                           start (net)
                  0.01    0.00    2.00 v input18/A (sky130_fd_sc_hd__clkbuf_2)
                  0.09    0.14    2.15 v input18/X (sky130_fd_sc_hd__clkbuf_2)
     5    0.02                           net18 (net)
                  0.09    0.00    2.15 v _554_/B (sky130_fd_sc_hd__nand2_4)
                  0.16    0.17    2.32 ^ _554_/Y (sky130_fd_sc_hd__nand2_4)
    10    0.05                           _300_ (net)
                  0.16    0.00    2.32 ^ _563_/S (sky130_fd_sc_hd__mux2_1)
                  0.05    0.35    2.67 v _563_/X (sky130_fd_sc_hd__mux2_1)
     1    0.00                           _305_ (net)
                  0.05    0.00    2.67 v _564_/A (sky130_fd_sc_hd__clkbuf_1)
                  0.02    0.09    2.76 v _564_/X (sky130_fd_sc_hd__clkbuf_1)
     1    0.00                           _088_ (net)
                  0.02    0.00    2.76 v _728_/D (sky130_fd_sc_hd__dfrtp_4)
                                  2.76   data arrival time

                         10.00   10.00   clock clk (rise edge)
                          0.00   10.00   clock source latency
                  0.08    0.05   10.05 ^ clk (in)
     1    0.02                           clk (net)
                  0.08    0.00   10.05 ^ clkbuf_0_clk/A (sky130_fd_sc_hd__clkbuf_16)
                  0.06    0.15   10.20 ^ clkbuf_0_clk/X (sky130_fd_sc_hd__clkbuf_16)
     4    0.04                           clknet_0_clk (net)
                  0.06    0.00   10.20 ^ clkbuf_2_3__f_clk/A (sky130_fd_sc_hd__clkbuf_16)
                  0.06    0.14   10.33 ^ clkbuf_2_3__f_clk/X (sky130_fd_sc_hd__clkbuf_16)
    12    0.03                           clknet_2_3__leaf_clk (net)
                  0.06    0.00   10.33 ^ _728_/CLK (sky130_fd_sc_hd__dfrtp_4)
                         -0.25   10.08   clock uncertainty
                          0.00   10.08   clock reconvergence pessimism
                         -0.10    9.98   library setup time
                                  9.98   data required time
-----------------------------------------------------------------------------
                                  9.98   data required time
                                 -2.76   data arrival time
-----------------------------------------------------------------------------
                                  7.22   slack (MET)


Startpoint: start (input port clocked by clk)
Endpoint: _730_ (rising edge-triggered flip-flop clocked by clk)
Path Group: clk
Path Type: max

Fanout     Cap    Slew   Delay    Time   Description
-----------------------------------------------------------------------------
                          0.00    0.00   clock clk (rise edge)
                          0.00    0.00   clock network delay (propagated)
                          2.00    2.00 v input external delay
                  0.01    0.00    2.00 v start (in)
     1    0.00                           start (net)
                  0.01    0.00    2.00 v input18/A (sky130_fd_sc_hd__clkbuf_2)
                  0.09    0.14    2.15 v input18/X (sky130_fd_sc_hd__clkbuf_2)
     5    0.02                           net18 (net)
                  0.09    0.00    2.15 v _554_/B (sky130_fd_sc_hd__nand2_4)
                  0.16    0.17    2.32 ^ _554_/Y (sky130_fd_sc_hd__nand2_4)
    10    0.05                           _300_ (net)
                  0.16    0.00    2.33 ^ _559_/S (sky130_fd_sc_hd__mux2_1)
                  0.05    0.35    2.67 v _559_/X (sky130_fd_sc_hd__mux2_1)
     1    0.00                           _303_ (net)
                  0.05    0.00    2.67 v _560_/A (sky130_fd_sc_hd__clkbuf_1)
                  0.02    0.09    2.77 v _560_/X (sky130_fd_sc_hd__clkbuf_1)
     1    0.00                           _090_ (net)
                  0.02    0.00    2.77 v _730_/D (sky130_fd_sc_hd__dfrtp_2)
                                  2.77   data arrival time

                         10.00   10.00   clock clk (rise edge)
                          0.00   10.00   clock source latency
                  0.08    0.05   10.05 ^ clk (in)
     1    0.02                           clk (net)
                  0.08    0.00   10.05 ^ clkbuf_0_clk/A (sky130_fd_sc_hd__clkbuf_16)
                  0.06    0.15   10.20 ^ clkbuf_0_clk/X (sky130_fd_sc_hd__clkbuf_16)
     4    0.04                           clknet_0_clk (net)
                  0.06    0.00   10.20 ^ clkbuf_2_0__f_clk/A (sky130_fd_sc_hd__clkbuf_16)
                  0.06    0.14   10.34 ^ clkbuf_2_0__f_clk/X (sky130_fd_sc_hd__clkbuf_16)
    15    0.04                           clknet_2_0__leaf_clk (net)
                  0.06    0.00   10.34 ^ _730_/CLK (sky130_fd_sc_hd__dfrtp_2)
                         -0.25   10.09   clock uncertainty
                          0.00   10.09   clock reconvergence pessimism
                         -0.10    9.99   library setup time
                                  9.99   data required time
-----------------------------------------------------------------------------
                                  9.99   data required time
                                 -2.77   data arrival time
-----------------------------------------------------------------------------
                                  7.22   slack (MET)


Startpoint: start (input port clocked by clk)
Endpoint: _731_ (rising edge-triggered flip-flop clocked by clk)
Path Group: clk
Path Type: max

Fanout     Cap    Slew   Delay    Time   Description
-----------------------------------------------------------------------------
                          0.00    0.00   clock clk (rise edge)
                          0.00    0.00   clock network delay (propagated)
                          2.00    2.00 v input external delay
                  0.01    0.00    2.00 v start (in)
     1    0.00                           start (net)
                  0.01    0.00    2.00 v input18/A (sky130_fd_sc_hd__clkbuf_2)
                  0.09    0.14    2.15 v input18/X (sky130_fd_sc_hd__clkbuf_2)
     5    0.02                           net18 (net)
                  0.09    0.00    2.15 v _554_/B (sky130_fd_sc_hd__nand2_4)
                  0.16    0.17    2.32 ^ _554_/Y (sky130_fd_sc_hd__nand2_4)
    10    0.05                           _300_ (net)
                  0.16    0.00    2.32 ^ _557_/S (sky130_fd_sc_hd__mux2_1)
                  0.05    0.35    2.67 v _557_/X (sky130_fd_sc_hd__mux2_1)
     1    0.00                           _302_ (net)
                  0.05    0.00    2.67 v _558_/A (sky130_fd_sc_hd__clkbuf_1)
                  0.02    0.09    2.76 v _558_/X (sky130_fd_sc_hd__clkbuf_1)
     1    0.00                           _091_ (net)
                  0.02    0.00    2.76 v _731_/D (sky130_fd_sc_hd__dfrtp_4)
                                  2.76   data arrival time

                         10.00   10.00   clock clk (rise edge)
                          0.00   10.00   clock source latency
                  0.08    0.05   10.05 ^ clk (in)
     1    0.02                           clk (net)
                  0.08    0.00   10.05 ^ clkbuf_0_clk/A (sky130_fd_sc_hd__clkbuf_16)
                  0.06    0.15   10.20 ^ clkbuf_0_clk/X (sky130_fd_sc_hd__clkbuf_16)
     4    0.04                           clknet_0_clk (net)
                  0.06    0.00   10.20 ^ clkbuf_2_1__f_clk/A (sky130_fd_sc_hd__clkbuf_16)
                  0.06    0.14   10.34 ^ clkbuf_2_1__f_clk/X (sky130_fd_sc_hd__clkbuf_16)
    14    0.04                           clknet_2_1__leaf_clk (net)
                  0.06    0.00   10.34 ^ _731_/CLK (sky130_fd_sc_hd__dfrtp_4)
                         -0.25   10.09   clock uncertainty
                          0.00   10.09   clock reconvergence pessimism
                         -0.10    9.98   library setup time
                                  9.98   data required time
-----------------------------------------------------------------------------
                                  9.98   data required time
                                 -2.76   data arrival time
-----------------------------------------------------------------------------
                                  7.22   slack (MET)


Startpoint: start (input port clocked by clk)
Endpoint: _732_ (rising edge-triggered flip-flop clocked by clk)
Path Group: clk
Path Type: max

Fanout     Cap    Slew   Delay    Time   Description
-----------------------------------------------------------------------------
                          0.00    0.00   clock clk (rise edge)
                          0.00    0.00   clock network delay (propagated)
                          2.00    2.00 v input external delay
                  0.01    0.00    2.00 v start (in)
     1    0.00                           start (net)
                  0.01    0.00    2.00 v input18/A (sky130_fd_sc_hd__clkbuf_2)
                  0.09    0.14    2.15 v input18/X (sky130_fd_sc_hd__clkbuf_2)
     5    0.02                           net18 (net)
                  0.09    0.00    2.15 v _554_/B (sky130_fd_sc_hd__nand2_4)
                  0.16    0.17    2.32 ^ _554_/Y (sky130_fd_sc_hd__nand2_4)
    10    0.05                           _300_ (net)
                  0.16    0.00    2.32 ^ _555_/S (sky130_fd_sc_hd__mux2_1)
                  0.05    0.34    2.67 v _555_/X (sky130_fd_sc_hd__mux2_1)
     1    0.00                           _301_ (net)
                  0.05    0.00    2.67 v _556_/A (sky130_fd_sc_hd__clkbuf_1)
                  0.02    0.09    2.76 v _556_/X (sky130_fd_sc_hd__clkbuf_1)
     1    0.00                           _092_ (net)
                  0.02    0.00    2.76 v _732_/D (sky130_fd_sc_hd__dfrtp_4)
                                  2.76   data arrival time

                         10.00   10.00   clock clk (rise edge)
                          0.00   10.00   clock source latency
                  0.08    0.05   10.05 ^ clk (in)
     1    0.02                           clk (net)
                  0.08    0.00   10.05 ^ clkbuf_0_clk/A (sky130_fd_sc_hd__clkbuf_16)
                  0.06    0.15   10.20 ^ clkbuf_0_clk/X (sky130_fd_sc_hd__clkbuf_16)
     4    0.04                           clknet_0_clk (net)
                  0.06    0.00   10.20 ^ clkbuf_2_3__f_clk/A (sky130_fd_sc_hd__clkbuf_16)
                  0.06    0.14   10.33 ^ clkbuf_2_3__f_clk/X (sky130_fd_sc_hd__clkbuf_16)
    12    0.03                           clknet_2_3__leaf_clk (net)
                  0.06    0.00   10.33 ^ _732_/CLK (sky130_fd_sc_hd__dfrtp_4)
                         -0.25   10.08   clock uncertainty
                          0.00   10.08   clock reconvergence pessimism
                         -0.10    9.98   library setup time
                                  9.98   data required time
-----------------------------------------------------------------------------
                                  9.98   data required time
                                 -2.76   data arrival time
-----------------------------------------------------------------------------
                                  7.22   slack (MET)


Startpoint: start (input port clocked by clk)
Endpoint: _727_ (rising edge-triggered flip-flop clocked by clk)
Path Group: clk
Path Type: max

Fanout     Cap    Slew   Delay    Time   Description
-----------------------------------------------------------------------------
                          0.00    0.00   clock clk (rise edge)
                          0.00    0.00   clock network delay (propagated)
                          2.00    2.00 v input external delay
                  0.01    0.00    2.00 v start (in)
     1    0.00                           start (net)
                  0.01    0.00    2.00 v input18/A (sky130_fd_sc_hd__clkbuf_2)
                  0.09    0.14    2.15 v input18/X (sky130_fd_sc_hd__clkbuf_2)
     5    0.02                           net18 (net)
                  0.09    0.00    2.15 v _554_/B (sky130_fd_sc_hd__nand2_4)
                  0.16    0.17    2.32 ^ _554_/Y (sky130_fd_sc_hd__nand2_4)
    10    0.05                           _300_ (net)
                  0.16    0.00    2.33 ^ _565_/S (sky130_fd_sc_hd__mux2_1)
                  0.05    0.35    2.67 v _565_/X (sky130_fd_sc_hd__mux2_1)
     1    0.00                           _306_ (net)
                  0.05    0.00    2.67 v _566_/A (sky130_fd_sc_hd__clkbuf_1)
                  0.02    0.09    2.77 v _566_/X (sky130_fd_sc_hd__clkbuf_1)
     1    0.00                           _087_ (net)
                  0.02    0.00    2.77 v _727_/D (sky130_fd_sc_hd__dfrtp_4)
                                  2.77   data arrival time

                         10.00   10.00   clock clk (rise edge)
                          0.00   10.00   clock source latency
                  0.08    0.05   10.05 ^ clk (in)
     1    0.02                           clk (net)
                  0.08    0.00   10.05 ^ clkbuf_0_clk/A (sky130_fd_sc_hd__clkbuf_16)
                  0.06    0.15   10.20 ^ clkbuf_0_clk/X (sky130_fd_sc_hd__clkbuf_16)
     4    0.04                           clknet_0_clk (net)
                  0.06    0.00   10.20 ^ clkbuf_2_0__f_clk/A (sky130_fd_sc_hd__clkbuf_16)
                  0.06    0.14   10.34 ^ clkbuf_2_0__f_clk/X (sky130_fd_sc_hd__clkbuf_16)
    15    0.04                           clknet_2_0__leaf_clk (net)
                  0.06    0.00   10.34 ^ _727_/CLK (sky130_fd_sc_hd__dfrtp_4)
                         -0.25   10.09   clock uncertainty
                          0.00   10.09   clock reconvergence pessimism
                         -0.10    9.99   library setup time
                                  9.99   data required time
-----------------------------------------------------------------------------
                                  9.99   data required time
                                 -2.77   data arrival time
-----------------------------------------------------------------------------
                                  7.22   slack (MET)


Startpoint: start (input port clocked by clk)
Endpoint: _725_ (rising edge-triggered flip-flop clocked by clk)
Path Group: clk
Path Type: max

Fanout     Cap    Slew   Delay    Time   Description
-----------------------------------------------------------------------------
                          0.00    0.00   clock clk (rise edge)
                          0.00    0.00   clock network delay (propagated)
                          2.00    2.00 v input external delay
                  0.01    0.00    2.00 v start (in)
     1    0.00                           start (net)
                  0.01    0.00    2.00 v input18/A (sky130_fd_sc_hd__clkbuf_2)
                  0.09    0.14    2.15 v input18/X (sky130_fd_sc_hd__clkbuf_2)
     5    0.02                           net18 (net)
                  0.09    0.00    2.15 v _554_/B (sky130_fd_sc_hd__nand2_4)
                  0.16    0.17    2.32 ^ _554_/Y (sky130_fd_sc_hd__nand2_4)
    10    0.05                           _300_ (net)
                  0.16    0.00    2.33 ^ _569_/S (sky130_fd_sc_hd__mux2_1)
                  0.05    0.34    2.67 v _569_/X (sky130_fd_sc_hd__mux2_1)
     1    0.00                           _308_ (net)
                  0.05    0.00    2.67 v _570_/A (sky130_fd_sc_hd__clkbuf_1)
                  0.02    0.09    2.76 v _570_/X (sky130_fd_sc_hd__clkbuf_1)
     1    0.00                           _085_ (net)
                  0.02    0.00    2.76 v _725_/D (sky130_fd_sc_hd__dfrtp_4)
                                  2.76   data arrival time

                         10.00   10.00   clock clk (rise edge)
                          0.00   10.00   clock source latency
                  0.08    0.05   10.05 ^ clk (in)
     1    0.02                           clk (net)
                  0.08    0.00   10.05 ^ clkbuf_0_clk/A (sky130_fd_sc_hd__clkbuf_16)
                  0.06    0.15   10.20 ^ clkbuf_0_clk/X (sky130_fd_sc_hd__clkbuf_16)
     4    0.04                           clknet_0_clk (net)
                  0.06    0.00   10.20 ^ clkbuf_2_0__f_clk/A (sky130_fd_sc_hd__clkbuf_16)
                  0.06    0.14   10.34 ^ clkbuf_2_0__f_clk/X (sky130_fd_sc_hd__clkbuf_16)
    15    0.04                           clknet_2_0__leaf_clk (net)
                  0.06    0.00   10.34 ^ _725_/CLK (sky130_fd_sc_hd__dfrtp_4)
                         -0.25   10.09   clock uncertainty
                          0.00   10.09   clock reconvergence pessimism
                         -0.10    9.99   library setup time
                                  9.99   data required time
-----------------------------------------------------------------------------
                                  9.99   data required time
                                 -2.76   data arrival time
-----------------------------------------------------------------------------
                                  7.23   slack (MET)


Startpoint: start (input port clocked by clk)
Endpoint: _729_ (rising edge-triggered flip-flop clocked by clk)
Path Group: clk
Path Type: max

Fanout     Cap    Slew   Delay    Time   Description
-----------------------------------------------------------------------------
                          0.00    0.00   clock clk (rise edge)
                          0.00    0.00   clock network delay (propagated)
                          2.00    2.00 v input external delay
                  0.01    0.00    2.00 v start (in)
     1    0.00                           start (net)
                  0.01    0.00    2.00 v input18/A (sky130_fd_sc_hd__clkbuf_2)
                  0.09    0.14    2.15 v input18/X (sky130_fd_sc_hd__clkbuf_2)
     5    0.02                           net18 (net)
                  0.09    0.00    2.15 v _554_/B (sky130_fd_sc_hd__nand2_4)
                  0.16    0.17    2.32 ^ _554_/Y (sky130_fd_sc_hd__nand2_4)
    10    0.05                           _300_ (net)
                  0.16    0.00    2.33 ^ _561_/S (sky130_fd_sc_hd__mux2_1)
                  0.05    0.34    2.67 v _561_/X (sky130_fd_sc_hd__mux2_1)
     1    0.00                           _304_ (net)
                  0.05    0.00    2.67 v _562_/A (sky130_fd_sc_hd__clkbuf_1)
                  0.02    0.09    2.76 v _562_/X (sky130_fd_sc_hd__clkbuf_1)
     1    0.00                           _089_ (net)
                  0.02    0.00    2.76 v _729_/D (sky130_fd_sc_hd__dfrtp_4)
                                  2.76   data arrival time

                         10.00   10.00   clock clk (rise edge)
                          0.00   10.00   clock source latency
                  0.08    0.05   10.05 ^ clk (in)
     1    0.02                           clk (net)
                  0.08    0.00   10.05 ^ clkbuf_0_clk/A (sky130_fd_sc_hd__clkbuf_16)
                  0.06    0.15   10.20 ^ clkbuf_0_clk/X (sky130_fd_sc_hd__clkbuf_16)
     4    0.04                           clknet_0_clk (net)
                  0.06    0.00   10.20 ^ clkbuf_2_0__f_clk/A (sky130_fd_sc_hd__clkbuf_16)
                  0.06    0.14   10.34 ^ clkbuf_2_0__f_clk/X (sky130_fd_sc_hd__clkbuf_16)
    15    0.04                           clknet_2_0__leaf_clk (net)
                  0.06    0.00   10.34 ^ _729_/CLK (sky130_fd_sc_hd__dfrtp_4)
                         -0.25   10.09   clock uncertainty
                          0.00   10.09   clock reconvergence pessimism
                         -0.10    9.99   library setup time
                                  9.99   data required time
-----------------------------------------------------------------------------
                                  9.99   data required time
                                 -2.76   data arrival time
-----------------------------------------------------------------------------
                                  7.23   slack (MET)


Startpoint: start (input port clocked by clk)
Endpoint: _736_ (rising edge-triggered flip-flop clocked by clk)
Path Group: clk
Path Type: max

Fanout     Cap    Slew   Delay    Time   Description
-----------------------------------------------------------------------------
                          0.00    0.00   clock clk (rise edge)
                          0.00    0.00   clock network delay (propagated)
                          2.00    2.00 v input external delay
                  0.01    0.00    2.00 v start (in)
     1    0.00                           start (net)
                  0.01    0.00    2.00 v input18/A (sky130_fd_sc_hd__clkbuf_2)
                  0.09    0.14    2.15 v input18/X (sky130_fd_sc_hd__clkbuf_2)
     5    0.02                           net18 (net)
                  0.09    0.00    2.15 v _480_/B (sky130_fd_sc_hd__nor2_1)
                  0.21    0.20    2.35 ^ _480_/Y (sky130_fd_sc_hd__nor2_1)
     4    0.01                           _238_ (net)
                  0.21    0.00    2.35 ^ _523_/A (sky130_fd_sc_hd__clkbuf_4)
                  0.12    0.26    2.61 ^ _523_/X (sky130_fd_sc_hd__clkbuf_4)
    10    0.04                           _275_ (net)
                  0.12    0.00    2.61 ^ _537_/A2 (sky130_fd_sc_hd__a22o_1)
                  0.04    0.15    2.77 ^ _537_/X (sky130_fd_sc_hd__a22o_1)
     1    0.00                           _096_ (net)
                  0.04    0.00    2.77 ^ _736_/D (sky130_fd_sc_hd__dfrtp_2)
                                  2.77   data arrival time

                         10.00   10.00   clock clk (rise edge)
                          0.00   10.00   clock source latency
                  0.08    0.05   10.05 ^ clk (in)
     1    0.02                           clk (net)
                  0.08    0.00   10.05 ^ clkbuf_0_clk/A (sky130_fd_sc_hd__clkbuf_16)
                  0.06    0.15   10.20 ^ clkbuf_0_clk/X (sky130_fd_sc_hd__clkbuf_16)
     4    0.04                           clknet_0_clk (net)
                  0.06    0.00   10.20 ^ clkbuf_2_1__f_clk/A (sky130_fd_sc_hd__clkbuf_16)
                  0.06    0.14   10.34 ^ clkbuf_2_1__f_clk/X (sky130_fd_sc_hd__clkbuf_16)
    14    0.04                           clknet_2_1__leaf_clk (net)
                  0.06    0.00   10.34 ^ _736_/CLK (sky130_fd_sc_hd__dfrtp_2)
                         -0.25   10.09   clock uncertainty
                          0.00   10.09   clock reconvergence pessimism
                         -0.06   10.03   library setup time
                                 10.03   data required time
-----------------------------------------------------------------------------
                                 10.03   data required time
                                 -2.77   data arrival time
-----------------------------------------------------------------------------
                                  7.26   slack (MET)


Startpoint: start (input port clocked by clk)
Endpoint: _734_ (rising edge-triggered flip-flop clocked by clk)
Path Group: clk
Path Type: max

Fanout     Cap    Slew   Delay    Time   Description
-----------------------------------------------------------------------------
                          0.00    0.00   clock clk (rise edge)
                          0.00    0.00   clock network delay (propagated)
                          2.00    2.00 v input external delay
                  0.01    0.00    2.00 v start (in)
     1    0.00                           start (net)
                  0.01    0.00    2.00 v input18/A (sky130_fd_sc_hd__clkbuf_2)
                  0.09    0.14    2.15 v input18/X (sky130_fd_sc_hd__clkbuf_2)
     5    0.02                           net18 (net)
                  0.09    0.00    2.15 v _480_/B (sky130_fd_sc_hd__nor2_1)
                  0.21    0.20    2.35 ^ _480_/Y (sky130_fd_sc_hd__nor2_1)
     4    0.01                           _238_ (net)
                  0.21    0.00    2.35 ^ _523_/A (sky130_fd_sc_hd__clkbuf_4)
                  0.12    0.26    2.61 ^ _523_/X (sky130_fd_sc_hd__clkbuf_4)
    10    0.04                           _275_ (net)
                  0.12    0.00    2.61 ^ _548_/A2 (sky130_fd_sc_hd__a22o_1)
                  0.05    0.16    2.77 ^ _548_/X (sky130_fd_sc_hd__a22o_1)
     1    0.00                           _094_ (net)
                  0.05    0.00    2.77 ^ _734_/D (sky130_fd_sc_hd__dfrtp_1)
                                  2.77   data arrival time

                         10.00   10.00   clock clk (rise edge)
                          0.00   10.00   clock source latency
                  0.08    0.05   10.05 ^ clk (in)
     1    0.02                           clk (net)
                  0.08    0.00   10.05 ^ clkbuf_0_clk/A (sky130_fd_sc_hd__clkbuf_16)
                  0.06    0.15   10.20 ^ clkbuf_0_clk/X (sky130_fd_sc_hd__clkbuf_16)
     4    0.04                           clknet_0_clk (net)
                  0.06    0.00   10.20 ^ clkbuf_2_0__f_clk/A (sky130_fd_sc_hd__clkbuf_16)
                  0.06    0.14   10.34 ^ clkbuf_2_0__f_clk/X (sky130_fd_sc_hd__clkbuf_16)
    15    0.04                           clknet_2_0__leaf_clk (net)
                  0.06    0.00   10.34 ^ _734_/CLK (sky130_fd_sc_hd__dfrtp_1)
                         -0.25   10.09   clock uncertainty
                          0.00   10.09   clock reconvergence pessimism
                         -0.06   10.03   library setup time
                                 10.03   data required time
-----------------------------------------------------------------------------
                                 10.03   data required time
                                 -2.77   data arrival time
-----------------------------------------------------------------------------
                                  7.26   slack (MET)


Startpoint: start (input port clocked by clk)
Endpoint: _733_ (rising edge-triggered flip-flop clocked by clk)
Path Group: clk
Path Type: max

Fanout     Cap    Slew   Delay    Time   Description
-----------------------------------------------------------------------------
                          0.00    0.00   clock clk (rise edge)
                          0.00    0.00   clock network delay (propagated)
                          2.00    2.00 v input external delay
                  0.01    0.00    2.00 v start (in)
     1    0.00                           start (net)
                  0.01    0.00    2.00 v input18/A (sky130_fd_sc_hd__clkbuf_2)
                  0.09    0.14    2.15 v input18/X (sky130_fd_sc_hd__clkbuf_2)
     5    0.02                           net18 (net)
                  0.09    0.00    2.15 v _480_/B (sky130_fd_sc_hd__nor2_1)
                  0.21    0.20    2.35 ^ _480_/Y (sky130_fd_sc_hd__nor2_1)
     4    0.01                           _238_ (net)
                  0.21    0.00    2.35 ^ _523_/A (sky130_fd_sc_hd__clkbuf_4)
                  0.12    0.26    2.61 ^ _523_/X (sky130_fd_sc_hd__clkbuf_4)
    10    0.04                           _275_ (net)
                  0.12    0.00    2.61 ^ _553_/A2 (sky130_fd_sc_hd__a22o_1)
                  0.04    0.15    2.77 ^ _553_/X (sky130_fd_sc_hd__a22o_1)
     1    0.00                           _093_ (net)
                  0.04    0.00    2.77 ^ _733_/D (sky130_fd_sc_hd__dfrtp_1)
                                  2.77   data arrival time

                         10.00   10.00   clock clk (rise edge)
                          0.00   10.00   clock source latency
                  0.08    0.05   10.05 ^ clk (in)
     1    0.02                           clk (net)
                  0.08    0.00   10.05 ^ clkbuf_0_clk/A (sky130_fd_sc_hd__clkbuf_16)
                  0.06    0.15   10.20 ^ clkbuf_0_clk/X (sky130_fd_sc_hd__clkbuf_16)
     4    0.04                           clknet_0_clk (net)
                  0.06    0.00   10.20 ^ clkbuf_2_0__f_clk/A (sky130_fd_sc_hd__clkbuf_16)
                  0.06    0.14   10.34 ^ clkbuf_2_0__f_clk/X (sky130_fd_sc_hd__clkbuf_16)
    15    0.04                           clknet_2_0__leaf_clk (net)
                  0.06    0.00   10.34 ^ _733_/CLK (sky130_fd_sc_hd__dfrtp_1)
                         -0.25   10.09   clock uncertainty
                          0.00   10.09   clock reconvergence pessimism
                         -0.06   10.03   library setup time
                                 10.03   data required time
-----------------------------------------------------------------------------
                                 10.03   data required time
                                 -2.77   data arrival time
-----------------------------------------------------------------------------
                                  7.27   slack (MET)


Startpoint: start (input port clocked by clk)
Endpoint: _699_ (rising edge-triggered flip-flop clocked by clk)
Path Group: clk
Path Type: max

Fanout     Cap    Slew   Delay    Time   Description
-----------------------------------------------------------------------------
                          0.00    0.00   clock clk (rise edge)
                          0.00    0.00   clock network delay (propagated)
                          2.00    2.00 v input external delay
                  0.01    0.00    2.00 v start (in)
     1    0.00                           start (net)
                  0.01    0.00    2.00 v input18/A (sky130_fd_sc_hd__clkbuf_2)
                  0.09    0.14    2.15 v input18/X (sky130_fd_sc_hd__clkbuf_2)
     5    0.02                           net18 (net)
                  0.09    0.00    2.15 v _480_/B (sky130_fd_sc_hd__nor2_1)
                  0.21    0.20    2.35 ^ _480_/Y (sky130_fd_sc_hd__nor2_1)
     4    0.01                           _238_ (net)
                  0.21    0.00    2.35 ^ _481_/A (sky130_fd_sc_hd__clkbuf_4)
                  0.13    0.27    2.62 ^ _481_/X (sky130_fd_sc_hd__clkbuf_4)
    10    0.04                           _239_ (net)
                  0.13    0.00    2.62 ^ _623_/B1 (sky130_fd_sc_hd__a22o_1)
                  0.04    0.14    2.76 ^ _623_/X (sky130_fd_sc_hd__a22o_1)
     1    0.00                           _059_ (net)
                  0.04    0.00    2.76 ^ _699_/D (sky130_fd_sc_hd__dfrtp_4)
                                  2.76   data arrival time

                         10.00   10.00   clock clk (rise edge)
                          0.00   10.00   clock source latency
                  0.08    0.05   10.05 ^ clk (in)
     1    0.02                           clk (net)
                  0.08    0.00   10.05 ^ clkbuf_0_clk/A (sky130_fd_sc_hd__clkbuf_16)
                  0.06    0.15   10.20 ^ clkbuf_0_clk/X (sky130_fd_sc_hd__clkbuf_16)
     4    0.04                           clknet_0_clk (net)
                  0.06    0.00   10.20 ^ clkbuf_2_1__f_clk/A (sky130_fd_sc_hd__clkbuf_16)
                  0.06    0.14   10.34 ^ clkbuf_2_1__f_clk/X (sky130_fd_sc_hd__clkbuf_16)
    14    0.04                           clknet_2_1__leaf_clk (net)
                  0.06    0.00   10.34 ^ _699_/CLK (sky130_fd_sc_hd__dfrtp_4)
                         -0.25   10.09   clock uncertainty
                          0.00   10.09   clock reconvergence pessimism
                         -0.06   10.03   library setup time
                                 10.03   data required time
-----------------------------------------------------------------------------
                                 10.03   data required time
                                 -2.76   data arrival time
-----------------------------------------------------------------------------
                                  7.27   slack (MET)


Startpoint: start (input port clocked by clk)
Endpoint: _694_ (rising edge-triggered flip-flop clocked by clk)
Path Group: clk
Path Type: max

Fanout     Cap    Slew   Delay    Time   Description
-----------------------------------------------------------------------------
                          0.00    0.00   clock clk (rise edge)
                          0.00    0.00   clock network delay (propagated)
                          2.00    2.00 v input external delay
                  0.01    0.00    2.00 v start (in)
     1    0.00                           start (net)
                  0.01    0.00    2.00 v input18/A (sky130_fd_sc_hd__clkbuf_2)
                  0.09    0.14    2.15 v input18/X (sky130_fd_sc_hd__clkbuf_2)
     5    0.02                           net18 (net)
                  0.09    0.00    2.15 v _480_/B (sky130_fd_sc_hd__nor2_1)
                  0.21    0.20    2.35 ^ _480_/Y (sky130_fd_sc_hd__nor2_1)
     4    0.01                           _238_ (net)
                  0.21    0.00    2.35 ^ _481_/A (sky130_fd_sc_hd__clkbuf_4)
                  0.13    0.27    2.62 ^ _481_/X (sky130_fd_sc_hd__clkbuf_4)
    10    0.04                           _239_ (net)
                  0.13    0.00    2.62 ^ _632_/A2 (sky130_fd_sc_hd__a21bo_1)
                  0.03    0.13    2.74 ^ _632_/X (sky130_fd_sc_hd__a21bo_1)
     1    0.00                           _055_ (net)
                  0.03    0.00    2.74 ^ _694_/D (sky130_fd_sc_hd__dfrtp_1)
                                  2.74   data arrival time

                         10.00   10.00   clock clk (rise edge)
                          0.00   10.00   clock source latency
                  0.08    0.05   10.05 ^ clk (in)
     1    0.02                           clk (net)
                  0.08    0.00   10.05 ^ clkbuf_0_clk/A (sky130_fd_sc_hd__clkbuf_16)
                  0.06    0.15   10.20 ^ clkbuf_0_clk/X (sky130_fd_sc_hd__clkbuf_16)
     4    0.04                           clknet_0_clk (net)
                  0.06    0.00   10.20 ^ clkbuf_2_1__f_clk/A (sky130_fd_sc_hd__clkbuf_16)
                  0.06    0.14   10.34 ^ clkbuf_2_1__f_clk/X (sky130_fd_sc_hd__clkbuf_16)
    14    0.04                           clknet_2_1__leaf_clk (net)
                  0.06    0.00   10.34 ^ _694_/CLK (sky130_fd_sc_hd__dfrtp_1)
                         -0.25   10.09   clock uncertainty
                          0.00   10.09   clock reconvergence pessimism
                         -0.06   10.03   library setup time
                                 10.03   data required time
-----------------------------------------------------------------------------
                                 10.03   data required time
                                 -2.74   data arrival time
-----------------------------------------------------------------------------
                                  7.29   slack (MET)


Startpoint: start (input port clocked by clk)
Endpoint: _735_ (rising edge-triggered flip-flop clocked by clk)
Path Group: clk
Path Type: max

Fanout     Cap    Slew   Delay    Time   Description
-----------------------------------------------------------------------------
                          0.00    0.00   clock clk (rise edge)
                          0.00    0.00   clock network delay (propagated)
                          2.00    2.00 v input external delay
                  0.01    0.00    2.00 v start (in)
     1    0.00                           start (net)
                  0.01    0.00    2.00 v input18/A (sky130_fd_sc_hd__clkbuf_2)
                  0.09    0.14    2.15 v input18/X (sky130_fd_sc_hd__clkbuf_2)
     5    0.02                           net18 (net)
                  0.09    0.00    2.15 v _480_/B (sky130_fd_sc_hd__nor2_1)
                  0.21    0.20    2.35 ^ _480_/Y (sky130_fd_sc_hd__nor2_1)
     4    0.01                           _238_ (net)
                  0.21    0.00    2.35 ^ _481_/A (sky130_fd_sc_hd__clkbuf_4)
                  0.13    0.27    2.62 ^ _481_/X (sky130_fd_sc_hd__clkbuf_4)
    10    0.04                           _239_ (net)
                  0.13    0.00    2.62 ^ _544_/A2 (sky130_fd_sc_hd__a21bo_1)
                  0.03    0.13    2.74 ^ _544_/X (sky130_fd_sc_hd__a21bo_1)
     1    0.00                           _095_ (net)
                  0.03    0.00    2.74 ^ _735_/D (sky130_fd_sc_hd__dfrtp_1)
                                  2.74   data arrival time

                         10.00   10.00   clock clk (rise edge)
                          0.00   10.00   clock source latency
                  0.08    0.05   10.05 ^ clk (in)
     1    0.02                           clk (net)
                  0.08    0.00   10.05 ^ clkbuf_0_clk/A (sky130_fd_sc_hd__clkbuf_16)
                  0.06    0.15   10.20 ^ clkbuf_0_clk/X (sky130_fd_sc_hd__clkbuf_16)
     4    0.04                           clknet_0_clk (net)
                  0.06    0.00   10.20 ^ clkbuf_2_0__f_clk/A (sky130_fd_sc_hd__clkbuf_16)
                  0.06    0.14   10.34 ^ clkbuf_2_0__f_clk/X (sky130_fd_sc_hd__clkbuf_16)
    15    0.04                           clknet_2_0__leaf_clk (net)
                  0.06    0.00   10.34 ^ _735_/CLK (sky130_fd_sc_hd__dfrtp_1)
                         -0.25   10.09   clock uncertainty
                          0.00   10.09   clock reconvergence pessimism
                         -0.05   10.03   library setup time
                                 10.03   data required time
-----------------------------------------------------------------------------
                                 10.03   data required time
                                 -2.74   data arrival time
-----------------------------------------------------------------------------
                                  7.29   slack (MET)


Startpoint: start (input port clocked by clk)
Endpoint: _698_ (rising edge-triggered flip-flop clocked by clk)
Path Group: clk
Path Type: max

Fanout     Cap    Slew   Delay    Time   Description
-----------------------------------------------------------------------------
                          0.00    0.00   clock clk (rise edge)
                          0.00    0.00   clock network delay (propagated)
                          2.00    2.00 v input external delay
                  0.01    0.00    2.00 v start (in)
     1    0.00                           start (net)
                  0.01    0.00    2.00 v input18/A (sky130_fd_sc_hd__clkbuf_2)
                  0.09    0.14    2.15 v input18/X (sky130_fd_sc_hd__clkbuf_2)
     5    0.02                           net18 (net)
                  0.09    0.00    2.15 v _480_/B (sky130_fd_sc_hd__nor2_1)
                  0.21    0.20    2.35 ^ _480_/Y (sky130_fd_sc_hd__nor2_1)
     4    0.01                           _238_ (net)
                  0.21    0.00    2.35 ^ _481_/A (sky130_fd_sc_hd__clkbuf_4)
                  0.13    0.27    2.62 ^ _481_/X (sky130_fd_sc_hd__clkbuf_4)
    10    0.04                           _239_ (net)
                  0.13    0.00    2.62 ^ _633_/B1 (sky130_fd_sc_hd__a21oi_1)
                  0.05    0.05    2.67 v _633_/Y (sky130_fd_sc_hd__a21oi_1)
     1    0.00                           _000_ (net)
                  0.05    0.00    2.67 v _698_/D (sky130_fd_sc_hd__dfrtp_2)
                                  2.67   data arrival time

                         10.00   10.00   clock clk (rise edge)
                          0.00   10.00   clock source latency
                  0.08    0.05   10.05 ^ clk (in)
     1    0.02                           clk (net)
                  0.08    0.00   10.05 ^ clkbuf_0_clk/A (sky130_fd_sc_hd__clkbuf_16)
                  0.06    0.15   10.20 ^ clkbuf_0_clk/X (sky130_fd_sc_hd__clkbuf_16)
     4    0.04                           clknet_0_clk (net)
                  0.06    0.00   10.20 ^ clkbuf_2_3__f_clk/A (sky130_fd_sc_hd__clkbuf_16)
                  0.06    0.14   10.33 ^ clkbuf_2_3__f_clk/X (sky130_fd_sc_hd__clkbuf_16)
    12    0.03                           clknet_2_3__leaf_clk (net)
                  0.06    0.00   10.33 ^ _698_/CLK (sky130_fd_sc_hd__dfrtp_2)
                         -0.25   10.08   clock uncertainty
                          0.00   10.08   clock reconvergence pessimism
                         -0.12    9.97   library setup time
                                  9.97   data required time
-----------------------------------------------------------------------------
                                  9.97   data required time
                                 -2.67   data arrival time
-----------------------------------------------------------------------------
                                  7.30   slack (MET)


Startpoint: start (input port clocked by clk)
Endpoint: _718_ (rising edge-triggered flip-flop clocked by clk)
Path Group: clk
Path Type: max

Fanout     Cap    Slew   Delay    Time   Description
-----------------------------------------------------------------------------
                          0.00    0.00   clock clk (rise edge)
                          0.00    0.00   clock network delay (propagated)
                          2.00    2.00 ^ input external delay
                  0.02    0.01    2.01 ^ start (in)
     1    0.00                           start (net)
                  0.02    0.00    2.01 ^ input18/A (sky130_fd_sc_hd__clkbuf_2)
                  0.13    0.17    2.18 ^ input18/X (sky130_fd_sc_hd__clkbuf_2)
     5    0.02                           net18 (net)
                  0.13    0.00    2.18 ^ _480_/B (sky130_fd_sc_hd__nor2_1)
                  0.07    0.09    2.27 v _480_/Y (sky130_fd_sc_hd__nor2_1)
     4    0.01                           _238_ (net)
                  0.07    0.00    2.27 v _585_/B1 (sky130_fd_sc_hd__a22o_1)
                  0.04    0.20    2.47 v _585_/X (sky130_fd_sc_hd__a22o_1)
     1    0.00                           _317_ (net)
                  0.04    0.00    2.47 v _586_/B1 (sky130_fd_sc_hd__a31o_1)
                  0.03    0.18    2.65 v _586_/X (sky130_fd_sc_hd__a31o_1)
     1    0.00                           _078_ (net)
                  0.03    0.00    2.65 v _718_/D (sky130_fd_sc_hd__dfrtp_1)
                                  2.65   data arrival time

                         10.00   10.00   clock clk (rise edge)
                          0.00   10.00   clock source latency
                  0.08    0.05   10.05 ^ clk (in)
     1    0.02                           clk (net)
                  0.08    0.00   10.05 ^ clkbuf_0_clk/A (sky130_fd_sc_hd__clkbuf_16)
                  0.06    0.15   10.20 ^ clkbuf_0_clk/X (sky130_fd_sc_hd__clkbuf_16)
     4    0.04                           clknet_0_clk (net)
                  0.06    0.00   10.20 ^ clkbuf_2_2__f_clk/A (sky130_fd_sc_hd__clkbuf_16)
                  0.06    0.14   10.34 ^ clkbuf_2_2__f_clk/X (sky130_fd_sc_hd__clkbuf_16)
    13    0.04                           clknet_2_2__leaf_clk (net)
                  0.06    0.00   10.34 ^ _718_/CLK (sky130_fd_sc_hd__dfrtp_1)
                         -0.25   10.09   clock uncertainty
                          0.00   10.09   clock reconvergence pessimism
                         -0.11    9.98   library setup time
                                  9.98   data required time
-----------------------------------------------------------------------------
                                  9.98   data required time
                                 -2.65   data arrival time
-----------------------------------------------------------------------------
                                  7.33   slack (MET)


Startpoint: start (input port clocked by clk)
Endpoint: _717_ (rising edge-triggered flip-flop clocked by clk)
Path Group: clk
Path Type: max

Fanout     Cap    Slew   Delay    Time   Description
-----------------------------------------------------------------------------
                          0.00    0.00   clock clk (rise edge)
                          0.00    0.00   clock network delay (propagated)
                          2.00    2.00 ^ input external delay
                  0.02    0.01    2.01 ^ start (in)
     1    0.00                           start (net)
                  0.02    0.00    2.01 ^ input18/A (sky130_fd_sc_hd__clkbuf_2)
                  0.13    0.17    2.18 ^ input18/X (sky130_fd_sc_hd__clkbuf_2)
     5    0.02                           net18 (net)
                  0.13    0.00    2.18 ^ _480_/B (sky130_fd_sc_hd__nor2_1)
                  0.07    0.09    2.27 v _480_/Y (sky130_fd_sc_hd__nor2_1)
     4    0.01                           _238_ (net)
                  0.07    0.00    2.27 v _587_/B1 (sky130_fd_sc_hd__a22o_1)
                  0.04    0.19    2.46 v _587_/X (sky130_fd_sc_hd__a22o_1)
     1    0.00                           _318_ (net)
                  0.04    0.00    2.46 v _588_/B1 (sky130_fd_sc_hd__a31o_1)
                  0.04    0.18    2.64 v _588_/X (sky130_fd_sc_hd__a31o_1)
     1    0.00                           _077_ (net)
                  0.04    0.00    2.64 v _717_/D (sky130_fd_sc_hd__dfrtp_1)
                                  2.64   data arrival time

                         10.00   10.00   clock clk (rise edge)
                          0.00   10.00   clock source latency
                  0.08    0.05   10.05 ^ clk (in)
     1    0.02                           clk (net)
                  0.08    0.00   10.05 ^ clkbuf_0_clk/A (sky130_fd_sc_hd__clkbuf_16)
                  0.06    0.15   10.20 ^ clkbuf_0_clk/X (sky130_fd_sc_hd__clkbuf_16)
     4    0.04                           clknet_0_clk (net)
                  0.06    0.00   10.20 ^ clkbuf_2_2__f_clk/A (sky130_fd_sc_hd__clkbuf_16)
                  0.06    0.14   10.34 ^ clkbuf_2_2__f_clk/X (sky130_fd_sc_hd__clkbuf_16)
    13    0.04                           clknet_2_2__leaf_clk (net)
                  0.06    0.00   10.34 ^ _717_/CLK (sky130_fd_sc_hd__dfrtp_1)
                         -0.25   10.09   clock uncertainty
                          0.00   10.09   clock reconvergence pessimism
                         -0.11    9.98   library setup time
                                  9.98   data required time
-----------------------------------------------------------------------------
                                  9.98   data required time
                                 -2.64   data arrival time
-----------------------------------------------------------------------------
                                  7.34   slack (MET)


Startpoint: _725_ (rising edge-triggered flip-flop clocked by clk)
Endpoint: _711_ (rising edge-triggered flip-flop clocked by clk)
Path Group: clk
Path Type: max

Fanout     Cap    Slew   Delay    Time   Description
-----------------------------------------------------------------------------
                          0.00    0.00   clock clk (rise edge)
                          0.00    0.00   clock source latency
                  0.08    0.06    0.06 ^ clk (in)
     1    0.02                           clk (net)
                  0.08    0.00    0.06 ^ clkbuf_0_clk/A (sky130_fd_sc_hd__clkbuf_16)
                  0.06    0.16    0.22 ^ clkbuf_0_clk/X (sky130_fd_sc_hd__clkbuf_16)
     4    0.04                           clknet_0_clk (net)
                  0.06    0.00    0.22 ^ clkbuf_2_0__f_clk/A (sky130_fd_sc_hd__clkbuf_16)
                  0.06    0.16    0.38 ^ clkbuf_2_0__f_clk/X (sky130_fd_sc_hd__clkbuf_16)
    15    0.04                           clknet_2_0__leaf_clk (net)
                  0.06    0.00    0.38 ^ _725_/CLK (sky130_fd_sc_hd__dfrtp_4)
                  0.08    0.53    0.91 v _725_/Q (sky130_fd_sc_hd__dfrtp_4)
     6    0.02                           u_core.M[0] (net)
                  0.08    0.00    0.91 v _354_/B (sky130_fd_sc_hd__nor2_2)
                  0.20    0.19    1.10 ^ _354_/Y (sky130_fd_sc_hd__nor2_2)
     3    0.02                           _115_ (net)
                  0.20    0.00    1.10 ^ _366_/A (sky130_fd_sc_hd__buf_2)
                  0.16    0.25    1.35 ^ _366_/X (sky130_fd_sc_hd__buf_2)
    10    0.03                           _127_ (net)
                  0.16    0.00    1.35 ^ _408_/C1 (sky130_fd_sc_hd__a211o_1)
                  0.06    0.14    1.49 ^ _408_/X (sky130_fd_sc_hd__a211o_1)
     2    0.01                           _169_ (net)
                  0.06    0.00    1.49 ^ _409_/B (sky130_fd_sc_hd__nand3_1)
                  0.10    0.11    1.60 v _409_/Y (sky130_fd_sc_hd__nand3_1)
     3    0.01                           _170_ (net)
                  0.10    0.00    1.60 v _414_/A (sky130_fd_sc_hd__nand2_1)
                  0.15    0.16    1.77 ^ _414_/Y (sky130_fd_sc_hd__nand2_1)
     3    0.02                           _175_ (net)
                  0.15    0.00    1.77 ^ _540_/A (sky130_fd_sc_hd__nor2_1)
                  0.05    0.06    1.83 v _540_/Y (sky130_fd_sc_hd__nor2_1)
     1    0.00                           _289_ (net)
                  0.05    0.00    1.83 v _541_/A2_N (sky130_fd_sc_hd__a2bb2o_1)
                  0.05    0.24    2.07 ^ _541_/X (sky130_fd_sc_hd__a2bb2o_1)
     1    0.00                           _290_ (net)
                  0.05    0.00    2.07 ^ _542_/C1 (sky130_fd_sc_hd__o221ai_1)
                  0.09    0.10    2.17 v _542_/Y (sky130_fd_sc_hd__o221ai_1)
     1    0.00                           _291_ (net)
                  0.09    0.00    2.17 v _543_/C1 (sky130_fd_sc_hd__o211ai_1)
                  0.21    0.13    2.30 ^ _543_/Y (sky130_fd_sc_hd__o211ai_1)
     2    0.01                           _292_ (net)
                  0.21    0.00    2.30 ^ _601_/A1_N (sky130_fd_sc_hd__a2bb2o_1)
                  0.05    0.32    2.62 v _601_/X (sky130_fd_sc_hd__a2bb2o_1)
     1    0.00                           _071_ (net)
                  0.05    0.00    2.62 v _711_/D (sky130_fd_sc_hd__dfrtp_1)
                                  2.62   data arrival time

                         10.00   10.00   clock clk (rise edge)
                          0.00   10.00   clock source latency
                  0.08    0.05   10.05 ^ clk (in)
     1    0.02                           clk (net)
                  0.08    0.00   10.05 ^ clkbuf_0_clk/A (sky130_fd_sc_hd__clkbuf_16)
                  0.06    0.15   10.20 ^ clkbuf_0_clk/X (sky130_fd_sc_hd__clkbuf_16)
     4    0.04                           clknet_0_clk (net)
                  0.06    0.00   10.20 ^ clkbuf_2_2__f_clk/A (sky130_fd_sc_hd__clkbuf_16)
                  0.06    0.14   10.34 ^ clkbuf_2_2__f_clk/X (sky130_fd_sc_hd__clkbuf_16)
    13    0.04                           clknet_2_2__leaf_clk (net)
                  0.06    0.00   10.34 ^ _711_/CLK (sky130_fd_sc_hd__dfrtp_1)
                         -0.25   10.09   clock uncertainty
                          0.02   10.11   clock reconvergence pessimism
                         -0.11   10.00   library setup time
                                 10.00   data required time
-----------------------------------------------------------------------------
                                 10.00   data required time
                                 -2.62   data arrival time
-----------------------------------------------------------------------------
                                  7.38   slack (MET)


Startpoint: _699_ (rising edge-triggered flip-flop clocked by clk)
Endpoint: _709_ (rising edge-triggered flip-flop clocked by clk)
Path Group: clk
Path Type: max

Fanout     Cap    Slew   Delay    Time   Description
-----------------------------------------------------------------------------
                          0.00    0.00   clock clk (rise edge)
                          0.00    0.00   clock source latency
                  0.08    0.06    0.06 ^ clk (in)
     1    0.02                           clk (net)
                  0.08    0.00    0.06 ^ clkbuf_0_clk/A (sky130_fd_sc_hd__clkbuf_16)
                  0.06    0.16    0.22 ^ clkbuf_0_clk/X (sky130_fd_sc_hd__clkbuf_16)
     4    0.04                           clknet_0_clk (net)
                  0.06    0.00    0.22 ^ clkbuf_2_1__f_clk/A (sky130_fd_sc_hd__clkbuf_16)
                  0.06    0.15    0.37 ^ clkbuf_2_1__f_clk/X (sky130_fd_sc_hd__clkbuf_16)
    14    0.04                           clknet_2_1__leaf_clk (net)
                  0.06    0.00    0.37 ^ _699_/CLK (sky130_fd_sc_hd__dfrtp_4)
                  0.10    0.55    0.92 v _699_/Q (sky130_fd_sc_hd__dfrtp_4)
     9    0.03                           u_core.Q_1 (net)
                  0.10    0.00    0.93 v _347_/A_N (sky130_fd_sc_hd__and2b_1)
                  0.06    0.23    1.16 ^ _347_/X (sky130_fd_sc_hd__and2b_1)
     2    0.01                           _108_ (net)
                  0.06    0.00    1.16 ^ _418_/A2 (sky130_fd_sc_hd__o21bai_1)
                  0.07    0.08    1.24 v _418_/Y (sky130_fd_sc_hd__o21bai_1)
     2    0.01                           _179_ (net)
                  0.07    0.00    1.24 v _421_/A2 (sky130_fd_sc_hd__a21oi_1)
                  0.24    0.25    1.49 ^ _421_/Y (sky130_fd_sc_hd__a21oi_1)
     3    0.01                           _182_ (net)
                  0.24    0.00    1.49 ^ _549_/A_N (sky130_fd_sc_hd__and2b_1)
                  0.04    0.23    1.72 v _549_/X (sky130_fd_sc_hd__and2b_1)
     2    0.00                           _296_ (net)
                  0.04    0.00    1.72 v _550_/A3 (sky130_fd_sc_hd__o32a_1)
                  0.05    0.29    2.01 v _550_/X (sky130_fd_sc_hd__o32a_1)
     1    0.00                           _297_ (net)
                  0.05    0.00    2.01 v _552_/B1 (sky130_fd_sc_hd__a32o_1)
                  0.06    0.24    2.25 v _552_/X (sky130_fd_sc_hd__a32o_1)
     2    0.01                           _299_ (net)
                  0.06    0.00    2.25 v _604_/A0 (sky130_fd_sc_hd__mux2_1)
                  0.05    0.30    2.55 v _604_/X (sky130_fd_sc_hd__mux2_1)
     1    0.00                           _327_ (net)
                  0.05    0.00    2.55 v _605_/A (sky130_fd_sc_hd__clkbuf_1)
                  0.02    0.09    2.64 v _605_/X (sky130_fd_sc_hd__clkbuf_1)
     1    0.00                           _069_ (net)
                  0.02    0.00    2.64 v _709_/D (sky130_fd_sc_hd__dfrtp_1)
                                  2.64   data arrival time

                         10.00   10.00   clock clk (rise edge)
                          0.00   10.00   clock source latency
                  0.08    0.05   10.05 ^ clk (in)
     1    0.02                           clk (net)
                  0.08    0.00   10.05 ^ clkbuf_0_clk/A (sky130_fd_sc_hd__clkbuf_16)
                  0.06    0.15   10.20 ^ clkbuf_0_clk/X (sky130_fd_sc_hd__clkbuf_16)
     4    0.04                           clknet_0_clk (net)
                  0.06    0.00   10.20 ^ clkbuf_2_1__f_clk/A (sky130_fd_sc_hd__clkbuf_16)
                  0.06    0.14   10.34 ^ clkbuf_2_1__f_clk/X (sky130_fd_sc_hd__clkbuf_16)
    14    0.04                           clknet_2_1__leaf_clk (net)
                  0.06    0.00   10.34 ^ _709_/CLK (sky130_fd_sc_hd__dfrtp_1)
                         -0.25   10.09   clock uncertainty
                          0.04   10.12   clock reconvergence pessimism
                         -0.10   10.02   library setup time
                                 10.02   data required time
-----------------------------------------------------------------------------
                                 10.02   data required time
                                 -2.64   data arrival time
-----------------------------------------------------------------------------
                                  7.38   slack (MET)


Startpoint: start (input port clocked by clk)
Endpoint: _697_ (rising edge-triggered flip-flop clocked by clk)
Path Group: clk
Path Type: max

Fanout     Cap    Slew   Delay    Time   Description
-----------------------------------------------------------------------------
                          0.00    0.00   clock clk (rise edge)
                          0.00    0.00   clock network delay (propagated)
                          2.00    2.00 v input external delay
                  0.01    0.00    2.00 v start (in)
     1    0.00                           start (net)
                  0.01    0.00    2.00 v input18/A (sky130_fd_sc_hd__clkbuf_2)
                  0.09    0.14    2.15 v input18/X (sky130_fd_sc_hd__clkbuf_2)
     5    0.02                           net18 (net)
                  0.09    0.00    2.15 v _457_/B (sky130_fd_sc_hd__and2_1)
                  0.05    0.19    2.34 v _457_/X (sky130_fd_sc_hd__and2_1)
     2    0.01                           _218_ (net)
                  0.05    0.00    2.34 v _625_/A2 (sky130_fd_sc_hd__o21ai_1)
                  0.09    0.11    2.45 ^ _625_/Y (sky130_fd_sc_hd__o21ai_1)
     1    0.00                           _337_ (net)
                  0.09    0.00    2.45 ^ _626_/B1 (sky130_fd_sc_hd__o21ai_1)
                  0.04    0.07    2.52 v _626_/Y (sky130_fd_sc_hd__o21ai_1)
     1    0.00                           _058_ (net)
                  0.04    0.00    2.52 v _697_/D (sky130_fd_sc_hd__dfrtp_1)
                                  2.52   data arrival time

                         10.00   10.00   clock clk (rise edge)
                          0.00   10.00   clock source latency
                  0.08    0.05   10.05 ^ clk (in)
     1    0.02                           clk (net)
                  0.08    0.00   10.05 ^ clkbuf_0_clk/A (sky130_fd_sc_hd__clkbuf_16)
                  0.06    0.15   10.20 ^ clkbuf_0_clk/X (sky130_fd_sc_hd__clkbuf_16)
     4    0.04                           clknet_0_clk (net)
                  0.06    0.00   10.20 ^ clkbuf_2_3__f_clk/A (sky130_fd_sc_hd__clkbuf_16)
                  0.06    0.14   10.33 ^ clkbuf_2_3__f_clk/X (sky130_fd_sc_hd__clkbuf_16)
    12    0.03                           clknet_2_3__leaf_clk (net)
                  0.06    0.00   10.33 ^ _697_/CLK (sky130_fd_sc_hd__dfrtp_1)
                         -0.25   10.08   clock uncertainty
                          0.00   10.08   clock reconvergence pessimism
                         -0.11    9.97   library setup time
                                  9.97   data required time
-----------------------------------------------------------------------------
                                  9.97   data required time
                                 -2.52   data arrival time
-----------------------------------------------------------------------------
                                  7.46   slack (MET)


Startpoint: _699_ (rising edge-triggered flip-flop clocked by clk)
Endpoint: _710_ (rising edge-triggered flip-flop clocked by clk)
Path Group: clk
Path Type: max

Fanout     Cap    Slew   Delay    Time   Description
-----------------------------------------------------------------------------
                          0.00    0.00   clock clk (rise edge)
                          0.00    0.00   clock source latency
                  0.08    0.06    0.06 ^ clk (in)
     1    0.02                           clk (net)
                  0.08    0.00    0.06 ^ clkbuf_0_clk/A (sky130_fd_sc_hd__clkbuf_16)
                  0.06    0.16    0.22 ^ clkbuf_0_clk/X (sky130_fd_sc_hd__clkbuf_16)
     4    0.04                           clknet_0_clk (net)
                  0.06    0.00    0.22 ^ clkbuf_2_1__f_clk/A (sky130_fd_sc_hd__clkbuf_16)
                  0.06    0.15    0.37 ^ clkbuf_2_1__f_clk/X (sky130_fd_sc_hd__clkbuf_16)
    14    0.04                           clknet_2_1__leaf_clk (net)
                  0.06    0.00    0.37 ^ _699_/CLK (sky130_fd_sc_hd__dfrtp_4)
                  0.13    0.50    0.87 ^ _699_/Q (sky130_fd_sc_hd__dfrtp_4)
     9    0.04                           u_core.Q_1 (net)
                  0.13    0.00    0.87 ^ _347_/A_N (sky130_fd_sc_hd__and2b_1)
                  0.04    0.21    1.08 v _347_/X (sky130_fd_sc_hd__and2b_1)
     2    0.00                           _108_ (net)
                  0.04    0.00    1.08 v _348_/A (sky130_fd_sc_hd__clkbuf_4)
                  0.08    0.19    1.28 v _348_/X (sky130_fd_sc_hd__clkbuf_4)
    10    0.04                           _109_ (net)
                  0.08    0.00    1.28 v _407_/A1 (sky130_fd_sc_hd__o21ai_1)
                  0.14    0.18    1.46 ^ _407_/Y (sky130_fd_sc_hd__o21ai_1)
     2    0.01                           _168_ (net)
                  0.14    0.00    1.46 ^ _409_/A (sky130_fd_sc_hd__nand3_1)
                  0.10    0.13    1.59 v _409_/Y (sky130_fd_sc_hd__nand3_1)
     3    0.01                           _170_ (net)
                  0.10    0.00    1.59 v _546_/A1 (sky130_fd_sc_hd__a221o_1)
                  0.05    0.34    1.93 v _546_/X (sky130_fd_sc_hd__a221o_1)
     1    0.00                           _294_ (net)
                  0.05    0.00    1.93 v _547_/B2 (sky130_fd_sc_hd__a32o_1)
                  0.06    0.24    2.17 v _547_/X (sky130_fd_sc_hd__a32o_1)
     2    0.01                           _295_ (net)
                  0.06    0.00    2.17 v _602_/A0 (sky130_fd_sc_hd__mux2_1)
                  0.05    0.29    2.46 v _602_/X (sky130_fd_sc_hd__mux2_1)
     1    0.00                           _326_ (net)
                  0.05    0.00    2.46 v _603_/A (sky130_fd_sc_hd__clkbuf_1)
                  0.02    0.09    2.55 v _603_/X (sky130_fd_sc_hd__clkbuf_1)
     1    0.00                           _070_ (net)
                  0.02    0.00    2.55 v _710_/D (sky130_fd_sc_hd__dfrtp_1)
                                  2.55   data arrival time

                         10.00   10.00   clock clk (rise edge)
                          0.00   10.00   clock source latency
                  0.08    0.05   10.05 ^ clk (in)
     1    0.02                           clk (net)
                  0.08    0.00   10.05 ^ clkbuf_0_clk/A (sky130_fd_sc_hd__clkbuf_16)
                  0.06    0.15   10.20 ^ clkbuf_0_clk/X (sky130_fd_sc_hd__clkbuf_16)
     4    0.04                           clknet_0_clk (net)
                  0.06    0.00   10.20 ^ clkbuf_2_0__f_clk/A (sky130_fd_sc_hd__clkbuf_16)
                  0.06    0.14   10.34 ^ clkbuf_2_0__f_clk/X (sky130_fd_sc_hd__clkbuf_16)
    15    0.04                           clknet_2_0__leaf_clk (net)
                  0.06    0.00   10.34 ^ _710_/CLK (sky130_fd_sc_hd__dfrtp_1)
                         -0.25   10.09   clock uncertainty
                          0.02   10.11   clock reconvergence pessimism
                         -0.10   10.01   library setup time
                                 10.01   data required time
-----------------------------------------------------------------------------
                                 10.01   data required time
                                 -2.55   data arrival time
-----------------------------------------------------------------------------
                                  7.46   slack (MET)


Startpoint: start (input port clocked by clk)
Endpoint: _696_ (rising edge-triggered flip-flop clocked by clk)
Path Group: clk
Path Type: max

Fanout     Cap    Slew   Delay    Time   Description
-----------------------------------------------------------------------------
                          0.00    0.00   clock clk (rise edge)
                          0.00    0.00   clock network delay (propagated)
                          2.00    2.00 ^ input external delay
                  0.02    0.01    2.01 ^ start (in)
     1    0.00                           start (net)
                  0.02    0.00    2.01 ^ input18/A (sky130_fd_sc_hd__clkbuf_2)
                  0.13    0.17    2.18 ^ input18/X (sky130_fd_sc_hd__clkbuf_2)
     5    0.02                           net18 (net)
                  0.13    0.00    2.18 ^ _554_/B (sky130_fd_sc_hd__nand2_4)
                  0.11    0.14    2.31 v _554_/Y (sky130_fd_sc_hd__nand2_4)
    10    0.05                           _300_ (net)
                  0.11    0.00    2.31 v _628_/B1 (sky130_fd_sc_hd__o211ai_1)
                  0.15    0.13    2.44 ^ _628_/Y (sky130_fd_sc_hd__o211ai_1)
     1    0.00                           _339_ (net)
                  0.15    0.00    2.44 ^ _629_/B (sky130_fd_sc_hd__nand2_1)
                  0.04    0.07    2.51 v _629_/Y (sky130_fd_sc_hd__nand2_1)
     1    0.00                           _057_ (net)
                  0.04    0.00    2.51 v _696_/D (sky130_fd_sc_hd__dfrtp_1)
                                  2.51   data arrival time

                         10.00   10.00   clock clk (rise edge)
                          0.00   10.00   clock source latency
                  0.08    0.05   10.05 ^ clk (in)
     1    0.02                           clk (net)
                  0.08    0.00   10.05 ^ clkbuf_0_clk/A (sky130_fd_sc_hd__clkbuf_16)
                  0.06    0.15   10.20 ^ clkbuf_0_clk/X (sky130_fd_sc_hd__clkbuf_16)
     4    0.04                           clknet_0_clk (net)
                  0.06    0.00   10.20 ^ clkbuf_2_3__f_clk/A (sky130_fd_sc_hd__clkbuf_16)
                  0.06    0.14   10.33 ^ clkbuf_2_3__f_clk/X (sky130_fd_sc_hd__clkbuf_16)
    12    0.03                           clknet_2_3__leaf_clk (net)
                  0.06    0.00   10.33 ^ _696_/CLK (sky130_fd_sc_hd__dfrtp_1)
                         -0.25   10.08   clock uncertainty
                          0.00   10.08   clock reconvergence pessimism
                         -0.11    9.97   library setup time
                                  9.97   data required time
-----------------------------------------------------------------------------
                                  9.97   data required time
                                 -2.51   data arrival time
-----------------------------------------------------------------------------
                                  7.47   slack (MET)


Startpoint: start (input port clocked by clk)
Endpoint: _695_ (rising edge-triggered flip-flop clocked by clk)
Path Group: clk
Path Type: max

Fanout     Cap    Slew   Delay    Time   Description
-----------------------------------------------------------------------------
                          0.00    0.00   clock clk (rise edge)
                          0.00    0.00   clock network delay (propagated)
                          2.00    2.00 ^ input external delay
                  0.02    0.01    2.01 ^ start (in)
     1    0.00                           start (net)
                  0.02    0.00    2.01 ^ input18/A (sky130_fd_sc_hd__clkbuf_2)
                  0.13    0.17    2.18 ^ input18/X (sky130_fd_sc_hd__clkbuf_2)
     5    0.02                           net18 (net)
                  0.13    0.00    2.18 ^ _554_/B (sky130_fd_sc_hd__nand2_4)
                  0.11    0.14    2.31 v _554_/Y (sky130_fd_sc_hd__nand2_4)
    10    0.05                           _300_ (net)
                  0.11    0.00    2.31 v _630_/C1 (sky130_fd_sc_hd__o211ai_1)
                  0.13    0.11    2.42 ^ _630_/Y (sky130_fd_sc_hd__o211ai_1)
     1    0.00                           _340_ (net)
                  0.13    0.00    2.42 ^ _631_/B1 (sky130_fd_sc_hd__o21ai_1)
                  0.05    0.08    2.50 v _631_/Y (sky130_fd_sc_hd__o21ai_1)
     1    0.00                           _056_ (net)
                  0.05    0.00    2.50 v _695_/D (sky130_fd_sc_hd__dfrtp_1)
                                  2.50   data arrival time

                         10.00   10.00   clock clk (rise edge)
                          0.00   10.00   clock source latency
                  0.08    0.05   10.05 ^ clk (in)
     1    0.02                           clk (net)
                  0.08    0.00   10.05 ^ clkbuf_0_clk/A (sky130_fd_sc_hd__clkbuf_16)
                  0.06    0.15   10.20 ^ clkbuf_0_clk/X (sky130_fd_sc_hd__clkbuf_16)
     4    0.04                           clknet_0_clk (net)
                  0.06    0.00   10.20 ^ clkbuf_2_1__f_clk/A (sky130_fd_sc_hd__clkbuf_16)
                  0.06    0.14   10.34 ^ clkbuf_2_1__f_clk/X (sky130_fd_sc_hd__clkbuf_16)
    14    0.04                           clknet_2_1__leaf_clk (net)
                  0.06    0.00   10.34 ^ _695_/CLK (sky130_fd_sc_hd__dfrtp_1)
                         -0.25   10.09   clock uncertainty
                          0.00   10.09   clock reconvergence pessimism
                         -0.11    9.97   library setup time
                                  9.97   data required time
-----------------------------------------------------------------------------
                                  9.97   data required time
                                 -2.50   data arrival time
-----------------------------------------------------------------------------
                                  7.47   slack (MET)


Startpoint: _699_ (rising edge-triggered flip-flop clocked by clk)
Endpoint: _708_ (rising edge-triggered flip-flop clocked by clk)
Path Group: clk
Path Type: max

Fanout     Cap    Slew   Delay    Time   Description
-----------------------------------------------------------------------------
                          0.00    0.00   clock clk (rise edge)
                          0.00    0.00   clock source latency
                  0.08    0.06    0.06 ^ clk (in)
     1    0.02                           clk (net)
                  0.08    0.00    0.06 ^ clkbuf_0_clk/A (sky130_fd_sc_hd__clkbuf_16)
                  0.06    0.16    0.22 ^ clkbuf_0_clk/X (sky130_fd_sc_hd__clkbuf_16)
     4    0.04                           clknet_0_clk (net)
                  0.06    0.00    0.22 ^ clkbuf_2_1__f_clk/A (sky130_fd_sc_hd__clkbuf_16)
                  0.06    0.15    0.37 ^ clkbuf_2_1__f_clk/X (sky130_fd_sc_hd__clkbuf_16)
    14    0.04                           clknet_2_1__leaf_clk (net)
                  0.06    0.00    0.37 ^ _699_/CLK (sky130_fd_sc_hd__dfrtp_4)
                  0.10    0.55    0.92 v _699_/Q (sky130_fd_sc_hd__dfrtp_4)
     9    0.03                           u_core.Q_1 (net)
                  0.10    0.00    0.93 v _347_/A_N (sky130_fd_sc_hd__and2b_1)
                  0.06    0.23    1.16 ^ _347_/X (sky130_fd_sc_hd__and2b_1)
     2    0.01                           _108_ (net)
                  0.06    0.00    1.16 ^ _348_/A (sky130_fd_sc_hd__clkbuf_4)
                  0.13    0.21    1.37 ^ _348_/X (sky130_fd_sc_hd__clkbuf_4)
    10    0.04                           _109_ (net)
                  0.13    0.00    1.37 ^ _349_/A (sky130_fd_sc_hd__clkbuf_4)
                  0.12    0.23    1.60 ^ _349_/X (sky130_fd_sc_hd__clkbuf_4)
    10    0.04                           _110_ (net)
                  0.12    0.00    1.60 ^ _571_/A1 (sky130_fd_sc_hd__o21ai_1)
                  0.04    0.08    1.68 v _571_/Y (sky130_fd_sc_hd__o21ai_1)
     1    0.00                           _309_ (net)
                  0.04    0.00    1.68 v _572_/B1 (sky130_fd_sc_hd__a2bb2o_1)
                  0.08    0.32    2.00 v _572_/X (sky130_fd_sc_hd__a2bb2o_1)
     2    0.01                           _310_ (net)
                  0.08    0.00    2.00 v _606_/A0 (sky130_fd_sc_hd__mux2_1)
                  0.05    0.30    2.30 v _606_/X (sky130_fd_sc_hd__mux2_1)
     1    0.00                           _328_ (net)
                  0.05    0.00    2.30 v _607_/A (sky130_fd_sc_hd__clkbuf_1)
                  0.02    0.09    2.40 v _607_/X (sky130_fd_sc_hd__clkbuf_1)
     1    0.00                           _068_ (net)
                  0.02    0.00    2.40 v _708_/D (sky130_fd_sc_hd__dfrtp_1)
                                  2.40   data arrival time

                         10.00   10.00   clock clk (rise edge)
                          0.00   10.00   clock source latency
                  0.08    0.05   10.05 ^ clk (in)
     1    0.02                           clk (net)
                  0.08    0.00   10.05 ^ clkbuf_0_clk/A (sky130_fd_sc_hd__clkbuf_16)
                  0.06    0.15   10.20 ^ clkbuf_0_clk/X (sky130_fd_sc_hd__clkbuf_16)
     4    0.04                           clknet_0_clk (net)
                  0.06    0.00   10.20 ^ clkbuf_2_2__f_clk/A (sky130_fd_sc_hd__clkbuf_16)
                  0.06    0.14   10.34 ^ clkbuf_2_2__f_clk/X (sky130_fd_sc_hd__clkbuf_16)
    13    0.04                           clknet_2_2__leaf_clk (net)
                  0.06    0.00   10.34 ^ _708_/CLK (sky130_fd_sc_hd__dfrtp_1)
                         -0.25   10.09   clock uncertainty
                          0.02   10.11   clock reconvergence pessimism
                         -0.10   10.01   library setup time
                                 10.01   data required time
-----------------------------------------------------------------------------
                                 10.01   data required time
                                 -2.40   data arrival time
-----------------------------------------------------------------------------
                                  7.61   slack (MET)


Startpoint: rst (input port clocked by clk)
Endpoint: _699_ (recovery check against rising-edge clock clk)
Path Group: asynchronous
Path Type: max

Fanout     Cap    Slew   Delay    Time   Description
-----------------------------------------------------------------------------
                          0.00    0.00   clock clk (rise edge)
                          0.00    0.00   clock network delay (propagated)
                          2.00    2.00 v input external delay
                  0.01    0.01    2.01 v rst (in)
     1    0.00                           rst (net)
                  0.01    0.00    2.01 v input17/A (sky130_fd_sc_hd__clkbuf_1)
                  0.02    0.07    2.08 v input17/X (sky130_fd_sc_hd__clkbuf_1)
     1    0.00                           net17 (net)
                  0.02    0.00    2.08 v _634_/A (sky130_fd_sc_hd__clkbuf_4)
                  0.09    0.19    2.27 v _634_/X (sky130_fd_sc_hd__clkbuf_4)
     9    0.04                           _341_ (net)
                  0.09    0.00    2.27 v _635_/A (sky130_fd_sc_hd__buf_4)
                  0.09    0.23    2.50 v _635_/X (sky130_fd_sc_hd__buf_4)
    10    0.06                           _342_ (net)
                  0.09    0.00    2.50 v _641_/A (sky130_fd_sc_hd__inv_2)
                  0.03    0.06    2.56 ^ _641_/Y (sky130_fd_sc_hd__inv_2)
     1    0.00                           _006_ (net)
                  0.03    0.00    2.56 ^ _699_/RESET_B (sky130_fd_sc_hd__dfrtp_4)
                                  2.56   data arrival time

                         10.00   10.00   clock clk (rise edge)
                          0.00   10.00   clock source latency
                  0.08    0.05   10.05 ^ clk (in)
     1    0.02                           clk (net)
                  0.08    0.00   10.05 ^ clkbuf_0_clk/A (sky130_fd_sc_hd__clkbuf_16)
                  0.06    0.15   10.20 ^ clkbuf_0_clk/X (sky130_fd_sc_hd__clkbuf_16)
     4    0.04                           clknet_0_clk (net)
                  0.06    0.00   10.20 ^ clkbuf_2_1__f_clk/A (sky130_fd_sc_hd__clkbuf_16)
                  0.06    0.14   10.34 ^ clkbuf_2_1__f_clk/X (sky130_fd_sc_hd__clkbuf_16)
    14    0.04                           clknet_2_1__leaf_clk (net)
                  0.06    0.00   10.34 ^ _699_/CLK (sky130_fd_sc_hd__dfrtp_4)
                         -0.25   10.09   clock uncertainty
                          0.00   10.09   clock reconvergence pessimism
                          0.22   10.31   library recovery time
                                 10.31   data required time
-----------------------------------------------------------------------------
                                 10.31   data required time
                                 -2.56   data arrival time
-----------------------------------------------------------------------------
                                  7.75   slack (MET)


Startpoint: rst (input port clocked by clk)
Endpoint: _698_ (recovery check against rising-edge clock clk)
Path Group: asynchronous
Path Type: max

Fanout     Cap    Slew   Delay    Time   Description
-----------------------------------------------------------------------------
                          0.00    0.00   clock clk (rise edge)
                          0.00    0.00   clock network delay (propagated)
                          2.00    2.00 v input external delay
                  0.01    0.01    2.01 v rst (in)
     1    0.00                           rst (net)
                  0.01    0.00    2.01 v input17/A (sky130_fd_sc_hd__clkbuf_1)
                  0.02    0.07    2.08 v input17/X (sky130_fd_sc_hd__clkbuf_1)
     1    0.00                           net17 (net)
                  0.02    0.00    2.08 v _634_/A (sky130_fd_sc_hd__clkbuf_4)
                  0.09    0.19    2.27 v _634_/X (sky130_fd_sc_hd__clkbuf_4)
     9    0.04                           _341_ (net)
                  0.09    0.00    2.27 v _635_/A (sky130_fd_sc_hd__buf_4)
                  0.09    0.23    2.50 v _635_/X (sky130_fd_sc_hd__buf_4)
    10    0.06                           _342_ (net)
                  0.09    0.00    2.50 v _640_/A (sky130_fd_sc_hd__inv_2)
                  0.03    0.06    2.56 ^ _640_/Y (sky130_fd_sc_hd__inv_2)
     1    0.00                           _005_ (net)
                  0.03    0.00    2.56 ^ _698_/RESET_B (sky130_fd_sc_hd__dfrtp_2)
                                  2.56   data arrival time

                         10.00   10.00   clock clk (rise edge)
                          0.00   10.00   clock source latency
                  0.08    0.05   10.05 ^ clk (in)
     1    0.02                           clk (net)
                  0.08    0.00   10.05 ^ clkbuf_0_clk/A (sky130_fd_sc_hd__clkbuf_16)
                  0.06    0.15   10.20 ^ clkbuf_0_clk/X (sky130_fd_sc_hd__clkbuf_16)
     4    0.04                           clknet_0_clk (net)
                  0.06    0.00   10.20 ^ clkbuf_2_3__f_clk/A (sky130_fd_sc_hd__clkbuf_16)
                  0.06    0.14   10.33 ^ clkbuf_2_3__f_clk/X (sky130_fd_sc_hd__clkbuf_16)
    12    0.03                           clknet_2_3__leaf_clk (net)
                  0.06    0.00   10.33 ^ _698_/CLK (sky130_fd_sc_hd__dfrtp_2)
                         -0.25   10.08   clock uncertainty
                          0.00   10.08   clock reconvergence pessimism
                          0.23   10.31   library recovery time
                                 10.31   data required time
-----------------------------------------------------------------------------
                                 10.31   data required time
                                 -2.56   data arrival time
-----------------------------------------------------------------------------
                                  7.75   slack (MET)


Startpoint: rst (input port clocked by clk)
Endpoint: _739_ (recovery check against rising-edge clock clk)
Path Group: asynchronous
Path Type: max

Fanout     Cap    Slew   Delay    Time   Description
-----------------------------------------------------------------------------
                          0.00    0.00   clock clk (rise edge)
                          0.00    0.00   clock network delay (propagated)
                          2.00    2.00 v input external delay
                  0.01    0.01    2.01 v rst (in)
     1    0.00                           rst (net)
                  0.01    0.00    2.01 v input17/A (sky130_fd_sc_hd__clkbuf_1)
                  0.02    0.07    2.08 v input17/X (sky130_fd_sc_hd__clkbuf_1)
     1    0.00                           net17 (net)
                  0.02    0.00    2.08 v _634_/A (sky130_fd_sc_hd__clkbuf_4)
                  0.09    0.19    2.27 v _634_/X (sky130_fd_sc_hd__clkbuf_4)
     9    0.04                           _341_ (net)
                  0.09    0.00    2.27 v _679_/A (sky130_fd_sc_hd__buf_4)
                  0.08    0.22    2.49 v _679_/X (sky130_fd_sc_hd__buf_4)
    10    0.06                           _346_ (net)
                  0.08    0.00    2.50 v _685_/A (sky130_fd_sc_hd__inv_2)
                  0.03    0.06    2.56 ^ _685_/Y (sky130_fd_sc_hd__inv_2)
     1    0.00                           _046_ (net)
                  0.03    0.00    2.56 ^ _739_/RESET_B (sky130_fd_sc_hd__dfrtp_2)
                                  2.56   data arrival time

                         10.00   10.00   clock clk (rise edge)
                          0.00   10.00   clock source latency
                  0.08    0.05   10.05 ^ clk (in)
     1    0.02                           clk (net)
                  0.08    0.00   10.05 ^ clkbuf_0_clk/A (sky130_fd_sc_hd__clkbuf_16)
                  0.06    0.15   10.20 ^ clkbuf_0_clk/X (sky130_fd_sc_hd__clkbuf_16)
     4    0.04                           clknet_0_clk (net)
                  0.06    0.00   10.20 ^ clkbuf_2_3__f_clk/A (sky130_fd_sc_hd__clkbuf_16)
                  0.06    0.14   10.33 ^ clkbuf_2_3__f_clk/X (sky130_fd_sc_hd__clkbuf_16)
    12    0.03                           clknet_2_3__leaf_clk (net)
                  0.06    0.00   10.33 ^ _739_/CLK (sky130_fd_sc_hd__dfrtp_2)
                         -0.25   10.08   clock uncertainty
                          0.00   10.08   clock reconvergence pessimism
                          0.23   10.31   library recovery time
                                 10.31   data required time
-----------------------------------------------------------------------------
                                 10.31   data required time
                                 -2.56   data arrival time
-----------------------------------------------------------------------------
                                  7.75   slack (MET)


Startpoint: rst (input port clocked by clk)
Endpoint: _738_ (recovery check against rising-edge clock clk)
Path Group: asynchronous
Path Type: max

Fanout     Cap    Slew   Delay    Time   Description
-----------------------------------------------------------------------------
                          0.00    0.00   clock clk (rise edge)
                          0.00    0.00   clock network delay (propagated)
                          2.00    2.00 v input external delay
                  0.01    0.01    2.01 v rst (in)
     1    0.00                           rst (net)
                  0.01    0.00    2.01 v input17/A (sky130_fd_sc_hd__clkbuf_1)
                  0.02    0.07    2.08 v input17/X (sky130_fd_sc_hd__clkbuf_1)
     1    0.00                           net17 (net)
                  0.02    0.00    2.08 v _634_/A (sky130_fd_sc_hd__clkbuf_4)
                  0.09    0.19    2.27 v _634_/X (sky130_fd_sc_hd__clkbuf_4)
     9    0.04                           _341_ (net)
                  0.09    0.00    2.27 v _679_/A (sky130_fd_sc_hd__buf_4)
                  0.08    0.22    2.49 v _679_/X (sky130_fd_sc_hd__buf_4)
    10    0.06                           _346_ (net)
                  0.08    0.00    2.50 v _684_/A (sky130_fd_sc_hd__inv_2)
                  0.03    0.06    2.56 ^ _684_/Y (sky130_fd_sc_hd__inv_2)
     1    0.00                           _045_ (net)
                  0.03    0.00    2.56 ^ _738_/RESET_B (sky130_fd_sc_hd__dfrtp_2)
                                  2.56   data arrival time

                         10.00   10.00   clock clk (rise edge)
                          0.00   10.00   clock source latency
                  0.08    0.05   10.05 ^ clk (in)
     1    0.02                           clk (net)
                  0.08    0.00   10.05 ^ clkbuf_0_clk/A (sky130_fd_sc_hd__clkbuf_16)
                  0.06    0.15   10.20 ^ clkbuf_0_clk/X (sky130_fd_sc_hd__clkbuf_16)
     4    0.04                           clknet_0_clk (net)
                  0.06    0.00   10.20 ^ clkbuf_2_1__f_clk/A (sky130_fd_sc_hd__clkbuf_16)
                  0.06    0.14   10.34 ^ clkbuf_2_1__f_clk/X (sky130_fd_sc_hd__clkbuf_16)
    14    0.04                           clknet_2_1__leaf_clk (net)
                  0.06    0.00   10.34 ^ _738_/CLK (sky130_fd_sc_hd__dfrtp_2)
                         -0.25   10.09   clock uncertainty
                          0.00   10.09   clock reconvergence pessimism
                          0.23   10.31   library recovery time
                                 10.31   data required time
-----------------------------------------------------------------------------
                                 10.31   data required time
                                 -2.56   data arrival time
-----------------------------------------------------------------------------
                                  7.75   slack (MET)


Startpoint: rst (input port clocked by clk)
Endpoint: _736_ (recovery check against rising-edge clock clk)
Path Group: asynchronous
Path Type: max

Fanout     Cap    Slew   Delay    Time   Description
-----------------------------------------------------------------------------
                          0.00    0.00   clock clk (rise edge)
                          0.00    0.00   clock network delay (propagated)
                          2.00    2.00 v input external delay
                  0.01    0.01    2.01 v rst (in)
     1    0.00                           rst (net)
                  0.01    0.00    2.01 v input17/A (sky130_fd_sc_hd__clkbuf_1)
                  0.02    0.07    2.08 v input17/X (sky130_fd_sc_hd__clkbuf_1)
     1    0.00                           net17 (net)
                  0.02    0.00    2.08 v _634_/A (sky130_fd_sc_hd__clkbuf_4)
                  0.09    0.19    2.27 v _634_/X (sky130_fd_sc_hd__clkbuf_4)
     9    0.04                           _341_ (net)
                  0.09    0.00    2.27 v _679_/A (sky130_fd_sc_hd__buf_4)
                  0.08    0.22    2.49 v _679_/X (sky130_fd_sc_hd__buf_4)
    10    0.06                           _346_ (net)
                  0.08    0.00    2.50 v _682_/A (sky130_fd_sc_hd__inv_2)
                  0.03    0.06    2.56 ^ _682_/Y (sky130_fd_sc_hd__inv_2)
     1    0.00                           _043_ (net)
                  0.03    0.00    2.56 ^ _736_/RESET_B (sky130_fd_sc_hd__dfrtp_2)
                                  2.56   data arrival time

                         10.00   10.00   clock clk (rise edge)
                          0.00   10.00   clock source latency
                  0.08    0.05   10.05 ^ clk (in)
     1    0.02                           clk (net)
                  0.08    0.00   10.05 ^ clkbuf_0_clk/A (sky130_fd_sc_hd__clkbuf_16)
                  0.06    0.15   10.20 ^ clkbuf_0_clk/X (sky130_fd_sc_hd__clkbuf_16)
     4    0.04                           clknet_0_clk (net)
                  0.06    0.00   10.20 ^ clkbuf_2_1__f_clk/A (sky130_fd_sc_hd__clkbuf_16)
                  0.06    0.14   10.34 ^ clkbuf_2_1__f_clk/X (sky130_fd_sc_hd__clkbuf_16)
    14    0.04                           clknet_2_1__leaf_clk (net)
                  0.06    0.00   10.34 ^ _736_/CLK (sky130_fd_sc_hd__dfrtp_2)
                         -0.25   10.09   clock uncertainty
                          0.00   10.09   clock reconvergence pessimism
                          0.23   10.31   library recovery time
                                 10.31   data required time
-----------------------------------------------------------------------------
                                 10.31   data required time
                                 -2.56   data arrival time
-----------------------------------------------------------------------------
                                  7.75   slack (MET)


Startpoint: rst (input port clocked by clk)
Endpoint: _737_ (recovery check against rising-edge clock clk)
Path Group: asynchronous
Path Type: max

Fanout     Cap    Slew   Delay    Time   Description
-----------------------------------------------------------------------------
                          0.00    0.00   clock clk (rise edge)
                          0.00    0.00   clock network delay (propagated)
                          2.00    2.00 v input external delay
                  0.01    0.01    2.01 v rst (in)
     1    0.00                           rst (net)
                  0.01    0.00    2.01 v input17/A (sky130_fd_sc_hd__clkbuf_1)
                  0.02    0.07    2.08 v input17/X (sky130_fd_sc_hd__clkbuf_1)
     1    0.00                           net17 (net)
                  0.02    0.00    2.08 v _634_/A (sky130_fd_sc_hd__clkbuf_4)
                  0.09    0.19    2.27 v _634_/X (sky130_fd_sc_hd__clkbuf_4)
     9    0.04                           _341_ (net)
                  0.09    0.00    2.27 v _679_/A (sky130_fd_sc_hd__buf_4)
                  0.08    0.22    2.49 v _679_/X (sky130_fd_sc_hd__buf_4)
    10    0.06                           _346_ (net)
                  0.08    0.00    2.50 v _683_/A (sky130_fd_sc_hd__inv_2)
                  0.03    0.06    2.56 ^ _683_/Y (sky130_fd_sc_hd__inv_2)
     1    0.00                           _044_ (net)
                  0.03    0.00    2.56 ^ _737_/RESET_B (sky130_fd_sc_hd__dfrtp_2)
                                  2.56   data arrival time

                         10.00   10.00   clock clk (rise edge)
                          0.00   10.00   clock source latency
                  0.08    0.05   10.05 ^ clk (in)
     1    0.02                           clk (net)
                  0.08    0.00   10.05 ^ clkbuf_0_clk/A (sky130_fd_sc_hd__clkbuf_16)
                  0.06    0.15   10.20 ^ clkbuf_0_clk/X (sky130_fd_sc_hd__clkbuf_16)
     4    0.04                           clknet_0_clk (net)
                  0.06    0.00   10.20 ^ clkbuf_2_1__f_clk/A (sky130_fd_sc_hd__clkbuf_16)
                  0.06    0.14   10.34 ^ clkbuf_2_1__f_clk/X (sky130_fd_sc_hd__clkbuf_16)
    14    0.04                           clknet_2_1__leaf_clk (net)
                  0.06    0.00   10.34 ^ _737_/CLK (sky130_fd_sc_hd__dfrtp_2)
                         -0.25   10.09   clock uncertainty
                          0.00   10.09   clock reconvergence pessimism
                          0.23   10.31   library recovery time
                                 10.31   data required time
-----------------------------------------------------------------------------
                                 10.31   data required time
                                 -2.56   data arrival time
-----------------------------------------------------------------------------
                                  7.76   slack (MET)


Startpoint: _697_ (rising edge-triggered flip-flop clocked by clk)
Endpoint: _707_ (rising edge-triggered flip-flop clocked by clk)
Path Group: clk
Path Type: max

Fanout     Cap    Slew   Delay    Time   Description
-----------------------------------------------------------------------------
                          0.00    0.00   clock clk (rise edge)
                          0.00    0.00   clock source latency
                  0.08    0.06    0.06 ^ clk (in)
     1    0.02                           clk (net)
                  0.08    0.00    0.06 ^ clkbuf_0_clk/A (sky130_fd_sc_hd__clkbuf_16)
                  0.06    0.16    0.22 ^ clkbuf_0_clk/X (sky130_fd_sc_hd__clkbuf_16)
     4    0.04                           clknet_0_clk (net)
                  0.06    0.00    0.22 ^ clkbuf_2_3__f_clk/A (sky130_fd_sc_hd__clkbuf_16)
                  0.06    0.15    0.37 ^ clkbuf_2_3__f_clk/X (sky130_fd_sc_hd__clkbuf_16)
    12    0.03                           clknet_2_3__leaf_clk (net)
                  0.06    0.00    0.37 ^ _697_/CLK (sky130_fd_sc_hd__dfrtp_1)
                  0.07    0.41    0.78 v _697_/Q (sky130_fd_sc_hd__dfrtp_1)
     4    0.01                           u_core.count[3] (net)
                  0.07    0.00    0.78 v _589_/A (sky130_fd_sc_hd__nor4b_1)
                  0.42    0.45    1.24 ^ _589_/Y (sky130_fd_sc_hd__nor4b_1)
     2    0.01                           _319_ (net)
                  0.42    0.00    1.24 ^ wire36/A (sky130_fd_sc_hd__clkbuf_2)
                  0.11    0.26    1.49 ^ wire36/X (sky130_fd_sc_hd__clkbuf_2)
     4    0.02                           net36 (net)
                  0.11    0.00    1.49 ^ _590_/B (sky130_fd_sc_hd__nand2_4)
                  0.10    0.12    1.61 v _590_/Y (sky130_fd_sc_hd__nand2_4)
     7    0.04                           _320_ (net)
                  0.10    0.00    1.61 v _591_/A (sky130_fd_sc_hd__buf_4)
                  0.08    0.22    1.83 v _591_/X (sky130_fd_sc_hd__buf_4)
    10    0.05                           _321_ (net)
                  0.08    0.00    1.83 v _608_/S (sky130_fd_sc_hd__mux2_1)
                  0.05    0.33    2.16 v _608_/X (sky130_fd_sc_hd__mux2_1)
     1    0.00                           _329_ (net)
                  0.05    0.00    2.16 v _609_/A (sky130_fd_sc_hd__clkbuf_1)
                  0.02    0.09    2.25 v _609_/X (sky130_fd_sc_hd__clkbuf_1)
     1    0.00                           _067_ (net)
                  0.02    0.00    2.25 v _707_/D (sky130_fd_sc_hd__dfrtp_1)
                                  2.25   data arrival time

                         10.00   10.00   clock clk (rise edge)
                          0.00   10.00   clock source latency
                  0.08    0.05   10.05 ^ clk (in)
     1    0.02                           clk (net)
                  0.08    0.00   10.05 ^ clkbuf_0_clk/A (sky130_fd_sc_hd__clkbuf_16)
                  0.06    0.15   10.20 ^ clkbuf_0_clk/X (sky130_fd_sc_hd__clkbuf_16)
     4    0.04                           clknet_0_clk (net)
                  0.06    0.00   10.20 ^ clkbuf_2_2__f_clk/A (sky130_fd_sc_hd__clkbuf_16)
                  0.06    0.14   10.34 ^ clkbuf_2_2__f_clk/X (sky130_fd_sc_hd__clkbuf_16)
    13    0.04                           clknet_2_2__leaf_clk (net)
                  0.06    0.00   10.34 ^ _707_/CLK (sky130_fd_sc_hd__dfrtp_1)
                         -0.25   10.09   clock uncertainty
                          0.02   10.11   clock reconvergence pessimism
                         -0.10   10.01   library setup time
                                 10.01   data required time
-----------------------------------------------------------------------------
                                 10.01   data required time
                                 -2.25   data arrival time
-----------------------------------------------------------------------------
                                  7.76   slack (MET)


Startpoint: rst (input port clocked by clk)
Endpoint: _741_ (recovery check against rising-edge clock clk)
Path Group: asynchronous
Path Type: max

Fanout     Cap    Slew   Delay    Time   Description
-----------------------------------------------------------------------------
                          0.00    0.00   clock clk (rise edge)
                          0.00    0.00   clock network delay (propagated)
                          2.00    2.00 v input external delay
                  0.01    0.01    2.01 v rst (in)
     1    0.00                           rst (net)
                  0.01    0.00    2.01 v input17/A (sky130_fd_sc_hd__clkbuf_1)
                  0.02    0.07    2.08 v input17/X (sky130_fd_sc_hd__clkbuf_1)
     1    0.00                           net17 (net)
                  0.02    0.00    2.08 v _634_/A (sky130_fd_sc_hd__clkbuf_4)
                  0.09    0.19    2.27 v _634_/X (sky130_fd_sc_hd__clkbuf_4)
     9    0.04                           _341_ (net)
                  0.09    0.00    2.27 v _679_/A (sky130_fd_sc_hd__buf_4)
                  0.08    0.22    2.49 v _679_/X (sky130_fd_sc_hd__buf_4)
    10    0.06                           _346_ (net)
                  0.08    0.00    2.49 v _687_/A (sky130_fd_sc_hd__inv_2)
                  0.03    0.06    2.56 ^ _687_/Y (sky130_fd_sc_hd__inv_2)
     1    0.00                           _048_ (net)
                  0.03    0.00    2.56 ^ _741_/RESET_B (sky130_fd_sc_hd__dfrtp_4)
                                  2.56   data arrival time

                         10.00   10.00   clock clk (rise edge)
                          0.00   10.00   clock source latency
                  0.08    0.05   10.05 ^ clk (in)
     1    0.02                           clk (net)
                  0.08    0.00   10.05 ^ clkbuf_0_clk/A (sky130_fd_sc_hd__clkbuf_16)
                  0.06    0.15   10.20 ^ clkbuf_0_clk/X (sky130_fd_sc_hd__clkbuf_16)
     4    0.04                           clknet_0_clk (net)
                  0.06    0.00   10.20 ^ clkbuf_2_2__f_clk/A (sky130_fd_sc_hd__clkbuf_16)
                  0.06    0.14   10.34 ^ clkbuf_2_2__f_clk/X (sky130_fd_sc_hd__clkbuf_16)
    13    0.04                           clknet_2_2__leaf_clk (net)
                  0.06    0.00   10.34 ^ _741_/CLK (sky130_fd_sc_hd__dfrtp_4)
                         -0.25   10.09   clock uncertainty
                          0.00   10.09   clock reconvergence pessimism
                          0.23   10.31   library recovery time
                                 10.31   data required time
-----------------------------------------------------------------------------
                                 10.31   data required time
                                 -2.56   data arrival time
-----------------------------------------------------------------------------
                                  7.76   slack (MET)


Startpoint: rst (input port clocked by clk)
Endpoint: _700_ (recovery check against rising-edge clock clk)
Path Group: asynchronous
Path Type: max

Fanout     Cap    Slew   Delay    Time   Description
-----------------------------------------------------------------------------
                          0.00    0.00   clock clk (rise edge)
                          0.00    0.00   clock network delay (propagated)
                          2.00    2.00 v input external delay
                  0.01    0.01    2.01 v rst (in)
     1    0.00                           rst (net)
                  0.01    0.00    2.01 v input17/A (sky130_fd_sc_hd__clkbuf_1)
                  0.02    0.07    2.08 v input17/X (sky130_fd_sc_hd__clkbuf_1)
     1    0.00                           net17 (net)
                  0.02    0.00    2.08 v _634_/A (sky130_fd_sc_hd__clkbuf_4)
                  0.09    0.19    2.27 v _634_/X (sky130_fd_sc_hd__clkbuf_4)
     9    0.04                           _341_ (net)
                  0.09    0.00    2.27 v _635_/A (sky130_fd_sc_hd__buf_4)
                  0.09    0.23    2.50 v _635_/X (sky130_fd_sc_hd__buf_4)
    10    0.06                           _342_ (net)
                  0.09    0.00    2.50 v _642_/A (sky130_fd_sc_hd__inv_2)
                  0.04    0.06    2.56 ^ _642_/Y (sky130_fd_sc_hd__inv_2)
     1    0.00                           _007_ (net)
                  0.04    0.00    2.56 ^ _700_/RESET_B (sky130_fd_sc_hd__dfrtp_1)
                                  2.56   data arrival time

                         10.00   10.00   clock clk (rise edge)
                          0.00   10.00   clock source latency
                  0.08    0.05   10.05 ^ clk (in)
     1    0.02                           clk (net)
                  0.08    0.00   10.05 ^ clkbuf_0_clk/A (sky130_fd_sc_hd__clkbuf_16)
                  0.06    0.15   10.20 ^ clkbuf_0_clk/X (sky130_fd_sc_hd__clkbuf_16)
     4    0.04                           clknet_0_clk (net)
                  0.06    0.00   10.20 ^ clkbuf_2_3__f_clk/A (sky130_fd_sc_hd__clkbuf_16)
                  0.06    0.14   10.33 ^ clkbuf_2_3__f_clk/X (sky130_fd_sc_hd__clkbuf_16)
    12    0.03                           clknet_2_3__leaf_clk (net)
                  0.06    0.00   10.33 ^ _700_/CLK (sky130_fd_sc_hd__dfrtp_1)
                         -0.25   10.08   clock uncertainty
                          0.00   10.08   clock reconvergence pessimism
                          0.24   10.32   library recovery time
                                 10.32   data required time
-----------------------------------------------------------------------------
                                 10.32   data required time
                                 -2.56   data arrival time
-----------------------------------------------------------------------------
                                  7.76   slack (MET)


Startpoint: rst (input port clocked by clk)
Endpoint: _740_ (recovery check against rising-edge clock clk)
Path Group: asynchronous
Path Type: max

Fanout     Cap    Slew   Delay    Time   Description
-----------------------------------------------------------------------------
                          0.00    0.00   clock clk (rise edge)
                          0.00    0.00   clock network delay (propagated)
                          2.00    2.00 v input external delay
                  0.01    0.01    2.01 v rst (in)
     1    0.00                           rst (net)
                  0.01    0.00    2.01 v input17/A (sky130_fd_sc_hd__clkbuf_1)
                  0.02    0.07    2.08 v input17/X (sky130_fd_sc_hd__clkbuf_1)
     1    0.00                           net17 (net)
                  0.02    0.00    2.08 v _634_/A (sky130_fd_sc_hd__clkbuf_4)
                  0.09    0.19    2.27 v _634_/X (sky130_fd_sc_hd__clkbuf_4)
     9    0.04                           _341_ (net)
                  0.09    0.00    2.27 v _679_/A (sky130_fd_sc_hd__buf_4)
                  0.08    0.22    2.49 v _679_/X (sky130_fd_sc_hd__buf_4)
    10    0.06                           _346_ (net)
                  0.08    0.00    2.50 v _686_/A (sky130_fd_sc_hd__inv_2)
                  0.03    0.06    2.56 ^ _686_/Y (sky130_fd_sc_hd__inv_2)
     1    0.00                           _047_ (net)
                  0.03    0.00    2.56 ^ _740_/RESET_B (sky130_fd_sc_hd__dfrtp_2)
                                  2.56   data arrival time

                         10.00   10.00   clock clk (rise edge)
                          0.00   10.00   clock source latency
                  0.08    0.05   10.05 ^ clk (in)
     1    0.02                           clk (net)
                  0.08    0.00   10.05 ^ clkbuf_0_clk/A (sky130_fd_sc_hd__clkbuf_16)
                  0.06    0.15   10.20 ^ clkbuf_0_clk/X (sky130_fd_sc_hd__clkbuf_16)
     4    0.04                           clknet_0_clk (net)
                  0.06    0.00   10.20 ^ clkbuf_2_2__f_clk/A (sky130_fd_sc_hd__clkbuf_16)
                  0.06    0.14   10.34 ^ clkbuf_2_2__f_clk/X (sky130_fd_sc_hd__clkbuf_16)
    13    0.04                           clknet_2_2__leaf_clk (net)
                  0.06    0.00   10.34 ^ _740_/CLK (sky130_fd_sc_hd__dfrtp_2)
                         -0.25   10.09   clock uncertainty
                          0.00   10.09   clock reconvergence pessimism
                          0.23   10.32   library recovery time
                                 10.32   data required time
-----------------------------------------------------------------------------
                                 10.32   data required time
                                 -2.56   data arrival time
-----------------------------------------------------------------------------
                                  7.76   slack (MET)


Startpoint: rst (input port clocked by clk)
Endpoint: _697_ (recovery check against rising-edge clock clk)
Path Group: asynchronous
Path Type: max

Fanout     Cap    Slew   Delay    Time   Description
-----------------------------------------------------------------------------
                          0.00    0.00   clock clk (rise edge)
                          0.00    0.00   clock network delay (propagated)
                          2.00    2.00 v input external delay
                  0.01    0.01    2.01 v rst (in)
     1    0.00                           rst (net)
                  0.01    0.00    2.01 v input17/A (sky130_fd_sc_hd__clkbuf_1)
                  0.02    0.07    2.08 v input17/X (sky130_fd_sc_hd__clkbuf_1)
     1    0.00                           net17 (net)
                  0.02    0.00    2.08 v _634_/A (sky130_fd_sc_hd__clkbuf_4)
                  0.09    0.19    2.27 v _634_/X (sky130_fd_sc_hd__clkbuf_4)
     9    0.04                           _341_ (net)
                  0.09    0.00    2.27 v _635_/A (sky130_fd_sc_hd__buf_4)
                  0.09    0.23    2.50 v _635_/X (sky130_fd_sc_hd__buf_4)
    10    0.06                           _342_ (net)
                  0.09    0.00    2.50 v _639_/A (sky130_fd_sc_hd__inv_2)
                  0.03    0.06    2.56 ^ _639_/Y (sky130_fd_sc_hd__inv_2)
     1    0.00                           _004_ (net)
                  0.03    0.00    2.56 ^ _697_/RESET_B (sky130_fd_sc_hd__dfrtp_1)
                                  2.56   data arrival time

                         10.00   10.00   clock clk (rise edge)
                          0.00   10.00   clock source latency
                  0.08    0.05   10.05 ^ clk (in)
     1    0.02                           clk (net)
                  0.08    0.00   10.05 ^ clkbuf_0_clk/A (sky130_fd_sc_hd__clkbuf_16)
                  0.06    0.15   10.20 ^ clkbuf_0_clk/X (sky130_fd_sc_hd__clkbuf_16)
     4    0.04                           clknet_0_clk (net)
                  0.06    0.00   10.20 ^ clkbuf_2_3__f_clk/A (sky130_fd_sc_hd__clkbuf_16)
                  0.06    0.14   10.33 ^ clkbuf_2_3__f_clk/X (sky130_fd_sc_hd__clkbuf_16)
    12    0.03                           clknet_2_3__leaf_clk (net)
                  0.06    0.00   10.33 ^ _697_/CLK (sky130_fd_sc_hd__dfrtp_1)
                         -0.25   10.08   clock uncertainty
                          0.00   10.08   clock reconvergence pessimism
                          0.24   10.32   library recovery time
                                 10.32   data required time
-----------------------------------------------------------------------------
                                 10.32   data required time
                                 -2.56   data arrival time
-----------------------------------------------------------------------------
                                  7.76   slack (MET)


Startpoint: rst (input port clocked by clk)
Endpoint: _742_ (recovery check against rising-edge clock clk)
Path Group: asynchronous
Path Type: max

Fanout     Cap    Slew   Delay    Time   Description
-----------------------------------------------------------------------------
                          0.00    0.00   clock clk (rise edge)
                          0.00    0.00   clock network delay (propagated)
                          2.00    2.00 v input external delay
                  0.01    0.01    2.01 v rst (in)
     1    0.00                           rst (net)
                  0.01    0.00    2.01 v input17/A (sky130_fd_sc_hd__clkbuf_1)
                  0.02    0.07    2.08 v input17/X (sky130_fd_sc_hd__clkbuf_1)
     1    0.00                           net17 (net)
                  0.02    0.00    2.08 v _634_/A (sky130_fd_sc_hd__clkbuf_4)
                  0.09    0.19    2.27 v _634_/X (sky130_fd_sc_hd__clkbuf_4)
     9    0.04                           _341_ (net)
                  0.09    0.00    2.27 v _679_/A (sky130_fd_sc_hd__buf_4)
                  0.08    0.22    2.49 v _679_/X (sky130_fd_sc_hd__buf_4)
    10    0.06                           _346_ (net)
                  0.08    0.00    2.49 v _688_/A (sky130_fd_sc_hd__inv_2)
                  0.03    0.06    2.56 ^ _688_/Y (sky130_fd_sc_hd__inv_2)
     1    0.00                           _049_ (net)
                  0.03    0.00    2.56 ^ _742_/RESET_B (sky130_fd_sc_hd__dfrtp_2)
                                  2.56   data arrival time

                         10.00   10.00   clock clk (rise edge)
                          0.00   10.00   clock source latency
                  0.08    0.05   10.05 ^ clk (in)
     1    0.02                           clk (net)
                  0.08    0.00   10.05 ^ clkbuf_0_clk/A (sky130_fd_sc_hd__clkbuf_16)
                  0.06    0.15   10.20 ^ clkbuf_0_clk/X (sky130_fd_sc_hd__clkbuf_16)
     4    0.04                           clknet_0_clk (net)
                  0.06    0.00   10.20 ^ clkbuf_2_2__f_clk/A (sky130_fd_sc_hd__clkbuf_16)
                  0.06    0.14   10.34 ^ clkbuf_2_2__f_clk/X (sky130_fd_sc_hd__clkbuf_16)
    13    0.04                           clknet_2_2__leaf_clk (net)
                  0.06    0.00   10.34 ^ _742_/CLK (sky130_fd_sc_hd__dfrtp_2)
                         -0.25   10.09   clock uncertainty
                          0.00   10.09   clock reconvergence pessimism
                          0.23   10.32   library recovery time
                                 10.32   data required time
-----------------------------------------------------------------------------
                                 10.32   data required time
                                 -2.56   data arrival time
-----------------------------------------------------------------------------
                                  7.76   slack (MET)


Startpoint: rst (input port clocked by clk)
Endpoint: _696_ (recovery check against rising-edge clock clk)
Path Group: asynchronous
Path Type: max

Fanout     Cap    Slew   Delay    Time   Description
-----------------------------------------------------------------------------
                          0.00    0.00   clock clk (rise edge)
                          0.00    0.00   clock network delay (propagated)
                          2.00    2.00 v input external delay
                  0.01    0.01    2.01 v rst (in)
     1    0.00                           rst (net)
                  0.01    0.00    2.01 v input17/A (sky130_fd_sc_hd__clkbuf_1)
                  0.02    0.07    2.08 v input17/X (sky130_fd_sc_hd__clkbuf_1)
     1    0.00                           net17 (net)
                  0.02    0.00    2.08 v _634_/A (sky130_fd_sc_hd__clkbuf_4)
                  0.09    0.19    2.27 v _634_/X (sky130_fd_sc_hd__clkbuf_4)
     9    0.04                           _341_ (net)
                  0.09    0.00    2.27 v _635_/A (sky130_fd_sc_hd__buf_4)
                  0.09    0.23    2.50 v _635_/X (sky130_fd_sc_hd__buf_4)
    10    0.06                           _342_ (net)
                  0.09    0.00    2.50 v _638_/A (sky130_fd_sc_hd__inv_2)
                  0.04    0.06    2.56 ^ _638_/Y (sky130_fd_sc_hd__inv_2)
     1    0.00                           _003_ (net)
                  0.04    0.00    2.56 ^ _696_/RESET_B (sky130_fd_sc_hd__dfrtp_1)
                                  2.56   data arrival time

                         10.00   10.00   clock clk (rise edge)
                          0.00   10.00   clock source latency
                  0.08    0.05   10.05 ^ clk (in)
     1    0.02                           clk (net)
                  0.08    0.00   10.05 ^ clkbuf_0_clk/A (sky130_fd_sc_hd__clkbuf_16)
                  0.06    0.15   10.20 ^ clkbuf_0_clk/X (sky130_fd_sc_hd__clkbuf_16)
     4    0.04                           clknet_0_clk (net)
                  0.06    0.00   10.20 ^ clkbuf_2_3__f_clk/A (sky130_fd_sc_hd__clkbuf_16)
                  0.06    0.14   10.33 ^ clkbuf_2_3__f_clk/X (sky130_fd_sc_hd__clkbuf_16)
    12    0.03                           clknet_2_3__leaf_clk (net)
                  0.06    0.00   10.33 ^ _696_/CLK (sky130_fd_sc_hd__dfrtp_1)
                         -0.25   10.08   clock uncertainty
                          0.00   10.08   clock reconvergence pessimism
                          0.24   10.32   library recovery time
                                 10.32   data required time
-----------------------------------------------------------------------------
                                 10.32   data required time
                                 -2.56   data arrival time
-----------------------------------------------------------------------------
                                  7.76   slack (MET)


Startpoint: rst (input port clocked by clk)
Endpoint: _703_ (recovery check against rising-edge clock clk)
Path Group: asynchronous
Path Type: max

Fanout     Cap    Slew   Delay    Time   Description
-----------------------------------------------------------------------------
                          0.00    0.00   clock clk (rise edge)
                          0.00    0.00   clock network delay (propagated)
                          2.00    2.00 v input external delay
                  0.01    0.01    2.01 v rst (in)
     1    0.00                           rst (net)
                  0.01    0.00    2.01 v input17/A (sky130_fd_sc_hd__clkbuf_1)
                  0.02    0.07    2.08 v input17/X (sky130_fd_sc_hd__clkbuf_1)
     1    0.00                           net17 (net)
                  0.02    0.00    2.08 v _634_/A (sky130_fd_sc_hd__clkbuf_4)
                  0.09    0.19    2.27 v _634_/X (sky130_fd_sc_hd__clkbuf_4)
     9    0.04                           _341_ (net)
                  0.09    0.00    2.27 v _635_/A (sky130_fd_sc_hd__buf_4)
                  0.09    0.23    2.50 v _635_/X (sky130_fd_sc_hd__buf_4)
    10    0.06                           _342_ (net)
                  0.09    0.00    2.50 v _645_/A (sky130_fd_sc_hd__inv_2)
                  0.04    0.06    2.56 ^ _645_/Y (sky130_fd_sc_hd__inv_2)
     1    0.00                           _010_ (net)
                  0.04    0.00    2.56 ^ _703_/RESET_B (sky130_fd_sc_hd__dfrtp_1)
                                  2.56   data arrival time

                         10.00   10.00   clock clk (rise edge)
                          0.00   10.00   clock source latency
                  0.08    0.05   10.05 ^ clk (in)
     1    0.02                           clk (net)
                  0.08    0.00   10.05 ^ clkbuf_0_clk/A (sky130_fd_sc_hd__clkbuf_16)
                  0.06    0.15   10.20 ^ clkbuf_0_clk/X (sky130_fd_sc_hd__clkbuf_16)
     4    0.04                           clknet_0_clk (net)
                  0.06    0.00   10.20 ^ clkbuf_2_1__f_clk/A (sky130_fd_sc_hd__clkbuf_16)
                  0.06    0.14   10.34 ^ clkbuf_2_1__f_clk/X (sky130_fd_sc_hd__clkbuf_16)
    14    0.04                           clknet_2_1__leaf_clk (net)
                  0.06    0.00   10.34 ^ _703_/CLK (sky130_fd_sc_hd__dfrtp_1)
                         -0.25   10.09   clock uncertainty
                          0.00   10.09   clock reconvergence pessimism
                          0.24   10.32   library recovery time
                                 10.32   data required time
-----------------------------------------------------------------------------
                                 10.32   data required time
                                 -2.56   data arrival time
-----------------------------------------------------------------------------
                                  7.76   slack (MET)


Startpoint: rst (input port clocked by clk)
Endpoint: _694_ (recovery check against rising-edge clock clk)
Path Group: asynchronous
Path Type: max

Fanout     Cap    Slew   Delay    Time   Description
-----------------------------------------------------------------------------
                          0.00    0.00   clock clk (rise edge)
                          0.00    0.00   clock network delay (propagated)
                          2.00    2.00 v input external delay
                  0.01    0.01    2.01 v rst (in)
     1    0.00                           rst (net)
                  0.01    0.00    2.01 v input17/A (sky130_fd_sc_hd__clkbuf_1)
                  0.02    0.07    2.08 v input17/X (sky130_fd_sc_hd__clkbuf_1)
     1    0.00                           net17 (net)
                  0.02    0.00    2.08 v _634_/A (sky130_fd_sc_hd__clkbuf_4)
                  0.09    0.19    2.27 v _634_/X (sky130_fd_sc_hd__clkbuf_4)
     9    0.04                           _341_ (net)
                  0.09    0.00    2.27 v _635_/A (sky130_fd_sc_hd__buf_4)
                  0.09    0.23    2.50 v _635_/X (sky130_fd_sc_hd__buf_4)
    10    0.06                           _342_ (net)
                  0.09    0.00    2.50 v _636_/A (sky130_fd_sc_hd__inv_2)
                  0.03    0.06    2.56 ^ _636_/Y (sky130_fd_sc_hd__inv_2)
     1    0.00                           _001_ (net)
                  0.03    0.00    2.56 ^ _694_/RESET_B (sky130_fd_sc_hd__dfrtp_1)
                                  2.56   data arrival time

                         10.00   10.00   clock clk (rise edge)
                          0.00   10.00   clock source latency
                  0.08    0.05   10.05 ^ clk (in)
     1    0.02                           clk (net)
                  0.08    0.00   10.05 ^ clkbuf_0_clk/A (sky130_fd_sc_hd__clkbuf_16)
                  0.06    0.15   10.20 ^ clkbuf_0_clk/X (sky130_fd_sc_hd__clkbuf_16)
     4    0.04                           clknet_0_clk (net)
                  0.06    0.00   10.20 ^ clkbuf_2_1__f_clk/A (sky130_fd_sc_hd__clkbuf_16)
                  0.06    0.14   10.34 ^ clkbuf_2_1__f_clk/X (sky130_fd_sc_hd__clkbuf_16)
    14    0.04                           clknet_2_1__leaf_clk (net)
                  0.06    0.00   10.34 ^ _694_/CLK (sky130_fd_sc_hd__dfrtp_1)
                         -0.25   10.09   clock uncertainty
                          0.00   10.09   clock reconvergence pessimism
                          0.24   10.32   library recovery time
                                 10.32   data required time
-----------------------------------------------------------------------------
                                 10.32   data required time
                                 -2.56   data arrival time
-----------------------------------------------------------------------------
                                  7.76   slack (MET)


Startpoint: rst (input port clocked by clk)
Endpoint: _695_ (recovery check against rising-edge clock clk)
Path Group: asynchronous
Path Type: max

Fanout     Cap    Slew   Delay    Time   Description
-----------------------------------------------------------------------------
                          0.00    0.00   clock clk (rise edge)
                          0.00    0.00   clock network delay (propagated)
                          2.00    2.00 v input external delay
                  0.01    0.01    2.01 v rst (in)
     1    0.00                           rst (net)
                  0.01    0.00    2.01 v input17/A (sky130_fd_sc_hd__clkbuf_1)
                  0.02    0.07    2.08 v input17/X (sky130_fd_sc_hd__clkbuf_1)
     1    0.00                           net17 (net)
                  0.02    0.00    2.08 v _634_/A (sky130_fd_sc_hd__clkbuf_4)
                  0.09    0.19    2.27 v _634_/X (sky130_fd_sc_hd__clkbuf_4)
     9    0.04                           _341_ (net)
                  0.09    0.00    2.27 v _635_/A (sky130_fd_sc_hd__buf_4)
                  0.09    0.23    2.50 v _635_/X (sky130_fd_sc_hd__buf_4)
    10    0.06                           _342_ (net)
                  0.09    0.00    2.50 v _637_/A (sky130_fd_sc_hd__inv_2)
                  0.03    0.06    2.56 ^ _637_/Y (sky130_fd_sc_hd__inv_2)
     1    0.00                           _002_ (net)
                  0.03    0.00    2.56 ^ _695_/RESET_B (sky130_fd_sc_hd__dfrtp_1)
                                  2.56   data arrival time

                         10.00   10.00   clock clk (rise edge)
                          0.00   10.00   clock source latency
                  0.08    0.05   10.05 ^ clk (in)
     1    0.02                           clk (net)
                  0.08    0.00   10.05 ^ clkbuf_0_clk/A (sky130_fd_sc_hd__clkbuf_16)
                  0.06    0.15   10.20 ^ clkbuf_0_clk/X (sky130_fd_sc_hd__clkbuf_16)
     4    0.04                           clknet_0_clk (net)
                  0.06    0.00   10.20 ^ clkbuf_2_1__f_clk/A (sky130_fd_sc_hd__clkbuf_16)
                  0.06    0.14   10.34 ^ clkbuf_2_1__f_clk/X (sky130_fd_sc_hd__clkbuf_16)
    14    0.04                           clknet_2_1__leaf_clk (net)
                  0.06    0.00   10.34 ^ _695_/CLK (sky130_fd_sc_hd__dfrtp_1)
                         -0.25   10.09   clock uncertainty
                          0.00   10.09   clock reconvergence pessimism
                          0.24   10.32   library recovery time
                                 10.32   data required time
-----------------------------------------------------------------------------
                                 10.32   data required time
                                 -2.56   data arrival time
-----------------------------------------------------------------------------
                                  7.76   slack (MET)


Startpoint: rst (input port clocked by clk)
Endpoint: _719_ (recovery check against rising-edge clock clk)
Path Group: asynchronous
Path Type: max

Fanout     Cap    Slew   Delay    Time   Description
-----------------------------------------------------------------------------
                          0.00    0.00   clock clk (rise edge)
                          0.00    0.00   clock network delay (propagated)
                          2.00    2.00 v input external delay
                  0.01    0.01    2.01 v rst (in)
     1    0.00                           rst (net)
                  0.01    0.00    2.01 v input17/A (sky130_fd_sc_hd__clkbuf_1)
                  0.02    0.07    2.08 v input17/X (sky130_fd_sc_hd__clkbuf_1)
     1    0.00                           net17 (net)
                  0.02    0.00    2.08 v _634_/A (sky130_fd_sc_hd__clkbuf_4)
                  0.09    0.19    2.27 v _634_/X (sky130_fd_sc_hd__clkbuf_4)
     9    0.04                           _341_ (net)
                  0.09    0.00    2.27 v _657_/A (sky130_fd_sc_hd__buf_4)
                  0.08    0.22    2.49 v _657_/X (sky130_fd_sc_hd__buf_4)
    10    0.06                           _344_ (net)
                  0.08    0.00    2.50 v _663_/A (sky130_fd_sc_hd__inv_2)
                  0.03    0.06    2.56 ^ _663_/Y (sky130_fd_sc_hd__inv_2)
     1    0.00                           _026_ (net)
                  0.03    0.00    2.56 ^ _719_/RESET_B (sky130_fd_sc_hd__dfrtp_1)
                                  2.56   data arrival time

                         10.00   10.00   clock clk (rise edge)
                          0.00   10.00   clock source latency
                  0.08    0.05   10.05 ^ clk (in)
     1    0.02                           clk (net)
                  0.08    0.00   10.05 ^ clkbuf_0_clk/A (sky130_fd_sc_hd__clkbuf_16)
                  0.06    0.15   10.20 ^ clkbuf_0_clk/X (sky130_fd_sc_hd__clkbuf_16)
     4    0.04                           clknet_0_clk (net)
                  0.06    0.00   10.20 ^ clkbuf_2_1__f_clk/A (sky130_fd_sc_hd__clkbuf_16)
                  0.06    0.14   10.34 ^ clkbuf_2_1__f_clk/X (sky130_fd_sc_hd__clkbuf_16)
    14    0.04                           clknet_2_1__leaf_clk (net)
                  0.06    0.00   10.34 ^ _719_/CLK (sky130_fd_sc_hd__dfrtp_1)
                         -0.25   10.09   clock uncertainty
                          0.00   10.09   clock reconvergence pessimism
                          0.24   10.32   library recovery time
                                 10.32   data required time
-----------------------------------------------------------------------------
                                 10.32   data required time
                                 -2.56   data arrival time
-----------------------------------------------------------------------------
                                  7.76   slack (MET)


Startpoint: rst (input port clocked by clk)
Endpoint: _723_ (recovery check against rising-edge clock clk)
Path Group: asynchronous
Path Type: max

Fanout     Cap    Slew   Delay    Time   Description
-----------------------------------------------------------------------------
                          0.00    0.00   clock clk (rise edge)
                          0.00    0.00   clock network delay (propagated)
                          2.00    2.00 v input external delay
                  0.01    0.01    2.01 v rst (in)
     1    0.00                           rst (net)
                  0.01    0.00    2.01 v input17/A (sky130_fd_sc_hd__clkbuf_1)
                  0.02    0.07    2.08 v input17/X (sky130_fd_sc_hd__clkbuf_1)
     1    0.00                           net17 (net)
                  0.02    0.00    2.08 v _634_/A (sky130_fd_sc_hd__clkbuf_4)
                  0.09    0.19    2.27 v _634_/X (sky130_fd_sc_hd__clkbuf_4)
     9    0.04                           _341_ (net)
                  0.09    0.00    2.27 v _657_/A (sky130_fd_sc_hd__buf_4)
                  0.08    0.22    2.49 v _657_/X (sky130_fd_sc_hd__buf_4)
    10    0.06                           _344_ (net)
                  0.08    0.00    2.50 v _667_/A (sky130_fd_sc_hd__inv_2)
                  0.03    0.06    2.56 ^ _667_/Y (sky130_fd_sc_hd__inv_2)
     1    0.00                           _030_ (net)
                  0.03    0.00    2.56 ^ _723_/RESET_B (sky130_fd_sc_hd__dfrtp_1)
                                  2.56   data arrival time

                         10.00   10.00   clock clk (rise edge)
                          0.00   10.00   clock source latency
                  0.08    0.05   10.05 ^ clk (in)
     1    0.02                           clk (net)
                  0.08    0.00   10.05 ^ clkbuf_0_clk/A (sky130_fd_sc_hd__clkbuf_16)
                  0.06    0.15   10.20 ^ clkbuf_0_clk/X (sky130_fd_sc_hd__clkbuf_16)
     4    0.04                           clknet_0_clk (net)
                  0.06    0.00   10.20 ^ clkbuf_2_1__f_clk/A (sky130_fd_sc_hd__clkbuf_16)
                  0.06    0.14   10.34 ^ clkbuf_2_1__f_clk/X (sky130_fd_sc_hd__clkbuf_16)
    14    0.04                           clknet_2_1__leaf_clk (net)
                  0.06    0.00   10.34 ^ _723_/CLK (sky130_fd_sc_hd__dfrtp_1)
                         -0.25   10.09   clock uncertainty
                          0.00   10.09   clock reconvergence pessimism
                          0.24   10.32   library recovery time
                                 10.32   data required time
-----------------------------------------------------------------------------
                                 10.32   data required time
                                 -2.56   data arrival time
-----------------------------------------------------------------------------
                                  7.76   slack (MET)


Startpoint: rst (input port clocked by clk)
Endpoint: _714_ (recovery check against rising-edge clock clk)
Path Group: asynchronous
Path Type: max

Fanout     Cap    Slew   Delay    Time   Description
-----------------------------------------------------------------------------
                          0.00    0.00   clock clk (rise edge)
                          0.00    0.00   clock network delay (propagated)
                          2.00    2.00 v input external delay
                  0.01    0.01    2.01 v rst (in)
     1    0.00                           rst (net)
                  0.01    0.00    2.01 v input17/A (sky130_fd_sc_hd__clkbuf_1)
                  0.02    0.07    2.08 v input17/X (sky130_fd_sc_hd__clkbuf_1)
     1    0.00                           net17 (net)
                  0.02    0.00    2.08 v _634_/A (sky130_fd_sc_hd__clkbuf_4)
                  0.09    0.19    2.27 v _634_/X (sky130_fd_sc_hd__clkbuf_4)
     9    0.04                           _341_ (net)
                  0.09    0.00    2.27 v _657_/A (sky130_fd_sc_hd__buf_4)
                  0.08    0.22    2.49 v _657_/X (sky130_fd_sc_hd__buf_4)
    10    0.06                           _344_ (net)
                  0.08    0.00    2.50 v _658_/A (sky130_fd_sc_hd__inv_2)
                  0.03    0.06    2.56 ^ _658_/Y (sky130_fd_sc_hd__inv_2)
     1    0.00                           _021_ (net)
                  0.03    0.00    2.56 ^ _714_/RESET_B (sky130_fd_sc_hd__dfrtp_1)
                                  2.56   data arrival time

                         10.00   10.00   clock clk (rise edge)
                          0.00   10.00   clock source latency
                  0.08    0.05   10.05 ^ clk (in)
     1    0.02                           clk (net)
                  0.08    0.00   10.05 ^ clkbuf_0_clk/A (sky130_fd_sc_hd__clkbuf_16)
                  0.06    0.15   10.20 ^ clkbuf_0_clk/X (sky130_fd_sc_hd__clkbuf_16)
     4    0.04                           clknet_0_clk (net)
                  0.06    0.00   10.20 ^ clkbuf_2_1__f_clk/A (sky130_fd_sc_hd__clkbuf_16)
                  0.06    0.14   10.34 ^ clkbuf_2_1__f_clk/X (sky130_fd_sc_hd__clkbuf_16)
    14    0.04                           clknet_2_1__leaf_clk (net)
                  0.06    0.00   10.34 ^ _714_/CLK (sky130_fd_sc_hd__dfrtp_1)
                         -0.25   10.09   clock uncertainty
                          0.00   10.09   clock reconvergence pessimism
                          0.24   10.32   library recovery time
                                 10.32   data required time
-----------------------------------------------------------------------------
                                 10.32   data required time
                                 -2.56   data arrival time
-----------------------------------------------------------------------------
                                  7.76   slack (MET)


Startpoint: rst (input port clocked by clk)
Endpoint: _715_ (recovery check against rising-edge clock clk)
Path Group: asynchronous
Path Type: max

Fanout     Cap    Slew   Delay    Time   Description
-----------------------------------------------------------------------------
                          0.00    0.00   clock clk (rise edge)
                          0.00    0.00   clock network delay (propagated)
                          2.00    2.00 v input external delay
                  0.01    0.01    2.01 v rst (in)
     1    0.00                           rst (net)
                  0.01    0.00    2.01 v input17/A (sky130_fd_sc_hd__clkbuf_1)
                  0.02    0.07    2.08 v input17/X (sky130_fd_sc_hd__clkbuf_1)
     1    0.00                           net17 (net)
                  0.02    0.00    2.08 v _634_/A (sky130_fd_sc_hd__clkbuf_4)
                  0.09    0.19    2.27 v _634_/X (sky130_fd_sc_hd__clkbuf_4)
     9    0.04                           _341_ (net)
                  0.09    0.00    2.27 v _657_/A (sky130_fd_sc_hd__buf_4)
                  0.08    0.22    2.49 v _657_/X (sky130_fd_sc_hd__buf_4)
    10    0.06                           _344_ (net)
                  0.08    0.00    2.50 v _659_/A (sky130_fd_sc_hd__inv_2)
                  0.03    0.06    2.56 ^ _659_/Y (sky130_fd_sc_hd__inv_2)
     1    0.00                           _022_ (net)
                  0.03    0.00    2.56 ^ _715_/RESET_B (sky130_fd_sc_hd__dfrtp_1)
                                  2.56   data arrival time

                         10.00   10.00   clock clk (rise edge)
                          0.00   10.00   clock source latency
                  0.08    0.05   10.05 ^ clk (in)
     1    0.02                           clk (net)
                  0.08    0.00   10.05 ^ clkbuf_0_clk/A (sky130_fd_sc_hd__clkbuf_16)
                  0.06    0.15   10.20 ^ clkbuf_0_clk/X (sky130_fd_sc_hd__clkbuf_16)
     4    0.04                           clknet_0_clk (net)
                  0.06    0.00   10.20 ^ clkbuf_2_3__f_clk/A (sky130_fd_sc_hd__clkbuf_16)
                  0.06    0.14   10.33 ^ clkbuf_2_3__f_clk/X (sky130_fd_sc_hd__clkbuf_16)
    12    0.03                           clknet_2_3__leaf_clk (net)
                  0.06    0.00   10.33 ^ _715_/CLK (sky130_fd_sc_hd__dfrtp_1)
                         -0.25   10.08   clock uncertainty
                          0.00   10.08   clock reconvergence pessimism
                          0.24   10.32   library recovery time
                                 10.32   data required time
-----------------------------------------------------------------------------
                                 10.32   data required time
                                 -2.56   data arrival time
-----------------------------------------------------------------------------
                                  7.76   slack (MET)


Startpoint: rst (input port clocked by clk)
Endpoint: _732_ (recovery check against rising-edge clock clk)
Path Group: asynchronous
Path Type: max

Fanout     Cap    Slew   Delay    Time   Description
-----------------------------------------------------------------------------
                          0.00    0.00   clock clk (rise edge)
                          0.00    0.00   clock network delay (propagated)
                          2.00    2.00 v input external delay
                  0.01    0.01    2.01 v rst (in)
     1    0.00                           rst (net)
                  0.01    0.00    2.01 v input17/A (sky130_fd_sc_hd__clkbuf_1)
                  0.02    0.07    2.08 v input17/X (sky130_fd_sc_hd__clkbuf_1)
     1    0.00                           net17 (net)
                  0.02    0.00    2.08 v _634_/A (sky130_fd_sc_hd__clkbuf_4)
                  0.09    0.19    2.27 v _634_/X (sky130_fd_sc_hd__clkbuf_4)
     9    0.04                           _341_ (net)
                  0.09    0.00    2.27 v _668_/A (sky130_fd_sc_hd__clkbuf_8)
                  0.08    0.21    2.48 v _668_/X (sky130_fd_sc_hd__clkbuf_8)
    10    0.06                           _345_ (net)
                  0.08    0.00    2.48 v _677_/A (sky130_fd_sc_hd__inv_2)
                  0.03    0.06    2.54 ^ _677_/Y (sky130_fd_sc_hd__inv_2)
     1    0.00                           _039_ (net)
                  0.03    0.00    2.54 ^ _732_/RESET_B (sky130_fd_sc_hd__dfrtp_4)
                                  2.54   data arrival time

                         10.00   10.00   clock clk (rise edge)
                          0.00   10.00   clock source latency
                  0.08    0.05   10.05 ^ clk (in)
     1    0.02                           clk (net)
                  0.08    0.00   10.05 ^ clkbuf_0_clk/A (sky130_fd_sc_hd__clkbuf_16)
                  0.06    0.15   10.20 ^ clkbuf_0_clk/X (sky130_fd_sc_hd__clkbuf_16)
     4    0.04                           clknet_0_clk (net)
                  0.06    0.00   10.20 ^ clkbuf_2_3__f_clk/A (sky130_fd_sc_hd__clkbuf_16)
                  0.06    0.14   10.33 ^ clkbuf_2_3__f_clk/X (sky130_fd_sc_hd__clkbuf_16)
    12    0.03                           clknet_2_3__leaf_clk (net)
                  0.06    0.00   10.33 ^ _732_/CLK (sky130_fd_sc_hd__dfrtp_4)
                         -0.25   10.08   clock uncertainty
                          0.00   10.08   clock reconvergence pessimism
                          0.22   10.31   library recovery time
                                 10.31   data required time
-----------------------------------------------------------------------------
                                 10.31   data required time
                                 -2.54   data arrival time
-----------------------------------------------------------------------------
                                  7.77   slack (MET)


Startpoint: rst (input port clocked by clk)
Endpoint: _728_ (recovery check against rising-edge clock clk)
Path Group: asynchronous
Path Type: max

Fanout     Cap    Slew   Delay    Time   Description
-----------------------------------------------------------------------------
                          0.00    0.00   clock clk (rise edge)
                          0.00    0.00   clock network delay (propagated)
                          2.00    2.00 v input external delay
                  0.01    0.01    2.01 v rst (in)
     1    0.00                           rst (net)
                  0.01    0.00    2.01 v input17/A (sky130_fd_sc_hd__clkbuf_1)
                  0.02    0.07    2.08 v input17/X (sky130_fd_sc_hd__clkbuf_1)
     1    0.00                           net17 (net)
                  0.02    0.00    2.08 v _634_/A (sky130_fd_sc_hd__clkbuf_4)
                  0.09    0.19    2.27 v _634_/X (sky130_fd_sc_hd__clkbuf_4)
     9    0.04                           _341_ (net)
                  0.09    0.00    2.27 v _668_/A (sky130_fd_sc_hd__clkbuf_8)
                  0.08    0.21    2.48 v _668_/X (sky130_fd_sc_hd__clkbuf_8)
    10    0.06                           _345_ (net)
                  0.08    0.00    2.48 v _673_/A (sky130_fd_sc_hd__inv_2)
                  0.03    0.06    2.54 ^ _673_/Y (sky130_fd_sc_hd__inv_2)
     1    0.00                           _035_ (net)
                  0.03    0.00    2.54 ^ _728_/RESET_B (sky130_fd_sc_hd__dfrtp_4)
                                  2.54   data arrival time

                         10.00   10.00   clock clk (rise edge)
                          0.00   10.00   clock source latency
                  0.08    0.05   10.05 ^ clk (in)
     1    0.02                           clk (net)
                  0.08    0.00   10.05 ^ clkbuf_0_clk/A (sky130_fd_sc_hd__clkbuf_16)
                  0.06    0.15   10.20 ^ clkbuf_0_clk/X (sky130_fd_sc_hd__clkbuf_16)
     4    0.04                           clknet_0_clk (net)
                  0.06    0.00   10.20 ^ clkbuf_2_3__f_clk/A (sky130_fd_sc_hd__clkbuf_16)
                  0.06    0.14   10.33 ^ clkbuf_2_3__f_clk/X (sky130_fd_sc_hd__clkbuf_16)
    12    0.03                           clknet_2_3__leaf_clk (net)
                  0.06    0.00   10.33 ^ _728_/CLK (sky130_fd_sc_hd__dfrtp_4)
                         -0.25   10.08   clock uncertainty
                          0.00   10.08   clock reconvergence pessimism
                          0.22   10.31   library recovery time
                                 10.31   data required time
-----------------------------------------------------------------------------
                                 10.31   data required time
                                 -2.54   data arrival time
-----------------------------------------------------------------------------
                                  7.77   slack (MET)


Startpoint: rst (input port clocked by clk)
Endpoint: _731_ (recovery check against rising-edge clock clk)
Path Group: asynchronous
Path Type: max

Fanout     Cap    Slew   Delay    Time   Description
-----------------------------------------------------------------------------
                          0.00    0.00   clock clk (rise edge)
                          0.00    0.00   clock network delay (propagated)
                          2.00    2.00 v input external delay
                  0.01    0.01    2.01 v rst (in)
     1    0.00                           rst (net)
                  0.01    0.00    2.01 v input17/A (sky130_fd_sc_hd__clkbuf_1)
                  0.02    0.07    2.08 v input17/X (sky130_fd_sc_hd__clkbuf_1)
     1    0.00                           net17 (net)
                  0.02    0.00    2.08 v _634_/A (sky130_fd_sc_hd__clkbuf_4)
                  0.09    0.19    2.27 v _634_/X (sky130_fd_sc_hd__clkbuf_4)
     9    0.04                           _341_ (net)
                  0.09    0.00    2.27 v _668_/A (sky130_fd_sc_hd__clkbuf_8)
                  0.08    0.21    2.48 v _668_/X (sky130_fd_sc_hd__clkbuf_8)
    10    0.06                           _345_ (net)
                  0.08    0.00    2.48 v _676_/A (sky130_fd_sc_hd__inv_2)
                  0.03    0.06    2.54 ^ _676_/Y (sky130_fd_sc_hd__inv_2)
     1    0.00                           _038_ (net)
                  0.03    0.00    2.54 ^ _731_/RESET_B (sky130_fd_sc_hd__dfrtp_4)
                                  2.54   data arrival time

                         10.00   10.00   clock clk (rise edge)
                          0.00   10.00   clock source latency
                  0.08    0.05   10.05 ^ clk (in)
     1    0.02                           clk (net)
                  0.08    0.00   10.05 ^ clkbuf_0_clk/A (sky130_fd_sc_hd__clkbuf_16)
                  0.06    0.15   10.20 ^ clkbuf_0_clk/X (sky130_fd_sc_hd__clkbuf_16)
     4    0.04                           clknet_0_clk (net)
                  0.06    0.00   10.20 ^ clkbuf_2_1__f_clk/A (sky130_fd_sc_hd__clkbuf_16)
                  0.06    0.14   10.34 ^ clkbuf_2_1__f_clk/X (sky130_fd_sc_hd__clkbuf_16)
    14    0.04                           clknet_2_1__leaf_clk (net)
                  0.06    0.00   10.34 ^ _731_/CLK (sky130_fd_sc_hd__dfrtp_4)
                         -0.25   10.09   clock uncertainty
                          0.00   10.09   clock reconvergence pessimism
                          0.22   10.31   library recovery time
                                 10.31   data required time
-----------------------------------------------------------------------------
                                 10.31   data required time
                                 -2.54   data arrival time
-----------------------------------------------------------------------------
                                  7.77   slack (MET)


Startpoint: rst (input port clocked by clk)
Endpoint: _718_ (recovery check against rising-edge clock clk)
Path Group: asynchronous
Path Type: max

Fanout     Cap    Slew   Delay    Time   Description
-----------------------------------------------------------------------------
                          0.00    0.00   clock clk (rise edge)
                          0.00    0.00   clock network delay (propagated)
                          2.00    2.00 v input external delay
                  0.01    0.01    2.01 v rst (in)
     1    0.00                           rst (net)
                  0.01    0.00    2.01 v input17/A (sky130_fd_sc_hd__clkbuf_1)
                  0.02    0.07    2.08 v input17/X (sky130_fd_sc_hd__clkbuf_1)
     1    0.00                           net17 (net)
                  0.02    0.00    2.08 v _634_/A (sky130_fd_sc_hd__clkbuf_4)
                  0.09    0.19    2.27 v _634_/X (sky130_fd_sc_hd__clkbuf_4)
     9    0.04                           _341_ (net)
                  0.09    0.00    2.27 v _657_/A (sky130_fd_sc_hd__buf_4)
                  0.08    0.22    2.49 v _657_/X (sky130_fd_sc_hd__buf_4)
    10    0.06                           _344_ (net)
                  0.08    0.00    2.50 v _662_/A (sky130_fd_sc_hd__inv_2)
                  0.03    0.06    2.56 ^ _662_/Y (sky130_fd_sc_hd__inv_2)
     1    0.00                           _025_ (net)
                  0.03    0.00    2.56 ^ _718_/RESET_B (sky130_fd_sc_hd__dfrtp_1)
                                  2.56   data arrival time

                         10.00   10.00   clock clk (rise edge)
                          0.00   10.00   clock source latency
                  0.08    0.05   10.05 ^ clk (in)
     1    0.02                           clk (net)
                  0.08    0.00   10.05 ^ clkbuf_0_clk/A (sky130_fd_sc_hd__clkbuf_16)
                  0.06    0.15   10.20 ^ clkbuf_0_clk/X (sky130_fd_sc_hd__clkbuf_16)
     4    0.04                           clknet_0_clk (net)
                  0.06    0.00   10.20 ^ clkbuf_2_2__f_clk/A (sky130_fd_sc_hd__clkbuf_16)
                  0.06    0.14   10.34 ^ clkbuf_2_2__f_clk/X (sky130_fd_sc_hd__clkbuf_16)
    13    0.04                           clknet_2_2__leaf_clk (net)
                  0.06    0.00   10.34 ^ _718_/CLK (sky130_fd_sc_hd__dfrtp_1)
                         -0.25   10.09   clock uncertainty
                          0.00   10.09   clock reconvergence pessimism
                          0.24   10.33   library recovery time
                                 10.33   data required time
-----------------------------------------------------------------------------
                                 10.33   data required time
                                 -2.56   data arrival time
-----------------------------------------------------------------------------
                                  7.77   slack (MET)


Startpoint: rst (input port clocked by clk)
Endpoint: _701_ (recovery check against rising-edge clock clk)
Path Group: asynchronous
Path Type: max

Fanout     Cap    Slew   Delay    Time   Description
-----------------------------------------------------------------------------
                          0.00    0.00   clock clk (rise edge)
                          0.00    0.00   clock network delay (propagated)
                          2.00    2.00 v input external delay
                  0.01    0.01    2.01 v rst (in)
     1    0.00                           rst (net)
                  0.01    0.00    2.01 v input17/A (sky130_fd_sc_hd__clkbuf_1)
                  0.02    0.07    2.08 v input17/X (sky130_fd_sc_hd__clkbuf_1)
     1    0.00                           net17 (net)
                  0.02    0.00    2.08 v _634_/A (sky130_fd_sc_hd__clkbuf_4)
                  0.09    0.19    2.27 v _634_/X (sky130_fd_sc_hd__clkbuf_4)
     9    0.04                           _341_ (net)
                  0.09    0.00    2.27 v _635_/A (sky130_fd_sc_hd__buf_4)
                  0.09    0.23    2.50 v _635_/X (sky130_fd_sc_hd__buf_4)
    10    0.06                           _342_ (net)
                  0.09    0.00    2.50 v _643_/A (sky130_fd_sc_hd__inv_2)
                  0.03    0.06    2.56 ^ _643_/Y (sky130_fd_sc_hd__inv_2)
     1    0.00                           _008_ (net)
                  0.03    0.00    2.56 ^ _701_/RESET_B (sky130_fd_sc_hd__dfrtp_1)
                                  2.56   data arrival time

                         10.00   10.00   clock clk (rise edge)
                          0.00   10.00   clock source latency
                  0.08    0.05   10.05 ^ clk (in)
     1    0.02                           clk (net)
                  0.08    0.00   10.05 ^ clkbuf_0_clk/A (sky130_fd_sc_hd__clkbuf_16)
                  0.06    0.15   10.20 ^ clkbuf_0_clk/X (sky130_fd_sc_hd__clkbuf_16)
     4    0.04                           clknet_0_clk (net)
                  0.06    0.00   10.20 ^ clkbuf_2_2__f_clk/A (sky130_fd_sc_hd__clkbuf_16)
                  0.06    0.14   10.34 ^ clkbuf_2_2__f_clk/X (sky130_fd_sc_hd__clkbuf_16)
    13    0.04                           clknet_2_2__leaf_clk (net)
                  0.06    0.00   10.34 ^ _701_/CLK (sky130_fd_sc_hd__dfrtp_1)
                         -0.25   10.09   clock uncertainty
                          0.00   10.09   clock reconvergence pessimism
                          0.24   10.33   library recovery time
                                 10.33   data required time
-----------------------------------------------------------------------------
                                 10.33   data required time
                                 -2.56   data arrival time
-----------------------------------------------------------------------------
                                  7.77   slack (MET)


Startpoint: rst (input port clocked by clk)
Endpoint: _717_ (recovery check against rising-edge clock clk)
Path Group: asynchronous
Path Type: max

Fanout     Cap    Slew   Delay    Time   Description
-----------------------------------------------------------------------------
                          0.00    0.00   clock clk (rise edge)
                          0.00    0.00   clock network delay (propagated)
                          2.00    2.00 v input external delay
                  0.01    0.01    2.01 v rst (in)
     1    0.00                           rst (net)
                  0.01    0.00    2.01 v input17/A (sky130_fd_sc_hd__clkbuf_1)
                  0.02    0.07    2.08 v input17/X (sky130_fd_sc_hd__clkbuf_1)
     1    0.00                           net17 (net)
                  0.02    0.00    2.08 v _634_/A (sky130_fd_sc_hd__clkbuf_4)
                  0.09    0.19    2.27 v _634_/X (sky130_fd_sc_hd__clkbuf_4)
     9    0.04                           _341_ (net)
                  0.09    0.00    2.27 v _657_/A (sky130_fd_sc_hd__buf_4)
                  0.08    0.22    2.49 v _657_/X (sky130_fd_sc_hd__buf_4)
    10    0.06                           _344_ (net)
                  0.08    0.00    2.50 v _661_/A (sky130_fd_sc_hd__inv_2)
                  0.03    0.06    2.56 ^ _661_/Y (sky130_fd_sc_hd__inv_2)
     1    0.00                           _024_ (net)
                  0.03    0.00    2.56 ^ _717_/RESET_B (sky130_fd_sc_hd__dfrtp_1)
                                  2.56   data arrival time

                         10.00   10.00   clock clk (rise edge)
                          0.00   10.00   clock source latency
                  0.08    0.05   10.05 ^ clk (in)
     1    0.02                           clk (net)
                  0.08    0.00   10.05 ^ clkbuf_0_clk/A (sky130_fd_sc_hd__clkbuf_16)
                  0.06    0.15   10.20 ^ clkbuf_0_clk/X (sky130_fd_sc_hd__clkbuf_16)
     4    0.04                           clknet_0_clk (net)
                  0.06    0.00   10.20 ^ clkbuf_2_2__f_clk/A (sky130_fd_sc_hd__clkbuf_16)
                  0.06    0.14   10.34 ^ clkbuf_2_2__f_clk/X (sky130_fd_sc_hd__clkbuf_16)
    13    0.04                           clknet_2_2__leaf_clk (net)
                  0.06    0.00   10.34 ^ _717_/CLK (sky130_fd_sc_hd__dfrtp_1)
                         -0.25   10.09   clock uncertainty
                          0.00   10.09   clock reconvergence pessimism
                          0.24   10.33   library recovery time
                                 10.33   data required time
-----------------------------------------------------------------------------
                                 10.33   data required time
                                 -2.56   data arrival time
-----------------------------------------------------------------------------
                                  7.77   slack (MET)


Startpoint: rst (input port clocked by clk)
Endpoint: _722_ (recovery check against rising-edge clock clk)
Path Group: asynchronous
Path Type: max

Fanout     Cap    Slew   Delay    Time   Description
-----------------------------------------------------------------------------
                          0.00    0.00   clock clk (rise edge)
                          0.00    0.00   clock network delay (propagated)
                          2.00    2.00 v input external delay
                  0.01    0.01    2.01 v rst (in)
     1    0.00                           rst (net)
                  0.01    0.00    2.01 v input17/A (sky130_fd_sc_hd__clkbuf_1)
                  0.02    0.07    2.08 v input17/X (sky130_fd_sc_hd__clkbuf_1)
     1    0.00                           net17 (net)
                  0.02    0.00    2.08 v _634_/A (sky130_fd_sc_hd__clkbuf_4)
                  0.09    0.19    2.27 v _634_/X (sky130_fd_sc_hd__clkbuf_4)
     9    0.04                           _341_ (net)
                  0.09    0.00    2.27 v _657_/A (sky130_fd_sc_hd__buf_4)
                  0.08    0.22    2.49 v _657_/X (sky130_fd_sc_hd__buf_4)
    10    0.06                           _344_ (net)
                  0.08    0.00    2.50 v _666_/A (sky130_fd_sc_hd__inv_2)
                  0.03    0.06    2.56 ^ _666_/Y (sky130_fd_sc_hd__inv_2)
     1    0.00                           _029_ (net)
                  0.03    0.00    2.56 ^ _722_/RESET_B (sky130_fd_sc_hd__dfrtp_1)
                                  2.56   data arrival time

                         10.00   10.00   clock clk (rise edge)
                          0.00   10.00   clock source latency
                  0.08    0.05   10.05 ^ clk (in)
     1    0.02                           clk (net)
                  0.08    0.00   10.05 ^ clkbuf_0_clk/A (sky130_fd_sc_hd__clkbuf_16)
                  0.06    0.15   10.20 ^ clkbuf_0_clk/X (sky130_fd_sc_hd__clkbuf_16)
     4    0.04                           clknet_0_clk (net)
                  0.06    0.00   10.20 ^ clkbuf_2_0__f_clk/A (sky130_fd_sc_hd__clkbuf_16)
                  0.06    0.14   10.34 ^ clkbuf_2_0__f_clk/X (sky130_fd_sc_hd__clkbuf_16)
    15    0.04                           clknet_2_0__leaf_clk (net)
                  0.06    0.00   10.34 ^ _722_/CLK (sky130_fd_sc_hd__dfrtp_1)
                         -0.25   10.09   clock uncertainty
                          0.00   10.09   clock reconvergence pessimism
                          0.24   10.33   library recovery time
                                 10.33   data required time
-----------------------------------------------------------------------------
                                 10.33   data required time
                                 -2.56   data arrival time
-----------------------------------------------------------------------------
                                  7.77   slack (MET)


Startpoint: rst (input port clocked by clk)
Endpoint: _721_ (recovery check against rising-edge clock clk)
Path Group: asynchronous
Path Type: max

Fanout     Cap    Slew   Delay    Time   Description
-----------------------------------------------------------------------------
                          0.00    0.00   clock clk (rise edge)
                          0.00    0.00   clock network delay (propagated)
                          2.00    2.00 v input external delay
                  0.01    0.01    2.01 v rst (in)
     1    0.00                           rst (net)
                  0.01    0.00    2.01 v input17/A (sky130_fd_sc_hd__clkbuf_1)
                  0.02    0.07    2.08 v input17/X (sky130_fd_sc_hd__clkbuf_1)
     1    0.00                           net17 (net)
                  0.02    0.00    2.08 v _634_/A (sky130_fd_sc_hd__clkbuf_4)
                  0.09    0.19    2.27 v _634_/X (sky130_fd_sc_hd__clkbuf_4)
     9    0.04                           _341_ (net)
                  0.09    0.00    2.27 v _657_/A (sky130_fd_sc_hd__buf_4)
                  0.08    0.22    2.49 v _657_/X (sky130_fd_sc_hd__buf_4)
    10    0.06                           _344_ (net)
                  0.08    0.00    2.50 v _665_/A (sky130_fd_sc_hd__inv_2)
                  0.03    0.06    2.56 ^ _665_/Y (sky130_fd_sc_hd__inv_2)
     1    0.00                           _028_ (net)
                  0.03    0.00    2.56 ^ _721_/RESET_B (sky130_fd_sc_hd__dfrtp_1)
                                  2.56   data arrival time

                         10.00   10.00   clock clk (rise edge)
                          0.00   10.00   clock source latency
                  0.08    0.05   10.05 ^ clk (in)
     1    0.02                           clk (net)
                  0.08    0.00   10.05 ^ clkbuf_0_clk/A (sky130_fd_sc_hd__clkbuf_16)
                  0.06    0.15   10.20 ^ clkbuf_0_clk/X (sky130_fd_sc_hd__clkbuf_16)
     4    0.04                           clknet_0_clk (net)
                  0.06    0.00   10.20 ^ clkbuf_2_0__f_clk/A (sky130_fd_sc_hd__clkbuf_16)
                  0.06    0.14   10.34 ^ clkbuf_2_0__f_clk/X (sky130_fd_sc_hd__clkbuf_16)
    15    0.04                           clknet_2_0__leaf_clk (net)
                  0.06    0.00   10.34 ^ _721_/CLK (sky130_fd_sc_hd__dfrtp_1)
                         -0.25   10.09   clock uncertainty
                          0.00   10.09   clock reconvergence pessimism
                          0.24   10.33   library recovery time
                                 10.33   data required time
-----------------------------------------------------------------------------
                                 10.33   data required time
                                 -2.56   data arrival time
-----------------------------------------------------------------------------
                                  7.77   slack (MET)


Startpoint: rst (input port clocked by clk)
Endpoint: _720_ (recovery check against rising-edge clock clk)
Path Group: asynchronous
Path Type: max

Fanout     Cap    Slew   Delay    Time   Description
-----------------------------------------------------------------------------
                          0.00    0.00   clock clk (rise edge)
                          0.00    0.00   clock network delay (propagated)
                          2.00    2.00 v input external delay
                  0.01    0.01    2.01 v rst (in)
     1    0.00                           rst (net)
                  0.01    0.00    2.01 v input17/A (sky130_fd_sc_hd__clkbuf_1)
                  0.02    0.07    2.08 v input17/X (sky130_fd_sc_hd__clkbuf_1)
     1    0.00                           net17 (net)
                  0.02    0.00    2.08 v _634_/A (sky130_fd_sc_hd__clkbuf_4)
                  0.09    0.19    2.27 v _634_/X (sky130_fd_sc_hd__clkbuf_4)
     9    0.04                           _341_ (net)
                  0.09    0.00    2.27 v _657_/A (sky130_fd_sc_hd__buf_4)
                  0.08    0.22    2.49 v _657_/X (sky130_fd_sc_hd__buf_4)
    10    0.06                           _344_ (net)
                  0.08    0.00    2.50 v _664_/A (sky130_fd_sc_hd__inv_2)
                  0.03    0.06    2.56 ^ _664_/Y (sky130_fd_sc_hd__inv_2)
     1    0.00                           _027_ (net)
                  0.03    0.00    2.56 ^ _720_/RESET_B (sky130_fd_sc_hd__dfrtp_1)
                                  2.56   data arrival time

                         10.00   10.00   clock clk (rise edge)
                          0.00   10.00   clock source latency
                  0.08    0.05   10.05 ^ clk (in)
     1    0.02                           clk (net)
                  0.08    0.00   10.05 ^ clkbuf_0_clk/A (sky130_fd_sc_hd__clkbuf_16)
                  0.06    0.15   10.20 ^ clkbuf_0_clk/X (sky130_fd_sc_hd__clkbuf_16)
     4    0.04                           clknet_0_clk (net)
                  0.06    0.00   10.20 ^ clkbuf_2_0__f_clk/A (sky130_fd_sc_hd__clkbuf_16)
                  0.06    0.14   10.34 ^ clkbuf_2_0__f_clk/X (sky130_fd_sc_hd__clkbuf_16)
    15    0.04                           clknet_2_0__leaf_clk (net)
                  0.06    0.00   10.34 ^ _720_/CLK (sky130_fd_sc_hd__dfrtp_1)
                         -0.25   10.09   clock uncertainty
                          0.00   10.09   clock reconvergence pessimism
                          0.24   10.33   library recovery time
                                 10.33   data required time
-----------------------------------------------------------------------------
                                 10.33   data required time
                                 -2.56   data arrival time
-----------------------------------------------------------------------------
                                  7.77   slack (MET)


Startpoint: rst (input port clocked by clk)
Endpoint: _702_ (recovery check against rising-edge clock clk)
Path Group: asynchronous
Path Type: max

Fanout     Cap    Slew   Delay    Time   Description
-----------------------------------------------------------------------------
                          0.00    0.00   clock clk (rise edge)
                          0.00    0.00   clock network delay (propagated)
                          2.00    2.00 v input external delay
                  0.01    0.01    2.01 v rst (in)
     1    0.00                           rst (net)
                  0.01    0.00    2.01 v input17/A (sky130_fd_sc_hd__clkbuf_1)
                  0.02    0.07    2.08 v input17/X (sky130_fd_sc_hd__clkbuf_1)
     1    0.00                           net17 (net)
                  0.02    0.00    2.08 v _634_/A (sky130_fd_sc_hd__clkbuf_4)
                  0.09    0.19    2.27 v _634_/X (sky130_fd_sc_hd__clkbuf_4)
     9    0.04                           _341_ (net)
                  0.09    0.00    2.27 v _635_/A (sky130_fd_sc_hd__buf_4)
                  0.09    0.23    2.50 v _635_/X (sky130_fd_sc_hd__buf_4)
    10    0.06                           _342_ (net)
                  0.09    0.00    2.50 v _644_/A (sky130_fd_sc_hd__inv_2)
                  0.03    0.06    2.56 ^ _644_/Y (sky130_fd_sc_hd__inv_2)
     1    0.00                           _009_ (net)
                  0.03    0.00    2.56 ^ _702_/RESET_B (sky130_fd_sc_hd__dfrtp_1)
                                  2.56   data arrival time

                         10.00   10.00   clock clk (rise edge)
                          0.00   10.00   clock source latency
                  0.08    0.05   10.05 ^ clk (in)
     1    0.02                           clk (net)
                  0.08    0.00   10.05 ^ clkbuf_0_clk/A (sky130_fd_sc_hd__clkbuf_16)
                  0.06    0.15   10.20 ^ clkbuf_0_clk/X (sky130_fd_sc_hd__clkbuf_16)
     4    0.04                           clknet_0_clk (net)
                  0.06    0.00   10.20 ^ clkbuf_2_0__f_clk/A (sky130_fd_sc_hd__clkbuf_16)
                  0.06    0.14   10.34 ^ clkbuf_2_0__f_clk/X (sky130_fd_sc_hd__clkbuf_16)
    15    0.04                           clknet_2_0__leaf_clk (net)
                  0.06    0.00   10.34 ^ _702_/CLK (sky130_fd_sc_hd__dfrtp_1)
                         -0.25   10.09   clock uncertainty
                          0.00   10.09   clock reconvergence pessimism
                          0.24   10.33   library recovery time
                                 10.33   data required time
-----------------------------------------------------------------------------
                                 10.33   data required time
                                 -2.56   data arrival time
-----------------------------------------------------------------------------
                                  7.77   slack (MET)


Startpoint: rst (input port clocked by clk)
Endpoint: _716_ (recovery check against rising-edge clock clk)
Path Group: asynchronous
Path Type: max

Fanout     Cap    Slew   Delay    Time   Description
-----------------------------------------------------------------------------
                          0.00    0.00   clock clk (rise edge)
                          0.00    0.00   clock network delay (propagated)
                          2.00    2.00 v input external delay
                  0.01    0.01    2.01 v rst (in)
     1    0.00                           rst (net)
                  0.01    0.00    2.01 v input17/A (sky130_fd_sc_hd__clkbuf_1)
                  0.02    0.07    2.08 v input17/X (sky130_fd_sc_hd__clkbuf_1)
     1    0.00                           net17 (net)
                  0.02    0.00    2.08 v _634_/A (sky130_fd_sc_hd__clkbuf_4)
                  0.09    0.19    2.27 v _634_/X (sky130_fd_sc_hd__clkbuf_4)
     9    0.04                           _341_ (net)
                  0.09    0.00    2.27 v _657_/A (sky130_fd_sc_hd__buf_4)
                  0.08    0.22    2.49 v _657_/X (sky130_fd_sc_hd__buf_4)
    10    0.06                           _344_ (net)
                  0.08    0.00    2.50 v _660_/A (sky130_fd_sc_hd__inv_2)
                  0.03    0.06    2.56 ^ _660_/Y (sky130_fd_sc_hd__inv_2)
     1    0.00                           _023_ (net)
                  0.03    0.00    2.56 ^ _716_/RESET_B (sky130_fd_sc_hd__dfrtp_1)
                                  2.56   data arrival time

                         10.00   10.00   clock clk (rise edge)
                          0.00   10.00   clock source latency
                  0.08    0.05   10.05 ^ clk (in)
     1    0.02                           clk (net)
                  0.08    0.00   10.05 ^ clkbuf_0_clk/A (sky130_fd_sc_hd__clkbuf_16)
                  0.06    0.15   10.20 ^ clkbuf_0_clk/X (sky130_fd_sc_hd__clkbuf_16)
     4    0.04                           clknet_0_clk (net)
                  0.06    0.00   10.20 ^ clkbuf_2_0__f_clk/A (sky130_fd_sc_hd__clkbuf_16)
                  0.06    0.14   10.34 ^ clkbuf_2_0__f_clk/X (sky130_fd_sc_hd__clkbuf_16)
    15    0.04                           clknet_2_0__leaf_clk (net)
                  0.06    0.00   10.34 ^ _716_/CLK (sky130_fd_sc_hd__dfrtp_1)
                         -0.25   10.09   clock uncertainty
                          0.00   10.09   clock reconvergence pessimism
                          0.24   10.33   library recovery time
                                 10.33   data required time
-----------------------------------------------------------------------------
                                 10.33   data required time
                                 -2.56   data arrival time
-----------------------------------------------------------------------------
                                  7.77   slack (MET)


Startpoint: rst (input port clocked by clk)
Endpoint: _743_ (recovery check against rising-edge clock clk)
Path Group: asynchronous
Path Type: max

Fanout     Cap    Slew   Delay    Time   Description
-----------------------------------------------------------------------------
                          0.00    0.00   clock clk (rise edge)
                          0.00    0.00   clock network delay (propagated)
                          2.00    2.00 v input external delay
                  0.01    0.01    2.01 v rst (in)
     1    0.00                           rst (net)
                  0.01    0.00    2.01 v input17/A (sky130_fd_sc_hd__clkbuf_1)
                  0.02    0.07    2.08 v input17/X (sky130_fd_sc_hd__clkbuf_1)
     1    0.00                           net17 (net)
                  0.02    0.00    2.08 v _634_/A (sky130_fd_sc_hd__clkbuf_4)
                  0.09    0.19    2.27 v _634_/X (sky130_fd_sc_hd__clkbuf_4)
     9    0.04                           _341_ (net)
                  0.09    0.00    2.27 v _679_/A (sky130_fd_sc_hd__buf_4)
                  0.08    0.22    2.49 v _679_/X (sky130_fd_sc_hd__buf_4)
    10    0.06                           _346_ (net)
                  0.08    0.00    2.49 v _689_/A (sky130_fd_sc_hd__inv_2)
                  0.03    0.06    2.56 ^ _689_/Y (sky130_fd_sc_hd__inv_2)
     1    0.00                           _050_ (net)
                  0.03    0.00    2.56 ^ _743_/RESET_B (sky130_fd_sc_hd__dfrtp_1)
                                  2.56   data arrival time

                         10.00   10.00   clock clk (rise edge)
                          0.00   10.00   clock source latency
                  0.08    0.05   10.05 ^ clk (in)
     1    0.02                           clk (net)
                  0.08    0.00   10.05 ^ clkbuf_0_clk/A (sky130_fd_sc_hd__clkbuf_16)
                  0.06    0.15   10.20 ^ clkbuf_0_clk/X (sky130_fd_sc_hd__clkbuf_16)
     4    0.04                           clknet_0_clk (net)
                  0.06    0.00   10.20 ^ clkbuf_2_2__f_clk/A (sky130_fd_sc_hd__clkbuf_16)
                  0.06    0.14   10.34 ^ clkbuf_2_2__f_clk/X (sky130_fd_sc_hd__clkbuf_16)
    13    0.04                           clknet_2_2__leaf_clk (net)
                  0.06    0.00   10.34 ^ _743_/CLK (sky130_fd_sc_hd__dfrtp_1)
                         -0.25   10.09   clock uncertainty
                          0.00   10.09   clock reconvergence pessimism
                          0.24   10.33   library recovery time
                                 10.33   data required time
-----------------------------------------------------------------------------
                                 10.33   data required time
                                 -2.56   data arrival time
-----------------------------------------------------------------------------
                                  7.77   slack (MET)


Startpoint: rst (input port clocked by clk)
Endpoint: _735_ (recovery check against rising-edge clock clk)
Path Group: asynchronous
Path Type: max

Fanout     Cap    Slew   Delay    Time   Description
-----------------------------------------------------------------------------
                          0.00    0.00   clock clk (rise edge)
                          0.00    0.00   clock network delay (propagated)
                          2.00    2.00 v input external delay
                  0.01    0.01    2.01 v rst (in)
     1    0.00                           rst (net)
                  0.01    0.00    2.01 v input17/A (sky130_fd_sc_hd__clkbuf_1)
                  0.02    0.07    2.08 v input17/X (sky130_fd_sc_hd__clkbuf_1)
     1    0.00                           net17 (net)
                  0.02    0.00    2.08 v _634_/A (sky130_fd_sc_hd__clkbuf_4)
                  0.09    0.19    2.27 v _634_/X (sky130_fd_sc_hd__clkbuf_4)
     9    0.04                           _341_ (net)
                  0.09    0.00    2.27 v _679_/A (sky130_fd_sc_hd__buf_4)
                  0.08    0.22    2.49 v _679_/X (sky130_fd_sc_hd__buf_4)
    10    0.06                           _346_ (net)
                  0.08    0.00    2.50 v _681_/A (sky130_fd_sc_hd__inv_2)
                  0.03    0.06    2.56 ^ _681_/Y (sky130_fd_sc_hd__inv_2)
     1    0.00                           _042_ (net)
                  0.03    0.00    2.56 ^ _735_/RESET_B (sky130_fd_sc_hd__dfrtp_1)
                                  2.56   data arrival time

                         10.00   10.00   clock clk (rise edge)
                          0.00   10.00   clock source latency
                  0.08    0.05   10.05 ^ clk (in)
     1    0.02                           clk (net)
                  0.08    0.00   10.05 ^ clkbuf_0_clk/A (sky130_fd_sc_hd__clkbuf_16)
                  0.06    0.15   10.20 ^ clkbuf_0_clk/X (sky130_fd_sc_hd__clkbuf_16)
     4    0.04                           clknet_0_clk (net)
                  0.06    0.00   10.20 ^ clkbuf_2_0__f_clk/A (sky130_fd_sc_hd__clkbuf_16)
                  0.06    0.14   10.34 ^ clkbuf_2_0__f_clk/X (sky130_fd_sc_hd__clkbuf_16)
    15    0.04                           clknet_2_0__leaf_clk (net)
                  0.06    0.00   10.34 ^ _735_/CLK (sky130_fd_sc_hd__dfrtp_1)
                         -0.25   10.09   clock uncertainty
                          0.00   10.09   clock reconvergence pessimism
                          0.24   10.33   library recovery time
                                 10.33   data required time
-----------------------------------------------------------------------------
                                 10.33   data required time
                                 -2.56   data arrival time
-----------------------------------------------------------------------------
                                  7.77   slack (MET)


Startpoint: rst (input port clocked by clk)
Endpoint: _727_ (recovery check against rising-edge clock clk)
Path Group: asynchronous
Path Type: max

Fanout     Cap    Slew   Delay    Time   Description
-----------------------------------------------------------------------------
                          0.00    0.00   clock clk (rise edge)
                          0.00    0.00   clock network delay (propagated)
                          2.00    2.00 v input external delay
                  0.01    0.01    2.01 v rst (in)
     1    0.00                           rst (net)
                  0.01    0.00    2.01 v input17/A (sky130_fd_sc_hd__clkbuf_1)
                  0.02    0.07    2.08 v input17/X (sky130_fd_sc_hd__clkbuf_1)
     1    0.00                           net17 (net)
                  0.02    0.00    2.08 v _634_/A (sky130_fd_sc_hd__clkbuf_4)
                  0.09    0.19    2.27 v _634_/X (sky130_fd_sc_hd__clkbuf_4)
     9    0.04                           _341_ (net)
                  0.09    0.00    2.27 v _668_/A (sky130_fd_sc_hd__clkbuf_8)
                  0.08    0.21    2.48 v _668_/X (sky130_fd_sc_hd__clkbuf_8)
    10    0.06                           _345_ (net)
                  0.08    0.00    2.48 v _672_/A (sky130_fd_sc_hd__inv_2)
                  0.03    0.06    2.54 ^ _672_/Y (sky130_fd_sc_hd__inv_2)
     1    0.00                           _034_ (net)
                  0.03    0.00    2.54 ^ _727_/RESET_B (sky130_fd_sc_hd__dfrtp_4)
                                  2.54   data arrival time

                         10.00   10.00   clock clk (rise edge)
                          0.00   10.00   clock source latency
                  0.08    0.05   10.05 ^ clk (in)
     1    0.02                           clk (net)
                  0.08    0.00   10.05 ^ clkbuf_0_clk/A (sky130_fd_sc_hd__clkbuf_16)
                  0.06    0.15   10.20 ^ clkbuf_0_clk/X (sky130_fd_sc_hd__clkbuf_16)
     4    0.04                           clknet_0_clk (net)
                  0.06    0.00   10.20 ^ clkbuf_2_0__f_clk/A (sky130_fd_sc_hd__clkbuf_16)
                  0.06    0.14   10.34 ^ clkbuf_2_0__f_clk/X (sky130_fd_sc_hd__clkbuf_16)
    15    0.04                           clknet_2_0__leaf_clk (net)
                  0.06    0.00   10.34 ^ _727_/CLK (sky130_fd_sc_hd__dfrtp_4)
                         -0.25   10.09   clock uncertainty
                          0.00   10.09   clock reconvergence pessimism
                          0.23   10.32   library recovery time
                                 10.32   data required time
-----------------------------------------------------------------------------
                                 10.32   data required time
                                 -2.54   data arrival time
-----------------------------------------------------------------------------
                                  7.77   slack (MET)


Startpoint: rst (input port clocked by clk)
Endpoint: _734_ (recovery check against rising-edge clock clk)
Path Group: asynchronous
Path Type: max

Fanout     Cap    Slew   Delay    Time   Description
-----------------------------------------------------------------------------
                          0.00    0.00   clock clk (rise edge)
                          0.00    0.00   clock network delay (propagated)
                          2.00    2.00 v input external delay
                  0.01    0.01    2.01 v rst (in)
     1    0.00                           rst (net)
                  0.01    0.00    2.01 v input17/A (sky130_fd_sc_hd__clkbuf_1)
                  0.02    0.07    2.08 v input17/X (sky130_fd_sc_hd__clkbuf_1)
     1    0.00                           net17 (net)
                  0.02    0.00    2.08 v _634_/A (sky130_fd_sc_hd__clkbuf_4)
                  0.09    0.19    2.27 v _634_/X (sky130_fd_sc_hd__clkbuf_4)
     9    0.04                           _341_ (net)
                  0.09    0.00    2.27 v _679_/A (sky130_fd_sc_hd__buf_4)
                  0.08    0.22    2.49 v _679_/X (sky130_fd_sc_hd__buf_4)
    10    0.06                           _346_ (net)
                  0.08    0.00    2.50 v _680_/A (sky130_fd_sc_hd__inv_2)
                  0.03    0.06    2.56 ^ _680_/Y (sky130_fd_sc_hd__inv_2)
     1    0.00                           _041_ (net)
                  0.03    0.00    2.56 ^ _734_/RESET_B (sky130_fd_sc_hd__dfrtp_1)
                                  2.56   data arrival time

                         10.00   10.00   clock clk (rise edge)
                          0.00   10.00   clock source latency
                  0.08    0.05   10.05 ^ clk (in)
     1    0.02                           clk (net)
                  0.08    0.00   10.05 ^ clkbuf_0_clk/A (sky130_fd_sc_hd__clkbuf_16)
                  0.06    0.15   10.20 ^ clkbuf_0_clk/X (sky130_fd_sc_hd__clkbuf_16)
     4    0.04                           clknet_0_clk (net)
                  0.06    0.00   10.20 ^ clkbuf_2_0__f_clk/A (sky130_fd_sc_hd__clkbuf_16)
                  0.06    0.14   10.34 ^ clkbuf_2_0__f_clk/X (sky130_fd_sc_hd__clkbuf_16)
    15    0.04                           clknet_2_0__leaf_clk (net)
                  0.06    0.00   10.34 ^ _734_/CLK (sky130_fd_sc_hd__dfrtp_1)
                         -0.25   10.09   clock uncertainty
                          0.00   10.09   clock reconvergence pessimism
                          0.24   10.33   library recovery time
                                 10.33   data required time
-----------------------------------------------------------------------------
                                 10.33   data required time
                                 -2.56   data arrival time
-----------------------------------------------------------------------------
                                  7.77   slack (MET)


Startpoint: rst (input port clocked by clk)
Endpoint: _729_ (recovery check against rising-edge clock clk)
Path Group: asynchronous
Path Type: max

Fanout     Cap    Slew   Delay    Time   Description
-----------------------------------------------------------------------------
                          0.00    0.00   clock clk (rise edge)
                          0.00    0.00   clock network delay (propagated)
                          2.00    2.00 v input external delay
                  0.01    0.01    2.01 v rst (in)
     1    0.00                           rst (net)
                  0.01    0.00    2.01 v input17/A (sky130_fd_sc_hd__clkbuf_1)
                  0.02    0.07    2.08 v input17/X (sky130_fd_sc_hd__clkbuf_1)
     1    0.00                           net17 (net)
                  0.02    0.00    2.08 v _634_/A (sky130_fd_sc_hd__clkbuf_4)
                  0.09    0.19    2.27 v _634_/X (sky130_fd_sc_hd__clkbuf_4)
     9    0.04                           _341_ (net)
                  0.09    0.00    2.27 v _668_/A (sky130_fd_sc_hd__clkbuf_8)
                  0.08    0.21    2.48 v _668_/X (sky130_fd_sc_hd__clkbuf_8)
    10    0.06                           _345_ (net)
                  0.08    0.00    2.48 v _674_/A (sky130_fd_sc_hd__inv_2)
                  0.03    0.06    2.54 ^ _674_/Y (sky130_fd_sc_hd__inv_2)
     1    0.00                           _036_ (net)
                  0.03    0.00    2.54 ^ _729_/RESET_B (sky130_fd_sc_hd__dfrtp_4)
                                  2.54   data arrival time

                         10.00   10.00   clock clk (rise edge)
                          0.00   10.00   clock source latency
                  0.08    0.05   10.05 ^ clk (in)
     1    0.02                           clk (net)
                  0.08    0.00   10.05 ^ clkbuf_0_clk/A (sky130_fd_sc_hd__clkbuf_16)
                  0.06    0.15   10.20 ^ clkbuf_0_clk/X (sky130_fd_sc_hd__clkbuf_16)
     4    0.04                           clknet_0_clk (net)
                  0.06    0.00   10.20 ^ clkbuf_2_0__f_clk/A (sky130_fd_sc_hd__clkbuf_16)
                  0.06    0.14   10.34 ^ clkbuf_2_0__f_clk/X (sky130_fd_sc_hd__clkbuf_16)
    15    0.04                           clknet_2_0__leaf_clk (net)
                  0.06    0.00   10.34 ^ _729_/CLK (sky130_fd_sc_hd__dfrtp_4)
                         -0.25   10.09   clock uncertainty
                          0.00   10.09   clock reconvergence pessimism
                          0.23   10.32   library recovery time
                                 10.32   data required time
-----------------------------------------------------------------------------
                                 10.32   data required time
                                 -2.54   data arrival time
-----------------------------------------------------------------------------
                                  7.77   slack (MET)


Startpoint: rst (input port clocked by clk)
Endpoint: _725_ (recovery check against rising-edge clock clk)
Path Group: asynchronous
Path Type: max

Fanout     Cap    Slew   Delay    Time   Description
-----------------------------------------------------------------------------
                          0.00    0.00   clock clk (rise edge)
                          0.00    0.00   clock network delay (propagated)
                          2.00    2.00 v input external delay
                  0.01    0.01    2.01 v rst (in)
     1    0.00                           rst (net)
                  0.01    0.00    2.01 v input17/A (sky130_fd_sc_hd__clkbuf_1)
                  0.02    0.07    2.08 v input17/X (sky130_fd_sc_hd__clkbuf_1)
     1    0.00                           net17 (net)
                  0.02    0.00    2.08 v _634_/A (sky130_fd_sc_hd__clkbuf_4)
                  0.09    0.19    2.27 v _634_/X (sky130_fd_sc_hd__clkbuf_4)
     9    0.04                           _341_ (net)
                  0.09    0.00    2.27 v _668_/A (sky130_fd_sc_hd__clkbuf_8)
                  0.08    0.21    2.48 v _668_/X (sky130_fd_sc_hd__clkbuf_8)
    10    0.06                           _345_ (net)
                  0.08    0.00    2.48 v _670_/A (sky130_fd_sc_hd__inv_2)
                  0.03    0.06    2.54 ^ _670_/Y (sky130_fd_sc_hd__inv_2)
     1    0.00                           _032_ (net)
                  0.03    0.00    2.54 ^ _725_/RESET_B (sky130_fd_sc_hd__dfrtp_4)
                                  2.54   data arrival time

                         10.00   10.00   clock clk (rise edge)
                          0.00   10.00   clock source latency
                  0.08    0.05   10.05 ^ clk (in)
     1    0.02                           clk (net)
                  0.08    0.00   10.05 ^ clkbuf_0_clk/A (sky130_fd_sc_hd__clkbuf_16)
                  0.06    0.15   10.20 ^ clkbuf_0_clk/X (sky130_fd_sc_hd__clkbuf_16)
     4    0.04                           clknet_0_clk (net)
                  0.06    0.00   10.20 ^ clkbuf_2_0__f_clk/A (sky130_fd_sc_hd__clkbuf_16)
                  0.06    0.14   10.34 ^ clkbuf_2_0__f_clk/X (sky130_fd_sc_hd__clkbuf_16)
    15    0.04                           clknet_2_0__leaf_clk (net)
                  0.06    0.00   10.34 ^ _725_/CLK (sky130_fd_sc_hd__dfrtp_4)
                         -0.25   10.09   clock uncertainty
                          0.00   10.09   clock reconvergence pessimism
                          0.23   10.32   library recovery time
                                 10.32   data required time
-----------------------------------------------------------------------------
                                 10.32   data required time
                                 -2.54   data arrival time
-----------------------------------------------------------------------------
                                  7.77   slack (MET)


Startpoint: rst (input port clocked by clk)
Endpoint: _712_ (recovery check against rising-edge clock clk)
Path Group: asynchronous
Path Type: max

Fanout     Cap    Slew   Delay    Time   Description
-----------------------------------------------------------------------------
                          0.00    0.00   clock clk (rise edge)
                          0.00    0.00   clock network delay (propagated)
                          2.00    2.00 v input external delay
                  0.01    0.01    2.01 v rst (in)
     1    0.00                           rst (net)
                  0.01    0.00    2.01 v input17/A (sky130_fd_sc_hd__clkbuf_1)
                  0.02    0.07    2.08 v input17/X (sky130_fd_sc_hd__clkbuf_1)
     1    0.00                           net17 (net)
                  0.02    0.00    2.08 v _634_/A (sky130_fd_sc_hd__clkbuf_4)
                  0.09    0.19    2.27 v _634_/X (sky130_fd_sc_hd__clkbuf_4)
     9    0.04                           _341_ (net)
                  0.09    0.00    2.27 v _646_/A (sky130_fd_sc_hd__clkbuf_8)
                  0.08    0.21    2.48 v _646_/X (sky130_fd_sc_hd__clkbuf_8)
    10    0.06                           _343_ (net)
                  0.08    0.00    2.49 v _655_/A (sky130_fd_sc_hd__inv_2)
                  0.03    0.06    2.55 ^ _655_/Y (sky130_fd_sc_hd__inv_2)
     1    0.00                           _019_ (net)
                  0.03    0.00    2.55 ^ _712_/RESET_B (sky130_fd_sc_hd__dfrtp_1)
                                  2.55   data arrival time

                         10.00   10.00   clock clk (rise edge)
                          0.00   10.00   clock source latency
                  0.08    0.05   10.05 ^ clk (in)
     1    0.02                           clk (net)
                  0.08    0.00   10.05 ^ clkbuf_0_clk/A (sky130_fd_sc_hd__clkbuf_16)
                  0.06    0.15   10.20 ^ clkbuf_0_clk/X (sky130_fd_sc_hd__clkbuf_16)
     4    0.04                           clknet_0_clk (net)
                  0.06    0.00   10.20 ^ clkbuf_2_1__f_clk/A (sky130_fd_sc_hd__clkbuf_16)
                  0.06    0.14   10.34 ^ clkbuf_2_1__f_clk/X (sky130_fd_sc_hd__clkbuf_16)
    14    0.04                           clknet_2_1__leaf_clk (net)
                  0.06    0.00   10.34 ^ _712_/CLK (sky130_fd_sc_hd__dfrtp_1)
                         -0.25   10.09   clock uncertainty
                          0.00   10.09   clock reconvergence pessimism
                          0.24   10.32   library recovery time
                                 10.32   data required time
-----------------------------------------------------------------------------
                                 10.32   data required time
                                 -2.55   data arrival time
-----------------------------------------------------------------------------
                                  7.77   slack (MET)


Startpoint: rst (input port clocked by clk)
Endpoint: _730_ (recovery check against rising-edge clock clk)
Path Group: asynchronous
Path Type: max

Fanout     Cap    Slew   Delay    Time   Description
-----------------------------------------------------------------------------
                          0.00    0.00   clock clk (rise edge)
                          0.00    0.00   clock network delay (propagated)
                          2.00    2.00 v input external delay
                  0.01    0.01    2.01 v rst (in)
     1    0.00                           rst (net)
                  0.01    0.00    2.01 v input17/A (sky130_fd_sc_hd__clkbuf_1)
                  0.02    0.07    2.08 v input17/X (sky130_fd_sc_hd__clkbuf_1)
     1    0.00                           net17 (net)
                  0.02    0.00    2.08 v _634_/A (sky130_fd_sc_hd__clkbuf_4)
                  0.09    0.19    2.27 v _634_/X (sky130_fd_sc_hd__clkbuf_4)
     9    0.04                           _341_ (net)
                  0.09    0.00    2.27 v _668_/A (sky130_fd_sc_hd__clkbuf_8)
                  0.08    0.21    2.48 v _668_/X (sky130_fd_sc_hd__clkbuf_8)
    10    0.06                           _345_ (net)
                  0.08    0.00    2.48 v _675_/A (sky130_fd_sc_hd__inv_2)
                  0.03    0.06    2.54 ^ _675_/Y (sky130_fd_sc_hd__inv_2)
     1    0.00                           _037_ (net)
                  0.03    0.00    2.54 ^ _730_/RESET_B (sky130_fd_sc_hd__dfrtp_2)
                                  2.54   data arrival time

                         10.00   10.00   clock clk (rise edge)
                          0.00   10.00   clock source latency
                  0.08    0.05   10.05 ^ clk (in)
     1    0.02                           clk (net)
                  0.08    0.00   10.05 ^ clkbuf_0_clk/A (sky130_fd_sc_hd__clkbuf_16)
                  0.06    0.15   10.20 ^ clkbuf_0_clk/X (sky130_fd_sc_hd__clkbuf_16)
     4    0.04                           clknet_0_clk (net)
                  0.06    0.00   10.20 ^ clkbuf_2_0__f_clk/A (sky130_fd_sc_hd__clkbuf_16)
                  0.06    0.14   10.34 ^ clkbuf_2_0__f_clk/X (sky130_fd_sc_hd__clkbuf_16)
    15    0.04                           clknet_2_0__leaf_clk (net)
                  0.06    0.00   10.34 ^ _730_/CLK (sky130_fd_sc_hd__dfrtp_2)
                         -0.25   10.09   clock uncertainty
                          0.00   10.09   clock reconvergence pessimism
                          0.23   10.32   library recovery time
                                 10.32   data required time
-----------------------------------------------------------------------------
                                 10.32   data required time
                                 -2.54   data arrival time
-----------------------------------------------------------------------------
                                  7.77   slack (MET)


Startpoint: rst (input port clocked by clk)
Endpoint: _706_ (recovery check against rising-edge clock clk)
Path Group: asynchronous
Path Type: max

Fanout     Cap    Slew   Delay    Time   Description
-----------------------------------------------------------------------------
                          0.00    0.00   clock clk (rise edge)
                          0.00    0.00   clock network delay (propagated)
                          2.00    2.00 v input external delay
                  0.01    0.01    2.01 v rst (in)
     1    0.00                           rst (net)
                  0.01    0.00    2.01 v input17/A (sky130_fd_sc_hd__clkbuf_1)
                  0.02    0.07    2.08 v input17/X (sky130_fd_sc_hd__clkbuf_1)
     1    0.00                           net17 (net)
                  0.02    0.00    2.08 v _634_/A (sky130_fd_sc_hd__clkbuf_4)
                  0.09    0.19    2.27 v _634_/X (sky130_fd_sc_hd__clkbuf_4)
     9    0.04                           _341_ (net)
                  0.09    0.00    2.27 v _646_/A (sky130_fd_sc_hd__clkbuf_8)
                  0.08    0.21    2.48 v _646_/X (sky130_fd_sc_hd__clkbuf_8)
    10    0.06                           _343_ (net)
                  0.08    0.00    2.49 v _649_/A (sky130_fd_sc_hd__inv_2)
                  0.03    0.06    2.55 ^ _649_/Y (sky130_fd_sc_hd__inv_2)
     1    0.00                           _013_ (net)
                  0.03    0.00    2.55 ^ _706_/RESET_B (sky130_fd_sc_hd__dfrtp_1)
                                  2.55   data arrival time

                         10.00   10.00   clock clk (rise edge)
                          0.00   10.00   clock source latency
                  0.08    0.05   10.05 ^ clk (in)
     1    0.02                           clk (net)
                  0.08    0.00   10.05 ^ clkbuf_0_clk/A (sky130_fd_sc_hd__clkbuf_16)
                  0.06    0.15   10.20 ^ clkbuf_0_clk/X (sky130_fd_sc_hd__clkbuf_16)
     4    0.04                           clknet_0_clk (net)
                  0.06    0.00   10.20 ^ clkbuf_2_1__f_clk/A (sky130_fd_sc_hd__clkbuf_16)
                  0.06    0.14   10.34 ^ clkbuf_2_1__f_clk/X (sky130_fd_sc_hd__clkbuf_16)
    14    0.04                           clknet_2_1__leaf_clk (net)
                  0.06    0.00   10.34 ^ _706_/CLK (sky130_fd_sc_hd__dfrtp_1)
                         -0.25   10.09   clock uncertainty
                          0.00   10.09   clock reconvergence pessimism
                          0.24   10.32   library recovery time
                                 10.32   data required time
-----------------------------------------------------------------------------
                                 10.32   data required time
                                 -2.55   data arrival time
-----------------------------------------------------------------------------
                                  7.78   slack (MET)


Startpoint: rst (input port clocked by clk)
Endpoint: _709_ (recovery check against rising-edge clock clk)
Path Group: asynchronous
Path Type: max

Fanout     Cap    Slew   Delay    Time   Description
-----------------------------------------------------------------------------
                          0.00    0.00   clock clk (rise edge)
                          0.00    0.00   clock network delay (propagated)
                          2.00    2.00 v input external delay
                  0.01    0.01    2.01 v rst (in)
     1    0.00                           rst (net)
                  0.01    0.00    2.01 v input17/A (sky130_fd_sc_hd__clkbuf_1)
                  0.02    0.07    2.08 v input17/X (sky130_fd_sc_hd__clkbuf_1)
     1    0.00                           net17 (net)
                  0.02    0.00    2.08 v _634_/A (sky130_fd_sc_hd__clkbuf_4)
                  0.09    0.19    2.27 v _634_/X (sky130_fd_sc_hd__clkbuf_4)
     9    0.04                           _341_ (net)
                  0.09    0.00    2.27 v _646_/A (sky130_fd_sc_hd__clkbuf_8)
                  0.08    0.21    2.48 v _646_/X (sky130_fd_sc_hd__clkbuf_8)
    10    0.06                           _343_ (net)
                  0.08    0.00    2.49 v _652_/A (sky130_fd_sc_hd__inv_2)
                  0.03    0.06    2.55 ^ _652_/Y (sky130_fd_sc_hd__inv_2)
     1    0.00                           _016_ (net)
                  0.03    0.00    2.55 ^ _709_/RESET_B (sky130_fd_sc_hd__dfrtp_1)
                                  2.55   data arrival time

                         10.00   10.00   clock clk (rise edge)
                          0.00   10.00   clock source latency
                  0.08    0.05   10.05 ^ clk (in)
     1    0.02                           clk (net)
                  0.08    0.00   10.05 ^ clkbuf_0_clk/A (sky130_fd_sc_hd__clkbuf_16)
                  0.06    0.15   10.20 ^ clkbuf_0_clk/X (sky130_fd_sc_hd__clkbuf_16)
     4    0.04                           clknet_0_clk (net)
                  0.06    0.00   10.20 ^ clkbuf_2_1__f_clk/A (sky130_fd_sc_hd__clkbuf_16)
                  0.06    0.14   10.34 ^ clkbuf_2_1__f_clk/X (sky130_fd_sc_hd__clkbuf_16)
    14    0.04                           clknet_2_1__leaf_clk (net)
                  0.06    0.00   10.34 ^ _709_/CLK (sky130_fd_sc_hd__dfrtp_1)
                         -0.25   10.09   clock uncertainty
                          0.00   10.09   clock reconvergence pessimism
                          0.24   10.32   library recovery time
                                 10.32   data required time
-----------------------------------------------------------------------------
                                 10.32   data required time
                                 -2.55   data arrival time
-----------------------------------------------------------------------------
                                  7.78   slack (MET)


Startpoint: rst (input port clocked by clk)
Endpoint: _713_ (recovery check against rising-edge clock clk)
Path Group: asynchronous
Path Type: max

Fanout     Cap    Slew   Delay    Time   Description
-----------------------------------------------------------------------------
                          0.00    0.00   clock clk (rise edge)
                          0.00    0.00   clock network delay (propagated)
                          2.00    2.00 v input external delay
                  0.01    0.01    2.01 v rst (in)
     1    0.00                           rst (net)
                  0.01    0.00    2.01 v input17/A (sky130_fd_sc_hd__clkbuf_1)
                  0.02    0.07    2.08 v input17/X (sky130_fd_sc_hd__clkbuf_1)
     1    0.00                           net17 (net)
                  0.02    0.00    2.08 v _634_/A (sky130_fd_sc_hd__clkbuf_4)
                  0.09    0.19    2.27 v _634_/X (sky130_fd_sc_hd__clkbuf_4)
     9    0.04                           _341_ (net)
                  0.09    0.00    2.27 v _646_/A (sky130_fd_sc_hd__clkbuf_8)
                  0.08    0.21    2.48 v _646_/X (sky130_fd_sc_hd__clkbuf_8)
    10    0.06                           _343_ (net)
                  0.08    0.00    2.48 v _656_/A (sky130_fd_sc_hd__inv_2)
                  0.03    0.06    2.55 ^ _656_/Y (sky130_fd_sc_hd__inv_2)
     1    0.00                           _020_ (net)
                  0.03    0.00    2.55 ^ _713_/RESET_B (sky130_fd_sc_hd__dfrtp_1)
                                  2.55   data arrival time

                         10.00   10.00   clock clk (rise edge)
                          0.00   10.00   clock source latency
                  0.08    0.05   10.05 ^ clk (in)
     1    0.02                           clk (net)
                  0.08    0.00   10.05 ^ clkbuf_0_clk/A (sky130_fd_sc_hd__clkbuf_16)
                  0.06    0.15   10.20 ^ clkbuf_0_clk/X (sky130_fd_sc_hd__clkbuf_16)
     4    0.04                           clknet_0_clk (net)
                  0.06    0.00   10.20 ^ clkbuf_2_3__f_clk/A (sky130_fd_sc_hd__clkbuf_16)
                  0.06    0.14   10.33 ^ clkbuf_2_3__f_clk/X (sky130_fd_sc_hd__clkbuf_16)
    12    0.03                           clknet_2_3__leaf_clk (net)
                  0.06    0.00   10.33 ^ _713_/CLK (sky130_fd_sc_hd__dfrtp_1)
                         -0.25   10.08   clock uncertainty
                          0.00   10.08   clock reconvergence pessimism
                          0.24   10.32   library recovery time
                                 10.32   data required time
-----------------------------------------------------------------------------
                                 10.32   data required time
                                 -2.55   data arrival time
-----------------------------------------------------------------------------
                                  7.78   slack (MET)


Startpoint: rst (input port clocked by clk)
Endpoint: _711_ (recovery check against rising-edge clock clk)
Path Group: asynchronous
Path Type: max

Fanout     Cap    Slew   Delay    Time   Description
-----------------------------------------------------------------------------
                          0.00    0.00   clock clk (rise edge)
                          0.00    0.00   clock network delay (propagated)
                          2.00    2.00 v input external delay
                  0.01    0.01    2.01 v rst (in)
     1    0.00                           rst (net)
                  0.01    0.00    2.01 v input17/A (sky130_fd_sc_hd__clkbuf_1)
                  0.02    0.07    2.08 v input17/X (sky130_fd_sc_hd__clkbuf_1)
     1    0.00                           net17 (net)
                  0.02    0.00    2.08 v _634_/A (sky130_fd_sc_hd__clkbuf_4)
                  0.09    0.19    2.27 v _634_/X (sky130_fd_sc_hd__clkbuf_4)
     9    0.04                           _341_ (net)
                  0.09    0.00    2.27 v _646_/A (sky130_fd_sc_hd__clkbuf_8)
                  0.08    0.21    2.48 v _646_/X (sky130_fd_sc_hd__clkbuf_8)
    10    0.06                           _343_ (net)
                  0.08    0.00    2.49 v _654_/A (sky130_fd_sc_hd__inv_2)
                  0.03    0.06    2.55 ^ _654_/Y (sky130_fd_sc_hd__inv_2)
     1    0.00                           _018_ (net)
                  0.03    0.00    2.55 ^ _711_/RESET_B (sky130_fd_sc_hd__dfrtp_1)
                                  2.55   data arrival time

                         10.00   10.00   clock clk (rise edge)
                          0.00   10.00   clock source latency
                  0.08    0.05   10.05 ^ clk (in)
     1    0.02                           clk (net)
                  0.08    0.00   10.05 ^ clkbuf_0_clk/A (sky130_fd_sc_hd__clkbuf_16)
                  0.06    0.15   10.20 ^ clkbuf_0_clk/X (sky130_fd_sc_hd__clkbuf_16)
     4    0.04                           clknet_0_clk (net)
                  0.06    0.00   10.20 ^ clkbuf_2_2__f_clk/A (sky130_fd_sc_hd__clkbuf_16)
                  0.06    0.14   10.34 ^ clkbuf_2_2__f_clk/X (sky130_fd_sc_hd__clkbuf_16)
    13    0.04                           clknet_2_2__leaf_clk (net)
                  0.06    0.00   10.34 ^ _711_/CLK (sky130_fd_sc_hd__dfrtp_1)
                         -0.25   10.09   clock uncertainty
                          0.00   10.09   clock reconvergence pessimism
                          0.24   10.33   library recovery time
                                 10.33   data required time
-----------------------------------------------------------------------------
                                 10.33   data required time
                                 -2.55   data arrival time
-----------------------------------------------------------------------------
                                  7.78   slack (MET)


Startpoint: rst (input port clocked by clk)
Endpoint: _704_ (recovery check against rising-edge clock clk)
Path Group: asynchronous
Path Type: max

Fanout     Cap    Slew   Delay    Time   Description
-----------------------------------------------------------------------------
                          0.00    0.00   clock clk (rise edge)
                          0.00    0.00   clock network delay (propagated)
                          2.00    2.00 v input external delay
                  0.01    0.01    2.01 v rst (in)
     1    0.00                           rst (net)
                  0.01    0.00    2.01 v input17/A (sky130_fd_sc_hd__clkbuf_1)
                  0.02    0.07    2.08 v input17/X (sky130_fd_sc_hd__clkbuf_1)
     1    0.00                           net17 (net)
                  0.02    0.00    2.08 v _634_/A (sky130_fd_sc_hd__clkbuf_4)
                  0.09    0.19    2.27 v _634_/X (sky130_fd_sc_hd__clkbuf_4)
     9    0.04                           _341_ (net)
                  0.09    0.00    2.27 v _646_/A (sky130_fd_sc_hd__clkbuf_8)
                  0.08    0.21    2.48 v _646_/X (sky130_fd_sc_hd__clkbuf_8)
    10    0.06                           _343_ (net)
                  0.08    0.00    2.49 v _647_/A (sky130_fd_sc_hd__inv_2)
                  0.03    0.06    2.55 ^ _647_/Y (sky130_fd_sc_hd__inv_2)
     1    0.00                           _011_ (net)
                  0.03    0.00    2.55 ^ _704_/RESET_B (sky130_fd_sc_hd__dfrtp_1)
                                  2.55   data arrival time

                         10.00   10.00   clock clk (rise edge)
                          0.00   10.00   clock source latency
                  0.08    0.05   10.05 ^ clk (in)
     1    0.02                           clk (net)
                  0.08    0.00   10.05 ^ clkbuf_0_clk/A (sky130_fd_sc_hd__clkbuf_16)
                  0.06    0.15   10.20 ^ clkbuf_0_clk/X (sky130_fd_sc_hd__clkbuf_16)
     4    0.04                           clknet_0_clk (net)
                  0.06    0.00   10.20 ^ clkbuf_2_0__f_clk/A (sky130_fd_sc_hd__clkbuf_16)
                  0.06    0.14   10.34 ^ clkbuf_2_0__f_clk/X (sky130_fd_sc_hd__clkbuf_16)
    15    0.04                           clknet_2_0__leaf_clk (net)
                  0.06    0.00   10.34 ^ _704_/CLK (sky130_fd_sc_hd__dfrtp_1)
                         -0.25   10.09   clock uncertainty
                          0.00   10.09   clock reconvergence pessimism
                          0.24   10.33   library recovery time
                                 10.33   data required time
-----------------------------------------------------------------------------
                                 10.33   data required time
                                 -2.55   data arrival time
-----------------------------------------------------------------------------
                                  7.78   slack (MET)


Startpoint: rst (input port clocked by clk)
Endpoint: _708_ (recovery check against rising-edge clock clk)
Path Group: asynchronous
Path Type: max

Fanout     Cap    Slew   Delay    Time   Description
-----------------------------------------------------------------------------
                          0.00    0.00   clock clk (rise edge)
                          0.00    0.00   clock network delay (propagated)
                          2.00    2.00 v input external delay
                  0.01    0.01    2.01 v rst (in)
     1    0.00                           rst (net)
                  0.01    0.00    2.01 v input17/A (sky130_fd_sc_hd__clkbuf_1)
                  0.02    0.07    2.08 v input17/X (sky130_fd_sc_hd__clkbuf_1)
     1    0.00                           net17 (net)
                  0.02    0.00    2.08 v _634_/A (sky130_fd_sc_hd__clkbuf_4)
                  0.09    0.19    2.27 v _634_/X (sky130_fd_sc_hd__clkbuf_4)
     9    0.04                           _341_ (net)
                  0.09    0.00    2.27 v _646_/A (sky130_fd_sc_hd__clkbuf_8)
                  0.08    0.21    2.48 v _646_/X (sky130_fd_sc_hd__clkbuf_8)
    10    0.06                           _343_ (net)
                  0.08    0.00    2.48 v _651_/A (sky130_fd_sc_hd__inv_2)
                  0.03    0.06    2.54 ^ _651_/Y (sky130_fd_sc_hd__inv_2)
     1    0.00                           _015_ (net)
                  0.03    0.00    2.55 ^ _708_/RESET_B (sky130_fd_sc_hd__dfrtp_1)
                                  2.55   data arrival time

                         10.00   10.00   clock clk (rise edge)
                          0.00   10.00   clock source latency
                  0.08    0.05   10.05 ^ clk (in)
     1    0.02                           clk (net)
                  0.08    0.00   10.05 ^ clkbuf_0_clk/A (sky130_fd_sc_hd__clkbuf_16)
                  0.06    0.15   10.20 ^ clkbuf_0_clk/X (sky130_fd_sc_hd__clkbuf_16)
     4    0.04                           clknet_0_clk (net)
                  0.06    0.00   10.20 ^ clkbuf_2_2__f_clk/A (sky130_fd_sc_hd__clkbuf_16)
                  0.06    0.14   10.34 ^ clkbuf_2_2__f_clk/X (sky130_fd_sc_hd__clkbuf_16)
    13    0.04                           clknet_2_2__leaf_clk (net)
                  0.06    0.00   10.34 ^ _708_/CLK (sky130_fd_sc_hd__dfrtp_1)
                         -0.25   10.09   clock uncertainty
                          0.00   10.09   clock reconvergence pessimism
                          0.24   10.33   library recovery time
                                 10.33   data required time
-----------------------------------------------------------------------------
                                 10.33   data required time
                                 -2.55   data arrival time
-----------------------------------------------------------------------------
                                  7.78   slack (MET)


Startpoint: rst (input port clocked by clk)
Endpoint: _705_ (recovery check against rising-edge clock clk)
Path Group: asynchronous
Path Type: max

Fanout     Cap    Slew   Delay    Time   Description
-----------------------------------------------------------------------------
                          0.00    0.00   clock clk (rise edge)
                          0.00    0.00   clock network delay (propagated)
                          2.00    2.00 v input external delay
                  0.01    0.01    2.01 v rst (in)
     1    0.00                           rst (net)
                  0.01    0.00    2.01 v input17/A (sky130_fd_sc_hd__clkbuf_1)
                  0.02    0.07    2.08 v input17/X (sky130_fd_sc_hd__clkbuf_1)
     1    0.00                           net17 (net)
                  0.02    0.00    2.08 v _634_/A (sky130_fd_sc_hd__clkbuf_4)
                  0.09    0.19    2.27 v _634_/X (sky130_fd_sc_hd__clkbuf_4)
     9    0.04                           _341_ (net)
                  0.09    0.00    2.27 v _646_/A (sky130_fd_sc_hd__clkbuf_8)
                  0.08    0.21    2.48 v _646_/X (sky130_fd_sc_hd__clkbuf_8)
    10    0.06                           _343_ (net)
                  0.08    0.00    2.48 v _648_/A (sky130_fd_sc_hd__inv_2)
                  0.03    0.06    2.54 ^ _648_/Y (sky130_fd_sc_hd__inv_2)
     1    0.00                           _012_ (net)
                  0.03    0.00    2.54 ^ _705_/RESET_B (sky130_fd_sc_hd__dfrtp_1)
                                  2.54   data arrival time

                         10.00   10.00   clock clk (rise edge)
                          0.00   10.00   clock source latency
                  0.08    0.05   10.05 ^ clk (in)
     1    0.02                           clk (net)
                  0.08    0.00   10.05 ^ clkbuf_0_clk/A (sky130_fd_sc_hd__clkbuf_16)
                  0.06    0.15   10.20 ^ clkbuf_0_clk/X (sky130_fd_sc_hd__clkbuf_16)
     4    0.04                           clknet_0_clk (net)
                  0.06    0.00   10.20 ^ clkbuf_2_2__f_clk/A (sky130_fd_sc_hd__clkbuf_16)
                  0.06    0.14   10.34 ^ clkbuf_2_2__f_clk/X (sky130_fd_sc_hd__clkbuf_16)
    13    0.04                           clknet_2_2__leaf_clk (net)
                  0.06    0.00   10.34 ^ _705_/CLK (sky130_fd_sc_hd__dfrtp_1)
                         -0.25   10.09   clock uncertainty
                          0.00   10.09   clock reconvergence pessimism
                          0.24   10.33   library recovery time
                                 10.33   data required time
-----------------------------------------------------------------------------
                                 10.33   data required time
                                 -2.54   data arrival time
-----------------------------------------------------------------------------
                                  7.78   slack (MET)


Startpoint: rst (input port clocked by clk)
Endpoint: _707_ (recovery check against rising-edge clock clk)
Path Group: asynchronous
Path Type: max

Fanout     Cap    Slew   Delay    Time   Description
-----------------------------------------------------------------------------
                          0.00    0.00   clock clk (rise edge)
                          0.00    0.00   clock network delay (propagated)
                          2.00    2.00 v input external delay
                  0.01    0.01    2.01 v rst (in)
     1    0.00                           rst (net)
                  0.01    0.00    2.01 v input17/A (sky130_fd_sc_hd__clkbuf_1)
                  0.02    0.07    2.08 v input17/X (sky130_fd_sc_hd__clkbuf_1)
     1    0.00                           net17 (net)
                  0.02    0.00    2.08 v _634_/A (sky130_fd_sc_hd__clkbuf_4)
                  0.09    0.19    2.27 v _634_/X (sky130_fd_sc_hd__clkbuf_4)
     9    0.04                           _341_ (net)
                  0.09    0.00    2.27 v _646_/A (sky130_fd_sc_hd__clkbuf_8)
                  0.08    0.21    2.48 v _646_/X (sky130_fd_sc_hd__clkbuf_8)
    10    0.06                           _343_ (net)
                  0.08    0.00    2.48 v _650_/A (sky130_fd_sc_hd__inv_2)
                  0.03    0.06    2.54 ^ _650_/Y (sky130_fd_sc_hd__inv_2)
     1    0.00                           _014_ (net)
                  0.03    0.00    2.54 ^ _707_/RESET_B (sky130_fd_sc_hd__dfrtp_1)
                                  2.54   data arrival time

                         10.00   10.00   clock clk (rise edge)
                          0.00   10.00   clock source latency
                  0.08    0.05   10.05 ^ clk (in)
     1    0.02                           clk (net)
                  0.08    0.00   10.05 ^ clkbuf_0_clk/A (sky130_fd_sc_hd__clkbuf_16)
                  0.06    0.15   10.20 ^ clkbuf_0_clk/X (sky130_fd_sc_hd__clkbuf_16)
     4    0.04                           clknet_0_clk (net)
                  0.06    0.00   10.20 ^ clkbuf_2_2__f_clk/A (sky130_fd_sc_hd__clkbuf_16)
                  0.06    0.14   10.34 ^ clkbuf_2_2__f_clk/X (sky130_fd_sc_hd__clkbuf_16)
    13    0.04                           clknet_2_2__leaf_clk (net)
                  0.06    0.00   10.34 ^ _707_/CLK (sky130_fd_sc_hd__dfrtp_1)
                         -0.25   10.09   clock uncertainty
                          0.00   10.09   clock reconvergence pessimism
                          0.24   10.33   library recovery time
                                 10.33   data required time
-----------------------------------------------------------------------------
                                 10.33   data required time
                                 -2.54   data arrival time
-----------------------------------------------------------------------------
                                  7.78   slack (MET)


Startpoint: rst (input port clocked by clk)
Endpoint: _710_ (recovery check against rising-edge clock clk)
Path Group: asynchronous
Path Type: max

Fanout     Cap    Slew   Delay    Time   Description
-----------------------------------------------------------------------------
                          0.00    0.00   clock clk (rise edge)
                          0.00    0.00   clock network delay (propagated)
                          2.00    2.00 v input external delay
                  0.01    0.01    2.01 v rst (in)
     1    0.00                           rst (net)
                  0.01    0.00    2.01 v input17/A (sky130_fd_sc_hd__clkbuf_1)
                  0.02    0.07    2.08 v input17/X (sky130_fd_sc_hd__clkbuf_1)
     1    0.00                           net17 (net)
                  0.02    0.00    2.08 v _634_/A (sky130_fd_sc_hd__clkbuf_4)
                  0.09    0.19    2.27 v _634_/X (sky130_fd_sc_hd__clkbuf_4)
     9    0.04                           _341_ (net)
                  0.09    0.00    2.27 v _646_/A (sky130_fd_sc_hd__clkbuf_8)
                  0.08    0.21    2.48 v _646_/X (sky130_fd_sc_hd__clkbuf_8)
    10    0.06                           _343_ (net)
                  0.08    0.00    2.49 v _653_/A (sky130_fd_sc_hd__inv_2)
                  0.03    0.06    2.55 ^ _653_/Y (sky130_fd_sc_hd__inv_2)
     1    0.00                           _017_ (net)
                  0.03    0.00    2.55 ^ _710_/RESET_B (sky130_fd_sc_hd__dfrtp_1)
                                  2.55   data arrival time

                         10.00   10.00   clock clk (rise edge)
                          0.00   10.00   clock source latency
                  0.08    0.05   10.05 ^ clk (in)
     1    0.02                           clk (net)
                  0.08    0.00   10.05 ^ clkbuf_0_clk/A (sky130_fd_sc_hd__clkbuf_16)
                  0.06    0.15   10.20 ^ clkbuf_0_clk/X (sky130_fd_sc_hd__clkbuf_16)
     4    0.04                           clknet_0_clk (net)
                  0.06    0.00   10.20 ^ clkbuf_2_0__f_clk/A (sky130_fd_sc_hd__clkbuf_16)
                  0.06    0.14   10.34 ^ clkbuf_2_0__f_clk/X (sky130_fd_sc_hd__clkbuf_16)
    15    0.04                           clknet_2_0__leaf_clk (net)
                  0.06    0.00   10.34 ^ _710_/CLK (sky130_fd_sc_hd__dfrtp_1)
                         -0.25   10.09   clock uncertainty
                          0.00   10.09   clock reconvergence pessimism
                          0.24   10.33   library recovery time
                                 10.33   data required time
-----------------------------------------------------------------------------
                                 10.33   data required time
                                 -2.55   data arrival time
-----------------------------------------------------------------------------
                                  7.78   slack (MET)


Startpoint: rst (input port clocked by clk)
Endpoint: _724_ (recovery check against rising-edge clock clk)
Path Group: asynchronous
Path Type: max

Fanout     Cap    Slew   Delay    Time   Description
-----------------------------------------------------------------------------
                          0.00    0.00   clock clk (rise edge)
                          0.00    0.00   clock network delay (propagated)
                          2.00    2.00 v input external delay
                  0.01    0.01    2.01 v rst (in)
     1    0.00                           rst (net)
                  0.01    0.00    2.01 v input17/A (sky130_fd_sc_hd__clkbuf_1)
                  0.02    0.07    2.08 v input17/X (sky130_fd_sc_hd__clkbuf_1)
     1    0.00                           net17 (net)
                  0.02    0.00    2.08 v _634_/A (sky130_fd_sc_hd__clkbuf_4)
                  0.09    0.19    2.27 v _634_/X (sky130_fd_sc_hd__clkbuf_4)
     9    0.04                           _341_ (net)
                  0.09    0.00    2.27 v _668_/A (sky130_fd_sc_hd__clkbuf_8)
                  0.08    0.21    2.48 v _668_/X (sky130_fd_sc_hd__clkbuf_8)
    10    0.06                           _345_ (net)
                  0.08    0.00    2.48 v _669_/A (sky130_fd_sc_hd__inv_2)
                  0.03    0.06    2.54 ^ _669_/Y (sky130_fd_sc_hd__inv_2)
     1    0.00                           _031_ (net)
                  0.03    0.00    2.54 ^ _724_/RESET_B (sky130_fd_sc_hd__dfrtp_1)
                                  2.54   data arrival time

                         10.00   10.00   clock clk (rise edge)
                          0.00   10.00   clock source latency
                  0.08    0.05   10.05 ^ clk (in)
     1    0.02                           clk (net)
                  0.08    0.00   10.05 ^ clkbuf_0_clk/A (sky130_fd_sc_hd__clkbuf_16)
                  0.06    0.15   10.20 ^ clkbuf_0_clk/X (sky130_fd_sc_hd__clkbuf_16)
     4    0.04                           clknet_0_clk (net)
                  0.06    0.00   10.20 ^ clkbuf_2_2__f_clk/A (sky130_fd_sc_hd__clkbuf_16)
                  0.06    0.14   10.34 ^ clkbuf_2_2__f_clk/X (sky130_fd_sc_hd__clkbuf_16)
    13    0.04                           clknet_2_2__leaf_clk (net)
                  0.06    0.00   10.34 ^ _724_/CLK (sky130_fd_sc_hd__dfrtp_1)
                         -0.25   10.09   clock uncertainty
                          0.00   10.09   clock reconvergence pessimism
                          0.24   10.33   library recovery time
                                 10.33   data required time
-----------------------------------------------------------------------------
                                 10.33   data required time
                                 -2.54   data arrival time
-----------------------------------------------------------------------------
                                  7.78   slack (MET)


Startpoint: rst (input port clocked by clk)
Endpoint: _726_ (recovery check against rising-edge clock clk)
Path Group: asynchronous
Path Type: max

Fanout     Cap    Slew   Delay    Time   Description
-----------------------------------------------------------------------------
                          0.00    0.00   clock clk (rise edge)
                          0.00    0.00   clock network delay (propagated)
                          2.00    2.00 v input external delay
                  0.01    0.01    2.01 v rst (in)
     1    0.00                           rst (net)
                  0.01    0.00    2.01 v input17/A (sky130_fd_sc_hd__clkbuf_1)
                  0.02    0.07    2.08 v input17/X (sky130_fd_sc_hd__clkbuf_1)
     1    0.00                           net17 (net)
                  0.02    0.00    2.08 v _634_/A (sky130_fd_sc_hd__clkbuf_4)
                  0.09    0.19    2.27 v _634_/X (sky130_fd_sc_hd__clkbuf_4)
     9    0.04                           _341_ (net)
                  0.09    0.00    2.27 v _668_/A (sky130_fd_sc_hd__clkbuf_8)
                  0.08    0.21    2.48 v _668_/X (sky130_fd_sc_hd__clkbuf_8)
    10    0.06                           _345_ (net)
                  0.08    0.00    2.48 v _671_/A (sky130_fd_sc_hd__inv_2)
                  0.03    0.06    2.54 ^ _671_/Y (sky130_fd_sc_hd__inv_2)
     1    0.00                           _033_ (net)
                  0.03    0.00    2.55 ^ _726_/RESET_B (sky130_fd_sc_hd__dfrtp_1)
                                  2.55   data arrival time

                         10.00   10.00   clock clk (rise edge)
                          0.00   10.00   clock source latency
                  0.08    0.05   10.05 ^ clk (in)
     1    0.02                           clk (net)
                  0.08    0.00   10.05 ^ clkbuf_0_clk/A (sky130_fd_sc_hd__clkbuf_16)
                  0.06    0.15   10.20 ^ clkbuf_0_clk/X (sky130_fd_sc_hd__clkbuf_16)
     4    0.04                           clknet_0_clk (net)
                  0.06    0.00   10.20 ^ clkbuf_2_0__f_clk/A (sky130_fd_sc_hd__clkbuf_16)
                  0.06    0.14   10.34 ^ clkbuf_2_0__f_clk/X (sky130_fd_sc_hd__clkbuf_16)
    15    0.04                           clknet_2_0__leaf_clk (net)
                  0.06    0.00   10.34 ^ _726_/CLK (sky130_fd_sc_hd__dfrtp_1)
                         -0.25   10.09   clock uncertainty
                          0.00   10.09   clock reconvergence pessimism
                          0.24   10.33   library recovery time
                                 10.33   data required time
-----------------------------------------------------------------------------
                                 10.33   data required time
                                 -2.55   data arrival time
-----------------------------------------------------------------------------
                                  7.78   slack (MET)


Startpoint: rst (input port clocked by clk)
Endpoint: _733_ (recovery check against rising-edge clock clk)
Path Group: asynchronous
Path Type: max

Fanout     Cap    Slew   Delay    Time   Description
-----------------------------------------------------------------------------
                          0.00    0.00   clock clk (rise edge)
                          0.00    0.00   clock network delay (propagated)
                          2.00    2.00 v input external delay
                  0.01    0.01    2.01 v rst (in)
     1    0.00                           rst (net)
                  0.01    0.00    2.01 v input17/A (sky130_fd_sc_hd__clkbuf_1)
                  0.02    0.07    2.08 v input17/X (sky130_fd_sc_hd__clkbuf_1)
     1    0.00                           net17 (net)
                  0.02    0.00    2.08 v _634_/A (sky130_fd_sc_hd__clkbuf_4)
                  0.09    0.19    2.27 v _634_/X (sky130_fd_sc_hd__clkbuf_4)
     9    0.04                           _341_ (net)
                  0.09    0.00    2.27 v _668_/A (sky130_fd_sc_hd__clkbuf_8)
                  0.08    0.21    2.48 v _668_/X (sky130_fd_sc_hd__clkbuf_8)
    10    0.06                           _345_ (net)
                  0.08    0.00    2.48 v _678_/A (sky130_fd_sc_hd__inv_2)
                  0.03    0.06    2.54 ^ _678_/Y (sky130_fd_sc_hd__inv_2)
     1    0.00                           _040_ (net)
                  0.03    0.00    2.54 ^ _733_/RESET_B (sky130_fd_sc_hd__dfrtp_1)
                                  2.54   data arrival time

                         10.00   10.00   clock clk (rise edge)
                          0.00   10.00   clock source latency
                  0.08    0.05   10.05 ^ clk (in)
     1    0.02                           clk (net)
                  0.08    0.00   10.05 ^ clkbuf_0_clk/A (sky130_fd_sc_hd__clkbuf_16)
                  0.06    0.15   10.20 ^ clkbuf_0_clk/X (sky130_fd_sc_hd__clkbuf_16)
     4    0.04                           clknet_0_clk (net)
                  0.06    0.00   10.20 ^ clkbuf_2_0__f_clk/A (sky130_fd_sc_hd__clkbuf_16)
                  0.06    0.14   10.34 ^ clkbuf_2_0__f_clk/X (sky130_fd_sc_hd__clkbuf_16)
    15    0.04                           clknet_2_0__leaf_clk (net)
                  0.06    0.00   10.34 ^ _733_/CLK (sky130_fd_sc_hd__dfrtp_1)
                         -0.25   10.09   clock uncertainty
                          0.00   10.09   clock reconvergence pessimism
                          0.24   10.33   library recovery time
                                 10.33   data required time
-----------------------------------------------------------------------------
                                 10.33   data required time
                                 -2.54   data arrival time
-----------------------------------------------------------------------------
                                  7.78   slack (MET)


Startpoint: _697_ (rising edge-triggered flip-flop clocked by clk)
Endpoint: _706_ (rising edge-triggered flip-flop clocked by clk)
Path Group: clk
Path Type: max

Fanout     Cap    Slew   Delay    Time   Description
-----------------------------------------------------------------------------
                          0.00    0.00   clock clk (rise edge)
                          0.00    0.00   clock source latency
                  0.08    0.06    0.06 ^ clk (in)
     1    0.02                           clk (net)
                  0.08    0.00    0.06 ^ clkbuf_0_clk/A (sky130_fd_sc_hd__clkbuf_16)
                  0.06    0.16    0.22 ^ clkbuf_0_clk/X (sky130_fd_sc_hd__clkbuf_16)
     4    0.04                           clknet_0_clk (net)
                  0.06    0.00    0.22 ^ clkbuf_2_3__f_clk/A (sky130_fd_sc_hd__clkbuf_16)
                  0.06    0.15    0.37 ^ clkbuf_2_3__f_clk/X (sky130_fd_sc_hd__clkbuf_16)
    12    0.03                           clknet_2_3__leaf_clk (net)
                  0.06    0.00    0.37 ^ _697_/CLK (sky130_fd_sc_hd__dfrtp_1)
                  0.07    0.41    0.78 v _697_/Q (sky130_fd_sc_hd__dfrtp_1)
     4    0.01                           u_core.count[3] (net)
                  0.07    0.00    0.78 v _589_/A (sky130_fd_sc_hd__nor4b_1)
                  0.42    0.45    1.24 ^ _589_/Y (sky130_fd_sc_hd__nor4b_1)
     2    0.01                           _319_ (net)
                  0.42    0.00    1.24 ^ wire36/A (sky130_fd_sc_hd__clkbuf_2)
                  0.11    0.26    1.49 ^ wire36/X (sky130_fd_sc_hd__clkbuf_2)
     4    0.02                           net36 (net)
                  0.11    0.00    1.49 ^ _590_/B (sky130_fd_sc_hd__nand2_4)
                  0.10    0.12    1.61 v _590_/Y (sky130_fd_sc_hd__nand2_4)
     7    0.04                           _320_ (net)
                  0.10    0.00    1.61 v _610_/S (sky130_fd_sc_hd__mux2_1)
                  0.06    0.34    1.95 v _610_/X (sky130_fd_sc_hd__mux2_1)
     1    0.00                           _330_ (net)
                  0.06    0.00    1.95 v _611_/A (sky130_fd_sc_hd__clkbuf_1)
                  0.02    0.09    2.04 v _611_/X (sky130_fd_sc_hd__clkbuf_1)
     1    0.00                           _066_ (net)
                  0.02    0.00    2.04 v _706_/D (sky130_fd_sc_hd__dfrtp_1)
                                  2.04   data arrival time

                         10.00   10.00   clock clk (rise edge)
                          0.00   10.00   clock source latency
                  0.08    0.05   10.05 ^ clk (in)
     1    0.02                           clk (net)
                  0.08    0.00   10.05 ^ clkbuf_0_clk/A (sky130_fd_sc_hd__clkbuf_16)
                  0.06    0.15   10.20 ^ clkbuf_0_clk/X (sky130_fd_sc_hd__clkbuf_16)
     4    0.04                           clknet_0_clk (net)
                  0.06    0.00   10.20 ^ clkbuf_2_1__f_clk/A (sky130_fd_sc_hd__clkbuf_16)
                  0.06    0.14   10.34 ^ clkbuf_2_1__f_clk/X (sky130_fd_sc_hd__clkbuf_16)
    14    0.04                           clknet_2_1__leaf_clk (net)
                  0.06    0.00   10.34 ^ _706_/CLK (sky130_fd_sc_hd__dfrtp_1)
                         -0.25   10.09   clock uncertainty
                          0.02   10.11   clock reconvergence pessimism
                         -0.10   10.01   library setup time
                                 10.01   data required time
-----------------------------------------------------------------------------
                                 10.01   data required time
                                 -2.04   data arrival time
-----------------------------------------------------------------------------
                                  7.96   slack (MET)


Startpoint: _697_ (rising edge-triggered flip-flop clocked by clk)
Endpoint: _701_ (rising edge-triggered flip-flop clocked by clk)
Path Group: clk
Path Type: max

Fanout     Cap    Slew   Delay    Time   Description
-----------------------------------------------------------------------------
                          0.00    0.00   clock clk (rise edge)
                          0.00    0.00   clock source latency
                  0.08    0.06    0.06 ^ clk (in)
     1    0.02                           clk (net)
                  0.08    0.00    0.06 ^ clkbuf_0_clk/A (sky130_fd_sc_hd__clkbuf_16)
                  0.06    0.16    0.22 ^ clkbuf_0_clk/X (sky130_fd_sc_hd__clkbuf_16)
     4    0.04                           clknet_0_clk (net)
                  0.06    0.00    0.22 ^ clkbuf_2_3__f_clk/A (sky130_fd_sc_hd__clkbuf_16)
                  0.06    0.15    0.37 ^ clkbuf_2_3__f_clk/X (sky130_fd_sc_hd__clkbuf_16)
    12    0.03                           clknet_2_3__leaf_clk (net)
                  0.06    0.00    0.37 ^ _697_/CLK (sky130_fd_sc_hd__dfrtp_1)
                  0.07    0.41    0.78 v _697_/Q (sky130_fd_sc_hd__dfrtp_1)
     4    0.01                           u_core.count[3] (net)
                  0.07    0.00    0.78 v _589_/A (sky130_fd_sc_hd__nor4b_1)
                  0.42    0.45    1.24 ^ _589_/Y (sky130_fd_sc_hd__nor4b_1)
     2    0.01                           _319_ (net)
                  0.42    0.00    1.24 ^ wire36/A (sky130_fd_sc_hd__clkbuf_2)
                  0.11    0.26    1.49 ^ wire36/X (sky130_fd_sc_hd__clkbuf_2)
     4    0.02                           net36 (net)
                  0.11    0.00    1.49 ^ _590_/B (sky130_fd_sc_hd__nand2_4)
                  0.10    0.12    1.61 v _590_/Y (sky130_fd_sc_hd__nand2_4)
     7    0.04                           _320_ (net)
                  0.10    0.00    1.61 v _620_/S (sky130_fd_sc_hd__mux2_1)
                  0.05    0.34    1.95 v _620_/X (sky130_fd_sc_hd__mux2_1)
     1    0.00                           _335_ (net)
                  0.05    0.00    1.95 v _621_/A (sky130_fd_sc_hd__clkbuf_1)
                  0.02    0.09    2.04 v _621_/X (sky130_fd_sc_hd__clkbuf_1)
     1    0.00                           _061_ (net)
                  0.02    0.00    2.04 v _701_/D (sky130_fd_sc_hd__dfrtp_1)
                                  2.04   data arrival time

                         10.00   10.00   clock clk (rise edge)
                          0.00   10.00   clock source latency
                  0.08    0.05   10.05 ^ clk (in)
     1    0.02                           clk (net)
                  0.08    0.00   10.05 ^ clkbuf_0_clk/A (sky130_fd_sc_hd__clkbuf_16)
                  0.06    0.15   10.20 ^ clkbuf_0_clk/X (sky130_fd_sc_hd__clkbuf_16)
     4    0.04                           clknet_0_clk (net)
                  0.06    0.00   10.20 ^ clkbuf_2_2__f_clk/A (sky130_fd_sc_hd__clkbuf_16)
                  0.06    0.14   10.34 ^ clkbuf_2_2__f_clk/X (sky130_fd_sc_hd__clkbuf_16)
    13    0.04                           clknet_2_2__leaf_clk (net)
                  0.06    0.00   10.34 ^ _701_/CLK (sky130_fd_sc_hd__dfrtp_1)
                         -0.25   10.09   clock uncertainty
                          0.02   10.11   clock reconvergence pessimism
                         -0.10   10.01   library setup time
                                 10.01   data required time
-----------------------------------------------------------------------------
                                 10.01   data required time
                                 -2.04   data arrival time
-----------------------------------------------------------------------------
                                  7.96   slack (MET)


Startpoint: _697_ (rising edge-triggered flip-flop clocked by clk)
Endpoint: _703_ (rising edge-triggered flip-flop clocked by clk)
Path Group: clk
Path Type: max

Fanout     Cap    Slew   Delay    Time   Description
-----------------------------------------------------------------------------
                          0.00    0.00   clock clk (rise edge)
                          0.00    0.00   clock source latency
                  0.08    0.06    0.06 ^ clk (in)
     1    0.02                           clk (net)
                  0.08    0.00    0.06 ^ clkbuf_0_clk/A (sky130_fd_sc_hd__clkbuf_16)
                  0.06    0.16    0.22 ^ clkbuf_0_clk/X (sky130_fd_sc_hd__clkbuf_16)
     4    0.04                           clknet_0_clk (net)
                  0.06    0.00    0.22 ^ clkbuf_2_3__f_clk/A (sky130_fd_sc_hd__clkbuf_16)
                  0.06    0.15    0.37 ^ clkbuf_2_3__f_clk/X (sky130_fd_sc_hd__clkbuf_16)
    12    0.03                           clknet_2_3__leaf_clk (net)
                  0.06    0.00    0.37 ^ _697_/CLK (sky130_fd_sc_hd__dfrtp_1)
                  0.07    0.41    0.78 v _697_/Q (sky130_fd_sc_hd__dfrtp_1)
     4    0.01                           u_core.count[3] (net)
                  0.07    0.00    0.78 v _589_/A (sky130_fd_sc_hd__nor4b_1)
                  0.42    0.45    1.24 ^ _589_/Y (sky130_fd_sc_hd__nor4b_1)
     2    0.01                           _319_ (net)
                  0.42    0.00    1.24 ^ wire36/A (sky130_fd_sc_hd__clkbuf_2)
                  0.11    0.26    1.49 ^ wire36/X (sky130_fd_sc_hd__clkbuf_2)
     4    0.02                           net36 (net)
                  0.11    0.00    1.49 ^ _590_/B (sky130_fd_sc_hd__nand2_4)
                  0.10    0.12    1.61 v _590_/Y (sky130_fd_sc_hd__nand2_4)
     7    0.04                           _320_ (net)
                  0.10    0.00    1.61 v _616_/S (sky130_fd_sc_hd__mux2_1)
                  0.05    0.33    1.94 v _616_/X (sky130_fd_sc_hd__mux2_1)
     1    0.00                           _333_ (net)
                  0.05    0.00    1.94 v _617_/A (sky130_fd_sc_hd__clkbuf_1)
                  0.02    0.09    2.04 v _617_/X (sky130_fd_sc_hd__clkbuf_1)
     1    0.00                           _063_ (net)
                  0.02    0.00    2.04 v _703_/D (sky130_fd_sc_hd__dfrtp_1)
                                  2.04   data arrival time

                         10.00   10.00   clock clk (rise edge)
                          0.00   10.00   clock source latency
                  0.08    0.05   10.05 ^ clk (in)
     1    0.02                           clk (net)
                  0.08    0.00   10.05 ^ clkbuf_0_clk/A (sky130_fd_sc_hd__clkbuf_16)
                  0.06    0.15   10.20 ^ clkbuf_0_clk/X (sky130_fd_sc_hd__clkbuf_16)
     4    0.04                           clknet_0_clk (net)
                  0.06    0.00   10.20 ^ clkbuf_2_1__f_clk/A (sky130_fd_sc_hd__clkbuf_16)
                  0.06    0.14   10.34 ^ clkbuf_2_1__f_clk/X (sky130_fd_sc_hd__clkbuf_16)
    14    0.04                           clknet_2_1__leaf_clk (net)
                  0.06    0.00   10.34 ^ _703_/CLK (sky130_fd_sc_hd__dfrtp_1)
                         -0.25   10.09   clock uncertainty
                          0.02   10.11   clock reconvergence pessimism
                         -0.10   10.01   library setup time
                                 10.01   data required time
-----------------------------------------------------------------------------
                                 10.01   data required time
                                 -2.04   data arrival time
-----------------------------------------------------------------------------
                                  7.97   slack (MET)


Startpoint: _697_ (rising edge-triggered flip-flop clocked by clk)
Endpoint: _702_ (rising edge-triggered flip-flop clocked by clk)
Path Group: clk
Path Type: max

Fanout     Cap    Slew   Delay    Time   Description
-----------------------------------------------------------------------------
                          0.00    0.00   clock clk (rise edge)
                          0.00    0.00   clock source latency
                  0.08    0.06    0.06 ^ clk (in)
     1    0.02                           clk (net)
                  0.08    0.00    0.06 ^ clkbuf_0_clk/A (sky130_fd_sc_hd__clkbuf_16)
                  0.06    0.16    0.22 ^ clkbuf_0_clk/X (sky130_fd_sc_hd__clkbuf_16)
     4    0.04                           clknet_0_clk (net)
                  0.06    0.00    0.22 ^ clkbuf_2_3__f_clk/A (sky130_fd_sc_hd__clkbuf_16)
                  0.06    0.15    0.37 ^ clkbuf_2_3__f_clk/X (sky130_fd_sc_hd__clkbuf_16)
    12    0.03                           clknet_2_3__leaf_clk (net)
                  0.06    0.00    0.37 ^ _697_/CLK (sky130_fd_sc_hd__dfrtp_1)
                  0.07    0.41    0.78 v _697_/Q (sky130_fd_sc_hd__dfrtp_1)
     4    0.01                           u_core.count[3] (net)
                  0.07    0.00    0.78 v _589_/A (sky130_fd_sc_hd__nor4b_1)
                  0.42    0.45    1.24 ^ _589_/Y (sky130_fd_sc_hd__nor4b_1)
     2    0.01                           _319_ (net)
                  0.42    0.00    1.24 ^ wire36/A (sky130_fd_sc_hd__clkbuf_2)
                  0.11    0.26    1.49 ^ wire36/X (sky130_fd_sc_hd__clkbuf_2)
     4    0.02                           net36 (net)
                  0.11    0.00    1.49 ^ _590_/B (sky130_fd_sc_hd__nand2_4)
                  0.10    0.12    1.61 v _590_/Y (sky130_fd_sc_hd__nand2_4)
     7    0.04                           _320_ (net)
                  0.10    0.00    1.61 v _618_/S (sky130_fd_sc_hd__mux2_1)
                  0.05    0.33    1.95 v _618_/X (sky130_fd_sc_hd__mux2_1)
     1    0.00                           _334_ (net)
                  0.05    0.00    1.95 v _619_/A (sky130_fd_sc_hd__clkbuf_1)
                  0.02    0.09    2.04 v _619_/X (sky130_fd_sc_hd__clkbuf_1)
     1    0.00                           _062_ (net)
                  0.02    0.00    2.04 v _702_/D (sky130_fd_sc_hd__dfrtp_1)
                                  2.04   data arrival time

                         10.00   10.00   clock clk (rise edge)
                          0.00   10.00   clock source latency
                  0.08    0.05   10.05 ^ clk (in)
     1    0.02                           clk (net)
                  0.08    0.00   10.05 ^ clkbuf_0_clk/A (sky130_fd_sc_hd__clkbuf_16)
                  0.06    0.15   10.20 ^ clkbuf_0_clk/X (sky130_fd_sc_hd__clkbuf_16)
     4    0.04                           clknet_0_clk (net)
                  0.06    0.00   10.20 ^ clkbuf_2_0__f_clk/A (sky130_fd_sc_hd__clkbuf_16)
                  0.06    0.14   10.34 ^ clkbuf_2_0__f_clk/X (sky130_fd_sc_hd__clkbuf_16)
    15    0.04                           clknet_2_0__leaf_clk (net)
                  0.06    0.00   10.34 ^ _702_/CLK (sky130_fd_sc_hd__dfrtp_1)
                         -0.25   10.09   clock uncertainty
                          0.02   10.11   clock reconvergence pessimism
                         -0.10   10.01   library setup time
                                 10.01   data required time
-----------------------------------------------------------------------------
                                 10.01   data required time
                                 -2.04   data arrival time
-----------------------------------------------------------------------------
                                  7.97   slack (MET)


Startpoint: _697_ (rising edge-triggered flip-flop clocked by clk)
Endpoint: _705_ (rising edge-triggered flip-flop clocked by clk)
Path Group: clk
Path Type: max

Fanout     Cap    Slew   Delay    Time   Description
-----------------------------------------------------------------------------
                          0.00    0.00   clock clk (rise edge)
                          0.00    0.00   clock source latency
                  0.08    0.06    0.06 ^ clk (in)
     1    0.02                           clk (net)
                  0.08    0.00    0.06 ^ clkbuf_0_clk/A (sky130_fd_sc_hd__clkbuf_16)
                  0.06    0.16    0.22 ^ clkbuf_0_clk/X (sky130_fd_sc_hd__clkbuf_16)
     4    0.04                           clknet_0_clk (net)
                  0.06    0.00    0.22 ^ clkbuf_2_3__f_clk/A (sky130_fd_sc_hd__clkbuf_16)
                  0.06    0.15    0.37 ^ clkbuf_2_3__f_clk/X (sky130_fd_sc_hd__clkbuf_16)
    12    0.03                           clknet_2_3__leaf_clk (net)
                  0.06    0.00    0.37 ^ _697_/CLK (sky130_fd_sc_hd__dfrtp_1)
                  0.07    0.41    0.78 v _697_/Q (sky130_fd_sc_hd__dfrtp_1)
     4    0.01                           u_core.count[3] (net)
                  0.07    0.00    0.78 v _589_/A (sky130_fd_sc_hd__nor4b_1)
                  0.42    0.45    1.24 ^ _589_/Y (sky130_fd_sc_hd__nor4b_1)
     2    0.01                           _319_ (net)
                  0.42    0.00    1.24 ^ wire36/A (sky130_fd_sc_hd__clkbuf_2)
                  0.11    0.26    1.49 ^ wire36/X (sky130_fd_sc_hd__clkbuf_2)
     4    0.02                           net36 (net)
                  0.11    0.00    1.49 ^ _590_/B (sky130_fd_sc_hd__nand2_4)
                  0.10    0.12    1.61 v _590_/Y (sky130_fd_sc_hd__nand2_4)
     7    0.04                           _320_ (net)
                  0.10    0.00    1.61 v _612_/S (sky130_fd_sc_hd__mux2_1)
                  0.05    0.33    1.94 v _612_/X (sky130_fd_sc_hd__mux2_1)
     1    0.00                           _331_ (net)
                  0.05    0.00    1.94 v _613_/A (sky130_fd_sc_hd__clkbuf_1)
                  0.02    0.09    2.04 v _613_/X (sky130_fd_sc_hd__clkbuf_1)
     1    0.00                           _065_ (net)
                  0.02    0.00    2.04 v _705_/D (sky130_fd_sc_hd__dfrtp_1)
                                  2.04   data arrival time

                         10.00   10.00   clock clk (rise edge)
                          0.00   10.00   clock source latency
                  0.08    0.05   10.05 ^ clk (in)
     1    0.02                           clk (net)
                  0.08    0.00   10.05 ^ clkbuf_0_clk/A (sky130_fd_sc_hd__clkbuf_16)
                  0.06    0.15   10.20 ^ clkbuf_0_clk/X (sky130_fd_sc_hd__clkbuf_16)
     4    0.04                           clknet_0_clk (net)
                  0.06    0.00   10.20 ^ clkbuf_2_2__f_clk/A (sky130_fd_sc_hd__clkbuf_16)
                  0.06    0.14   10.34 ^ clkbuf_2_2__f_clk/X (sky130_fd_sc_hd__clkbuf_16)
    13    0.04                           clknet_2_2__leaf_clk (net)
                  0.06    0.00   10.34 ^ _705_/CLK (sky130_fd_sc_hd__dfrtp_1)
                         -0.25   10.09   clock uncertainty
                          0.02   10.11   clock reconvergence pessimism
                         -0.10   10.01   library setup time
                                 10.01   data required time
-----------------------------------------------------------------------------
                                 10.01   data required time
                                 -2.04   data arrival time
-----------------------------------------------------------------------------
                                  7.97   slack (MET)


Startpoint: _697_ (rising edge-triggered flip-flop clocked by clk)
Endpoint: _704_ (rising edge-triggered flip-flop clocked by clk)
Path Group: clk
Path Type: max

Fanout     Cap    Slew   Delay    Time   Description
-----------------------------------------------------------------------------
                          0.00    0.00   clock clk (rise edge)
                          0.00    0.00   clock source latency
                  0.08    0.06    0.06 ^ clk (in)
     1    0.02                           clk (net)
                  0.08    0.00    0.06 ^ clkbuf_0_clk/A (sky130_fd_sc_hd__clkbuf_16)
                  0.06    0.16    0.22 ^ clkbuf_0_clk/X (sky130_fd_sc_hd__clkbuf_16)
     4    0.04                           clknet_0_clk (net)
                  0.06    0.00    0.22 ^ clkbuf_2_3__f_clk/A (sky130_fd_sc_hd__clkbuf_16)
                  0.06    0.15    0.37 ^ clkbuf_2_3__f_clk/X (sky130_fd_sc_hd__clkbuf_16)
    12    0.03                           clknet_2_3__leaf_clk (net)
                  0.06    0.00    0.37 ^ _697_/CLK (sky130_fd_sc_hd__dfrtp_1)
                  0.07    0.41    0.78 v _697_/Q (sky130_fd_sc_hd__dfrtp_1)
     4    0.01                           u_core.count[3] (net)
                  0.07    0.00    0.78 v _589_/A (sky130_fd_sc_hd__nor4b_1)
                  0.42    0.45    1.24 ^ _589_/Y (sky130_fd_sc_hd__nor4b_1)
     2    0.01                           _319_ (net)
                  0.42    0.00    1.24 ^ wire36/A (sky130_fd_sc_hd__clkbuf_2)
                  0.11    0.26    1.49 ^ wire36/X (sky130_fd_sc_hd__clkbuf_2)
     4    0.02                           net36 (net)
                  0.11    0.00    1.49 ^ _590_/B (sky130_fd_sc_hd__nand2_4)
                  0.10    0.12    1.61 v _590_/Y (sky130_fd_sc_hd__nand2_4)
     7    0.04                           _320_ (net)
                  0.10    0.00    1.61 v _614_/S (sky130_fd_sc_hd__mux2_1)
                  0.05    0.33    1.95 v _614_/X (sky130_fd_sc_hd__mux2_1)
     1    0.00                           _332_ (net)
                  0.05    0.00    1.95 v _615_/A (sky130_fd_sc_hd__clkbuf_1)
                  0.02    0.09    2.04 v _615_/X (sky130_fd_sc_hd__clkbuf_1)
     1    0.00                           _064_ (net)
                  0.02    0.00    2.04 v _704_/D (sky130_fd_sc_hd__dfrtp_1)
                                  2.04   data arrival time

                         10.00   10.00   clock clk (rise edge)
                          0.00   10.00   clock source latency
                  0.08    0.05   10.05 ^ clk (in)
     1    0.02                           clk (net)
                  0.08    0.00   10.05 ^ clkbuf_0_clk/A (sky130_fd_sc_hd__clkbuf_16)
                  0.06    0.15   10.20 ^ clkbuf_0_clk/X (sky130_fd_sc_hd__clkbuf_16)
     4    0.04                           clknet_0_clk (net)
                  0.06    0.00   10.20 ^ clkbuf_2_0__f_clk/A (sky130_fd_sc_hd__clkbuf_16)
                  0.06    0.14   10.34 ^ clkbuf_2_0__f_clk/X (sky130_fd_sc_hd__clkbuf_16)
    15    0.04                           clknet_2_0__leaf_clk (net)
                  0.06    0.00   10.34 ^ _704_/CLK (sky130_fd_sc_hd__dfrtp_1)
                         -0.25   10.09   clock uncertainty
                          0.02   10.11   clock reconvergence pessimism
                         -0.10   10.01   library setup time
                                 10.01   data required time
-----------------------------------------------------------------------------
                                 10.01   data required time
                                 -2.04   data arrival time
-----------------------------------------------------------------------------
                                  7.97   slack (MET)


Startpoint: rst (input port clocked by clk)
Endpoint: _744_ (recovery check against rising-edge clock clk)
Path Group: asynchronous
Path Type: max

Fanout     Cap    Slew   Delay    Time   Description
-----------------------------------------------------------------------------
                          0.00    0.00   clock clk (rise edge)
                          0.00    0.00   clock network delay (propagated)
                          2.00    2.00 v input external delay
                  0.01    0.01    2.01 v rst (in)
     1    0.00                           rst (net)
                  0.01    0.00    2.01 v input17/A (sky130_fd_sc_hd__clkbuf_1)
                  0.02    0.07    2.08 v input17/X (sky130_fd_sc_hd__clkbuf_1)
     1    0.00                           net17 (net)
                  0.02    0.00    2.08 v _634_/A (sky130_fd_sc_hd__clkbuf_4)
                  0.09    0.19    2.27 v _634_/X (sky130_fd_sc_hd__clkbuf_4)
     9    0.04                           _341_ (net)
                  0.09    0.00    2.27 v _690_/A (sky130_fd_sc_hd__inv_2)
                  0.04    0.06    2.34 ^ _690_/Y (sky130_fd_sc_hd__inv_2)
     1    0.00                           _051_ (net)
                  0.04    0.00    2.34 ^ _744_/RESET_B (sky130_fd_sc_hd__dfrtp_2)
                                  2.34   data arrival time

                         10.00   10.00   clock clk (rise edge)
                          0.00   10.00   clock source latency
                  0.08    0.05   10.05 ^ clk (in)
     1    0.02                           clk (net)
                  0.08    0.00   10.05 ^ clkbuf_0_clk/A (sky130_fd_sc_hd__clkbuf_16)
                  0.06    0.15   10.20 ^ clkbuf_0_clk/X (sky130_fd_sc_hd__clkbuf_16)
     4    0.04                           clknet_0_clk (net)
                  0.06    0.00   10.20 ^ clkbuf_2_2__f_clk/A (sky130_fd_sc_hd__clkbuf_16)
                  0.06    0.14   10.34 ^ clkbuf_2_2__f_clk/X (sky130_fd_sc_hd__clkbuf_16)
    13    0.04                           clknet_2_2__leaf_clk (net)
                  0.06    0.00   10.34 ^ _744_/CLK (sky130_fd_sc_hd__dfrtp_2)
                         -0.25   10.09   clock uncertainty
                          0.00   10.09   clock reconvergence pessimism
                          0.23   10.31   library recovery time
                                 10.31   data required time
-----------------------------------------------------------------------------
                                 10.31   data required time
                                 -2.34   data arrival time
-----------------------------------------------------------------------------
                                  7.98   slack (MET)


Startpoint: rst (input port clocked by clk)
Endpoint: _745_ (recovery check against rising-edge clock clk)
Path Group: asynchronous
Path Type: max

Fanout     Cap    Slew   Delay    Time   Description
-----------------------------------------------------------------------------
                          0.00    0.00   clock clk (rise edge)
                          0.00    0.00   clock network delay (propagated)
                          2.00    2.00 v input external delay
                  0.01    0.01    2.01 v rst (in)
     1    0.00                           rst (net)
                  0.01    0.00    2.01 v input17/A (sky130_fd_sc_hd__clkbuf_1)
                  0.02    0.07    2.08 v input17/X (sky130_fd_sc_hd__clkbuf_1)
     1    0.00                           net17 (net)
                  0.02    0.00    2.08 v _634_/A (sky130_fd_sc_hd__clkbuf_4)
                  0.09    0.19    2.27 v _634_/X (sky130_fd_sc_hd__clkbuf_4)
     9    0.04                           _341_ (net)
                  0.09    0.00    2.27 v _691_/A (sky130_fd_sc_hd__inv_2)
                  0.04    0.07    2.34 ^ _691_/Y (sky130_fd_sc_hd__inv_2)
     1    0.00                           _052_ (net)
                  0.04    0.00    2.34 ^ _745_/RESET_B (sky130_fd_sc_hd__dfrtp_1)
                                  2.34   data arrival time

                         10.00   10.00   clock clk (rise edge)
                          0.00   10.00   clock source latency
                  0.08    0.05   10.05 ^ clk (in)
     1    0.02                           clk (net)
                  0.08    0.00   10.05 ^ clkbuf_0_clk/A (sky130_fd_sc_hd__clkbuf_16)
                  0.06    0.15   10.20 ^ clkbuf_0_clk/X (sky130_fd_sc_hd__clkbuf_16)
     4    0.04                           clknet_0_clk (net)
                  0.06    0.00   10.20 ^ clkbuf_2_3__f_clk/A (sky130_fd_sc_hd__clkbuf_16)
                  0.06    0.14   10.33 ^ clkbuf_2_3__f_clk/X (sky130_fd_sc_hd__clkbuf_16)
    12    0.03                           clknet_2_3__leaf_clk (net)
                  0.06    0.00   10.33 ^ _745_/CLK (sky130_fd_sc_hd__dfrtp_1)
                         -0.25   10.08   clock uncertainty
                          0.00   10.08   clock reconvergence pessimism
                          0.24   10.32   library recovery time
                                 10.32   data required time
-----------------------------------------------------------------------------
                                 10.32   data required time
                                 -2.34   data arrival time
-----------------------------------------------------------------------------
                                  7.98   slack (MET)


Startpoint: rst (input port clocked by clk)
Endpoint: _746_ (recovery check against rising-edge clock clk)
Path Group: asynchronous
Path Type: max

Fanout     Cap    Slew   Delay    Time   Description
-----------------------------------------------------------------------------
                          0.00    0.00   clock clk (rise edge)
                          0.00    0.00   clock network delay (propagated)
                          2.00    2.00 v input external delay
                  0.01    0.01    2.01 v rst (in)
     1    0.00                           rst (net)
                  0.01    0.00    2.01 v input17/A (sky130_fd_sc_hd__clkbuf_1)
                  0.02    0.07    2.08 v input17/X (sky130_fd_sc_hd__clkbuf_1)
     1    0.00                           net17 (net)
                  0.02    0.00    2.08 v _634_/A (sky130_fd_sc_hd__clkbuf_4)
                  0.09    0.19    2.27 v _634_/X (sky130_fd_sc_hd__clkbuf_4)
     9    0.04                           _341_ (net)
                  0.09    0.00    2.27 v _692_/A (sky130_fd_sc_hd__inv_2)
                  0.04    0.06    2.34 ^ _692_/Y (sky130_fd_sc_hd__inv_2)
     1    0.00                           _053_ (net)
                  0.04    0.00    2.34 ^ _746_/RESET_B (sky130_fd_sc_hd__dfrtp_1)
                                  2.34   data arrival time

                         10.00   10.00   clock clk (rise edge)
                          0.00   10.00   clock source latency
                  0.08    0.05   10.05 ^ clk (in)
     1    0.02                           clk (net)
                  0.08    0.00   10.05 ^ clkbuf_0_clk/A (sky130_fd_sc_hd__clkbuf_16)
                  0.06    0.15   10.20 ^ clkbuf_0_clk/X (sky130_fd_sc_hd__clkbuf_16)
     4    0.04                           clknet_0_clk (net)
                  0.06    0.00   10.20 ^ clkbuf_2_3__f_clk/A (sky130_fd_sc_hd__clkbuf_16)
                  0.06    0.14   10.33 ^ clkbuf_2_3__f_clk/X (sky130_fd_sc_hd__clkbuf_16)
    12    0.03                           clknet_2_3__leaf_clk (net)
                  0.06    0.00   10.33 ^ _746_/CLK (sky130_fd_sc_hd__dfrtp_1)
                         -0.25   10.08   clock uncertainty
                          0.00   10.08   clock reconvergence pessimism
                          0.24   10.32   library recovery time
                                 10.32   data required time
-----------------------------------------------------------------------------
                                 10.32   data required time
                                 -2.34   data arrival time
-----------------------------------------------------------------------------
                                  7.99   slack (MET)


Startpoint: rst (input port clocked by clk)
Endpoint: _747_ (recovery check against rising-edge clock clk)
Path Group: asynchronous
Path Type: max

Fanout     Cap    Slew   Delay    Time   Description
-----------------------------------------------------------------------------
                          0.00    0.00   clock clk (rise edge)
                          0.00    0.00   clock network delay (propagated)
                          2.00    2.00 v input external delay
                  0.01    0.01    2.01 v rst (in)
     1    0.00                           rst (net)
                  0.01    0.00    2.01 v input17/A (sky130_fd_sc_hd__clkbuf_1)
                  0.02    0.07    2.08 v input17/X (sky130_fd_sc_hd__clkbuf_1)
     1    0.00                           net17 (net)
                  0.02    0.00    2.08 v _634_/A (sky130_fd_sc_hd__clkbuf_4)
                  0.09    0.19    2.27 v _634_/X (sky130_fd_sc_hd__clkbuf_4)
     9    0.04                           _341_ (net)
                  0.09    0.00    2.27 v _693_/A (sky130_fd_sc_hd__inv_2)
                  0.04    0.06    2.34 ^ _693_/Y (sky130_fd_sc_hd__inv_2)
     1    0.00                           _054_ (net)
                  0.04    0.00    2.34 ^ _747_/RESET_B (sky130_fd_sc_hd__dfrtp_1)
                                  2.34   data arrival time

                         10.00   10.00   clock clk (rise edge)
                          0.00   10.00   clock source latency
                  0.08    0.05   10.05 ^ clk (in)
     1    0.02                           clk (net)
                  0.08    0.00   10.05 ^ clkbuf_0_clk/A (sky130_fd_sc_hd__clkbuf_16)
                  0.06    0.15   10.20 ^ clkbuf_0_clk/X (sky130_fd_sc_hd__clkbuf_16)
     4    0.04                           clknet_0_clk (net)
                  0.06    0.00   10.20 ^ clkbuf_2_3__f_clk/A (sky130_fd_sc_hd__clkbuf_16)
                  0.06    0.14   10.33 ^ clkbuf_2_3__f_clk/X (sky130_fd_sc_hd__clkbuf_16)
    12    0.03                           clknet_2_3__leaf_clk (net)
                  0.06    0.00   10.33 ^ _747_/CLK (sky130_fd_sc_hd__dfrtp_1)
                         -0.25   10.08   clock uncertainty
                          0.00   10.08   clock reconvergence pessimism
                          0.24   10.32   library recovery time
                                 10.32   data required time
-----------------------------------------------------------------------------
                                 10.32   data required time
                                 -2.34   data arrival time
-----------------------------------------------------------------------------
                                  7.99   slack (MET)


Startpoint: _697_ (rising edge-triggered flip-flop clocked by clk)
Endpoint: _700_ (rising edge-triggered flip-flop clocked by clk)
Path Group: clk
Path Type: max

Fanout     Cap    Slew   Delay    Time   Description
-----------------------------------------------------------------------------
                          0.00    0.00   clock clk (rise edge)
                          0.00    0.00   clock source latency
                  0.08    0.06    0.06 ^ clk (in)
     1    0.02                           clk (net)
                  0.08    0.00    0.06 ^ clkbuf_0_clk/A (sky130_fd_sc_hd__clkbuf_16)
                  0.06    0.16    0.22 ^ clkbuf_0_clk/X (sky130_fd_sc_hd__clkbuf_16)
     4    0.04                           clknet_0_clk (net)
                  0.06    0.00    0.22 ^ clkbuf_2_3__f_clk/A (sky130_fd_sc_hd__clkbuf_16)
                  0.06    0.15    0.37 ^ clkbuf_2_3__f_clk/X (sky130_fd_sc_hd__clkbuf_16)
    12    0.03                           clknet_2_3__leaf_clk (net)
                  0.06    0.00    0.37 ^ _697_/CLK (sky130_fd_sc_hd__dfrtp_1)
                  0.07    0.41    0.78 v _697_/Q (sky130_fd_sc_hd__dfrtp_1)
     4    0.01                           u_core.count[3] (net)
                  0.07    0.00    0.78 v _589_/A (sky130_fd_sc_hd__nor4b_1)
                  0.42    0.45    1.24 ^ _589_/Y (sky130_fd_sc_hd__nor4b_1)
     2    0.01                           _319_ (net)
                  0.42    0.00    1.24 ^ wire36/A (sky130_fd_sc_hd__clkbuf_2)
                  0.11    0.26    1.49 ^ wire36/X (sky130_fd_sc_hd__clkbuf_2)
     4    0.02                           net36 (net)
                  0.11    0.00    1.49 ^ _622_/A2 (sky130_fd_sc_hd__o21a_1)
                  0.04    0.12    1.61 ^ _622_/X (sky130_fd_sc_hd__o21a_1)
     1    0.00                           _060_ (net)
                  0.04    0.00    1.61 ^ _700_/D (sky130_fd_sc_hd__dfrtp_1)
                                  1.61   data arrival time

                         10.00   10.00   clock clk (rise edge)
                          0.00   10.00   clock source latency
                  0.08    0.05   10.05 ^ clk (in)
     1    0.02                           clk (net)
                  0.08    0.00   10.05 ^ clkbuf_0_clk/A (sky130_fd_sc_hd__clkbuf_16)
                  0.06    0.15   10.20 ^ clkbuf_0_clk/X (sky130_fd_sc_hd__clkbuf_16)
     4    0.04                           clknet_0_clk (net)
                  0.06    0.00   10.20 ^ clkbuf_2_3__f_clk/A (sky130_fd_sc_hd__clkbuf_16)
                  0.06    0.14   10.33 ^ clkbuf_2_3__f_clk/X (sky130_fd_sc_hd__clkbuf_16)
    12    0.03                           clknet_2_3__leaf_clk (net)
                  0.06    0.00   10.33 ^ _700_/CLK (sky130_fd_sc_hd__dfrtp_1)
                         -0.25   10.08   clock uncertainty
                          0.04   10.12   clock reconvergence pessimism
                         -0.06   10.06   library setup time
                                 10.06   data required time
-----------------------------------------------------------------------------
                                 10.06   data required time
                                 -1.61   data arrival time
-----------------------------------------------------------------------------
                                  8.45   slack (MET)



max_report_end
checks_report

===========================================================================
report_checks -unconstrained
===========================================================================
======================= Typical Corner ===================================

Startpoint: rst (input port clocked by clk)
Endpoint: _699_ (recovery check against rising-edge clock clk)
Path Group: asynchronous
Path Type: max

Fanout     Cap    Slew   Delay    Time   Description
-----------------------------------------------------------------------------
                          0.00    0.00   clock clk (rise edge)
                          0.00    0.00   clock network delay (propagated)
                          2.00    2.00 v input external delay
                  0.01    0.01    2.01 v rst (in)
     1    0.00                           rst (net)
                  0.01    0.00    2.01 v input17/A (sky130_fd_sc_hd__clkbuf_1)
                  0.02    0.07    2.08 v input17/X (sky130_fd_sc_hd__clkbuf_1)
     1    0.00                           net17 (net)
                  0.02    0.00    2.08 v _634_/A (sky130_fd_sc_hd__clkbuf_4)
                  0.09    0.19    2.27 v _634_/X (sky130_fd_sc_hd__clkbuf_4)
     9    0.04                           _341_ (net)
                  0.09    0.00    2.27 v _635_/A (sky130_fd_sc_hd__buf_4)
                  0.09    0.23    2.50 v _635_/X (sky130_fd_sc_hd__buf_4)
    10    0.06                           _342_ (net)
                  0.09    0.00    2.50 v _641_/A (sky130_fd_sc_hd__inv_2)
                  0.03    0.06    2.56 ^ _641_/Y (sky130_fd_sc_hd__inv_2)
     1    0.00                           _006_ (net)
                  0.03    0.00    2.56 ^ _699_/RESET_B (sky130_fd_sc_hd__dfrtp_4)
                                  2.56   data arrival time

                         10.00   10.00   clock clk (rise edge)
                          0.00   10.00   clock source latency
                  0.08    0.05   10.05 ^ clk (in)
     1    0.02                           clk (net)
                  0.08    0.00   10.05 ^ clkbuf_0_clk/A (sky130_fd_sc_hd__clkbuf_16)
                  0.06    0.15   10.20 ^ clkbuf_0_clk/X (sky130_fd_sc_hd__clkbuf_16)
     4    0.04                           clknet_0_clk (net)
                  0.06    0.00   10.20 ^ clkbuf_2_1__f_clk/A (sky130_fd_sc_hd__clkbuf_16)
                  0.06    0.14   10.34 ^ clkbuf_2_1__f_clk/X (sky130_fd_sc_hd__clkbuf_16)
    14    0.04                           clknet_2_1__leaf_clk (net)
                  0.06    0.00   10.34 ^ _699_/CLK (sky130_fd_sc_hd__dfrtp_4)
                         -0.25   10.09   clock uncertainty
                          0.00   10.09   clock reconvergence pessimism
                          0.22   10.31   library recovery time
                                 10.31   data required time
-----------------------------------------------------------------------------
                                 10.31   data required time
                                 -2.56   data arrival time
-----------------------------------------------------------------------------
                                  7.75   slack (MET)


Startpoint: _715_ (rising edge-triggered flip-flop clocked by clk)
Endpoint: product[14] (output port clocked by clk)
Path Group: clk
Path Type: max

Fanout     Cap    Slew   Delay    Time   Description
-----------------------------------------------------------------------------
                          0.00    0.00   clock clk (rise edge)
                          0.00    0.00   clock source latency
                  0.08    0.06    0.06 ^ clk (in)
     1    0.02                           clk (net)
                  0.08    0.00    0.06 ^ clkbuf_0_clk/A (sky130_fd_sc_hd__clkbuf_16)
                  0.06    0.16    0.22 ^ clkbuf_0_clk/X (sky130_fd_sc_hd__clkbuf_16)
     4    0.04                           clknet_0_clk (net)
                  0.06    0.00    0.22 ^ clkbuf_2_3__f_clk/A (sky130_fd_sc_hd__clkbuf_16)
                  0.06    0.15    0.37 ^ clkbuf_2_3__f_clk/X (sky130_fd_sc_hd__clkbuf_16)
    12    0.03                           clknet_2_3__leaf_clk (net)
                  0.06    0.00    0.37 ^ _715_/CLK (sky130_fd_sc_hd__dfrtp_1)
                  0.14    0.42    0.79 ^ _715_/Q (sky130_fd_sc_hd__dfrtp_1)
     2    0.01                           net25 (net)
                  0.14    0.00    0.79 ^ output25/A (sky130_fd_sc_hd__buf_2)
                  0.17    0.24    1.03 ^ output25/X (sky130_fd_sc_hd__buf_2)
     1    0.03                           product[14] (net)
                  0.17    0.00    1.03 ^ product[14] (out)
                                  1.03   data arrival time

                         10.00   10.00   clock clk (rise edge)
                          0.00   10.00   clock network delay (propagated)
                         -0.25    9.75   clock uncertainty
                          0.00    9.75   clock reconvergence pessimism
                         -2.00    7.75   output external delay
                                  7.75   data required time
-----------------------------------------------------------------------------
                                  7.75   data required time
                                 -1.03   data arrival time
-----------------------------------------------------------------------------
                                  6.72   slack (MET)




===========================================================================
report_checks --slack_max -0.01
============================================================================
======================= Typical Corner ===================================

No paths found.


===========================================================================
 report_check_types -max_slew -max_cap -max_fanout -violators
============================================================================
======================= Typical Corner ===================================

max fanout

Pin                                   Limit Fanout  Slack
---------------------------------------------------------
clkbuf_2_0__f_clk/X                      10     15     -5 (VIOLATED)
clkbuf_2_1__f_clk/X                      10     14     -4 (VIOLATED)
clkbuf_2_2__f_clk/X                      10     13     -3 (VIOLATED)
clkbuf_2_3__f_clk/X                      10     12     -2 (VIOLATED)



===========================================================================
report_parasitic_annotation -report_unannotated
============================================================================
Found 461 unannotated drivers.
 clk
 multiplicand[0]
 multiplicand[1]
 multiplicand[2]
 multiplicand[3]
 multiplicand[4]
 multiplicand[5]
 multiplicand[6]
 multiplicand[7]
 multiplier[0]
 multiplier[1]
 multiplier[2]
 multiplier[3]
 multiplier[4]
 multiplier[5]
 multiplier[6]
 multiplier[7]
 rst
 start
 _347_/X
 _348_/X
 _349_/X
 _350_/X
 _351_/Y
 _352_/Y
 _353_/X
 _354_/Y
 _355_/Y
 _356_/Y
 _357_/Y
 _358_/Y
 _359_/X
 _360_/Y
 _361_/X
 _362_/X
 _363_/X
 _364_/Y
 _365_/X
 _366_/X
 _367_/X
 _368_/Y
 _369_/Y
 _370_/Y
 _371_/Y
 _372_/Y
 _373_/X
 _374_/Y
 _375_/X
 _376_/Y
 _377_/Y
 _378_/Y
 _379_/Y
 _380_/Y
 _381_/Y
 _382_/X
 _383_/Y
 _384_/Y
 _385_/X
 _386_/Y
 _387_/Y
 _388_/Y
 _389_/Y
 _390_/Y
 _391_/Y
 _392_/Y
 _393_/Y
 _394_/Y
 _395_/X
 _396_/Y
 _397_/Y
 _398_/X
 _399_/Y
 _400_/X
 _401_/Y
 _402_/X
 _403_/Y
 _404_/Y
 _405_/X
 _406_/X
 _407_/Y
 _408_/X
 _409_/Y
 _410_/Y
 _411_/Y
 _412_/X
 _413_/Y
 _414_/Y
 _415_/Y
 _416_/Y
 _417_/Y
 _418_/Y
 _419_/Y
 _420_/X
 _421_/Y
 _422_/Y
 _423_/X
 _424_/Y
 _425_/Y
 _426_/Y
 _427_/Y
 _428_/Y
 _429_/X
 _430_/Y
 _431_/X
 _432_/X
 _433_/X
 _434_/Y
 _435_/Y
 _436_/Y
 _437_/X
 _438_/Y
 _439_/X
 _440_/X
 _441_/X
 _442_/X
 _443_/Y
 _444_/Y
 _445_/X
 _446_/Y
 _447_/Y
 _448_/X
 _449_/Y
 _450_/Y
 _451_/Y
 _452_/X
 _453_/Y
 _454_/Y
 _455_/Y
 _456_/Y
 _457_/X
 _458_/Y
 _459_/X
 _460_/X
 _461_/X
 _462_/X
 _463_/X
 _464_/Y
 _465_/Y
 _466_/Y
 _467_/X
 _468_/X
 _469_/Y
 _470_/Y
 _471_/Y
 _472_/Y
 _473_/X
 _474_/Y
 _475_/Y
 _476_/X
 _477_/Y
 _478_/X
 _479_/Y
 _480_/Y
 _481_/X
 _482_/Y
 _483_/X
 _484_/X
 _485_/X
 _486_/X
 _487_/X
 _488_/X
 _489_/X
 _490_/X
 _491_/Y
 _492_/Y
 _493_/Y
 _494_/Y
 _495_/Y
 _496_/X
 _497_/Y
 _498_/X
 _499_/Y
 _500_/X
 _501_/X
 _502_/X
 _503_/X
 _504_/X
 _505_/Y
 _506_/Y
 _507_/X
 _508_/Y
 _509_/X
 _510_/Y
 _511_/X
 _512_/Y
 _513_/Y
 _514_/X
 _515_/Y
 _516_/Y
 _517_/X
 _518_/Y
 _519_/X
 _520_/Y
 _521_/X
 _522_/X
 _523_/X
 _524_/Y
 _525_/X
 _526_/X
 _527_/X
 _528_/Y
 _529_/Y
 _530_/X
 _531_/X
 _532_/X
 _533_/X
 _534_/X
 _535_/X
 _536_/X
 _537_/X
 _538_/Y
 _539_/X
 _540_/Y
 _541_/X
 _542_/Y
 _543_/Y
 _544_/X
 _545_/X
 _546_/X
 _547_/X
 _548_/X
 _549_/X
 _550_/X
 _551_/Y
 _552_/X
 _553_/X
 _554_/Y
 _555_/X
 _556_/X
 _557_/X
 _558_/X
 _559_/X
 _560_/X
 _561_/X
 _562_/X
 _563_/X
 _564_/X
 _565_/X
 _566_/X
 _567_/X
 _568_/X
 _569_/X
 _570_/X
 _571_/Y
 _572_/X
 _573_/X
 _574_/X
 _575_/X
 _576_/X
 _577_/X
 _578_/X
 _579_/X
 _580_/X
 _581_/X
 _582_/X
 _583_/X
 _584_/X
 _585_/X
 _586_/X
 _587_/X
 _588_/X
 _589_/Y
 _590_/Y
 _591_/X
 _592_/X
 _593_/Y
 _594_/Y
 _595_/X
 _596_/X
 _597_/X
 _598_/X
 _599_/X
 _600_/X
 _601_/X
 _602_/X
 _603_/X
 _604_/X
 _605_/X
 _606_/X
 _607_/X
 _608_/X
 _609_/X
 _610_/X
 _611_/X
 _612_/X
 _613_/X
 _614_/X
 _615_/X
 _616_/X
 _617_/X
 _618_/X
 _619_/X
 _620_/X
 _621_/X
 _622_/X
 _623_/X
 _624_/X
 _625_/Y
 _626_/Y
 _627_/X
 _628_/Y
 _629_/Y
 _630_/Y
 _631_/Y
 _632_/X
 _633_/Y
 _634_/X
 _635_/X
 _636_/Y
 _637_/Y
 _638_/Y
 _639_/Y
 _640_/Y
 _641_/Y
 _642_/Y
 _643_/Y
 _644_/Y
 _645_/Y
 _646_/X
 _647_/Y
 _648_/Y
 _649_/Y
 _650_/Y
 _651_/Y
 _652_/Y
 _653_/Y
 _654_/Y
 _655_/Y
 _656_/Y
 _657_/X
 _658_/Y
 _659_/Y
 _660_/Y
 _661_/Y
 _662_/Y
 _663_/Y
 _664_/Y
 _665_/Y
 _666_/Y
 _667_/Y
 _668_/X
 _669_/Y
 _670_/Y
 _671_/Y
 _672_/Y
 _673_/Y
 _674_/Y
 _675_/Y
 _676_/Y
 _677_/Y
 _678_/Y
 _679_/X
 _680_/Y
 _681_/Y
 _682_/Y
 _683_/Y
 _684_/Y
 _685_/Y
 _686_/Y
 _687_/Y
 _688_/Y
 _689_/Y
 _690_/Y
 _691_/Y
 _692_/Y
 _693_/Y
 _694_/Q
 _695_/Q
 _696_/Q
 _697_/Q
 _698_/Q
 _699_/Q
 _700_/Q
 _701_/Q
 _702_/Q
 _703_/Q
 _704_/Q
 _705_/Q
 _706_/Q
 _707_/Q
 _708_/Q
 _709_/Q
 _710_/Q
 _711_/Q
 _712_/Q
 _713_/Q
 _714_/Q
 _715_/Q
 _716_/Q
 _717_/Q
 _718_/Q
 _719_/Q
 _720_/Q
 _721_/Q
 _722_/Q
 _723_/Q
 _724_/Q
 _725_/Q
 _726_/Q
 _727_/Q
 _728_/Q
 _729_/Q
 _730_/Q
 _731_/Q
 _732_/Q
 _733_/Q
 _734_/Q
 _735_/Q
 _736_/Q
 _737_/Q
 _738_/Q
 _739_/Q
 _740_/Q
 _741_/Q
 _742_/Q
 _743_/Q
 _744_/Q
 _745_/Q
 _746_/Q
 _747_/Q
 clkbuf_0_clk/X
 clkbuf_2_0__f_clk/X
 clkbuf_2_1__f_clk/X
 clkbuf_2_2__f_clk/X
 clkbuf_2_3__f_clk/X
 input1/X
 input10/X
 input11/X
 input12/X
 input13/X
 input14/X
 input15/X
 input16/X
 input17/X
 input18/X
 input2/X
 input3/X
 input4/X
 input5/X
 input6/X
 input7/X
 input8/X
 input9/X
 output19/X
 output20/X
 output21/X
 output22/X
 output23/X
 output24/X
 output25/X
 output26/X
 output27/X
 output28/X
 output29/X
 output30/X
 output31/X
 output32/X
 output33/X
 output34/X
 output35/X
 wire36/X
Found 0 partially unannotated drivers.

===========================================================================
max slew violation count 0
max fanout violation count 4
max cap violation count 0
============================================================================

===========================================================================
check_setup -verbose -unconstrained_endpoints -multiple_clock -no_clock -no_input_delay -loops -generated_clocks
===========================================================================
checks_report_end
power_report

===========================================================================
 report_power
============================================================================
======================= Typical Corner ===================================

Group                  Internal  Switching    Leakage      Total
                          Power      Power      Power      Power (Watts)
----------------------------------------------------------------
Sequential             3.27e-04   1.18e-04   6.13e-10   4.45e-04  24.4%
Combinational          6.88e-04   6.94e-04   1.51e-09   1.38e-03  75.6%
Macro                  0.00e+00   0.00e+00   0.00e+00   0.00e+00   0.0%
Pad                    0.00e+00   0.00e+00   0.00e+00   0.00e+00   0.0%
----------------------------------------------------------------
Total                  1.01e-03   8.12e-04   2.12e-09   1.83e-03 100.0%
                          55.5%      44.5%       0.0%

power_report_end
skew_report

===========================================================================
report_clock_skew
============================================================================
Clock clk
Latency      CRPR       Skew
_730_/CLK ^
   0.38
_745_/CLK ^
   0.33     -0.02       0.02

skew_report_end
summary_report

===========================================================================
report_tns
============================================================================
tns 0.00

===========================================================================
report_wns
============================================================================
wns 0.00

===========================================================================
report_worst_slack -max (Setup)
============================================================================
worst slack 6.72

===========================================================================
report_worst_slack -min (Hold)
============================================================================
worst slack 0.21
summary_report_end
area_report

===========================================================================
report_design_area
============================================================================
Design area 4293 u^2 42% utilization.
area_report_end
[WARNING] Did not save OpenROAD database!
Writing SDF to '/openlane/designs/booth8_chip/runs/RUN_2026.02.14_13.42.57/results/signoff/booth8_chip.sdf'…
Writing timing model to '/openlane/designs/booth8_chip/runs/RUN_2026.02.14_13.42.57/results/signoff/booth8_chip.lib'…
