OpenSTA 2.4.0 41a51eaf4c Copyright (c) 2021, Parallax Software, Inc.
License GPLv3: GNU GPL version 3 <http://gnu.org/licenses/gpl.html>

This is free software, and you are free to change and redistribute it
under certain conditions; type `show_copying' for details. 
This program comes with ABSOLUTELY NO WARRANTY; for details type `show_warranty'.
define_corners Typical
read_liberty -corner Typical /home/charan/.ciel/sky130A/libs.ref/sky130_fd_sc_hd/lib/sky130_fd_sc_hd__tt_025C_1v80.lib
Using 1e-12 for capacitance...
Using 1e+03 for resistance...
Using 1e-09 for time...
Using 1e+00 for voltage...
Using 1e-03 for current...
Using 1e-09 for power...
Using 1e-06 for distance...
Reading netlist '/openlane/designs/booth8_chip/runs/RUN_2026.02.14_13.42.57/results/synthesis/booth8_chip.v'…
Reading design constraints file at '/openlane/scripts/base.sdc'…
[INFO]: Setting output delay to: 2.0
[INFO]: Setting input delay to: 2.0
[INFO]: Setting load to: 0.033442
[INFO]: Setting clock uncertainty to: 0.25
[INFO]: Setting clock transition to: 0.15
[INFO]: Setting timing derate to: 5.0 %
min_report

===========================================================================
report_checks -path_delay min (Hold)
============================================================================
======================= Typical Corner ===================================

Startpoint: _697_ (rising edge-triggered flip-flop clocked by clk)
Endpoint: _697_ (rising edge-triggered flip-flop clocked by clk)
Path Group: clk
Path Type: min

Fanout     Cap    Slew   Delay    Time   Description
-----------------------------------------------------------------------------
                  0.15    0.00    0.00   clock clk (rise edge)
                          0.00    0.00   clock network delay (ideal)
                  0.15    0.00    0.00 ^ _697_/CLK (sky130_fd_sc_hd__dfrtp_2)
                  0.10    0.40    0.40 ^ _697_/Q (sky130_fd_sc_hd__dfrtp_2)
     4    0.02                           u_core.count[3] (net)
                  0.10    0.00    0.40 ^ _626_/A1 (sky130_fd_sc_hd__o21ai_2)
                  0.02    0.06    0.46 v _626_/Y (sky130_fd_sc_hd__o21ai_2)
     1    0.00                           _058_ (net)
                  0.02    0.00    0.46 v _697_/D (sky130_fd_sc_hd__dfrtp_2)
                                  0.46   data arrival time

                  0.15    0.00    0.00   clock clk (rise edge)
                          0.00    0.00   clock network delay (ideal)
                          0.25    0.25   clock uncertainty
                          0.00    0.25   clock reconvergence pessimism
                                  0.25 ^ _697_/CLK (sky130_fd_sc_hd__dfrtp_2)
                         -0.01    0.24   library hold time
                                  0.24   data required time
-----------------------------------------------------------------------------
                                  0.24   data required time
                                 -0.46   data arrival time
-----------------------------------------------------------------------------
                                  0.22   slack (MET)


Startpoint: _695_ (rising edge-triggered flip-flop clocked by clk)
Endpoint: _695_ (rising edge-triggered flip-flop clocked by clk)
Path Group: clk
Path Type: min

Fanout     Cap    Slew   Delay    Time   Description
-----------------------------------------------------------------------------
                  0.15    0.00    0.00   clock clk (rise edge)
                          0.00    0.00   clock network delay (ideal)
                  0.15    0.00    0.00 ^ _695_/CLK (sky130_fd_sc_hd__dfrtp_2)
                  0.12    0.42    0.42 ^ _695_/Q (sky130_fd_sc_hd__dfrtp_2)
     6    0.02                           u_core.count[1] (net)
                  0.12    0.00    0.42 ^ _631_/A1 (sky130_fd_sc_hd__o21ai_2)
                  0.02    0.06    0.49 v _631_/Y (sky130_fd_sc_hd__o21ai_2)
     1    0.00                           _056_ (net)
                  0.02    0.00    0.49 v _695_/D (sky130_fd_sc_hd__dfrtp_2)
                                  0.49   data arrival time

                  0.15    0.00    0.00   clock clk (rise edge)
                          0.00    0.00   clock network delay (ideal)
                          0.25    0.25   clock uncertainty
                          0.00    0.25   clock reconvergence pessimism
                                  0.25 ^ _695_/CLK (sky130_fd_sc_hd__dfrtp_2)
                         -0.01    0.24   library hold time
                                  0.24   data required time
-----------------------------------------------------------------------------
                                  0.24   data required time
                                 -0.49   data arrival time
-----------------------------------------------------------------------------
                                  0.25   slack (MET)


Startpoint: _724_ (rising edge-triggered flip-flop clocked by clk)
Endpoint: _724_ (rising edge-triggered flip-flop clocked by clk)
Path Group: clk
Path Type: min

Fanout     Cap    Slew   Delay    Time   Description
-----------------------------------------------------------------------------
                  0.15    0.00    0.00   clock clk (rise edge)
                          0.00    0.00   clock network delay (ideal)
                  0.15    0.00    0.00 ^ _724_/CLK (sky130_fd_sc_hd__dfrtp_2)
                  0.06    0.37    0.37 ^ _724_/Q (sky130_fd_sc_hd__dfrtp_2)
     3    0.01                           u_core.Q[7] (net)
                  0.06    0.00    0.37 ^ _574_/A1 (sky130_fd_sc_hd__a221o_2)
                  0.03    0.12    0.49 ^ _574_/X (sky130_fd_sc_hd__a221o_2)
     1    0.00                           _084_ (net)
                  0.03    0.00    0.49 ^ _724_/D (sky130_fd_sc_hd__dfrtp_2)
                                  0.49   data arrival time

                  0.15    0.00    0.00   clock clk (rise edge)
                          0.00    0.00   clock network delay (ideal)
                          0.25    0.25   clock uncertainty
                          0.00    0.25   clock reconvergence pessimism
                                  0.25 ^ _724_/CLK (sky130_fd_sc_hd__dfrtp_2)
                         -0.02    0.23   library hold time
                                  0.23   data required time
-----------------------------------------------------------------------------
                                  0.23   data required time
                                 -0.49   data arrival time
-----------------------------------------------------------------------------
                                  0.26   slack (MET)


Startpoint: _734_ (rising edge-triggered flip-flop clocked by clk)
Endpoint: _734_ (rising edge-triggered flip-flop clocked by clk)
Path Group: clk
Path Type: min

Fanout     Cap    Slew   Delay    Time   Description
-----------------------------------------------------------------------------
                  0.15    0.00    0.00   clock clk (rise edge)
                          0.00    0.00   clock network delay (ideal)
                  0.15    0.00    0.00 ^ _734_/CLK (sky130_fd_sc_hd__dfrtp_2)
                  0.07    0.38    0.38 ^ _734_/Q (sky130_fd_sc_hd__dfrtp_2)
     3    0.01                           u_core.A[1] (net)
                  0.07    0.00    0.38 ^ _548_/A1 (sky130_fd_sc_hd__a22o_2)
                  0.03    0.12    0.50 ^ _548_/X (sky130_fd_sc_hd__a22o_2)
     1    0.00                           _094_ (net)
                  0.03    0.00    0.50 ^ _734_/D (sky130_fd_sc_hd__dfrtp_2)
                                  0.50   data arrival time

                  0.15    0.00    0.00   clock clk (rise edge)
                          0.00    0.00   clock network delay (ideal)
                          0.25    0.25   clock uncertainty
                          0.00    0.25   clock reconvergence pessimism
                                  0.25 ^ _734_/CLK (sky130_fd_sc_hd__dfrtp_2)
                         -0.02    0.23   library hold time
                                  0.23   data required time
-----------------------------------------------------------------------------
                                  0.23   data required time
                                 -0.50   data arrival time
-----------------------------------------------------------------------------
                                  0.27   slack (MET)


Startpoint: _735_ (rising edge-triggered flip-flop clocked by clk)
Endpoint: _735_ (rising edge-triggered flip-flop clocked by clk)
Path Group: clk
Path Type: min

Fanout     Cap    Slew   Delay    Time   Description
-----------------------------------------------------------------------------
                  0.15    0.00    0.00   clock clk (rise edge)
                          0.00    0.00   clock network delay (ideal)
                  0.15    0.00    0.00 ^ _735_/CLK (sky130_fd_sc_hd__dfrtp_2)
                  0.08    0.39    0.39 ^ _735_/Q (sky130_fd_sc_hd__dfrtp_2)
     5    0.01                           u_core.A[2] (net)
                  0.08    0.00    0.39 ^ _544_/A1 (sky130_fd_sc_hd__a21bo_2)
                  0.03    0.11    0.51 ^ _544_/X (sky130_fd_sc_hd__a21bo_2)
     1    0.00                           _095_ (net)
                  0.03    0.00    0.51 ^ _735_/D (sky130_fd_sc_hd__dfrtp_2)
                                  0.51   data arrival time

                  0.15    0.00    0.00   clock clk (rise edge)
                          0.00    0.00   clock network delay (ideal)
                          0.25    0.25   clock uncertainty
                          0.00    0.25   clock reconvergence pessimism
                                  0.25 ^ _735_/CLK (sky130_fd_sc_hd__dfrtp_2)
                         -0.02    0.23   library hold time
                                  0.23   data required time
-----------------------------------------------------------------------------
                                  0.23   data required time
                                 -0.51   data arrival time
-----------------------------------------------------------------------------
                                  0.27   slack (MET)


Startpoint: _694_ (rising edge-triggered flip-flop clocked by clk)
Endpoint: _694_ (rising edge-triggered flip-flop clocked by clk)
Path Group: clk
Path Type: min

Fanout     Cap    Slew   Delay    Time   Description
-----------------------------------------------------------------------------
                  0.15    0.00    0.00   clock clk (rise edge)
                          0.00    0.00   clock network delay (ideal)
                  0.15    0.00    0.00 ^ _694_/CLK (sky130_fd_sc_hd__dfrtp_2)
                  0.08    0.39    0.39 ^ _694_/Q (sky130_fd_sc_hd__dfrtp_2)
     6    0.01                           u_core.count[0] (net)
                  0.08    0.00    0.39 ^ _632_/A1 (sky130_fd_sc_hd__a21bo_2)
                  0.03    0.11    0.51 ^ _632_/X (sky130_fd_sc_hd__a21bo_2)
     1    0.00                           _055_ (net)
                  0.03    0.00    0.51 ^ _694_/D (sky130_fd_sc_hd__dfrtp_2)
                                  0.51   data arrival time

                  0.15    0.00    0.00   clock clk (rise edge)
                          0.00    0.00   clock network delay (ideal)
                          0.25    0.25   clock uncertainty
                          0.00    0.25   clock reconvergence pessimism
                                  0.25 ^ _694_/CLK (sky130_fd_sc_hd__dfrtp_2)
                         -0.02    0.23   library hold time
                                  0.23   data required time
-----------------------------------------------------------------------------
                                  0.23   data required time
                                 -0.51   data arrival time
-----------------------------------------------------------------------------
                                  0.27   slack (MET)


Startpoint: _737_ (rising edge-triggered flip-flop clocked by clk)
Endpoint: _737_ (rising edge-triggered flip-flop clocked by clk)
Path Group: clk
Path Type: min

Fanout     Cap    Slew   Delay    Time   Description
-----------------------------------------------------------------------------
                  0.15    0.00    0.00   clock clk (rise edge)
                          0.00    0.00   clock network delay (ideal)
                  0.15    0.00    0.00 ^ _737_/CLK (sky130_fd_sc_hd__dfrtp_2)
                  0.10    0.40    0.40 ^ _737_/Q (sky130_fd_sc_hd__dfrtp_2)
     5    0.02                           u_core.A[4] (net)
                  0.10    0.00    0.40 ^ _532_/A1 (sky130_fd_sc_hd__a21o_2)
                  0.02    0.11    0.52 ^ _532_/X (sky130_fd_sc_hd__a21o_2)
     1    0.00                           _097_ (net)
                  0.02    0.00    0.52 ^ _737_/D (sky130_fd_sc_hd__dfrtp_2)
                                  0.52   data arrival time

                  0.15    0.00    0.00   clock clk (rise edge)
                          0.00    0.00   clock network delay (ideal)
                          0.25    0.25   clock uncertainty
                          0.00    0.25   clock reconvergence pessimism
                                  0.25 ^ _737_/CLK (sky130_fd_sc_hd__dfrtp_2)
                         -0.02    0.23   library hold time
                                  0.23   data required time
-----------------------------------------------------------------------------
                                  0.23   data required time
                                 -0.52   data arrival time
-----------------------------------------------------------------------------
                                  0.28   slack (MET)


Startpoint: _696_ (rising edge-triggered flip-flop clocked by clk)
Endpoint: _696_ (rising edge-triggered flip-flop clocked by clk)
Path Group: clk
Path Type: min

Fanout     Cap    Slew   Delay    Time   Description
-----------------------------------------------------------------------------
                  0.15    0.00    0.00   clock clk (rise edge)
                          0.00    0.00   clock network delay (ideal)
                  0.15    0.00    0.00 ^ _696_/CLK (sky130_fd_sc_hd__dfrtp_2)
                  0.08    0.39    0.39 ^ _696_/Q (sky130_fd_sc_hd__dfrtp_2)
     4    0.01                           u_core.count[2] (net)
                  0.08    0.00    0.39 ^ _628_/C1 (sky130_fd_sc_hd__o211ai_2)
                  0.05    0.08    0.47 v _628_/Y (sky130_fd_sc_hd__o211ai_2)
     1    0.00                           _339_ (net)
                  0.05    0.00    0.47 v _629_/B (sky130_fd_sc_hd__nand2_2)
                  0.03    0.05    0.52 ^ _629_/Y (sky130_fd_sc_hd__nand2_2)
     1    0.00                           _057_ (net)
                  0.03    0.00    0.52 ^ _696_/D (sky130_fd_sc_hd__dfrtp_2)
                                  0.52   data arrival time

                  0.15    0.00    0.00   clock clk (rise edge)
                          0.00    0.00   clock network delay (ideal)
                          0.25    0.25   clock uncertainty
                          0.00    0.25   clock reconvergence pessimism
                                  0.25 ^ _696_/CLK (sky130_fd_sc_hd__dfrtp_2)
                         -0.02    0.23   library hold time
                                  0.23   data required time
-----------------------------------------------------------------------------
                                  0.23   data required time
                                 -0.52   data arrival time
-----------------------------------------------------------------------------
                                  0.29   slack (MET)


Startpoint: _733_ (rising edge-triggered flip-flop clocked by clk)
Endpoint: _733_ (rising edge-triggered flip-flop clocked by clk)
Path Group: clk
Path Type: min

Fanout     Cap    Slew   Delay    Time   Description
-----------------------------------------------------------------------------
                  0.15    0.00    0.00   clock clk (rise edge)
                          0.00    0.00   clock network delay (ideal)
                  0.15    0.00    0.00 ^ _733_/CLK (sky130_fd_sc_hd__dfrtp_2)
                  0.09    0.39    0.39 ^ _733_/Q (sky130_fd_sc_hd__dfrtp_2)
     5    0.01                           u_core.A[0] (net)
                  0.09    0.00    0.39 ^ _553_/A1 (sky130_fd_sc_hd__a22o_2)
                  0.03    0.13    0.52 ^ _553_/X (sky130_fd_sc_hd__a22o_2)
     1    0.00                           _093_ (net)
                  0.03    0.00    0.52 ^ _733_/D (sky130_fd_sc_hd__dfrtp_2)
                                  0.52   data arrival time

                  0.15    0.00    0.00   clock clk (rise edge)
                          0.00    0.00   clock network delay (ideal)
                          0.25    0.25   clock uncertainty
                          0.00    0.25   clock reconvergence pessimism
                                  0.25 ^ _733_/CLK (sky130_fd_sc_hd__dfrtp_2)
                         -0.02    0.23   library hold time
                                  0.23   data required time
-----------------------------------------------------------------------------
                                  0.23   data required time
                                 -0.52   data arrival time
-----------------------------------------------------------------------------
                                  0.29   slack (MET)


Startpoint: _746_ (rising edge-triggered flip-flop clocked by clk)
Endpoint: _746_ (rising edge-triggered flip-flop clocked by clk)
Path Group: clk
Path Type: min

Fanout     Cap    Slew   Delay    Time   Description
-----------------------------------------------------------------------------
                  0.15    0.00    0.00   clock clk (rise edge)
                          0.00    0.00   clock network delay (ideal)
                  0.15    0.00    0.00 ^ _746_/CLK (sky130_fd_sc_hd__dfrtp_2)
                  0.09    0.40    0.40 ^ _746_/Q (sky130_fd_sc_hd__dfrtp_2)
     2    0.01                           u_core.A[13] (net)
                  0.09    0.00    0.40 ^ _451_/A (sky130_fd_sc_hd__inv_2)
                  0.03    0.05    0.44 v _451_/Y (sky130_fd_sc_hd__inv_2)
     3    0.01                           _212_ (net)
                  0.03    0.00    0.44 v _469_/B2 (sky130_fd_sc_hd__o2bb2ai_2)
                  0.04    0.09    0.53 ^ _469_/Y (sky130_fd_sc_hd__o2bb2ai_2)
     1    0.00                           _106_ (net)
                  0.04    0.00    0.53 ^ _746_/D (sky130_fd_sc_hd__dfrtp_2)
                                  0.53   data arrival time

                  0.15    0.00    0.00   clock clk (rise edge)
                          0.00    0.00   clock network delay (ideal)
                          0.25    0.25   clock uncertainty
                          0.00    0.25   clock reconvergence pessimism
                                  0.25 ^ _746_/CLK (sky130_fd_sc_hd__dfrtp_2)
                         -0.02    0.23   library hold time
                                  0.23   data required time
-----------------------------------------------------------------------------
                                  0.23   data required time
                                 -0.53   data arrival time
-----------------------------------------------------------------------------
                                  0.30   slack (MET)


Startpoint: _739_ (rising edge-triggered flip-flop clocked by clk)
Endpoint: _739_ (rising edge-triggered flip-flop clocked by clk)
Path Group: clk
Path Type: min

Fanout     Cap    Slew   Delay    Time   Description
-----------------------------------------------------------------------------
                  0.15    0.00    0.00   clock clk (rise edge)
                          0.00    0.00   clock network delay (ideal)
                  0.15    0.00    0.00 ^ _739_/CLK (sky130_fd_sc_hd__dfrtp_2)
                  0.10    0.40    0.40 ^ _739_/Q (sky130_fd_sc_hd__dfrtp_2)
     5    0.02                           u_core.A[6] (net)
                  0.10    0.00    0.40 ^ _522_/A1 (sky130_fd_sc_hd__a22o_2)
                  0.03    0.13    0.53 ^ _522_/X (sky130_fd_sc_hd__a22o_2)
     1    0.00                           _099_ (net)
                  0.03    0.00    0.53 ^ _739_/D (sky130_fd_sc_hd__dfrtp_2)
                                  0.53   data arrival time

                  0.15    0.00    0.00   clock clk (rise edge)
                          0.00    0.00   clock network delay (ideal)
                          0.25    0.25   clock uncertainty
                          0.00    0.25   clock reconvergence pessimism
                                  0.25 ^ _739_/CLK (sky130_fd_sc_hd__dfrtp_2)
                         -0.02    0.23   library hold time
                                  0.23   data required time
-----------------------------------------------------------------------------
                                  0.23   data required time
                                 -0.53   data arrival time
-----------------------------------------------------------------------------
                                  0.30   slack (MET)


Startpoint: _744_ (rising edge-triggered flip-flop clocked by clk)
Endpoint: _744_ (rising edge-triggered flip-flop clocked by clk)
Path Group: clk
Path Type: min

Fanout     Cap    Slew   Delay    Time   Description
-----------------------------------------------------------------------------
                  0.15    0.00    0.00   clock clk (rise edge)
                          0.00    0.00   clock network delay (ideal)
                  0.15    0.00    0.00 ^ _744_/CLK (sky130_fd_sc_hd__dfrtp_2)
                  0.10    0.41    0.41 ^ _744_/Q (sky130_fd_sc_hd__dfrtp_2)
     4    0.02                           u_core.A[11] (net)
                  0.10    0.00    0.41 ^ _488_/A1 (sky130_fd_sc_hd__a22o_2)
                  0.03    0.13    0.54 ^ _488_/X (sky130_fd_sc_hd__a22o_2)
     1    0.00                           _104_ (net)
                  0.03    0.00    0.54 ^ _744_/D (sky130_fd_sc_hd__dfrtp_2)
                                  0.54   data arrival time

                  0.15    0.00    0.00   clock clk (rise edge)
                          0.00    0.00   clock network delay (ideal)
                          0.25    0.25   clock uncertainty
                          0.00    0.25   clock reconvergence pessimism
                                  0.25 ^ _744_/CLK (sky130_fd_sc_hd__dfrtp_2)
                         -0.02    0.23   library hold time
                                  0.23   data required time
-----------------------------------------------------------------------------
                                  0.23   data required time
                                 -0.54   data arrival time
-----------------------------------------------------------------------------
                                  0.31   slack (MET)


Startpoint: _741_ (rising edge-triggered flip-flop clocked by clk)
Endpoint: _741_ (rising edge-triggered flip-flop clocked by clk)
Path Group: clk
Path Type: min

Fanout     Cap    Slew   Delay    Time   Description
-----------------------------------------------------------------------------
                  0.15    0.00    0.00   clock clk (rise edge)
                          0.00    0.00   clock network delay (ideal)
                  0.15    0.00    0.00 ^ _741_/CLK (sky130_fd_sc_hd__dfrtp_2)
                  0.14    0.43    0.43 ^ _741_/Q (sky130_fd_sc_hd__dfrtp_2)
     6    0.03                           u_core.A[8] (net)
                  0.14    0.00    0.43 ^ _510_/A1_N (sky130_fd_sc_hd__o2bb2ai_2)
                  0.04    0.11    0.54 ^ _510_/Y (sky130_fd_sc_hd__o2bb2ai_2)
     1    0.00                           _101_ (net)
                  0.04    0.00    0.54 ^ _741_/D (sky130_fd_sc_hd__dfrtp_2)
                                  0.54   data arrival time

                  0.15    0.00    0.00   clock clk (rise edge)
                          0.00    0.00   clock network delay (ideal)
                          0.25    0.25   clock uncertainty
                          0.00    0.25   clock reconvergence pessimism
                                  0.25 ^ _741_/CLK (sky130_fd_sc_hd__dfrtp_2)
                         -0.02    0.23   library hold time
                                  0.23   data required time
-----------------------------------------------------------------------------
                                  0.23   data required time
                                 -0.54   data arrival time
-----------------------------------------------------------------------------
                                  0.31   slack (MET)


Startpoint: _736_ (rising edge-triggered flip-flop clocked by clk)
Endpoint: _736_ (rising edge-triggered flip-flop clocked by clk)
Path Group: clk
Path Type: min

Fanout     Cap    Slew   Delay    Time   Description
-----------------------------------------------------------------------------
                  0.15    0.00    0.00   clock clk (rise edge)
                          0.00    0.00   clock network delay (ideal)
                  0.15    0.00    0.00 ^ _736_/CLK (sky130_fd_sc_hd__dfrtp_2)
                  0.11    0.41    0.41 ^ _736_/Q (sky130_fd_sc_hd__dfrtp_2)
     5    0.02                           u_core.A[3] (net)
                  0.11    0.00    0.41 ^ _537_/A1 (sky130_fd_sc_hd__a22o_2)
                  0.03    0.14    0.55 ^ _537_/X (sky130_fd_sc_hd__a22o_2)
     1    0.00                           _096_ (net)
                  0.03    0.00    0.55 ^ _736_/D (sky130_fd_sc_hd__dfrtp_2)
                                  0.55   data arrival time

                  0.15    0.00    0.00   clock clk (rise edge)
                          0.00    0.00   clock network delay (ideal)
                          0.25    0.25   clock uncertainty
                          0.00    0.25   clock reconvergence pessimism
                                  0.25 ^ _736_/CLK (sky130_fd_sc_hd__dfrtp_2)
                         -0.02    0.23   library hold time
                                  0.23   data required time
-----------------------------------------------------------------------------
                                  0.23   data required time
                                 -0.55   data arrival time
-----------------------------------------------------------------------------
                                  0.32   slack (MET)


Startpoint: _738_ (rising edge-triggered flip-flop clocked by clk)
Endpoint: _738_ (rising edge-triggered flip-flop clocked by clk)
Path Group: clk
Path Type: min

Fanout     Cap    Slew   Delay    Time   Description
-----------------------------------------------------------------------------
                  0.15    0.00    0.00   clock clk (rise edge)
                          0.00    0.00   clock network delay (ideal)
                  0.15    0.00    0.00 ^ _738_/CLK (sky130_fd_sc_hd__dfrtp_2)
                  0.11    0.41    0.41 ^ _738_/Q (sky130_fd_sc_hd__dfrtp_2)
     5    0.02                           u_core.A[5] (net)
                  0.11    0.00    0.41 ^ _527_/A1 (sky130_fd_sc_hd__a22o_2)
                  0.03    0.14    0.55 ^ _527_/X (sky130_fd_sc_hd__a22o_2)
     1    0.00                           _098_ (net)
                  0.03    0.00    0.55 ^ _738_/D (sky130_fd_sc_hd__dfrtp_2)
                                  0.55   data arrival time

                  0.15    0.00    0.00   clock clk (rise edge)
                          0.00    0.00   clock network delay (ideal)
                          0.25    0.25   clock uncertainty
                          0.00    0.25   clock reconvergence pessimism
                                  0.25 ^ _738_/CLK (sky130_fd_sc_hd__dfrtp_2)
                         -0.02    0.23   library hold time
                                  0.23   data required time
-----------------------------------------------------------------------------
                                  0.23   data required time
                                 -0.55   data arrival time
-----------------------------------------------------------------------------
                                  0.32   slack (MET)


Startpoint: _718_ (rising edge-triggered flip-flop clocked by clk)
Endpoint: _718_ (rising edge-triggered flip-flop clocked by clk)
Path Group: clk
Path Type: min

Fanout     Cap    Slew   Delay    Time   Description
-----------------------------------------------------------------------------
                  0.15    0.00    0.00   clock clk (rise edge)
                          0.00    0.00   clock network delay (ideal)
                  0.15    0.00    0.00 ^ _718_/CLK (sky130_fd_sc_hd__dfrtp_2)
                  0.06    0.37    0.37 ^ _718_/Q (sky130_fd_sc_hd__dfrtp_2)
     3    0.01                           u_core.Q[1] (net)
                  0.06    0.00    0.37 ^ _585_/B2 (sky130_fd_sc_hd__a22o_2)
                  0.03    0.11    0.48 ^ _585_/X (sky130_fd_sc_hd__a22o_2)
     1    0.00                           _317_ (net)
                  0.03    0.00    0.48 ^ _586_/B1 (sky130_fd_sc_hd__a31o_2)
                  0.03    0.08    0.56 ^ _586_/X (sky130_fd_sc_hd__a31o_2)
     1    0.00                           _078_ (net)
                  0.03    0.00    0.56 ^ _718_/D (sky130_fd_sc_hd__dfrtp_2)
                                  0.56   data arrival time

                  0.15    0.00    0.00   clock clk (rise edge)
                          0.00    0.00   clock network delay (ideal)
                          0.25    0.25   clock uncertainty
                          0.00    0.25   clock reconvergence pessimism
                                  0.25 ^ _718_/CLK (sky130_fd_sc_hd__dfrtp_2)
                         -0.02    0.23   library hold time
                                  0.23   data required time
-----------------------------------------------------------------------------
                                  0.23   data required time
                                 -0.56   data arrival time
-----------------------------------------------------------------------------
                                  0.33   slack (MET)


Startpoint: _719_ (rising edge-triggered flip-flop clocked by clk)
Endpoint: _719_ (rising edge-triggered flip-flop clocked by clk)
Path Group: clk
Path Type: min

Fanout     Cap    Slew   Delay    Time   Description
-----------------------------------------------------------------------------
                  0.15    0.00    0.00   clock clk (rise edge)
                          0.00    0.00   clock network delay (ideal)
                  0.15    0.00    0.00 ^ _719_/CLK (sky130_fd_sc_hd__dfrtp_2)
                  0.06    0.37    0.37 ^ _719_/Q (sky130_fd_sc_hd__dfrtp_2)
     3    0.01                           u_core.Q[2] (net)
                  0.06    0.00    0.37 ^ _583_/B2 (sky130_fd_sc_hd__a22o_2)
                  0.03    0.11    0.48 ^ _583_/X (sky130_fd_sc_hd__a22o_2)
     1    0.00                           _316_ (net)
                  0.03    0.00    0.48 ^ _584_/B1 (sky130_fd_sc_hd__a31o_2)
                  0.03    0.08    0.56 ^ _584_/X (sky130_fd_sc_hd__a31o_2)
     1    0.00                           _079_ (net)
                  0.03    0.00    0.56 ^ _719_/D (sky130_fd_sc_hd__dfrtp_2)
                                  0.56   data arrival time

                  0.15    0.00    0.00   clock clk (rise edge)
                          0.00    0.00   clock network delay (ideal)
                          0.25    0.25   clock uncertainty
                          0.00    0.25   clock reconvergence pessimism
                                  0.25 ^ _719_/CLK (sky130_fd_sc_hd__dfrtp_2)
                         -0.02    0.23   library hold time
                                  0.23   data required time
-----------------------------------------------------------------------------
                                  0.23   data required time
                                 -0.56   data arrival time
-----------------------------------------------------------------------------
                                  0.33   slack (MET)


Startpoint: _720_ (rising edge-triggered flip-flop clocked by clk)
Endpoint: _720_ (rising edge-triggered flip-flop clocked by clk)
Path Group: clk
Path Type: min

Fanout     Cap    Slew   Delay    Time   Description
-----------------------------------------------------------------------------
                  0.15    0.00    0.00   clock clk (rise edge)
                          0.00    0.00   clock network delay (ideal)
                  0.15    0.00    0.00 ^ _720_/CLK (sky130_fd_sc_hd__dfrtp_2)
                  0.06    0.37    0.37 ^ _720_/Q (sky130_fd_sc_hd__dfrtp_2)
     3    0.01                           u_core.Q[3] (net)
                  0.06    0.00    0.37 ^ _581_/B2 (sky130_fd_sc_hd__a22o_2)
                  0.03    0.11    0.48 ^ _581_/X (sky130_fd_sc_hd__a22o_2)
     1    0.00                           _315_ (net)
                  0.03    0.00    0.48 ^ _582_/B1 (sky130_fd_sc_hd__a31o_2)
                  0.03    0.08    0.56 ^ _582_/X (sky130_fd_sc_hd__a31o_2)
     1    0.00                           _080_ (net)
                  0.03    0.00    0.56 ^ _720_/D (sky130_fd_sc_hd__dfrtp_2)
                                  0.56   data arrival time

                  0.15    0.00    0.00   clock clk (rise edge)
                          0.00    0.00   clock network delay (ideal)
                          0.25    0.25   clock uncertainty
                          0.00    0.25   clock reconvergence pessimism
                                  0.25 ^ _720_/CLK (sky130_fd_sc_hd__dfrtp_2)
                         -0.02    0.23   library hold time
                                  0.23   data required time
-----------------------------------------------------------------------------
                                  0.23   data required time
                                 -0.56   data arrival time
-----------------------------------------------------------------------------
                                  0.33   slack (MET)


Startpoint: _721_ (rising edge-triggered flip-flop clocked by clk)
Endpoint: _721_ (rising edge-triggered flip-flop clocked by clk)
Path Group: clk
Path Type: min

Fanout     Cap    Slew   Delay    Time   Description
-----------------------------------------------------------------------------
                  0.15    0.00    0.00   clock clk (rise edge)
                          0.00    0.00   clock network delay (ideal)
                  0.15    0.00    0.00 ^ _721_/CLK (sky130_fd_sc_hd__dfrtp_2)
                  0.06    0.37    0.37 ^ _721_/Q (sky130_fd_sc_hd__dfrtp_2)
     3    0.01                           u_core.Q[4] (net)
                  0.06    0.00    0.37 ^ _579_/B2 (sky130_fd_sc_hd__a22o_2)
                  0.03    0.11    0.48 ^ _579_/X (sky130_fd_sc_hd__a22o_2)
     1    0.00                           _314_ (net)
                  0.03    0.00    0.48 ^ _580_/B1 (sky130_fd_sc_hd__a31o_2)
                  0.03    0.08    0.56 ^ _580_/X (sky130_fd_sc_hd__a31o_2)
     1    0.00                           _081_ (net)
                  0.03    0.00    0.56 ^ _721_/D (sky130_fd_sc_hd__dfrtp_2)
                                  0.56   data arrival time

                  0.15    0.00    0.00   clock clk (rise edge)
                          0.00    0.00   clock network delay (ideal)
                          0.25    0.25   clock uncertainty
                          0.00    0.25   clock reconvergence pessimism
                                  0.25 ^ _721_/CLK (sky130_fd_sc_hd__dfrtp_2)
                         -0.02    0.23   library hold time
                                  0.23   data required time
-----------------------------------------------------------------------------
                                  0.23   data required time
                                 -0.56   data arrival time
-----------------------------------------------------------------------------
                                  0.33   slack (MET)


Startpoint: _722_ (rising edge-triggered flip-flop clocked by clk)
Endpoint: _722_ (rising edge-triggered flip-flop clocked by clk)
Path Group: clk
Path Type: min

Fanout     Cap    Slew   Delay    Time   Description
-----------------------------------------------------------------------------
                  0.15    0.00    0.00   clock clk (rise edge)
                          0.00    0.00   clock network delay (ideal)
                  0.15    0.00    0.00 ^ _722_/CLK (sky130_fd_sc_hd__dfrtp_2)
                  0.06    0.37    0.37 ^ _722_/Q (sky130_fd_sc_hd__dfrtp_2)
     3    0.01                           u_core.Q[5] (net)
                  0.06    0.00    0.37 ^ _577_/B2 (sky130_fd_sc_hd__a22o_2)
                  0.03    0.11    0.48 ^ _577_/X (sky130_fd_sc_hd__a22o_2)
     1    0.00                           _313_ (net)
                  0.03    0.00    0.48 ^ _578_/B1 (sky130_fd_sc_hd__a31o_2)
                  0.03    0.08    0.56 ^ _578_/X (sky130_fd_sc_hd__a31o_2)
     1    0.00                           _082_ (net)
                  0.03    0.00    0.56 ^ _722_/D (sky130_fd_sc_hd__dfrtp_2)
                                  0.56   data arrival time

                  0.15    0.00    0.00   clock clk (rise edge)
                          0.00    0.00   clock network delay (ideal)
                          0.25    0.25   clock uncertainty
                          0.00    0.25   clock reconvergence pessimism
                                  0.25 ^ _722_/CLK (sky130_fd_sc_hd__dfrtp_2)
                         -0.02    0.23   library hold time
                                  0.23   data required time
-----------------------------------------------------------------------------
                                  0.23   data required time
                                 -0.56   data arrival time
-----------------------------------------------------------------------------
                                  0.33   slack (MET)


Startpoint: _723_ (rising edge-triggered flip-flop clocked by clk)
Endpoint: _723_ (rising edge-triggered flip-flop clocked by clk)
Path Group: clk
Path Type: min

Fanout     Cap    Slew   Delay    Time   Description
-----------------------------------------------------------------------------
                  0.15    0.00    0.00   clock clk (rise edge)
                          0.00    0.00   clock network delay (ideal)
                  0.15    0.00    0.00 ^ _723_/CLK (sky130_fd_sc_hd__dfrtp_2)
                  0.06    0.37    0.37 ^ _723_/Q (sky130_fd_sc_hd__dfrtp_2)
     3    0.01                           u_core.Q[6] (net)
                  0.06    0.00    0.37 ^ _575_/B2 (sky130_fd_sc_hd__a22o_2)
                  0.03    0.11    0.48 ^ _575_/X (sky130_fd_sc_hd__a22o_2)
     1    0.00                           _312_ (net)
                  0.03    0.00    0.48 ^ _576_/B1 (sky130_fd_sc_hd__a31o_2)
                  0.03    0.08    0.56 ^ _576_/X (sky130_fd_sc_hd__a31o_2)
     1    0.00                           _083_ (net)
                  0.03    0.00    0.56 ^ _723_/D (sky130_fd_sc_hd__dfrtp_2)
                                  0.56   data arrival time

                  0.15    0.00    0.00   clock clk (rise edge)
                          0.00    0.00   clock network delay (ideal)
                          0.25    0.25   clock uncertainty
                          0.00    0.25   clock reconvergence pessimism
                                  0.25 ^ _723_/CLK (sky130_fd_sc_hd__dfrtp_2)
                         -0.02    0.23   library hold time
                                  0.23   data required time
-----------------------------------------------------------------------------
                                  0.23   data required time
                                 -0.56   data arrival time
-----------------------------------------------------------------------------
                                  0.33   slack (MET)


Startpoint: _742_ (rising edge-triggered flip-flop clocked by clk)
Endpoint: _742_ (rising edge-triggered flip-flop clocked by clk)
Path Group: clk
Path Type: min

Fanout     Cap    Slew   Delay    Time   Description
-----------------------------------------------------------------------------
                  0.15    0.00    0.00   clock clk (rise edge)
                          0.00    0.00   clock network delay (ideal)
                  0.15    0.00    0.00 ^ _742_/CLK (sky130_fd_sc_hd__dfrtp_2)
                  0.12    0.42    0.42 ^ _742_/Q (sky130_fd_sc_hd__dfrtp_2)
     5    0.02                           u_core.A[9] (net)
                  0.12    0.00    0.42 ^ _503_/A1 (sky130_fd_sc_hd__a22o_2)
                  0.03    0.14    0.56 ^ _503_/X (sky130_fd_sc_hd__a22o_2)
     1    0.00                           _102_ (net)
                  0.03    0.00    0.56 ^ _742_/D (sky130_fd_sc_hd__dfrtp_2)
                                  0.56   data arrival time

                  0.15    0.00    0.00   clock clk (rise edge)
                          0.00    0.00   clock network delay (ideal)
                          0.25    0.25   clock uncertainty
                          0.00    0.25   clock reconvergence pessimism
                                  0.25 ^ _742_/CLK (sky130_fd_sc_hd__dfrtp_2)
                         -0.02    0.23   library hold time
                                  0.23   data required time
-----------------------------------------------------------------------------
                                  0.23   data required time
                                 -0.56   data arrival time
-----------------------------------------------------------------------------
                                  0.33   slack (MET)


Startpoint: _740_ (rising edge-triggered flip-flop clocked by clk)
Endpoint: _740_ (rising edge-triggered flip-flop clocked by clk)
Path Group: clk
Path Type: min

Fanout     Cap    Slew   Delay    Time   Description
-----------------------------------------------------------------------------
                  0.15    0.00    0.00   clock clk (rise edge)
                          0.00    0.00   clock network delay (ideal)
                  0.15    0.00    0.00 ^ _740_/CLK (sky130_fd_sc_hd__dfrtp_2)
                  0.11    0.41    0.41 ^ _740_/Q (sky130_fd_sc_hd__dfrtp_2)
     6    0.02                           u_core.A[7] (net)
                  0.11    0.00    0.41 ^ _514_/B2 (sky130_fd_sc_hd__a2bb2o_2)
                  0.03    0.15    0.56 ^ _514_/X (sky130_fd_sc_hd__a2bb2o_2)
     1    0.00                           _100_ (net)
                  0.03    0.00    0.56 ^ _740_/D (sky130_fd_sc_hd__dfrtp_2)
                                  0.56   data arrival time

                  0.15    0.00    0.00   clock clk (rise edge)
                          0.00    0.00   clock network delay (ideal)
                          0.25    0.25   clock uncertainty
                          0.00    0.25   clock reconvergence pessimism
                                  0.25 ^ _740_/CLK (sky130_fd_sc_hd__dfrtp_2)
                         -0.02    0.23   library hold time
                                  0.23   data required time
-----------------------------------------------------------------------------
                                  0.23   data required time
                                 -0.56   data arrival time
-----------------------------------------------------------------------------
                                  0.33   slack (MET)


Startpoint: _724_ (rising edge-triggered flip-flop clocked by clk)
Endpoint: _707_ (rising edge-triggered flip-flop clocked by clk)
Path Group: clk
Path Type: min

Fanout     Cap    Slew   Delay    Time   Description
-----------------------------------------------------------------------------
                  0.15    0.00    0.00   clock clk (rise edge)
                          0.00    0.00   clock network delay (ideal)
                  0.15    0.00    0.00 ^ _724_/CLK (sky130_fd_sc_hd__dfrtp_2)
                  0.06    0.37    0.37 ^ _724_/Q (sky130_fd_sc_hd__dfrtp_2)
     3    0.01                           u_core.Q[7] (net)
                  0.06    0.00    0.37 ^ _608_/A0 (sky130_fd_sc_hd__mux2_2)
                  0.03    0.13    0.49 ^ _608_/X (sky130_fd_sc_hd__mux2_2)
     1    0.00                           _329_ (net)
                  0.03    0.00    0.49 ^ _609_/A (sky130_fd_sc_hd__buf_1)
                  0.04    0.07    0.56 ^ _609_/X (sky130_fd_sc_hd__buf_1)
     1    0.00                           _067_ (net)
                  0.04    0.00    0.56 ^ _707_/D (sky130_fd_sc_hd__dfrtp_2)
                                  0.56   data arrival time

                  0.15    0.00    0.00   clock clk (rise edge)
                          0.00    0.00   clock network delay (ideal)
                          0.25    0.25   clock uncertainty
                          0.00    0.25   clock reconvergence pessimism
                                  0.25 ^ _707_/CLK (sky130_fd_sc_hd__dfrtp_2)
                         -0.02    0.23   library hold time
                                  0.23   data required time
-----------------------------------------------------------------------------
                                  0.23   data required time
                                 -0.56   data arrival time
-----------------------------------------------------------------------------
                                  0.33   slack (MET)


Startpoint: _718_ (rising edge-triggered flip-flop clocked by clk)
Endpoint: _701_ (rising edge-triggered flip-flop clocked by clk)
Path Group: clk
Path Type: min

Fanout     Cap    Slew   Delay    Time   Description
-----------------------------------------------------------------------------
                  0.15    0.00    0.00   clock clk (rise edge)
                          0.00    0.00   clock network delay (ideal)
                  0.15    0.00    0.00 ^ _718_/CLK (sky130_fd_sc_hd__dfrtp_2)
                  0.06    0.37    0.37 ^ _718_/Q (sky130_fd_sc_hd__dfrtp_2)
     3    0.01                           u_core.Q[1] (net)
                  0.06    0.00    0.37 ^ _620_/A0 (sky130_fd_sc_hd__mux2_2)
                  0.03    0.13    0.50 ^ _620_/X (sky130_fd_sc_hd__mux2_2)
     1    0.00                           _335_ (net)
                  0.03    0.00    0.50 ^ _621_/A (sky130_fd_sc_hd__buf_1)
                  0.04    0.07    0.56 ^ _621_/X (sky130_fd_sc_hd__buf_1)
     1    0.00                           _061_ (net)
                  0.04    0.00    0.56 ^ _701_/D (sky130_fd_sc_hd__dfrtp_2)
                                  0.56   data arrival time

                  0.15    0.00    0.00   clock clk (rise edge)
                          0.00    0.00   clock network delay (ideal)
                          0.25    0.25   clock uncertainty
                          0.00    0.25   clock reconvergence pessimism
                                  0.25 ^ _701_/CLK (sky130_fd_sc_hd__dfrtp_2)
                         -0.02    0.23   library hold time
                                  0.23   data required time
-----------------------------------------------------------------------------
                                  0.23   data required time
                                 -0.56   data arrival time
-----------------------------------------------------------------------------
                                  0.33   slack (MET)


Startpoint: _719_ (rising edge-triggered flip-flop clocked by clk)
Endpoint: _702_ (rising edge-triggered flip-flop clocked by clk)
Path Group: clk
Path Type: min

Fanout     Cap    Slew   Delay    Time   Description
-----------------------------------------------------------------------------
                  0.15    0.00    0.00   clock clk (rise edge)
                          0.00    0.00   clock network delay (ideal)
                  0.15    0.00    0.00 ^ _719_/CLK (sky130_fd_sc_hd__dfrtp_2)
                  0.06    0.37    0.37 ^ _719_/Q (sky130_fd_sc_hd__dfrtp_2)
     3    0.01                           u_core.Q[2] (net)
                  0.06    0.00    0.37 ^ _618_/A0 (sky130_fd_sc_hd__mux2_2)
                  0.03    0.13    0.50 ^ _618_/X (sky130_fd_sc_hd__mux2_2)
     1    0.00                           _334_ (net)
                  0.03    0.00    0.50 ^ _619_/A (sky130_fd_sc_hd__buf_1)
                  0.04    0.07    0.56 ^ _619_/X (sky130_fd_sc_hd__buf_1)
     1    0.00                           _062_ (net)
                  0.04    0.00    0.56 ^ _702_/D (sky130_fd_sc_hd__dfrtp_2)
                                  0.56   data arrival time

                  0.15    0.00    0.00   clock clk (rise edge)
                          0.00    0.00   clock network delay (ideal)
                          0.25    0.25   clock uncertainty
                          0.00    0.25   clock reconvergence pessimism
                                  0.25 ^ _702_/CLK (sky130_fd_sc_hd__dfrtp_2)
                         -0.02    0.23   library hold time
                                  0.23   data required time
-----------------------------------------------------------------------------
                                  0.23   data required time
                                 -0.56   data arrival time
-----------------------------------------------------------------------------
                                  0.33   slack (MET)


Startpoint: _720_ (rising edge-triggered flip-flop clocked by clk)
Endpoint: _703_ (rising edge-triggered flip-flop clocked by clk)
Path Group: clk
Path Type: min

Fanout     Cap    Slew   Delay    Time   Description
-----------------------------------------------------------------------------
                  0.15    0.00    0.00   clock clk (rise edge)
                          0.00    0.00   clock network delay (ideal)
                  0.15    0.00    0.00 ^ _720_/CLK (sky130_fd_sc_hd__dfrtp_2)
                  0.06    0.37    0.37 ^ _720_/Q (sky130_fd_sc_hd__dfrtp_2)
     3    0.01                           u_core.Q[3] (net)
                  0.06    0.00    0.37 ^ _616_/A0 (sky130_fd_sc_hd__mux2_2)
                  0.03    0.13    0.50 ^ _616_/X (sky130_fd_sc_hd__mux2_2)
     1    0.00                           _333_ (net)
                  0.03    0.00    0.50 ^ _617_/A (sky130_fd_sc_hd__buf_1)
                  0.04    0.07    0.56 ^ _617_/X (sky130_fd_sc_hd__buf_1)
     1    0.00                           _063_ (net)
                  0.04    0.00    0.56 ^ _703_/D (sky130_fd_sc_hd__dfrtp_2)
                                  0.56   data arrival time

                  0.15    0.00    0.00   clock clk (rise edge)
                          0.00    0.00   clock network delay (ideal)
                          0.25    0.25   clock uncertainty
                          0.00    0.25   clock reconvergence pessimism
                                  0.25 ^ _703_/CLK (sky130_fd_sc_hd__dfrtp_2)
                         -0.02    0.23   library hold time
                                  0.23   data required time
-----------------------------------------------------------------------------
                                  0.23   data required time
                                 -0.56   data arrival time
-----------------------------------------------------------------------------
                                  0.33   slack (MET)


Startpoint: _721_ (rising edge-triggered flip-flop clocked by clk)
Endpoint: _704_ (rising edge-triggered flip-flop clocked by clk)
Path Group: clk
Path Type: min

Fanout     Cap    Slew   Delay    Time   Description
-----------------------------------------------------------------------------
                  0.15    0.00    0.00   clock clk (rise edge)
                          0.00    0.00   clock network delay (ideal)
                  0.15    0.00    0.00 ^ _721_/CLK (sky130_fd_sc_hd__dfrtp_2)
                  0.06    0.37    0.37 ^ _721_/Q (sky130_fd_sc_hd__dfrtp_2)
     3    0.01                           u_core.Q[4] (net)
                  0.06    0.00    0.37 ^ _614_/A0 (sky130_fd_sc_hd__mux2_2)
                  0.03    0.13    0.50 ^ _614_/X (sky130_fd_sc_hd__mux2_2)
     1    0.00                           _332_ (net)
                  0.03    0.00    0.50 ^ _615_/A (sky130_fd_sc_hd__buf_1)
                  0.04    0.07    0.56 ^ _615_/X (sky130_fd_sc_hd__buf_1)
     1    0.00                           _064_ (net)
                  0.04    0.00    0.56 ^ _704_/D (sky130_fd_sc_hd__dfrtp_2)
                                  0.56   data arrival time

                  0.15    0.00    0.00   clock clk (rise edge)
                          0.00    0.00   clock network delay (ideal)
                          0.25    0.25   clock uncertainty
                          0.00    0.25   clock reconvergence pessimism
                                  0.25 ^ _704_/CLK (sky130_fd_sc_hd__dfrtp_2)
                         -0.02    0.23   library hold time
                                  0.23   data required time
-----------------------------------------------------------------------------
                                  0.23   data required time
                                 -0.56   data arrival time
-----------------------------------------------------------------------------
                                  0.33   slack (MET)


Startpoint: _722_ (rising edge-triggered flip-flop clocked by clk)
Endpoint: _705_ (rising edge-triggered flip-flop clocked by clk)
Path Group: clk
Path Type: min

Fanout     Cap    Slew   Delay    Time   Description
-----------------------------------------------------------------------------
                  0.15    0.00    0.00   clock clk (rise edge)
                          0.00    0.00   clock network delay (ideal)
                  0.15    0.00    0.00 ^ _722_/CLK (sky130_fd_sc_hd__dfrtp_2)
                  0.06    0.37    0.37 ^ _722_/Q (sky130_fd_sc_hd__dfrtp_2)
     3    0.01                           u_core.Q[5] (net)
                  0.06    0.00    0.37 ^ _612_/A0 (sky130_fd_sc_hd__mux2_2)
                  0.03    0.13    0.50 ^ _612_/X (sky130_fd_sc_hd__mux2_2)
     1    0.00                           _331_ (net)
                  0.03    0.00    0.50 ^ _613_/A (sky130_fd_sc_hd__buf_1)
                  0.04    0.07    0.56 ^ _613_/X (sky130_fd_sc_hd__buf_1)
     1    0.00                           _065_ (net)
                  0.04    0.00    0.56 ^ _705_/D (sky130_fd_sc_hd__dfrtp_2)
                                  0.56   data arrival time

                  0.15    0.00    0.00   clock clk (rise edge)
                          0.00    0.00   clock network delay (ideal)
                          0.25    0.25   clock uncertainty
                          0.00    0.25   clock reconvergence pessimism
                                  0.25 ^ _705_/CLK (sky130_fd_sc_hd__dfrtp_2)
                         -0.02    0.23   library hold time
                                  0.23   data required time
-----------------------------------------------------------------------------
                                  0.23   data required time
                                 -0.56   data arrival time
-----------------------------------------------------------------------------
                                  0.33   slack (MET)


Startpoint: _723_ (rising edge-triggered flip-flop clocked by clk)
Endpoint: _706_ (rising edge-triggered flip-flop clocked by clk)
Path Group: clk
Path Type: min

Fanout     Cap    Slew   Delay    Time   Description
-----------------------------------------------------------------------------
                  0.15    0.00    0.00   clock clk (rise edge)
                          0.00    0.00   clock network delay (ideal)
                  0.15    0.00    0.00 ^ _723_/CLK (sky130_fd_sc_hd__dfrtp_2)
                  0.06    0.37    0.37 ^ _723_/Q (sky130_fd_sc_hd__dfrtp_2)
     3    0.01                           u_core.Q[6] (net)
                  0.06    0.00    0.37 ^ _610_/A0 (sky130_fd_sc_hd__mux2_2)
                  0.03    0.13    0.50 ^ _610_/X (sky130_fd_sc_hd__mux2_2)
     1    0.00                           _330_ (net)
                  0.03    0.00    0.50 ^ _611_/A (sky130_fd_sc_hd__buf_1)
                  0.04    0.07    0.56 ^ _611_/X (sky130_fd_sc_hd__buf_1)
     1    0.00                           _066_ (net)
                  0.04    0.00    0.56 ^ _706_/D (sky130_fd_sc_hd__dfrtp_2)
                                  0.56   data arrival time

                  0.15    0.00    0.00   clock clk (rise edge)
                          0.00    0.00   clock network delay (ideal)
                          0.25    0.25   clock uncertainty
                          0.00    0.25   clock reconvergence pessimism
                                  0.25 ^ _706_/CLK (sky130_fd_sc_hd__dfrtp_2)
                         -0.02    0.23   library hold time
                                  0.23   data required time
-----------------------------------------------------------------------------
                                  0.23   data required time
                                 -0.56   data arrival time
-----------------------------------------------------------------------------
                                  0.33   slack (MET)


Startpoint: _718_ (rising edge-triggered flip-flop clocked by clk)
Endpoint: _717_ (rising edge-triggered flip-flop clocked by clk)
Path Group: clk
Path Type: min

Fanout     Cap    Slew   Delay    Time   Description
-----------------------------------------------------------------------------
                  0.15    0.00    0.00   clock clk (rise edge)
                          0.00    0.00   clock network delay (ideal)
                  0.15    0.00    0.00 ^ _718_/CLK (sky130_fd_sc_hd__dfrtp_2)
                  0.06    0.37    0.37 ^ _718_/Q (sky130_fd_sc_hd__dfrtp_2)
     3    0.01                           u_core.Q[1] (net)
                  0.06    0.00    0.37 ^ _587_/A1 (sky130_fd_sc_hd__a22o_2)
                  0.03    0.12    0.49 ^ _587_/X (sky130_fd_sc_hd__a22o_2)
     1    0.00                           _318_ (net)
                  0.03    0.00    0.49 ^ _588_/B1 (sky130_fd_sc_hd__a31o_2)
                  0.03    0.08    0.57 ^ _588_/X (sky130_fd_sc_hd__a31o_2)
     1    0.00                           _077_ (net)
                  0.03    0.00    0.57 ^ _717_/D (sky130_fd_sc_hd__dfrtp_2)
                                  0.57   data arrival time

                  0.15    0.00    0.00   clock clk (rise edge)
                          0.00    0.00   clock network delay (ideal)
                          0.25    0.25   clock uncertainty
                          0.00    0.25   clock reconvergence pessimism
                                  0.25 ^ _717_/CLK (sky130_fd_sc_hd__dfrtp_2)
                         -0.02    0.23   library hold time
                                  0.23   data required time
-----------------------------------------------------------------------------
                                  0.23   data required time
                                 -0.57   data arrival time
-----------------------------------------------------------------------------
                                  0.33   slack (MET)


Startpoint: _747_ (rising edge-triggered flip-flop clocked by clk)
Endpoint: _747_ (rising edge-triggered flip-flop clocked by clk)
Path Group: clk
Path Type: min

Fanout     Cap    Slew   Delay    Time   Description
-----------------------------------------------------------------------------
                  0.15    0.00    0.00   clock clk (rise edge)
                          0.00    0.00   clock network delay (ideal)
                  0.15    0.00    0.00 ^ _747_/CLK (sky130_fd_sc_hd__dfrtp_2)
                  0.13    0.42    0.42 ^ _747_/Q (sky130_fd_sc_hd__dfrtp_2)
     5    0.02                           u_core.A[14] (net)
                  0.13    0.00    0.42 ^ _459_/B2 (sky130_fd_sc_hd__a2bb2o_2)
                  0.03    0.15    0.58 ^ _459_/X (sky130_fd_sc_hd__a2bb2o_2)
     1    0.00                           _107_ (net)
                  0.03    0.00    0.58 ^ _747_/D (sky130_fd_sc_hd__dfrtp_2)
                                  0.58   data arrival time

                  0.15    0.00    0.00   clock clk (rise edge)
                          0.00    0.00   clock network delay (ideal)
                          0.25    0.25   clock uncertainty
                          0.00    0.25   clock reconvergence pessimism
                                  0.25 ^ _747_/CLK (sky130_fd_sc_hd__dfrtp_2)
                         -0.02    0.23   library hold time
                                  0.23   data required time
-----------------------------------------------------------------------------
                                  0.23   data required time
                                 -0.58   data arrival time
-----------------------------------------------------------------------------
                                  0.34   slack (MET)


Startpoint: _696_ (rising edge-triggered flip-flop clocked by clk)
Endpoint: _698_ (rising edge-triggered flip-flop clocked by clk)
Path Group: clk
Path Type: min

Fanout     Cap    Slew   Delay    Time   Description
-----------------------------------------------------------------------------
                  0.15    0.00    0.00   clock clk (rise edge)
                          0.00    0.00   clock network delay (ideal)
                  0.15    0.00    0.00 ^ _696_/CLK (sky130_fd_sc_hd__dfrtp_2)
                  0.08    0.39    0.39 ^ _696_/Q (sky130_fd_sc_hd__dfrtp_2)
     4    0.01                           u_core.count[2] (net)
                  0.08    0.00    0.39 ^ _589_/B (sky130_fd_sc_hd__nor4b_2)
                  0.06    0.07    0.46 v _589_/Y (sky130_fd_sc_hd__nor4b_2)
     5    0.02                           _319_ (net)
                  0.06    0.00    0.46 v _633_/A2 (sky130_fd_sc_hd__a21oi_2)
                  0.07    0.11    0.58 ^ _633_/Y (sky130_fd_sc_hd__a21oi_2)
     1    0.00                           _000_ (net)
                  0.07    0.00    0.58 ^ _698_/D (sky130_fd_sc_hd__dfrtp_2)
                                  0.58   data arrival time

                  0.15    0.00    0.00   clock clk (rise edge)
                          0.00    0.00   clock network delay (ideal)
                          0.25    0.25   clock uncertainty
                          0.00    0.25   clock reconvergence pessimism
                                  0.25 ^ _698_/CLK (sky130_fd_sc_hd__dfrtp_2)
                         -0.02    0.23   library hold time
                                  0.23   data required time
-----------------------------------------------------------------------------
                                  0.23   data required time
                                 -0.58   data arrival time
-----------------------------------------------------------------------------
                                  0.35   slack (MET)


Startpoint: _716_ (rising edge-triggered flip-flop clocked by clk)
Endpoint: _716_ (rising edge-triggered flip-flop clocked by clk)
Path Group: clk
Path Type: min

Fanout     Cap    Slew   Delay    Time   Description
-----------------------------------------------------------------------------
                  0.15    0.00    0.00   clock clk (rise edge)
                          0.00    0.00   clock network delay (ideal)
                  0.15    0.00    0.00 ^ _716_/CLK (sky130_fd_sc_hd__dfrtp_2)
                  0.19    0.47    0.47 ^ _716_/Q (sky130_fd_sc_hd__dfrtp_2)
     2    0.04                           product[15] (net)
                  0.19    0.00    0.47 ^ _593_/B1 (sky130_fd_sc_hd__o21ai_2)
                  0.03    0.08    0.55 v _593_/Y (sky130_fd_sc_hd__o21ai_2)
     1    0.00                           _323_ (net)
                  0.03    0.00    0.55 v _594_/B1 (sky130_fd_sc_hd__o21ai_2)
                  0.03    0.04    0.59 ^ _594_/Y (sky130_fd_sc_hd__o21ai_2)
     1    0.00                           _076_ (net)
                  0.03    0.00    0.59 ^ _716_/D (sky130_fd_sc_hd__dfrtp_2)
                                  0.59   data arrival time

                  0.15    0.00    0.00   clock clk (rise edge)
                          0.00    0.00   clock network delay (ideal)
                          0.25    0.25   clock uncertainty
                          0.00    0.25   clock reconvergence pessimism
                                  0.25 ^ _716_/CLK (sky130_fd_sc_hd__dfrtp_2)
                         -0.02    0.23   library hold time
                                  0.23   data required time
-----------------------------------------------------------------------------
                                  0.23   data required time
                                 -0.59   data arrival time
-----------------------------------------------------------------------------
                                  0.35   slack (MET)


Startpoint: _728_ (rising edge-triggered flip-flop clocked by clk)
Endpoint: _728_ (rising edge-triggered flip-flop clocked by clk)
Path Group: clk
Path Type: min

Fanout     Cap    Slew   Delay    Time   Description
-----------------------------------------------------------------------------
                  0.15    0.00    0.00   clock clk (rise edge)
                          0.00    0.00   clock network delay (ideal)
                  0.15    0.00    0.00 ^ _728_/CLK (sky130_fd_sc_hd__dfrtp_2)
                  0.09    0.39    0.39 ^ _728_/Q (sky130_fd_sc_hd__dfrtp_2)
     4    0.01                           u_core.M[3] (net)
                  0.09    0.00    0.39 ^ _563_/A1 (sky130_fd_sc_hd__mux2_2)
                  0.03    0.14    0.53 ^ _563_/X (sky130_fd_sc_hd__mux2_2)
     1    0.00                           _305_ (net)
                  0.03    0.00    0.53 ^ _564_/A (sky130_fd_sc_hd__buf_1)
                  0.04    0.07    0.60 ^ _564_/X (sky130_fd_sc_hd__buf_1)
     1    0.00                           _088_ (net)
                  0.04    0.00    0.60 ^ _728_/D (sky130_fd_sc_hd__dfrtp_2)
                                  0.60   data arrival time

                  0.15    0.00    0.00   clock clk (rise edge)
                          0.00    0.00   clock network delay (ideal)
                          0.25    0.25   clock uncertainty
                          0.00    0.25   clock reconvergence pessimism
                                  0.25 ^ _728_/CLK (sky130_fd_sc_hd__dfrtp_2)
                         -0.02    0.23   library hold time
                                  0.23   data required time
-----------------------------------------------------------------------------
                                  0.23   data required time
                                 -0.60   data arrival time
-----------------------------------------------------------------------------
                                  0.37   slack (MET)


Startpoint: _699_ (rising edge-triggered flip-flop clocked by clk)
Endpoint: _699_ (rising edge-triggered flip-flop clocked by clk)
Path Group: clk
Path Type: min

Fanout     Cap    Slew   Delay    Time   Description
-----------------------------------------------------------------------------
                  0.15    0.00    0.00   clock clk (rise edge)
                          0.00    0.00   clock network delay (ideal)
                  0.15    0.00    0.00 ^ _699_/CLK (sky130_fd_sc_hd__dfrtp_2)
                  0.17    0.46    0.46 ^ _699_/Q (sky130_fd_sc_hd__dfrtp_2)
     9    0.03                           u_core.Q_1 (net)
                  0.17    0.00    0.46 ^ _623_/B2 (sky130_fd_sc_hd__a22o_2)
                  0.03    0.14    0.60 ^ _623_/X (sky130_fd_sc_hd__a22o_2)
     1    0.00                           _059_ (net)
                  0.03    0.00    0.60 ^ _699_/D (sky130_fd_sc_hd__dfrtp_2)
                                  0.60   data arrival time

                  0.15    0.00    0.00   clock clk (rise edge)
                          0.00    0.00   clock network delay (ideal)
                          0.25    0.25   clock uncertainty
                          0.00    0.25   clock reconvergence pessimism
                                  0.25 ^ _699_/CLK (sky130_fd_sc_hd__dfrtp_2)
                         -0.02    0.23   library hold time
                                  0.23   data required time
-----------------------------------------------------------------------------
                                  0.23   data required time
                                 -0.60   data arrival time
-----------------------------------------------------------------------------
                                  0.37   slack (MET)


Startpoint: _715_ (rising edge-triggered flip-flop clocked by clk)
Endpoint: _715_ (rising edge-triggered flip-flop clocked by clk)
Path Group: clk
Path Type: min

Fanout     Cap    Slew   Delay    Time   Description
-----------------------------------------------------------------------------
                  0.15    0.00    0.00   clock clk (rise edge)
                          0.00    0.00   clock network delay (ideal)
                  0.15    0.00    0.00 ^ _715_/CLK (sky130_fd_sc_hd__dfrtp_2)
                  0.18    0.47    0.47 ^ _715_/Q (sky130_fd_sc_hd__dfrtp_2)
     2    0.04                           product[14] (net)
                  0.18    0.00    0.47 ^ _595_/B2 (sky130_fd_sc_hd__a32o_2)
                  0.04    0.13    0.60 ^ _595_/X (sky130_fd_sc_hd__a32o_2)
     1    0.00                           _075_ (net)
                  0.04    0.00    0.60 ^ _715_/D (sky130_fd_sc_hd__dfrtp_2)
                                  0.60   data arrival time

                  0.15    0.00    0.00   clock clk (rise edge)
                          0.00    0.00   clock network delay (ideal)
                          0.25    0.25   clock uncertainty
                          0.00    0.25   clock reconvergence pessimism
                                  0.25 ^ _715_/CLK (sky130_fd_sc_hd__dfrtp_2)
                         -0.02    0.23   library hold time
                                  0.23   data required time
-----------------------------------------------------------------------------
                                  0.23   data required time
                                 -0.60   data arrival time
-----------------------------------------------------------------------------
                                  0.37   slack (MET)


Startpoint: _730_ (rising edge-triggered flip-flop clocked by clk)
Endpoint: _730_ (rising edge-triggered flip-flop clocked by clk)
Path Group: clk
Path Type: min

Fanout     Cap    Slew   Delay    Time   Description
-----------------------------------------------------------------------------
                  0.15    0.00    0.00   clock clk (rise edge)
                          0.00    0.00   clock network delay (ideal)
                  0.15    0.00    0.00 ^ _730_/CLK (sky130_fd_sc_hd__dfrtp_2)
                  0.09    0.40    0.40 ^ _730_/Q (sky130_fd_sc_hd__dfrtp_2)
     5    0.01                           u_core.M[5] (net)
                  0.09    0.00    0.40 ^ _559_/A1 (sky130_fd_sc_hd__mux2_2)
                  0.03    0.14    0.54 ^ _559_/X (sky130_fd_sc_hd__mux2_2)
     1    0.00                           _303_ (net)
                  0.03    0.00    0.54 ^ _560_/A (sky130_fd_sc_hd__buf_1)
                  0.04    0.07    0.61 ^ _560_/X (sky130_fd_sc_hd__buf_1)
     1    0.00                           _090_ (net)
                  0.04    0.00    0.61 ^ _730_/D (sky130_fd_sc_hd__dfrtp_2)
                                  0.61   data arrival time

                  0.15    0.00    0.00   clock clk (rise edge)
                          0.00    0.00   clock network delay (ideal)
                          0.25    0.25   clock uncertainty
                          0.00    0.25   clock reconvergence pessimism
                                  0.25 ^ _730_/CLK (sky130_fd_sc_hd__dfrtp_2)
                         -0.02    0.23   library hold time
                                  0.23   data required time
-----------------------------------------------------------------------------
                                  0.23   data required time
                                 -0.61   data arrival time
-----------------------------------------------------------------------------
                                  0.37   slack (MET)


Startpoint: _700_ (rising edge-triggered flip-flop clocked by clk)
Endpoint: _700_ (rising edge-triggered flip-flop clocked by clk)
Path Group: clk
Path Type: min

Fanout     Cap    Slew   Delay    Time   Description
-----------------------------------------------------------------------------
                  0.15    0.00    0.00   clock clk (rise edge)
                          0.00    0.00   clock network delay (ideal)
                  0.15    0.00    0.00 ^ _700_/CLK (sky130_fd_sc_hd__dfrtp_2)
                  0.18    0.47    0.47 ^ _700_/Q (sky130_fd_sc_hd__dfrtp_2)
     2    0.04                           done (net)
                  0.18    0.00    0.47 ^ _622_/A1 (sky130_fd_sc_hd__o21a_2)
                  0.03    0.14    0.61 ^ _622_/X (sky130_fd_sc_hd__o21a_2)
     1    0.00                           _060_ (net)
                  0.03    0.00    0.61 ^ _700_/D (sky130_fd_sc_hd__dfrtp_2)
                                  0.61   data arrival time

                  0.15    0.00    0.00   clock clk (rise edge)
                          0.00    0.00   clock network delay (ideal)
                          0.25    0.25   clock uncertainty
                          0.00    0.25   clock reconvergence pessimism
                                  0.25 ^ _700_/CLK (sky130_fd_sc_hd__dfrtp_2)
                         -0.02    0.23   library hold time
                                  0.23   data required time
-----------------------------------------------------------------------------
                                  0.23   data required time
                                 -0.61   data arrival time
-----------------------------------------------------------------------------
                                  0.38   slack (MET)


Startpoint: _726_ (rising edge-triggered flip-flop clocked by clk)
Endpoint: _726_ (rising edge-triggered flip-flop clocked by clk)
Path Group: clk
Path Type: min

Fanout     Cap    Slew   Delay    Time   Description
-----------------------------------------------------------------------------
                  0.15    0.00    0.00   clock clk (rise edge)
                          0.00    0.00   clock network delay (ideal)
                  0.15    0.00    0.00 ^ _726_/CLK (sky130_fd_sc_hd__dfrtp_2)
                  0.10    0.41    0.41 ^ _726_/Q (sky130_fd_sc_hd__dfrtp_2)
     5    0.02                           u_core.M[1] (net)
                  0.10    0.00    0.41 ^ _567_/A1 (sky130_fd_sc_hd__mux2_2)
                  0.03    0.14    0.55 ^ _567_/X (sky130_fd_sc_hd__mux2_2)
     1    0.00                           _307_ (net)
                  0.03    0.00    0.55 ^ _568_/A (sky130_fd_sc_hd__buf_1)
                  0.04    0.07    0.61 ^ _568_/X (sky130_fd_sc_hd__buf_1)
     1    0.00                           _086_ (net)
                  0.04    0.00    0.61 ^ _726_/D (sky130_fd_sc_hd__dfrtp_2)
                                  0.61   data arrival time

                  0.15    0.00    0.00   clock clk (rise edge)
                          0.00    0.00   clock network delay (ideal)
                          0.25    0.25   clock uncertainty
                          0.00    0.25   clock reconvergence pessimism
                                  0.25 ^ _726_/CLK (sky130_fd_sc_hd__dfrtp_2)
                         -0.02    0.23   library hold time
                                  0.23   data required time
-----------------------------------------------------------------------------
                                  0.23   data required time
                                 -0.61   data arrival time
-----------------------------------------------------------------------------
                                  0.38   slack (MET)


Startpoint: _713_ (rising edge-triggered flip-flop clocked by clk)
Endpoint: _713_ (rising edge-triggered flip-flop clocked by clk)
Path Group: clk
Path Type: min

Fanout     Cap    Slew   Delay    Time   Description
-----------------------------------------------------------------------------
                  0.15    0.00    0.00   clock clk (rise edge)
                          0.00    0.00   clock network delay (ideal)
                  0.15    0.00    0.00 ^ _713_/CLK (sky130_fd_sc_hd__dfrtp_2)
                  0.18    0.47    0.47 ^ _713_/Q (sky130_fd_sc_hd__dfrtp_2)
     2    0.04                           product[12] (net)
                  0.18    0.00    0.47 ^ _598_/A2 (sky130_fd_sc_hd__a22o_2)
                  0.03    0.16    0.63 ^ _598_/X (sky130_fd_sc_hd__a22o_2)
     1    0.00                           _073_ (net)
                  0.03    0.00    0.63 ^ _713_/D (sky130_fd_sc_hd__dfrtp_2)
                                  0.63   data arrival time

                  0.15    0.00    0.00   clock clk (rise edge)
                          0.00    0.00   clock network delay (ideal)
                          0.25    0.25   clock uncertainty
                          0.00    0.25   clock reconvergence pessimism
                                  0.25 ^ _713_/CLK (sky130_fd_sc_hd__dfrtp_2)
                         -0.02    0.23   library hold time
                                  0.23   data required time
-----------------------------------------------------------------------------
                                  0.23   data required time
                                 -0.63   data arrival time
-----------------------------------------------------------------------------
                                  0.39   slack (MET)


Startpoint: _745_ (rising edge-triggered flip-flop clocked by clk)
Endpoint: _745_ (rising edge-triggered flip-flop clocked by clk)
Path Group: clk
Path Type: min

Fanout     Cap    Slew   Delay    Time   Description
-----------------------------------------------------------------------------
                  0.15    0.00    0.00   clock clk (rise edge)
                          0.00    0.00   clock network delay (ideal)
                  0.15    0.00    0.00 ^ _745_/CLK (sky130_fd_sc_hd__dfrtp_2)
                  0.05    0.41    0.41 v _745_/Q (sky130_fd_sc_hd__dfrtp_2)
     2    0.01                           u_core.A[12] (net)
                  0.05    0.00    0.41 v _446_/A (sky130_fd_sc_hd__inv_2)
                  0.08    0.08    0.49 ^ _446_/Y (sky130_fd_sc_hd__inv_2)
     5    0.02                           _207_ (net)
                  0.08    0.00    0.49 ^ _478_/C (sky130_fd_sc_hd__or3_2)
                  0.04    0.11    0.60 ^ _478_/X (sky130_fd_sc_hd__or3_2)
     1    0.00                           _237_ (net)
                  0.04    0.00    0.60 ^ _479_/B (sky130_fd_sc_hd__nand2_2)
                  0.02    0.04    0.64 v _479_/Y (sky130_fd_sc_hd__nand2_2)
     1    0.00                           _105_ (net)
                  0.02    0.00    0.64 v _745_/D (sky130_fd_sc_hd__dfrtp_2)
                                  0.64   data arrival time

                  0.15    0.00    0.00   clock clk (rise edge)
                          0.00    0.00   clock network delay (ideal)
                          0.25    0.25   clock uncertainty
                          0.00    0.25   clock reconvergence pessimism
                                  0.25 ^ _745_/CLK (sky130_fd_sc_hd__dfrtp_2)
                         -0.01    0.24   library hold time
                                  0.24   data required time
-----------------------------------------------------------------------------
                                  0.24   data required time
                                 -0.64   data arrival time
-----------------------------------------------------------------------------
                                  0.39   slack (MET)


Startpoint: _744_ (rising edge-triggered flip-flop clocked by clk)
Endpoint: _743_ (rising edge-triggered flip-flop clocked by clk)
Path Group: clk
Path Type: min

Fanout     Cap    Slew   Delay    Time   Description
-----------------------------------------------------------------------------
                  0.15    0.00    0.00   clock clk (rise edge)
                          0.00    0.00   clock network delay (ideal)
                  0.15    0.00    0.00 ^ _744_/CLK (sky130_fd_sc_hd__dfrtp_2)
                  0.10    0.41    0.41 ^ _744_/Q (sky130_fd_sc_hd__dfrtp_2)
     4    0.02                           u_core.A[11] (net)
                  0.10    0.00    0.41 ^ _496_/A1 (sky130_fd_sc_hd__o31a_2)
                  0.05    0.15    0.55 ^ _496_/X (sky130_fd_sc_hd__o31a_2)
     1    0.00                           _253_ (net)
                  0.05    0.00    0.55 ^ _497_/B1 (sky130_fd_sc_hd__o21ai_2)
                  0.03    0.05    0.60 v _497_/Y (sky130_fd_sc_hd__o21ai_2)
     1    0.00                           _254_ (net)
                  0.03    0.00    0.60 v _499_/A (sky130_fd_sc_hd__nand2_2)
                  0.02    0.03    0.63 ^ _499_/Y (sky130_fd_sc_hd__nand2_2)
     1    0.00                           _103_ (net)
                  0.02    0.00    0.63 ^ _743_/D (sky130_fd_sc_hd__dfrtp_2)
                                  0.63   data arrival time

                  0.15    0.00    0.00   clock clk (rise edge)
                          0.00    0.00   clock network delay (ideal)
                          0.25    0.25   clock uncertainty
                          0.00    0.25   clock reconvergence pessimism
                                  0.25 ^ _743_/CLK (sky130_fd_sc_hd__dfrtp_2)
                         -0.02    0.23   library hold time
                                  0.23   data required time
-----------------------------------------------------------------------------
                                  0.23   data required time
                                 -0.63   data arrival time
-----------------------------------------------------------------------------
                                  0.40   slack (MET)


Startpoint: _711_ (rising edge-triggered flip-flop clocked by clk)
Endpoint: _711_ (rising edge-triggered flip-flop clocked by clk)
Path Group: clk
Path Type: min

Fanout     Cap    Slew   Delay    Time   Description
-----------------------------------------------------------------------------
                  0.15    0.00    0.00   clock clk (rise edge)
                          0.00    0.00   clock network delay (ideal)
                  0.15    0.00    0.00 ^ _711_/CLK (sky130_fd_sc_hd__dfrtp_2)
                  0.18    0.47    0.47 ^ _711_/Q (sky130_fd_sc_hd__dfrtp_2)
     2    0.04                           product[10] (net)
                  0.18    0.00    0.47 ^ _601_/B2 (sky130_fd_sc_hd__a2bb2o_2)
                  0.03    0.17    0.64 ^ _601_/X (sky130_fd_sc_hd__a2bb2o_2)
     1    0.00                           _071_ (net)
                  0.03    0.00    0.64 ^ _711_/D (sky130_fd_sc_hd__dfrtp_2)
                                  0.64   data arrival time

                  0.15    0.00    0.00   clock clk (rise edge)
                          0.00    0.00   clock network delay (ideal)
                          0.25    0.25   clock uncertainty
                          0.00    0.25   clock reconvergence pessimism
                                  0.25 ^ _711_/CLK (sky130_fd_sc_hd__dfrtp_2)
                         -0.02    0.23   library hold time
                                  0.23   data required time
-----------------------------------------------------------------------------
                                  0.23   data required time
                                 -0.64   data arrival time
-----------------------------------------------------------------------------
                                  0.40   slack (MET)


Startpoint: _727_ (rising edge-triggered flip-flop clocked by clk)
Endpoint: _727_ (rising edge-triggered flip-flop clocked by clk)
Path Group: clk
Path Type: min

Fanout     Cap    Slew   Delay    Time   Description
-----------------------------------------------------------------------------
                  0.15    0.00    0.00   clock clk (rise edge)
                          0.00    0.00   clock network delay (ideal)
                  0.15    0.00    0.00 ^ _727_/CLK (sky130_fd_sc_hd__dfrtp_2)
                  0.13    0.43    0.43 ^ _727_/Q (sky130_fd_sc_hd__dfrtp_2)
     6    0.02                           u_core.M[2] (net)
                  0.13    0.00    0.43 ^ _565_/A1 (sky130_fd_sc_hd__mux2_2)
                  0.03    0.15    0.57 ^ _565_/X (sky130_fd_sc_hd__mux2_2)
     1    0.00                           _306_ (net)
                  0.03    0.00    0.57 ^ _566_/A (sky130_fd_sc_hd__buf_1)
                  0.04    0.07    0.64 ^ _566_/X (sky130_fd_sc_hd__buf_1)
     1    0.00                           _087_ (net)
                  0.04    0.00    0.64 ^ _727_/D (sky130_fd_sc_hd__dfrtp_2)
                                  0.64   data arrival time

                  0.15    0.00    0.00   clock clk (rise edge)
                          0.00    0.00   clock network delay (ideal)
                          0.25    0.25   clock uncertainty
                          0.00    0.25   clock reconvergence pessimism
                                  0.25 ^ _727_/CLK (sky130_fd_sc_hd__dfrtp_2)
                         -0.02    0.23   library hold time
                                  0.23   data required time
-----------------------------------------------------------------------------
                                  0.23   data required time
                                 -0.64   data arrival time
-----------------------------------------------------------------------------
                                  0.41   slack (MET)


Startpoint: _732_ (rising edge-triggered flip-flop clocked by clk)
Endpoint: _732_ (rising edge-triggered flip-flop clocked by clk)
Path Group: clk
Path Type: min

Fanout     Cap    Slew   Delay    Time   Description
-----------------------------------------------------------------------------
                  0.15    0.00    0.00   clock clk (rise edge)
                          0.00    0.00   clock network delay (ideal)
                  0.15    0.00    0.00 ^ _732_/CLK (sky130_fd_sc_hd__dfrtp_2)
                  0.13    0.43    0.43 ^ _732_/Q (sky130_fd_sc_hd__dfrtp_2)
     8    0.02                           u_core.M[7] (net)
                  0.13    0.00    0.43 ^ _555_/A1 (sky130_fd_sc_hd__mux2_2)
                  0.03    0.15    0.58 ^ _555_/X (sky130_fd_sc_hd__mux2_2)
     1    0.00                           _301_ (net)
                  0.03    0.00    0.58 ^ _556_/A (sky130_fd_sc_hd__buf_1)
                  0.04    0.07    0.65 ^ _556_/X (sky130_fd_sc_hd__buf_1)
     1    0.00                           _092_ (net)
                  0.04    0.00    0.65 ^ _732_/D (sky130_fd_sc_hd__dfrtp_2)
                                  0.65   data arrival time

                  0.15    0.00    0.00   clock clk (rise edge)
                          0.00    0.00   clock network delay (ideal)
                          0.25    0.25   clock uncertainty
                          0.00    0.25   clock reconvergence pessimism
                                  0.25 ^ _732_/CLK (sky130_fd_sc_hd__dfrtp_2)
                         -0.02    0.23   library hold time
                                  0.23   data required time
-----------------------------------------------------------------------------
                                  0.23   data required time
                                 -0.65   data arrival time
-----------------------------------------------------------------------------
                                  0.41   slack (MET)


Startpoint: _731_ (rising edge-triggered flip-flop clocked by clk)
Endpoint: _731_ (rising edge-triggered flip-flop clocked by clk)
Path Group: clk
Path Type: min

Fanout     Cap    Slew   Delay    Time   Description
-----------------------------------------------------------------------------
                  0.15    0.00    0.00   clock clk (rise edge)
                          0.00    0.00   clock network delay (ideal)
                  0.15    0.00    0.00 ^ _731_/CLK (sky130_fd_sc_hd__dfrtp_2)
                  0.13    0.43    0.43 ^ _731_/Q (sky130_fd_sc_hd__dfrtp_2)
    10    0.02                           u_core.M[6] (net)
                  0.13    0.00    0.43 ^ _557_/A1 (sky130_fd_sc_hd__mux2_2)
                  0.03    0.15    0.58 ^ _557_/X (sky130_fd_sc_hd__mux2_2)
     1    0.00                           _302_ (net)
                  0.03    0.00    0.58 ^ _558_/A (sky130_fd_sc_hd__buf_1)
                  0.04    0.07    0.65 ^ _558_/X (sky130_fd_sc_hd__buf_1)
     1    0.00                           _091_ (net)
                  0.04    0.00    0.65 ^ _731_/D (sky130_fd_sc_hd__dfrtp_2)
                                  0.65   data arrival time

                  0.15    0.00    0.00   clock clk (rise edge)
                          0.00    0.00   clock network delay (ideal)
                          0.25    0.25   clock uncertainty
                          0.00    0.25   clock reconvergence pessimism
                                  0.25 ^ _731_/CLK (sky130_fd_sc_hd__dfrtp_2)
                         -0.02    0.23   library hold time
                                  0.23   data required time
-----------------------------------------------------------------------------
                                  0.23   data required time
                                 -0.65   data arrival time
-----------------------------------------------------------------------------
                                  0.42   slack (MET)


Startpoint: _725_ (rising edge-triggered flip-flop clocked by clk)
Endpoint: _725_ (rising edge-triggered flip-flop clocked by clk)
Path Group: clk
Path Type: min

Fanout     Cap    Slew   Delay    Time   Description
-----------------------------------------------------------------------------
                  0.15    0.00    0.00   clock clk (rise edge)
                          0.00    0.00   clock network delay (ideal)
                  0.15    0.00    0.00 ^ _725_/CLK (sky130_fd_sc_hd__dfrtp_2)
                  0.13    0.43    0.43 ^ _725_/Q (sky130_fd_sc_hd__dfrtp_2)
     6    0.02                           u_core.M[0] (net)
                  0.13    0.00    0.43 ^ _569_/A1 (sky130_fd_sc_hd__mux2_2)
                  0.03    0.15    0.58 ^ _569_/X (sky130_fd_sc_hd__mux2_2)
     1    0.00                           _308_ (net)
                  0.03    0.00    0.58 ^ _570_/A (sky130_fd_sc_hd__buf_1)
                  0.04    0.07    0.65 ^ _570_/X (sky130_fd_sc_hd__buf_1)
     1    0.00                           _085_ (net)
                  0.04    0.00    0.65 ^ _725_/D (sky130_fd_sc_hd__dfrtp_2)
                                  0.65   data arrival time

                  0.15    0.00    0.00   clock clk (rise edge)
                          0.00    0.00   clock network delay (ideal)
                          0.25    0.25   clock uncertainty
                          0.00    0.25   clock reconvergence pessimism
                                  0.25 ^ _725_/CLK (sky130_fd_sc_hd__dfrtp_2)
                         -0.02    0.23   library hold time
                                  0.23   data required time
-----------------------------------------------------------------------------
                                  0.23   data required time
                                 -0.65   data arrival time
-----------------------------------------------------------------------------
                                  0.42   slack (MET)


Startpoint: _729_ (rising edge-triggered flip-flop clocked by clk)
Endpoint: _729_ (rising edge-triggered flip-flop clocked by clk)
Path Group: clk
Path Type: min

Fanout     Cap    Slew   Delay    Time   Description
-----------------------------------------------------------------------------
                  0.15    0.00    0.00   clock clk (rise edge)
                          0.00    0.00   clock network delay (ideal)
                  0.15    0.00    0.00 ^ _729_/CLK (sky130_fd_sc_hd__dfrtp_2)
                  0.16    0.45    0.45 ^ _729_/Q (sky130_fd_sc_hd__dfrtp_2)
     8    0.03                           u_core.M[4] (net)
                  0.16    0.00    0.45 ^ _561_/A1 (sky130_fd_sc_hd__mux2_2)
                  0.03    0.16    0.61 ^ _561_/X (sky130_fd_sc_hd__mux2_2)
     1    0.00                           _304_ (net)
                  0.03    0.00    0.61 ^ _562_/A (sky130_fd_sc_hd__buf_1)
                  0.04    0.07    0.68 ^ _562_/X (sky130_fd_sc_hd__buf_1)
     1    0.00                           _089_ (net)
                  0.04    0.00    0.68 ^ _729_/D (sky130_fd_sc_hd__dfrtp_2)
                                  0.68   data arrival time

                  0.15    0.00    0.00   clock clk (rise edge)
                          0.00    0.00   clock network delay (ideal)
                          0.25    0.25   clock uncertainty
                          0.00    0.25   clock reconvergence pessimism
                                  0.25 ^ _729_/CLK (sky130_fd_sc_hd__dfrtp_2)
                         -0.02    0.23   library hold time
                                  0.23   data required time
-----------------------------------------------------------------------------
                                  0.23   data required time
                                 -0.68   data arrival time
-----------------------------------------------------------------------------
                                  0.45   slack (MET)


Startpoint: _708_ (rising edge-triggered flip-flop clocked by clk)
Endpoint: _708_ (rising edge-triggered flip-flop clocked by clk)
Path Group: clk
Path Type: min

Fanout     Cap    Slew   Delay    Time   Description
-----------------------------------------------------------------------------
                  0.15    0.00    0.00   clock clk (rise edge)
                          0.00    0.00   clock network delay (ideal)
                  0.15    0.00    0.00 ^ _708_/CLK (sky130_fd_sc_hd__dfrtp_2)
                  0.18    0.47    0.47 ^ _708_/Q (sky130_fd_sc_hd__dfrtp_2)
     2    0.04                           product[7] (net)
                  0.18    0.00    0.47 ^ _606_/A1 (sky130_fd_sc_hd__mux2_2)
                  0.03    0.16    0.63 ^ _606_/X (sky130_fd_sc_hd__mux2_2)
     1    0.00                           _328_ (net)
                  0.03    0.00    0.63 ^ _607_/A (sky130_fd_sc_hd__buf_1)
                  0.04    0.07    0.70 ^ _607_/X (sky130_fd_sc_hd__buf_1)
     1    0.00                           _068_ (net)
                  0.04    0.00    0.70 ^ _708_/D (sky130_fd_sc_hd__dfrtp_2)
                                  0.70   data arrival time

                  0.15    0.00    0.00   clock clk (rise edge)
                          0.00    0.00   clock network delay (ideal)
                          0.25    0.25   clock uncertainty
                          0.00    0.25   clock reconvergence pessimism
                                  0.25 ^ _708_/CLK (sky130_fd_sc_hd__dfrtp_2)
                         -0.02    0.23   library hold time
                                  0.23   data required time
-----------------------------------------------------------------------------
                                  0.23   data required time
                                 -0.70   data arrival time
-----------------------------------------------------------------------------
                                  0.47   slack (MET)


Startpoint: _709_ (rising edge-triggered flip-flop clocked by clk)
Endpoint: _709_ (rising edge-triggered flip-flop clocked by clk)
Path Group: clk
Path Type: min

Fanout     Cap    Slew   Delay    Time   Description
-----------------------------------------------------------------------------
                  0.15    0.00    0.00   clock clk (rise edge)
                          0.00    0.00   clock network delay (ideal)
                  0.15    0.00    0.00 ^ _709_/CLK (sky130_fd_sc_hd__dfrtp_2)
                  0.18    0.47    0.47 ^ _709_/Q (sky130_fd_sc_hd__dfrtp_2)
     2    0.04                           product[8] (net)
                  0.18    0.00    0.47 ^ _604_/A1 (sky130_fd_sc_hd__mux2_2)
                  0.03    0.16    0.63 ^ _604_/X (sky130_fd_sc_hd__mux2_2)
     1    0.00                           _327_ (net)
                  0.03    0.00    0.63 ^ _605_/A (sky130_fd_sc_hd__buf_1)
                  0.04    0.07    0.70 ^ _605_/X (sky130_fd_sc_hd__buf_1)
     1    0.00                           _069_ (net)
                  0.04    0.00    0.70 ^ _709_/D (sky130_fd_sc_hd__dfrtp_2)
                                  0.70   data arrival time

                  0.15    0.00    0.00   clock clk (rise edge)
                          0.00    0.00   clock network delay (ideal)
                          0.25    0.25   clock uncertainty
                          0.00    0.25   clock reconvergence pessimism
                                  0.25 ^ _709_/CLK (sky130_fd_sc_hd__dfrtp_2)
                         -0.02    0.23   library hold time
                                  0.23   data required time
-----------------------------------------------------------------------------
                                  0.23   data required time
                                 -0.70   data arrival time
-----------------------------------------------------------------------------
                                  0.47   slack (MET)


Startpoint: _710_ (rising edge-triggered flip-flop clocked by clk)
Endpoint: _710_ (rising edge-triggered flip-flop clocked by clk)
Path Group: clk
Path Type: min

Fanout     Cap    Slew   Delay    Time   Description
-----------------------------------------------------------------------------
                  0.15    0.00    0.00   clock clk (rise edge)
                          0.00    0.00   clock network delay (ideal)
                  0.15    0.00    0.00 ^ _710_/CLK (sky130_fd_sc_hd__dfrtp_2)
                  0.18    0.47    0.47 ^ _710_/Q (sky130_fd_sc_hd__dfrtp_2)
     2    0.04                           product[9] (net)
                  0.18    0.00    0.47 ^ _602_/A1 (sky130_fd_sc_hd__mux2_2)
                  0.03    0.16    0.63 ^ _602_/X (sky130_fd_sc_hd__mux2_2)
     1    0.00                           _326_ (net)
                  0.03    0.00    0.63 ^ _603_/A (sky130_fd_sc_hd__buf_1)
                  0.04    0.07    0.70 ^ _603_/X (sky130_fd_sc_hd__buf_1)
     1    0.00                           _070_ (net)
                  0.04    0.00    0.70 ^ _710_/D (sky130_fd_sc_hd__dfrtp_2)
                                  0.70   data arrival time

                  0.15    0.00    0.00   clock clk (rise edge)
                          0.00    0.00   clock network delay (ideal)
                          0.25    0.25   clock uncertainty
                          0.00    0.25   clock reconvergence pessimism
                                  0.25 ^ _710_/CLK (sky130_fd_sc_hd__dfrtp_2)
                         -0.02    0.23   library hold time
                                  0.23   data required time
-----------------------------------------------------------------------------
                                  0.23   data required time
                                 -0.70   data arrival time
-----------------------------------------------------------------------------
                                  0.47   slack (MET)


Startpoint: _712_ (rising edge-triggered flip-flop clocked by clk)
Endpoint: _712_ (rising edge-triggered flip-flop clocked by clk)
Path Group: clk
Path Type: min

Fanout     Cap    Slew   Delay    Time   Description
-----------------------------------------------------------------------------
                  0.15    0.00    0.00   clock clk (rise edge)
                          0.00    0.00   clock network delay (ideal)
                  0.15    0.00    0.00 ^ _712_/CLK (sky130_fd_sc_hd__dfrtp_2)
                  0.18    0.47    0.47 ^ _712_/Q (sky130_fd_sc_hd__dfrtp_2)
     2    0.04                           product[11] (net)
                  0.18    0.00    0.47 ^ _599_/A1 (sky130_fd_sc_hd__mux2_2)
                  0.03    0.16    0.63 ^ _599_/X (sky130_fd_sc_hd__mux2_2)
     1    0.00                           _325_ (net)
                  0.03    0.00    0.63 ^ _600_/A (sky130_fd_sc_hd__buf_1)
                  0.04    0.07    0.70 ^ _600_/X (sky130_fd_sc_hd__buf_1)
     1    0.00                           _072_ (net)
                  0.04    0.00    0.70 ^ _712_/D (sky130_fd_sc_hd__dfrtp_2)
                                  0.70   data arrival time

                  0.15    0.00    0.00   clock clk (rise edge)
                          0.00    0.00   clock network delay (ideal)
                          0.25    0.25   clock uncertainty
                          0.00    0.25   clock reconvergence pessimism
                                  0.25 ^ _712_/CLK (sky130_fd_sc_hd__dfrtp_2)
                         -0.02    0.23   library hold time
                                  0.23   data required time
-----------------------------------------------------------------------------
                                  0.23   data required time
                                 -0.70   data arrival time
-----------------------------------------------------------------------------
                                  0.47   slack (MET)


Startpoint: _714_ (rising edge-triggered flip-flop clocked by clk)
Endpoint: _714_ (rising edge-triggered flip-flop clocked by clk)
Path Group: clk
Path Type: min

Fanout     Cap    Slew   Delay    Time   Description
-----------------------------------------------------------------------------
                  0.15    0.00    0.00   clock clk (rise edge)
                          0.00    0.00   clock network delay (ideal)
                  0.15    0.00    0.00 ^ _714_/CLK (sky130_fd_sc_hd__dfrtp_2)
                  0.18    0.47    0.47 ^ _714_/Q (sky130_fd_sc_hd__dfrtp_2)
     2    0.04                           product[13] (net)
                  0.18    0.00    0.47 ^ _596_/A1 (sky130_fd_sc_hd__mux2_2)
                  0.03    0.16    0.63 ^ _596_/X (sky130_fd_sc_hd__mux2_2)
     1    0.00                           _324_ (net)
                  0.03    0.00    0.63 ^ _597_/A (sky130_fd_sc_hd__buf_1)
                  0.04    0.07    0.70 ^ _597_/X (sky130_fd_sc_hd__buf_1)
     1    0.00                           _074_ (net)
                  0.04    0.00    0.70 ^ _714_/D (sky130_fd_sc_hd__dfrtp_2)
                                  0.70   data arrival time

                  0.15    0.00    0.00   clock clk (rise edge)
                          0.00    0.00   clock network delay (ideal)
                          0.25    0.25   clock uncertainty
                          0.00    0.25   clock reconvergence pessimism
                                  0.25 ^ _714_/CLK (sky130_fd_sc_hd__dfrtp_2)
                         -0.02    0.23   library hold time
                                  0.23   data required time
-----------------------------------------------------------------------------
                                  0.23   data required time
                                 -0.70   data arrival time
-----------------------------------------------------------------------------
                                  0.47   slack (MET)


Startpoint: rst (input port clocked by clk)
Endpoint: _744_ (removal check against rising-edge clock clk)
Path Group: asynchronous
Path Type: min

Fanout     Cap    Slew   Delay    Time   Description
-----------------------------------------------------------------------------
                  0.15    0.00    0.00   clock clk (rise edge)
                          0.00    0.00   clock network delay (ideal)
                          2.00    2.00 v input external delay
                  0.01    0.00    2.00 v rst (in)
     1    0.00                           rst (net)
                  0.01    0.00    2.00 v _634_/A (sky130_fd_sc_hd__buf_1)
                  0.16    0.17    2.17 v _634_/X (sky130_fd_sc_hd__buf_1)
     9    0.03                           _341_ (net)
                  0.16    0.00    2.17 v _690_/A (sky130_fd_sc_hd__inv_2)
                  0.05    0.08    2.25 ^ _690_/Y (sky130_fd_sc_hd__inv_2)
     1    0.00                           _051_ (net)
                  0.05    0.00    2.25 ^ _744_/RESET_B (sky130_fd_sc_hd__dfrtp_2)
                                  2.25   data arrival time

                  0.15    0.00    0.00   clock clk (rise edge)
                          0.00    0.00   clock network delay (ideal)
                          0.25    0.25   clock uncertainty
                          0.00    0.25   clock reconvergence pessimism
                                  0.25 ^ _744_/CLK (sky130_fd_sc_hd__dfrtp_2)
                          0.35    0.60   library removal time
                                  0.60   data required time
-----------------------------------------------------------------------------
                                  0.60   data required time
                                 -2.25   data arrival time
-----------------------------------------------------------------------------
                                  1.65   slack (MET)


Startpoint: rst (input port clocked by clk)
Endpoint: _745_ (removal check against rising-edge clock clk)
Path Group: asynchronous
Path Type: min

Fanout     Cap    Slew   Delay    Time   Description
-----------------------------------------------------------------------------
                  0.15    0.00    0.00   clock clk (rise edge)
                          0.00    0.00   clock network delay (ideal)
                          2.00    2.00 v input external delay
                  0.01    0.00    2.00 v rst (in)
     1    0.00                           rst (net)
                  0.01    0.00    2.00 v _634_/A (sky130_fd_sc_hd__buf_1)
                  0.16    0.17    2.17 v _634_/X (sky130_fd_sc_hd__buf_1)
     9    0.03                           _341_ (net)
                  0.16    0.00    2.17 v _691_/A (sky130_fd_sc_hd__inv_2)
                  0.05    0.08    2.25 ^ _691_/Y (sky130_fd_sc_hd__inv_2)
     1    0.00                           _052_ (net)
                  0.05    0.00    2.25 ^ _745_/RESET_B (sky130_fd_sc_hd__dfrtp_2)
                                  2.25   data arrival time

                  0.15    0.00    0.00   clock clk (rise edge)
                          0.00    0.00   clock network delay (ideal)
                          0.25    0.25   clock uncertainty
                          0.00    0.25   clock reconvergence pessimism
                                  0.25 ^ _745_/CLK (sky130_fd_sc_hd__dfrtp_2)
                          0.35    0.60   library removal time
                                  0.60   data required time
-----------------------------------------------------------------------------
                                  0.60   data required time
                                 -2.25   data arrival time
-----------------------------------------------------------------------------
                                  1.65   slack (MET)


Startpoint: rst (input port clocked by clk)
Endpoint: _746_ (removal check against rising-edge clock clk)
Path Group: asynchronous
Path Type: min

Fanout     Cap    Slew   Delay    Time   Description
-----------------------------------------------------------------------------
                  0.15    0.00    0.00   clock clk (rise edge)
                          0.00    0.00   clock network delay (ideal)
                          2.00    2.00 v input external delay
                  0.01    0.00    2.00 v rst (in)
     1    0.00                           rst (net)
                  0.01    0.00    2.00 v _634_/A (sky130_fd_sc_hd__buf_1)
                  0.16    0.17    2.17 v _634_/X (sky130_fd_sc_hd__buf_1)
     9    0.03                           _341_ (net)
                  0.16    0.00    2.17 v _692_/A (sky130_fd_sc_hd__inv_2)
                  0.05    0.08    2.25 ^ _692_/Y (sky130_fd_sc_hd__inv_2)
     1    0.00                           _053_ (net)
                  0.05    0.00    2.25 ^ _746_/RESET_B (sky130_fd_sc_hd__dfrtp_2)
                                  2.25   data arrival time

                  0.15    0.00    0.00   clock clk (rise edge)
                          0.00    0.00   clock network delay (ideal)
                          0.25    0.25   clock uncertainty
                          0.00    0.25   clock reconvergence pessimism
                                  0.25 ^ _746_/CLK (sky130_fd_sc_hd__dfrtp_2)
                          0.35    0.60   library removal time
                                  0.60   data required time
-----------------------------------------------------------------------------
                                  0.60   data required time
                                 -2.25   data arrival time
-----------------------------------------------------------------------------
                                  1.65   slack (MET)


Startpoint: rst (input port clocked by clk)
Endpoint: _747_ (removal check against rising-edge clock clk)
Path Group: asynchronous
Path Type: min

Fanout     Cap    Slew   Delay    Time   Description
-----------------------------------------------------------------------------
                  0.15    0.00    0.00   clock clk (rise edge)
                          0.00    0.00   clock network delay (ideal)
                          2.00    2.00 v input external delay
                  0.01    0.00    2.00 v rst (in)
     1    0.00                           rst (net)
                  0.01    0.00    2.00 v _634_/A (sky130_fd_sc_hd__buf_1)
                  0.16    0.17    2.17 v _634_/X (sky130_fd_sc_hd__buf_1)
     9    0.03                           _341_ (net)
                  0.16    0.00    2.17 v _693_/A (sky130_fd_sc_hd__inv_2)
                  0.05    0.08    2.25 ^ _693_/Y (sky130_fd_sc_hd__inv_2)
     1    0.00                           _054_ (net)
                  0.05    0.00    2.25 ^ _747_/RESET_B (sky130_fd_sc_hd__dfrtp_2)
                                  2.25   data arrival time

                  0.15    0.00    0.00   clock clk (rise edge)
                          0.00    0.00   clock network delay (ideal)
                          0.25    0.25   clock uncertainty
                          0.00    0.25   clock reconvergence pessimism
                                  0.25 ^ _747_/CLK (sky130_fd_sc_hd__dfrtp_2)
                          0.35    0.60   library removal time
                                  0.60   data required time
-----------------------------------------------------------------------------
                                  0.60   data required time
                                 -2.25   data arrival time
-----------------------------------------------------------------------------
                                  1.65   slack (MET)


Startpoint: rst (input port clocked by clk)
Endpoint: _694_ (removal check against rising-edge clock clk)
Path Group: asynchronous
Path Type: min

Fanout     Cap    Slew   Delay    Time   Description
-----------------------------------------------------------------------------
                  0.15    0.00    0.00   clock clk (rise edge)
                          0.00    0.00   clock network delay (ideal)
                          2.00    2.00 v input external delay
                  0.01    0.00    2.00 v rst (in)
     1    0.00                           rst (net)
                  0.01    0.00    2.00 v _634_/A (sky130_fd_sc_hd__buf_1)
                  0.16    0.17    2.17 v _634_/X (sky130_fd_sc_hd__buf_1)
     9    0.03                           _341_ (net)
                  0.16    0.00    2.17 v _635_/A (sky130_fd_sc_hd__buf_1)
                  0.25    0.29    2.46 v _635_/X (sky130_fd_sc_hd__buf_1)
    10    0.04                           _342_ (net)
                  0.25    0.00    2.46 v _636_/A (sky130_fd_sc_hd__inv_2)
                  0.06    0.09    2.55 ^ _636_/Y (sky130_fd_sc_hd__inv_2)
     1    0.00                           _001_ (net)
                  0.06    0.00    2.55 ^ _694_/RESET_B (sky130_fd_sc_hd__dfrtp_2)
                                  2.55   data arrival time

                  0.15    0.00    0.00   clock clk (rise edge)
                          0.00    0.00   clock network delay (ideal)
                          0.25    0.25   clock uncertainty
                          0.00    0.25   clock reconvergence pessimism
                                  0.25 ^ _694_/CLK (sky130_fd_sc_hd__dfrtp_2)
                          0.35    0.60   library removal time
                                  0.60   data required time
-----------------------------------------------------------------------------
                                  0.60   data required time
                                 -2.55   data arrival time
-----------------------------------------------------------------------------
                                  1.95   slack (MET)


Startpoint: rst (input port clocked by clk)
Endpoint: _695_ (removal check against rising-edge clock clk)
Path Group: asynchronous
Path Type: min

Fanout     Cap    Slew   Delay    Time   Description
-----------------------------------------------------------------------------
                  0.15    0.00    0.00   clock clk (rise edge)
                          0.00    0.00   clock network delay (ideal)
                          2.00    2.00 v input external delay
                  0.01    0.00    2.00 v rst (in)
     1    0.00                           rst (net)
                  0.01    0.00    2.00 v _634_/A (sky130_fd_sc_hd__buf_1)
                  0.16    0.17    2.17 v _634_/X (sky130_fd_sc_hd__buf_1)
     9    0.03                           _341_ (net)
                  0.16    0.00    2.17 v _635_/A (sky130_fd_sc_hd__buf_1)
                  0.25    0.29    2.46 v _635_/X (sky130_fd_sc_hd__buf_1)
    10    0.04                           _342_ (net)
                  0.25    0.00    2.46 v _637_/A (sky130_fd_sc_hd__inv_2)
                  0.06    0.09    2.55 ^ _637_/Y (sky130_fd_sc_hd__inv_2)
     1    0.00                           _002_ (net)
                  0.06    0.00    2.55 ^ _695_/RESET_B (sky130_fd_sc_hd__dfrtp_2)
                                  2.55   data arrival time

                  0.15    0.00    0.00   clock clk (rise edge)
                          0.00    0.00   clock network delay (ideal)
                          0.25    0.25   clock uncertainty
                          0.00    0.25   clock reconvergence pessimism
                                  0.25 ^ _695_/CLK (sky130_fd_sc_hd__dfrtp_2)
                          0.35    0.60   library removal time
                                  0.60   data required time
-----------------------------------------------------------------------------
                                  0.60   data required time
                                 -2.55   data arrival time
-----------------------------------------------------------------------------
                                  1.95   slack (MET)


Startpoint: rst (input port clocked by clk)
Endpoint: _696_ (removal check against rising-edge clock clk)
Path Group: asynchronous
Path Type: min

Fanout     Cap    Slew   Delay    Time   Description
-----------------------------------------------------------------------------
                  0.15    0.00    0.00   clock clk (rise edge)
                          0.00    0.00   clock network delay (ideal)
                          2.00    2.00 v input external delay
                  0.01    0.00    2.00 v rst (in)
     1    0.00                           rst (net)
                  0.01    0.00    2.00 v _634_/A (sky130_fd_sc_hd__buf_1)
                  0.16    0.17    2.17 v _634_/X (sky130_fd_sc_hd__buf_1)
     9    0.03                           _341_ (net)
                  0.16    0.00    2.17 v _635_/A (sky130_fd_sc_hd__buf_1)
                  0.25    0.29    2.46 v _635_/X (sky130_fd_sc_hd__buf_1)
    10    0.04                           _342_ (net)
                  0.25    0.00    2.46 v _638_/A (sky130_fd_sc_hd__inv_2)
                  0.06    0.09    2.55 ^ _638_/Y (sky130_fd_sc_hd__inv_2)
     1    0.00                           _003_ (net)
                  0.06    0.00    2.55 ^ _696_/RESET_B (sky130_fd_sc_hd__dfrtp_2)
                                  2.55   data arrival time

                  0.15    0.00    0.00   clock clk (rise edge)
                          0.00    0.00   clock network delay (ideal)
                          0.25    0.25   clock uncertainty
                          0.00    0.25   clock reconvergence pessimism
                                  0.25 ^ _696_/CLK (sky130_fd_sc_hd__dfrtp_2)
                          0.35    0.60   library removal time
                                  0.60   data required time
-----------------------------------------------------------------------------
                                  0.60   data required time
                                 -2.55   data arrival time
-----------------------------------------------------------------------------
                                  1.95   slack (MET)


Startpoint: rst (input port clocked by clk)
Endpoint: _697_ (removal check against rising-edge clock clk)
Path Group: asynchronous
Path Type: min

Fanout     Cap    Slew   Delay    Time   Description
-----------------------------------------------------------------------------
                  0.15    0.00    0.00   clock clk (rise edge)
                          0.00    0.00   clock network delay (ideal)
                          2.00    2.00 v input external delay
                  0.01    0.00    2.00 v rst (in)
     1    0.00                           rst (net)
                  0.01    0.00    2.00 v _634_/A (sky130_fd_sc_hd__buf_1)
                  0.16    0.17    2.17 v _634_/X (sky130_fd_sc_hd__buf_1)
     9    0.03                           _341_ (net)
                  0.16    0.00    2.17 v _635_/A (sky130_fd_sc_hd__buf_1)
                  0.25    0.29    2.46 v _635_/X (sky130_fd_sc_hd__buf_1)
    10    0.04                           _342_ (net)
                  0.25    0.00    2.46 v _639_/A (sky130_fd_sc_hd__inv_2)
                  0.06    0.09    2.55 ^ _639_/Y (sky130_fd_sc_hd__inv_2)
     1    0.00                           _004_ (net)
                  0.06    0.00    2.55 ^ _697_/RESET_B (sky130_fd_sc_hd__dfrtp_2)
                                  2.55   data arrival time

                  0.15    0.00    0.00   clock clk (rise edge)
                          0.00    0.00   clock network delay (ideal)
                          0.25    0.25   clock uncertainty
                          0.00    0.25   clock reconvergence pessimism
                                  0.25 ^ _697_/CLK (sky130_fd_sc_hd__dfrtp_2)
                          0.35    0.60   library removal time
                                  0.60   data required time
-----------------------------------------------------------------------------
                                  0.60   data required time
                                 -2.55   data arrival time
-----------------------------------------------------------------------------
                                  1.95   slack (MET)


Startpoint: rst (input port clocked by clk)
Endpoint: _698_ (removal check against rising-edge clock clk)
Path Group: asynchronous
Path Type: min

Fanout     Cap    Slew   Delay    Time   Description
-----------------------------------------------------------------------------
                  0.15    0.00    0.00   clock clk (rise edge)
                          0.00    0.00   clock network delay (ideal)
                          2.00    2.00 v input external delay
                  0.01    0.00    2.00 v rst (in)
     1    0.00                           rst (net)
                  0.01    0.00    2.00 v _634_/A (sky130_fd_sc_hd__buf_1)
                  0.16    0.17    2.17 v _634_/X (sky130_fd_sc_hd__buf_1)
     9    0.03                           _341_ (net)
                  0.16    0.00    2.17 v _635_/A (sky130_fd_sc_hd__buf_1)
                  0.25    0.29    2.46 v _635_/X (sky130_fd_sc_hd__buf_1)
    10    0.04                           _342_ (net)
                  0.25    0.00    2.46 v _640_/A (sky130_fd_sc_hd__inv_2)
                  0.06    0.09    2.55 ^ _640_/Y (sky130_fd_sc_hd__inv_2)
     1    0.00                           _005_ (net)
                  0.06    0.00    2.55 ^ _698_/RESET_B (sky130_fd_sc_hd__dfrtp_2)
                                  2.55   data arrival time

                  0.15    0.00    0.00   clock clk (rise edge)
                          0.00    0.00   clock network delay (ideal)
                          0.25    0.25   clock uncertainty
                          0.00    0.25   clock reconvergence pessimism
                                  0.25 ^ _698_/CLK (sky130_fd_sc_hd__dfrtp_2)
                          0.35    0.60   library removal time
                                  0.60   data required time
-----------------------------------------------------------------------------
                                  0.60   data required time
                                 -2.55   data arrival time
-----------------------------------------------------------------------------
                                  1.95   slack (MET)


Startpoint: rst (input port clocked by clk)
Endpoint: _699_ (removal check against rising-edge clock clk)
Path Group: asynchronous
Path Type: min

Fanout     Cap    Slew   Delay    Time   Description
-----------------------------------------------------------------------------
                  0.15    0.00    0.00   clock clk (rise edge)
                          0.00    0.00   clock network delay (ideal)
                          2.00    2.00 v input external delay
                  0.01    0.00    2.00 v rst (in)
     1    0.00                           rst (net)
                  0.01    0.00    2.00 v _634_/A (sky130_fd_sc_hd__buf_1)
                  0.16    0.17    2.17 v _634_/X (sky130_fd_sc_hd__buf_1)
     9    0.03                           _341_ (net)
                  0.16    0.00    2.17 v _635_/A (sky130_fd_sc_hd__buf_1)
                  0.25    0.29    2.46 v _635_/X (sky130_fd_sc_hd__buf_1)
    10    0.04                           _342_ (net)
                  0.25    0.00    2.46 v _641_/A (sky130_fd_sc_hd__inv_2)
                  0.06    0.09    2.55 ^ _641_/Y (sky130_fd_sc_hd__inv_2)
     1    0.00                           _006_ (net)
                  0.06    0.00    2.55 ^ _699_/RESET_B (sky130_fd_sc_hd__dfrtp_2)
                                  2.55   data arrival time

                  0.15    0.00    0.00   clock clk (rise edge)
                          0.00    0.00   clock network delay (ideal)
                          0.25    0.25   clock uncertainty
                          0.00    0.25   clock reconvergence pessimism
                                  0.25 ^ _699_/CLK (sky130_fd_sc_hd__dfrtp_2)
                          0.35    0.60   library removal time
                                  0.60   data required time
-----------------------------------------------------------------------------
                                  0.60   data required time
                                 -2.55   data arrival time
-----------------------------------------------------------------------------
                                  1.95   slack (MET)


Startpoint: rst (input port clocked by clk)
Endpoint: _700_ (removal check against rising-edge clock clk)
Path Group: asynchronous
Path Type: min

Fanout     Cap    Slew   Delay    Time   Description
-----------------------------------------------------------------------------
                  0.15    0.00    0.00   clock clk (rise edge)
                          0.00    0.00   clock network delay (ideal)
                          2.00    2.00 v input external delay
                  0.01    0.00    2.00 v rst (in)
     1    0.00                           rst (net)
                  0.01    0.00    2.00 v _634_/A (sky130_fd_sc_hd__buf_1)
                  0.16    0.17    2.17 v _634_/X (sky130_fd_sc_hd__buf_1)
     9    0.03                           _341_ (net)
                  0.16    0.00    2.17 v _635_/A (sky130_fd_sc_hd__buf_1)
                  0.25    0.29    2.46 v _635_/X (sky130_fd_sc_hd__buf_1)
    10    0.04                           _342_ (net)
                  0.25    0.00    2.46 v _642_/A (sky130_fd_sc_hd__inv_2)
                  0.06    0.09    2.55 ^ _642_/Y (sky130_fd_sc_hd__inv_2)
     1    0.00                           _007_ (net)
                  0.06    0.00    2.55 ^ _700_/RESET_B (sky130_fd_sc_hd__dfrtp_2)
                                  2.55   data arrival time

                  0.15    0.00    0.00   clock clk (rise edge)
                          0.00    0.00   clock network delay (ideal)
                          0.25    0.25   clock uncertainty
                          0.00    0.25   clock reconvergence pessimism
                                  0.25 ^ _700_/CLK (sky130_fd_sc_hd__dfrtp_2)
                          0.35    0.60   library removal time
                                  0.60   data required time
-----------------------------------------------------------------------------
                                  0.60   data required time
                                 -2.55   data arrival time
-----------------------------------------------------------------------------
                                  1.95   slack (MET)


Startpoint: rst (input port clocked by clk)
Endpoint: _701_ (removal check against rising-edge clock clk)
Path Group: asynchronous
Path Type: min

Fanout     Cap    Slew   Delay    Time   Description
-----------------------------------------------------------------------------
                  0.15    0.00    0.00   clock clk (rise edge)
                          0.00    0.00   clock network delay (ideal)
                          2.00    2.00 v input external delay
                  0.01    0.00    2.00 v rst (in)
     1    0.00                           rst (net)
                  0.01    0.00    2.00 v _634_/A (sky130_fd_sc_hd__buf_1)
                  0.16    0.17    2.17 v _634_/X (sky130_fd_sc_hd__buf_1)
     9    0.03                           _341_ (net)
                  0.16    0.00    2.17 v _635_/A (sky130_fd_sc_hd__buf_1)
                  0.25    0.29    2.46 v _635_/X (sky130_fd_sc_hd__buf_1)
    10    0.04                           _342_ (net)
                  0.25    0.00    2.46 v _643_/A (sky130_fd_sc_hd__inv_2)
                  0.06    0.09    2.55 ^ _643_/Y (sky130_fd_sc_hd__inv_2)
     1    0.00                           _008_ (net)
                  0.06    0.00    2.55 ^ _701_/RESET_B (sky130_fd_sc_hd__dfrtp_2)
                                  2.55   data arrival time

                  0.15    0.00    0.00   clock clk (rise edge)
                          0.00    0.00   clock network delay (ideal)
                          0.25    0.25   clock uncertainty
                          0.00    0.25   clock reconvergence pessimism
                                  0.25 ^ _701_/CLK (sky130_fd_sc_hd__dfrtp_2)
                          0.35    0.60   library removal time
                                  0.60   data required time
-----------------------------------------------------------------------------
                                  0.60   data required time
                                 -2.55   data arrival time
-----------------------------------------------------------------------------
                                  1.95   slack (MET)


Startpoint: rst (input port clocked by clk)
Endpoint: _702_ (removal check against rising-edge clock clk)
Path Group: asynchronous
Path Type: min

Fanout     Cap    Slew   Delay    Time   Description
-----------------------------------------------------------------------------
                  0.15    0.00    0.00   clock clk (rise edge)
                          0.00    0.00   clock network delay (ideal)
                          2.00    2.00 v input external delay
                  0.01    0.00    2.00 v rst (in)
     1    0.00                           rst (net)
                  0.01    0.00    2.00 v _634_/A (sky130_fd_sc_hd__buf_1)
                  0.16    0.17    2.17 v _634_/X (sky130_fd_sc_hd__buf_1)
     9    0.03                           _341_ (net)
                  0.16    0.00    2.17 v _635_/A (sky130_fd_sc_hd__buf_1)
                  0.25    0.29    2.46 v _635_/X (sky130_fd_sc_hd__buf_1)
    10    0.04                           _342_ (net)
                  0.25    0.00    2.46 v _644_/A (sky130_fd_sc_hd__inv_2)
                  0.06    0.09    2.55 ^ _644_/Y (sky130_fd_sc_hd__inv_2)
     1    0.00                           _009_ (net)
                  0.06    0.00    2.55 ^ _702_/RESET_B (sky130_fd_sc_hd__dfrtp_2)
                                  2.55   data arrival time

                  0.15    0.00    0.00   clock clk (rise edge)
                          0.00    0.00   clock network delay (ideal)
                          0.25    0.25   clock uncertainty
                          0.00    0.25   clock reconvergence pessimism
                                  0.25 ^ _702_/CLK (sky130_fd_sc_hd__dfrtp_2)
                          0.35    0.60   library removal time
                                  0.60   data required time
-----------------------------------------------------------------------------
                                  0.60   data required time
                                 -2.55   data arrival time
-----------------------------------------------------------------------------
                                  1.95   slack (MET)


Startpoint: rst (input port clocked by clk)
Endpoint: _703_ (removal check against rising-edge clock clk)
Path Group: asynchronous
Path Type: min

Fanout     Cap    Slew   Delay    Time   Description
-----------------------------------------------------------------------------
                  0.15    0.00    0.00   clock clk (rise edge)
                          0.00    0.00   clock network delay (ideal)
                          2.00    2.00 v input external delay
                  0.01    0.00    2.00 v rst (in)
     1    0.00                           rst (net)
                  0.01    0.00    2.00 v _634_/A (sky130_fd_sc_hd__buf_1)
                  0.16    0.17    2.17 v _634_/X (sky130_fd_sc_hd__buf_1)
     9    0.03                           _341_ (net)
                  0.16    0.00    2.17 v _635_/A (sky130_fd_sc_hd__buf_1)
                  0.25    0.29    2.46 v _635_/X (sky130_fd_sc_hd__buf_1)
    10    0.04                           _342_ (net)
                  0.25    0.00    2.46 v _645_/A (sky130_fd_sc_hd__inv_2)
                  0.06    0.09    2.55 ^ _645_/Y (sky130_fd_sc_hd__inv_2)
     1    0.00                           _010_ (net)
                  0.06    0.00    2.55 ^ _703_/RESET_B (sky130_fd_sc_hd__dfrtp_2)
                                  2.55   data arrival time

                  0.15    0.00    0.00   clock clk (rise edge)
                          0.00    0.00   clock network delay (ideal)
                          0.25    0.25   clock uncertainty
                          0.00    0.25   clock reconvergence pessimism
                                  0.25 ^ _703_/CLK (sky130_fd_sc_hd__dfrtp_2)
                          0.35    0.60   library removal time
                                  0.60   data required time
-----------------------------------------------------------------------------
                                  0.60   data required time
                                 -2.55   data arrival time
-----------------------------------------------------------------------------
                                  1.95   slack (MET)


Startpoint: rst (input port clocked by clk)
Endpoint: _704_ (removal check against rising-edge clock clk)
Path Group: asynchronous
Path Type: min

Fanout     Cap    Slew   Delay    Time   Description
-----------------------------------------------------------------------------
                  0.15    0.00    0.00   clock clk (rise edge)
                          0.00    0.00   clock network delay (ideal)
                          2.00    2.00 v input external delay
                  0.01    0.00    2.00 v rst (in)
     1    0.00                           rst (net)
                  0.01    0.00    2.00 v _634_/A (sky130_fd_sc_hd__buf_1)
                  0.16    0.17    2.17 v _634_/X (sky130_fd_sc_hd__buf_1)
     9    0.03                           _341_ (net)
                  0.16    0.00    2.17 v _646_/A (sky130_fd_sc_hd__buf_1)
                  0.25    0.29    2.46 v _646_/X (sky130_fd_sc_hd__buf_1)
    10    0.04                           _343_ (net)
                  0.25    0.00    2.46 v _647_/A (sky130_fd_sc_hd__inv_2)
                  0.06    0.09    2.55 ^ _647_/Y (sky130_fd_sc_hd__inv_2)
     1    0.00                           _011_ (net)
                  0.06    0.00    2.55 ^ _704_/RESET_B (sky130_fd_sc_hd__dfrtp_2)
                                  2.55   data arrival time

                  0.15    0.00    0.00   clock clk (rise edge)
                          0.00    0.00   clock network delay (ideal)
                          0.25    0.25   clock uncertainty
                          0.00    0.25   clock reconvergence pessimism
                                  0.25 ^ _704_/CLK (sky130_fd_sc_hd__dfrtp_2)
                          0.35    0.60   library removal time
                                  0.60   data required time
-----------------------------------------------------------------------------
                                  0.60   data required time
                                 -2.55   data arrival time
-----------------------------------------------------------------------------
                                  1.95   slack (MET)


Startpoint: rst (input port clocked by clk)
Endpoint: _705_ (removal check against rising-edge clock clk)
Path Group: asynchronous
Path Type: min

Fanout     Cap    Slew   Delay    Time   Description
-----------------------------------------------------------------------------
                  0.15    0.00    0.00   clock clk (rise edge)
                          0.00    0.00   clock network delay (ideal)
                          2.00    2.00 v input external delay
                  0.01    0.00    2.00 v rst (in)
     1    0.00                           rst (net)
                  0.01    0.00    2.00 v _634_/A (sky130_fd_sc_hd__buf_1)
                  0.16    0.17    2.17 v _634_/X (sky130_fd_sc_hd__buf_1)
     9    0.03                           _341_ (net)
                  0.16    0.00    2.17 v _646_/A (sky130_fd_sc_hd__buf_1)
                  0.25    0.29    2.46 v _646_/X (sky130_fd_sc_hd__buf_1)
    10    0.04                           _343_ (net)
                  0.25    0.00    2.46 v _648_/A (sky130_fd_sc_hd__inv_2)
                  0.06    0.09    2.55 ^ _648_/Y (sky130_fd_sc_hd__inv_2)
     1    0.00                           _012_ (net)
                  0.06    0.00    2.55 ^ _705_/RESET_B (sky130_fd_sc_hd__dfrtp_2)
                                  2.55   data arrival time

                  0.15    0.00    0.00   clock clk (rise edge)
                          0.00    0.00   clock network delay (ideal)
                          0.25    0.25   clock uncertainty
                          0.00    0.25   clock reconvergence pessimism
                                  0.25 ^ _705_/CLK (sky130_fd_sc_hd__dfrtp_2)
                          0.35    0.60   library removal time
                                  0.60   data required time
-----------------------------------------------------------------------------
                                  0.60   data required time
                                 -2.55   data arrival time
-----------------------------------------------------------------------------
                                  1.95   slack (MET)


Startpoint: rst (input port clocked by clk)
Endpoint: _706_ (removal check against rising-edge clock clk)
Path Group: asynchronous
Path Type: min

Fanout     Cap    Slew   Delay    Time   Description
-----------------------------------------------------------------------------
                  0.15    0.00    0.00   clock clk (rise edge)
                          0.00    0.00   clock network delay (ideal)
                          2.00    2.00 v input external delay
                  0.01    0.00    2.00 v rst (in)
     1    0.00                           rst (net)
                  0.01    0.00    2.00 v _634_/A (sky130_fd_sc_hd__buf_1)
                  0.16    0.17    2.17 v _634_/X (sky130_fd_sc_hd__buf_1)
     9    0.03                           _341_ (net)
                  0.16    0.00    2.17 v _646_/A (sky130_fd_sc_hd__buf_1)
                  0.25    0.29    2.46 v _646_/X (sky130_fd_sc_hd__buf_1)
    10    0.04                           _343_ (net)
                  0.25    0.00    2.46 v _649_/A (sky130_fd_sc_hd__inv_2)
                  0.06    0.09    2.55 ^ _649_/Y (sky130_fd_sc_hd__inv_2)
     1    0.00                           _013_ (net)
                  0.06    0.00    2.55 ^ _706_/RESET_B (sky130_fd_sc_hd__dfrtp_2)
                                  2.55   data arrival time

                  0.15    0.00    0.00   clock clk (rise edge)
                          0.00    0.00   clock network delay (ideal)
                          0.25    0.25   clock uncertainty
                          0.00    0.25   clock reconvergence pessimism
                                  0.25 ^ _706_/CLK (sky130_fd_sc_hd__dfrtp_2)
                          0.35    0.60   library removal time
                                  0.60   data required time
-----------------------------------------------------------------------------
                                  0.60   data required time
                                 -2.55   data arrival time
-----------------------------------------------------------------------------
                                  1.95   slack (MET)


Startpoint: rst (input port clocked by clk)
Endpoint: _707_ (removal check against rising-edge clock clk)
Path Group: asynchronous
Path Type: min

Fanout     Cap    Slew   Delay    Time   Description
-----------------------------------------------------------------------------
                  0.15    0.00    0.00   clock clk (rise edge)
                          0.00    0.00   clock network delay (ideal)
                          2.00    2.00 v input external delay
                  0.01    0.00    2.00 v rst (in)
     1    0.00                           rst (net)
                  0.01    0.00    2.00 v _634_/A (sky130_fd_sc_hd__buf_1)
                  0.16    0.17    2.17 v _634_/X (sky130_fd_sc_hd__buf_1)
     9    0.03                           _341_ (net)
                  0.16    0.00    2.17 v _646_/A (sky130_fd_sc_hd__buf_1)
                  0.25    0.29    2.46 v _646_/X (sky130_fd_sc_hd__buf_1)
    10    0.04                           _343_ (net)
                  0.25    0.00    2.46 v _650_/A (sky130_fd_sc_hd__inv_2)
                  0.06    0.09    2.55 ^ _650_/Y (sky130_fd_sc_hd__inv_2)
     1    0.00                           _014_ (net)
                  0.06    0.00    2.55 ^ _707_/RESET_B (sky130_fd_sc_hd__dfrtp_2)
                                  2.55   data arrival time

                  0.15    0.00    0.00   clock clk (rise edge)
                          0.00    0.00   clock network delay (ideal)
                          0.25    0.25   clock uncertainty
                          0.00    0.25   clock reconvergence pessimism
                                  0.25 ^ _707_/CLK (sky130_fd_sc_hd__dfrtp_2)
                          0.35    0.60   library removal time
                                  0.60   data required time
-----------------------------------------------------------------------------
                                  0.60   data required time
                                 -2.55   data arrival time
-----------------------------------------------------------------------------
                                  1.95   slack (MET)


Startpoint: rst (input port clocked by clk)
Endpoint: _708_ (removal check against rising-edge clock clk)
Path Group: asynchronous
Path Type: min

Fanout     Cap    Slew   Delay    Time   Description
-----------------------------------------------------------------------------
                  0.15    0.00    0.00   clock clk (rise edge)
                          0.00    0.00   clock network delay (ideal)
                          2.00    2.00 v input external delay
                  0.01    0.00    2.00 v rst (in)
     1    0.00                           rst (net)
                  0.01    0.00    2.00 v _634_/A (sky130_fd_sc_hd__buf_1)
                  0.16    0.17    2.17 v _634_/X (sky130_fd_sc_hd__buf_1)
     9    0.03                           _341_ (net)
                  0.16    0.00    2.17 v _646_/A (sky130_fd_sc_hd__buf_1)
                  0.25    0.29    2.46 v _646_/X (sky130_fd_sc_hd__buf_1)
    10    0.04                           _343_ (net)
                  0.25    0.00    2.46 v _651_/A (sky130_fd_sc_hd__inv_2)
                  0.06    0.09    2.55 ^ _651_/Y (sky130_fd_sc_hd__inv_2)
     1    0.00                           _015_ (net)
                  0.06    0.00    2.55 ^ _708_/RESET_B (sky130_fd_sc_hd__dfrtp_2)
                                  2.55   data arrival time

                  0.15    0.00    0.00   clock clk (rise edge)
                          0.00    0.00   clock network delay (ideal)
                          0.25    0.25   clock uncertainty
                          0.00    0.25   clock reconvergence pessimism
                                  0.25 ^ _708_/CLK (sky130_fd_sc_hd__dfrtp_2)
                          0.35    0.60   library removal time
                                  0.60   data required time
-----------------------------------------------------------------------------
                                  0.60   data required time
                                 -2.55   data arrival time
-----------------------------------------------------------------------------
                                  1.95   slack (MET)


Startpoint: rst (input port clocked by clk)
Endpoint: _709_ (removal check against rising-edge clock clk)
Path Group: asynchronous
Path Type: min

Fanout     Cap    Slew   Delay    Time   Description
-----------------------------------------------------------------------------
                  0.15    0.00    0.00   clock clk (rise edge)
                          0.00    0.00   clock network delay (ideal)
                          2.00    2.00 v input external delay
                  0.01    0.00    2.00 v rst (in)
     1    0.00                           rst (net)
                  0.01    0.00    2.00 v _634_/A (sky130_fd_sc_hd__buf_1)
                  0.16    0.17    2.17 v _634_/X (sky130_fd_sc_hd__buf_1)
     9    0.03                           _341_ (net)
                  0.16    0.00    2.17 v _646_/A (sky130_fd_sc_hd__buf_1)
                  0.25    0.29    2.46 v _646_/X (sky130_fd_sc_hd__buf_1)
    10    0.04                           _343_ (net)
                  0.25    0.00    2.46 v _652_/A (sky130_fd_sc_hd__inv_2)
                  0.06    0.09    2.55 ^ _652_/Y (sky130_fd_sc_hd__inv_2)
     1    0.00                           _016_ (net)
                  0.06    0.00    2.55 ^ _709_/RESET_B (sky130_fd_sc_hd__dfrtp_2)
                                  2.55   data arrival time

                  0.15    0.00    0.00   clock clk (rise edge)
                          0.00    0.00   clock network delay (ideal)
                          0.25    0.25   clock uncertainty
                          0.00    0.25   clock reconvergence pessimism
                                  0.25 ^ _709_/CLK (sky130_fd_sc_hd__dfrtp_2)
                          0.35    0.60   library removal time
                                  0.60   data required time
-----------------------------------------------------------------------------
                                  0.60   data required time
                                 -2.55   data arrival time
-----------------------------------------------------------------------------
                                  1.95   slack (MET)


Startpoint: rst (input port clocked by clk)
Endpoint: _710_ (removal check against rising-edge clock clk)
Path Group: asynchronous
Path Type: min

Fanout     Cap    Slew   Delay    Time   Description
-----------------------------------------------------------------------------
                  0.15    0.00    0.00   clock clk (rise edge)
                          0.00    0.00   clock network delay (ideal)
                          2.00    2.00 v input external delay
                  0.01    0.00    2.00 v rst (in)
     1    0.00                           rst (net)
                  0.01    0.00    2.00 v _634_/A (sky130_fd_sc_hd__buf_1)
                  0.16    0.17    2.17 v _634_/X (sky130_fd_sc_hd__buf_1)
     9    0.03                           _341_ (net)
                  0.16    0.00    2.17 v _646_/A (sky130_fd_sc_hd__buf_1)
                  0.25    0.29    2.46 v _646_/X (sky130_fd_sc_hd__buf_1)
    10    0.04                           _343_ (net)
                  0.25    0.00    2.46 v _653_/A (sky130_fd_sc_hd__inv_2)
                  0.06    0.09    2.55 ^ _653_/Y (sky130_fd_sc_hd__inv_2)
     1    0.00                           _017_ (net)
                  0.06    0.00    2.55 ^ _710_/RESET_B (sky130_fd_sc_hd__dfrtp_2)
                                  2.55   data arrival time

                  0.15    0.00    0.00   clock clk (rise edge)
                          0.00    0.00   clock network delay (ideal)
                          0.25    0.25   clock uncertainty
                          0.00    0.25   clock reconvergence pessimism
                                  0.25 ^ _710_/CLK (sky130_fd_sc_hd__dfrtp_2)
                          0.35    0.60   library removal time
                                  0.60   data required time
-----------------------------------------------------------------------------
                                  0.60   data required time
                                 -2.55   data arrival time
-----------------------------------------------------------------------------
                                  1.95   slack (MET)


Startpoint: rst (input port clocked by clk)
Endpoint: _711_ (removal check against rising-edge clock clk)
Path Group: asynchronous
Path Type: min

Fanout     Cap    Slew   Delay    Time   Description
-----------------------------------------------------------------------------
                  0.15    0.00    0.00   clock clk (rise edge)
                          0.00    0.00   clock network delay (ideal)
                          2.00    2.00 v input external delay
                  0.01    0.00    2.00 v rst (in)
     1    0.00                           rst (net)
                  0.01    0.00    2.00 v _634_/A (sky130_fd_sc_hd__buf_1)
                  0.16    0.17    2.17 v _634_/X (sky130_fd_sc_hd__buf_1)
     9    0.03                           _341_ (net)
                  0.16    0.00    2.17 v _646_/A (sky130_fd_sc_hd__buf_1)
                  0.25    0.29    2.46 v _646_/X (sky130_fd_sc_hd__buf_1)
    10    0.04                           _343_ (net)
                  0.25    0.00    2.46 v _654_/A (sky130_fd_sc_hd__inv_2)
                  0.06    0.09    2.55 ^ _654_/Y (sky130_fd_sc_hd__inv_2)
     1    0.00                           _018_ (net)
                  0.06    0.00    2.55 ^ _711_/RESET_B (sky130_fd_sc_hd__dfrtp_2)
                                  2.55   data arrival time

                  0.15    0.00    0.00   clock clk (rise edge)
                          0.00    0.00   clock network delay (ideal)
                          0.25    0.25   clock uncertainty
                          0.00    0.25   clock reconvergence pessimism
                                  0.25 ^ _711_/CLK (sky130_fd_sc_hd__dfrtp_2)
                          0.35    0.60   library removal time
                                  0.60   data required time
-----------------------------------------------------------------------------
                                  0.60   data required time
                                 -2.55   data arrival time
-----------------------------------------------------------------------------
                                  1.95   slack (MET)


Startpoint: rst (input port clocked by clk)
Endpoint: _712_ (removal check against rising-edge clock clk)
Path Group: asynchronous
Path Type: min

Fanout     Cap    Slew   Delay    Time   Description
-----------------------------------------------------------------------------
                  0.15    0.00    0.00   clock clk (rise edge)
                          0.00    0.00   clock network delay (ideal)
                          2.00    2.00 v input external delay
                  0.01    0.00    2.00 v rst (in)
     1    0.00                           rst (net)
                  0.01    0.00    2.00 v _634_/A (sky130_fd_sc_hd__buf_1)
                  0.16    0.17    2.17 v _634_/X (sky130_fd_sc_hd__buf_1)
     9    0.03                           _341_ (net)
                  0.16    0.00    2.17 v _646_/A (sky130_fd_sc_hd__buf_1)
                  0.25    0.29    2.46 v _646_/X (sky130_fd_sc_hd__buf_1)
    10    0.04                           _343_ (net)
                  0.25    0.00    2.46 v _655_/A (sky130_fd_sc_hd__inv_2)
                  0.06    0.09    2.55 ^ _655_/Y (sky130_fd_sc_hd__inv_2)
     1    0.00                           _019_ (net)
                  0.06    0.00    2.55 ^ _712_/RESET_B (sky130_fd_sc_hd__dfrtp_2)
                                  2.55   data arrival time

                  0.15    0.00    0.00   clock clk (rise edge)
                          0.00    0.00   clock network delay (ideal)
                          0.25    0.25   clock uncertainty
                          0.00    0.25   clock reconvergence pessimism
                                  0.25 ^ _712_/CLK (sky130_fd_sc_hd__dfrtp_2)
                          0.35    0.60   library removal time
                                  0.60   data required time
-----------------------------------------------------------------------------
                                  0.60   data required time
                                 -2.55   data arrival time
-----------------------------------------------------------------------------
                                  1.95   slack (MET)


Startpoint: rst (input port clocked by clk)
Endpoint: _713_ (removal check against rising-edge clock clk)
Path Group: asynchronous
Path Type: min

Fanout     Cap    Slew   Delay    Time   Description
-----------------------------------------------------------------------------
                  0.15    0.00    0.00   clock clk (rise edge)
                          0.00    0.00   clock network delay (ideal)
                          2.00    2.00 v input external delay
                  0.01    0.00    2.00 v rst (in)
     1    0.00                           rst (net)
                  0.01    0.00    2.00 v _634_/A (sky130_fd_sc_hd__buf_1)
                  0.16    0.17    2.17 v _634_/X (sky130_fd_sc_hd__buf_1)
     9    0.03                           _341_ (net)
                  0.16    0.00    2.17 v _646_/A (sky130_fd_sc_hd__buf_1)
                  0.25    0.29    2.46 v _646_/X (sky130_fd_sc_hd__buf_1)
    10    0.04                           _343_ (net)
                  0.25    0.00    2.46 v _656_/A (sky130_fd_sc_hd__inv_2)
                  0.06    0.09    2.55 ^ _656_/Y (sky130_fd_sc_hd__inv_2)
     1    0.00                           _020_ (net)
                  0.06    0.00    2.55 ^ _713_/RESET_B (sky130_fd_sc_hd__dfrtp_2)
                                  2.55   data arrival time

                  0.15    0.00    0.00   clock clk (rise edge)
                          0.00    0.00   clock network delay (ideal)
                          0.25    0.25   clock uncertainty
                          0.00    0.25   clock reconvergence pessimism
                                  0.25 ^ _713_/CLK (sky130_fd_sc_hd__dfrtp_2)
                          0.35    0.60   library removal time
                                  0.60   data required time
-----------------------------------------------------------------------------
                                  0.60   data required time
                                 -2.55   data arrival time
-----------------------------------------------------------------------------
                                  1.95   slack (MET)


Startpoint: rst (input port clocked by clk)
Endpoint: _714_ (removal check against rising-edge clock clk)
Path Group: asynchronous
Path Type: min

Fanout     Cap    Slew   Delay    Time   Description
-----------------------------------------------------------------------------
                  0.15    0.00    0.00   clock clk (rise edge)
                          0.00    0.00   clock network delay (ideal)
                          2.00    2.00 v input external delay
                  0.01    0.00    2.00 v rst (in)
     1    0.00                           rst (net)
                  0.01    0.00    2.00 v _634_/A (sky130_fd_sc_hd__buf_1)
                  0.16    0.17    2.17 v _634_/X (sky130_fd_sc_hd__buf_1)
     9    0.03                           _341_ (net)
                  0.16    0.00    2.17 v _657_/A (sky130_fd_sc_hd__buf_1)
                  0.25    0.29    2.46 v _657_/X (sky130_fd_sc_hd__buf_1)
    10    0.04                           _344_ (net)
                  0.25    0.00    2.46 v _658_/A (sky130_fd_sc_hd__inv_2)
                  0.06    0.09    2.55 ^ _658_/Y (sky130_fd_sc_hd__inv_2)
     1    0.00                           _021_ (net)
                  0.06    0.00    2.55 ^ _714_/RESET_B (sky130_fd_sc_hd__dfrtp_2)
                                  2.55   data arrival time

                  0.15    0.00    0.00   clock clk (rise edge)
                          0.00    0.00   clock network delay (ideal)
                          0.25    0.25   clock uncertainty
                          0.00    0.25   clock reconvergence pessimism
                                  0.25 ^ _714_/CLK (sky130_fd_sc_hd__dfrtp_2)
                          0.35    0.60   library removal time
                                  0.60   data required time
-----------------------------------------------------------------------------
                                  0.60   data required time
                                 -2.55   data arrival time
-----------------------------------------------------------------------------
                                  1.95   slack (MET)


Startpoint: rst (input port clocked by clk)
Endpoint: _715_ (removal check against rising-edge clock clk)
Path Group: asynchronous
Path Type: min

Fanout     Cap    Slew   Delay    Time   Description
-----------------------------------------------------------------------------
                  0.15    0.00    0.00   clock clk (rise edge)
                          0.00    0.00   clock network delay (ideal)
                          2.00    2.00 v input external delay
                  0.01    0.00    2.00 v rst (in)
     1    0.00                           rst (net)
                  0.01    0.00    2.00 v _634_/A (sky130_fd_sc_hd__buf_1)
                  0.16    0.17    2.17 v _634_/X (sky130_fd_sc_hd__buf_1)
     9    0.03                           _341_ (net)
                  0.16    0.00    2.17 v _657_/A (sky130_fd_sc_hd__buf_1)
                  0.25    0.29    2.46 v _657_/X (sky130_fd_sc_hd__buf_1)
    10    0.04                           _344_ (net)
                  0.25    0.00    2.46 v _659_/A (sky130_fd_sc_hd__inv_2)
                  0.06    0.09    2.55 ^ _659_/Y (sky130_fd_sc_hd__inv_2)
     1    0.00                           _022_ (net)
                  0.06    0.00    2.55 ^ _715_/RESET_B (sky130_fd_sc_hd__dfrtp_2)
                                  2.55   data arrival time

                  0.15    0.00    0.00   clock clk (rise edge)
                          0.00    0.00   clock network delay (ideal)
                          0.25    0.25   clock uncertainty
                          0.00    0.25   clock reconvergence pessimism
                                  0.25 ^ _715_/CLK (sky130_fd_sc_hd__dfrtp_2)
                          0.35    0.60   library removal time
                                  0.60   data required time
-----------------------------------------------------------------------------
                                  0.60   data required time
                                 -2.55   data arrival time
-----------------------------------------------------------------------------
                                  1.95   slack (MET)


Startpoint: rst (input port clocked by clk)
Endpoint: _716_ (removal check against rising-edge clock clk)
Path Group: asynchronous
Path Type: min

Fanout     Cap    Slew   Delay    Time   Description
-----------------------------------------------------------------------------
                  0.15    0.00    0.00   clock clk (rise edge)
                          0.00    0.00   clock network delay (ideal)
                          2.00    2.00 v input external delay
                  0.01    0.00    2.00 v rst (in)
     1    0.00                           rst (net)
                  0.01    0.00    2.00 v _634_/A (sky130_fd_sc_hd__buf_1)
                  0.16    0.17    2.17 v _634_/X (sky130_fd_sc_hd__buf_1)
     9    0.03                           _341_ (net)
                  0.16    0.00    2.17 v _657_/A (sky130_fd_sc_hd__buf_1)
                  0.25    0.29    2.46 v _657_/X (sky130_fd_sc_hd__buf_1)
    10    0.04                           _344_ (net)
                  0.25    0.00    2.46 v _660_/A (sky130_fd_sc_hd__inv_2)
                  0.06    0.09    2.55 ^ _660_/Y (sky130_fd_sc_hd__inv_2)
     1    0.00                           _023_ (net)
                  0.06    0.00    2.55 ^ _716_/RESET_B (sky130_fd_sc_hd__dfrtp_2)
                                  2.55   data arrival time

                  0.15    0.00    0.00   clock clk (rise edge)
                          0.00    0.00   clock network delay (ideal)
                          0.25    0.25   clock uncertainty
                          0.00    0.25   clock reconvergence pessimism
                                  0.25 ^ _716_/CLK (sky130_fd_sc_hd__dfrtp_2)
                          0.35    0.60   library removal time
                                  0.60   data required time
-----------------------------------------------------------------------------
                                  0.60   data required time
                                 -2.55   data arrival time
-----------------------------------------------------------------------------
                                  1.95   slack (MET)


Startpoint: rst (input port clocked by clk)
Endpoint: _717_ (removal check against rising-edge clock clk)
Path Group: asynchronous
Path Type: min

Fanout     Cap    Slew   Delay    Time   Description
-----------------------------------------------------------------------------
                  0.15    0.00    0.00   clock clk (rise edge)
                          0.00    0.00   clock network delay (ideal)
                          2.00    2.00 v input external delay
                  0.01    0.00    2.00 v rst (in)
     1    0.00                           rst (net)
                  0.01    0.00    2.00 v _634_/A (sky130_fd_sc_hd__buf_1)
                  0.16    0.17    2.17 v _634_/X (sky130_fd_sc_hd__buf_1)
     9    0.03                           _341_ (net)
                  0.16    0.00    2.17 v _657_/A (sky130_fd_sc_hd__buf_1)
                  0.25    0.29    2.46 v _657_/X (sky130_fd_sc_hd__buf_1)
    10    0.04                           _344_ (net)
                  0.25    0.00    2.46 v _661_/A (sky130_fd_sc_hd__inv_2)
                  0.06    0.09    2.55 ^ _661_/Y (sky130_fd_sc_hd__inv_2)
     1    0.00                           _024_ (net)
                  0.06    0.00    2.55 ^ _717_/RESET_B (sky130_fd_sc_hd__dfrtp_2)
                                  2.55   data arrival time

                  0.15    0.00    0.00   clock clk (rise edge)
                          0.00    0.00   clock network delay (ideal)
                          0.25    0.25   clock uncertainty
                          0.00    0.25   clock reconvergence pessimism
                                  0.25 ^ _717_/CLK (sky130_fd_sc_hd__dfrtp_2)
                          0.35    0.60   library removal time
                                  0.60   data required time
-----------------------------------------------------------------------------
                                  0.60   data required time
                                 -2.55   data arrival time
-----------------------------------------------------------------------------
                                  1.95   slack (MET)


Startpoint: rst (input port clocked by clk)
Endpoint: _718_ (removal check against rising-edge clock clk)
Path Group: asynchronous
Path Type: min

Fanout     Cap    Slew   Delay    Time   Description
-----------------------------------------------------------------------------
                  0.15    0.00    0.00   clock clk (rise edge)
                          0.00    0.00   clock network delay (ideal)
                          2.00    2.00 v input external delay
                  0.01    0.00    2.00 v rst (in)
     1    0.00                           rst (net)
                  0.01    0.00    2.00 v _634_/A (sky130_fd_sc_hd__buf_1)
                  0.16    0.17    2.17 v _634_/X (sky130_fd_sc_hd__buf_1)
     9    0.03                           _341_ (net)
                  0.16    0.00    2.17 v _657_/A (sky130_fd_sc_hd__buf_1)
                  0.25    0.29    2.46 v _657_/X (sky130_fd_sc_hd__buf_1)
    10    0.04                           _344_ (net)
                  0.25    0.00    2.46 v _662_/A (sky130_fd_sc_hd__inv_2)
                  0.06    0.09    2.55 ^ _662_/Y (sky130_fd_sc_hd__inv_2)
     1    0.00                           _025_ (net)
                  0.06    0.00    2.55 ^ _718_/RESET_B (sky130_fd_sc_hd__dfrtp_2)
                                  2.55   data arrival time

                  0.15    0.00    0.00   clock clk (rise edge)
                          0.00    0.00   clock network delay (ideal)
                          0.25    0.25   clock uncertainty
                          0.00    0.25   clock reconvergence pessimism
                                  0.25 ^ _718_/CLK (sky130_fd_sc_hd__dfrtp_2)
                          0.35    0.60   library removal time
                                  0.60   data required time
-----------------------------------------------------------------------------
                                  0.60   data required time
                                 -2.55   data arrival time
-----------------------------------------------------------------------------
                                  1.95   slack (MET)


Startpoint: rst (input port clocked by clk)
Endpoint: _719_ (removal check against rising-edge clock clk)
Path Group: asynchronous
Path Type: min

Fanout     Cap    Slew   Delay    Time   Description
-----------------------------------------------------------------------------
                  0.15    0.00    0.00   clock clk (rise edge)
                          0.00    0.00   clock network delay (ideal)
                          2.00    2.00 v input external delay
                  0.01    0.00    2.00 v rst (in)
     1    0.00                           rst (net)
                  0.01    0.00    2.00 v _634_/A (sky130_fd_sc_hd__buf_1)
                  0.16    0.17    2.17 v _634_/X (sky130_fd_sc_hd__buf_1)
     9    0.03                           _341_ (net)
                  0.16    0.00    2.17 v _657_/A (sky130_fd_sc_hd__buf_1)
                  0.25    0.29    2.46 v _657_/X (sky130_fd_sc_hd__buf_1)
    10    0.04                           _344_ (net)
                  0.25    0.00    2.46 v _663_/A (sky130_fd_sc_hd__inv_2)
                  0.06    0.09    2.55 ^ _663_/Y (sky130_fd_sc_hd__inv_2)
     1    0.00                           _026_ (net)
                  0.06    0.00    2.55 ^ _719_/RESET_B (sky130_fd_sc_hd__dfrtp_2)
                                  2.55   data arrival time

                  0.15    0.00    0.00   clock clk (rise edge)
                          0.00    0.00   clock network delay (ideal)
                          0.25    0.25   clock uncertainty
                          0.00    0.25   clock reconvergence pessimism
                                  0.25 ^ _719_/CLK (sky130_fd_sc_hd__dfrtp_2)
                          0.35    0.60   library removal time
                                  0.60   data required time
-----------------------------------------------------------------------------
                                  0.60   data required time
                                 -2.55   data arrival time
-----------------------------------------------------------------------------
                                  1.95   slack (MET)


Startpoint: rst (input port clocked by clk)
Endpoint: _720_ (removal check against rising-edge clock clk)
Path Group: asynchronous
Path Type: min

Fanout     Cap    Slew   Delay    Time   Description
-----------------------------------------------------------------------------
                  0.15    0.00    0.00   clock clk (rise edge)
                          0.00    0.00   clock network delay (ideal)
                          2.00    2.00 v input external delay
                  0.01    0.00    2.00 v rst (in)
     1    0.00                           rst (net)
                  0.01    0.00    2.00 v _634_/A (sky130_fd_sc_hd__buf_1)
                  0.16    0.17    2.17 v _634_/X (sky130_fd_sc_hd__buf_1)
     9    0.03                           _341_ (net)
                  0.16    0.00    2.17 v _657_/A (sky130_fd_sc_hd__buf_1)
                  0.25    0.29    2.46 v _657_/X (sky130_fd_sc_hd__buf_1)
    10    0.04                           _344_ (net)
                  0.25    0.00    2.46 v _664_/A (sky130_fd_sc_hd__inv_2)
                  0.06    0.09    2.55 ^ _664_/Y (sky130_fd_sc_hd__inv_2)
     1    0.00                           _027_ (net)
                  0.06    0.00    2.55 ^ _720_/RESET_B (sky130_fd_sc_hd__dfrtp_2)
                                  2.55   data arrival time

                  0.15    0.00    0.00   clock clk (rise edge)
                          0.00    0.00   clock network delay (ideal)
                          0.25    0.25   clock uncertainty
                          0.00    0.25   clock reconvergence pessimism
                                  0.25 ^ _720_/CLK (sky130_fd_sc_hd__dfrtp_2)
                          0.35    0.60   library removal time
                                  0.60   data required time
-----------------------------------------------------------------------------
                                  0.60   data required time
                                 -2.55   data arrival time
-----------------------------------------------------------------------------
                                  1.95   slack (MET)


Startpoint: rst (input port clocked by clk)
Endpoint: _721_ (removal check against rising-edge clock clk)
Path Group: asynchronous
Path Type: min

Fanout     Cap    Slew   Delay    Time   Description
-----------------------------------------------------------------------------
                  0.15    0.00    0.00   clock clk (rise edge)
                          0.00    0.00   clock network delay (ideal)
                          2.00    2.00 v input external delay
                  0.01    0.00    2.00 v rst (in)
     1    0.00                           rst (net)
                  0.01    0.00    2.00 v _634_/A (sky130_fd_sc_hd__buf_1)
                  0.16    0.17    2.17 v _634_/X (sky130_fd_sc_hd__buf_1)
     9    0.03                           _341_ (net)
                  0.16    0.00    2.17 v _657_/A (sky130_fd_sc_hd__buf_1)
                  0.25    0.29    2.46 v _657_/X (sky130_fd_sc_hd__buf_1)
    10    0.04                           _344_ (net)
                  0.25    0.00    2.46 v _665_/A (sky130_fd_sc_hd__inv_2)
                  0.06    0.09    2.55 ^ _665_/Y (sky130_fd_sc_hd__inv_2)
     1    0.00                           _028_ (net)
                  0.06    0.00    2.55 ^ _721_/RESET_B (sky130_fd_sc_hd__dfrtp_2)
                                  2.55   data arrival time

                  0.15    0.00    0.00   clock clk (rise edge)
                          0.00    0.00   clock network delay (ideal)
                          0.25    0.25   clock uncertainty
                          0.00    0.25   clock reconvergence pessimism
                                  0.25 ^ _721_/CLK (sky130_fd_sc_hd__dfrtp_2)
                          0.35    0.60   library removal time
                                  0.60   data required time
-----------------------------------------------------------------------------
                                  0.60   data required time
                                 -2.55   data arrival time
-----------------------------------------------------------------------------
                                  1.95   slack (MET)


Startpoint: rst (input port clocked by clk)
Endpoint: _722_ (removal check against rising-edge clock clk)
Path Group: asynchronous
Path Type: min

Fanout     Cap    Slew   Delay    Time   Description
-----------------------------------------------------------------------------
                  0.15    0.00    0.00   clock clk (rise edge)
                          0.00    0.00   clock network delay (ideal)
                          2.00    2.00 v input external delay
                  0.01    0.00    2.00 v rst (in)
     1    0.00                           rst (net)
                  0.01    0.00    2.00 v _634_/A (sky130_fd_sc_hd__buf_1)
                  0.16    0.17    2.17 v _634_/X (sky130_fd_sc_hd__buf_1)
     9    0.03                           _341_ (net)
                  0.16    0.00    2.17 v _657_/A (sky130_fd_sc_hd__buf_1)
                  0.25    0.29    2.46 v _657_/X (sky130_fd_sc_hd__buf_1)
    10    0.04                           _344_ (net)
                  0.25    0.00    2.46 v _666_/A (sky130_fd_sc_hd__inv_2)
                  0.06    0.09    2.55 ^ _666_/Y (sky130_fd_sc_hd__inv_2)
     1    0.00                           _029_ (net)
                  0.06    0.00    2.55 ^ _722_/RESET_B (sky130_fd_sc_hd__dfrtp_2)
                                  2.55   data arrival time

                  0.15    0.00    0.00   clock clk (rise edge)
                          0.00    0.00   clock network delay (ideal)
                          0.25    0.25   clock uncertainty
                          0.00    0.25   clock reconvergence pessimism
                                  0.25 ^ _722_/CLK (sky130_fd_sc_hd__dfrtp_2)
                          0.35    0.60   library removal time
                                  0.60   data required time
-----------------------------------------------------------------------------
                                  0.60   data required time
                                 -2.55   data arrival time
-----------------------------------------------------------------------------
                                  1.95   slack (MET)


Startpoint: rst (input port clocked by clk)
Endpoint: _723_ (removal check against rising-edge clock clk)
Path Group: asynchronous
Path Type: min

Fanout     Cap    Slew   Delay    Time   Description
-----------------------------------------------------------------------------
                  0.15    0.00    0.00   clock clk (rise edge)
                          0.00    0.00   clock network delay (ideal)
                          2.00    2.00 v input external delay
                  0.01    0.00    2.00 v rst (in)
     1    0.00                           rst (net)
                  0.01    0.00    2.00 v _634_/A (sky130_fd_sc_hd__buf_1)
                  0.16    0.17    2.17 v _634_/X (sky130_fd_sc_hd__buf_1)
     9    0.03                           _341_ (net)
                  0.16    0.00    2.17 v _657_/A (sky130_fd_sc_hd__buf_1)
                  0.25    0.29    2.46 v _657_/X (sky130_fd_sc_hd__buf_1)
    10    0.04                           _344_ (net)
                  0.25    0.00    2.46 v _667_/A (sky130_fd_sc_hd__inv_2)
                  0.06    0.09    2.55 ^ _667_/Y (sky130_fd_sc_hd__inv_2)
     1    0.00                           _030_ (net)
                  0.06    0.00    2.55 ^ _723_/RESET_B (sky130_fd_sc_hd__dfrtp_2)
                                  2.55   data arrival time

                  0.15    0.00    0.00   clock clk (rise edge)
                          0.00    0.00   clock network delay (ideal)
                          0.25    0.25   clock uncertainty
                          0.00    0.25   clock reconvergence pessimism
                                  0.25 ^ _723_/CLK (sky130_fd_sc_hd__dfrtp_2)
                          0.35    0.60   library removal time
                                  0.60   data required time
-----------------------------------------------------------------------------
                                  0.60   data required time
                                 -2.55   data arrival time
-----------------------------------------------------------------------------
                                  1.95   slack (MET)


Startpoint: rst (input port clocked by clk)
Endpoint: _724_ (removal check against rising-edge clock clk)
Path Group: asynchronous
Path Type: min

Fanout     Cap    Slew   Delay    Time   Description
-----------------------------------------------------------------------------
                  0.15    0.00    0.00   clock clk (rise edge)
                          0.00    0.00   clock network delay (ideal)
                          2.00    2.00 v input external delay
                  0.01    0.00    2.00 v rst (in)
     1    0.00                           rst (net)
                  0.01    0.00    2.00 v _634_/A (sky130_fd_sc_hd__buf_1)
                  0.16    0.17    2.17 v _634_/X (sky130_fd_sc_hd__buf_1)
     9    0.03                           _341_ (net)
                  0.16    0.00    2.17 v _668_/A (sky130_fd_sc_hd__buf_1)
                  0.25    0.29    2.46 v _668_/X (sky130_fd_sc_hd__buf_1)
    10    0.04                           _345_ (net)
                  0.25    0.00    2.46 v _669_/A (sky130_fd_sc_hd__inv_2)
                  0.06    0.09    2.55 ^ _669_/Y (sky130_fd_sc_hd__inv_2)
     1    0.00                           _031_ (net)
                  0.06    0.00    2.55 ^ _724_/RESET_B (sky130_fd_sc_hd__dfrtp_2)
                                  2.55   data arrival time

                  0.15    0.00    0.00   clock clk (rise edge)
                          0.00    0.00   clock network delay (ideal)
                          0.25    0.25   clock uncertainty
                          0.00    0.25   clock reconvergence pessimism
                                  0.25 ^ _724_/CLK (sky130_fd_sc_hd__dfrtp_2)
                          0.35    0.60   library removal time
                                  0.60   data required time
-----------------------------------------------------------------------------
                                  0.60   data required time
                                 -2.55   data arrival time
-----------------------------------------------------------------------------
                                  1.95   slack (MET)


Startpoint: rst (input port clocked by clk)
Endpoint: _725_ (removal check against rising-edge clock clk)
Path Group: asynchronous
Path Type: min

Fanout     Cap    Slew   Delay    Time   Description
-----------------------------------------------------------------------------
                  0.15    0.00    0.00   clock clk (rise edge)
                          0.00    0.00   clock network delay (ideal)
                          2.00    2.00 v input external delay
                  0.01    0.00    2.00 v rst (in)
     1    0.00                           rst (net)
                  0.01    0.00    2.00 v _634_/A (sky130_fd_sc_hd__buf_1)
                  0.16    0.17    2.17 v _634_/X (sky130_fd_sc_hd__buf_1)
     9    0.03                           _341_ (net)
                  0.16    0.00    2.17 v _668_/A (sky130_fd_sc_hd__buf_1)
                  0.25    0.29    2.46 v _668_/X (sky130_fd_sc_hd__buf_1)
    10    0.04                           _345_ (net)
                  0.25    0.00    2.46 v _670_/A (sky130_fd_sc_hd__inv_2)
                  0.06    0.09    2.55 ^ _670_/Y (sky130_fd_sc_hd__inv_2)
     1    0.00                           _032_ (net)
                  0.06    0.00    2.55 ^ _725_/RESET_B (sky130_fd_sc_hd__dfrtp_2)
                                  2.55   data arrival time

                  0.15    0.00    0.00   clock clk (rise edge)
                          0.00    0.00   clock network delay (ideal)
                          0.25    0.25   clock uncertainty
                          0.00    0.25   clock reconvergence pessimism
                                  0.25 ^ _725_/CLK (sky130_fd_sc_hd__dfrtp_2)
                          0.35    0.60   library removal time
                                  0.60   data required time
-----------------------------------------------------------------------------
                                  0.60   data required time
                                 -2.55   data arrival time
-----------------------------------------------------------------------------
                                  1.95   slack (MET)


Startpoint: rst (input port clocked by clk)
Endpoint: _726_ (removal check against rising-edge clock clk)
Path Group: asynchronous
Path Type: min

Fanout     Cap    Slew   Delay    Time   Description
-----------------------------------------------------------------------------
                  0.15    0.00    0.00   clock clk (rise edge)
                          0.00    0.00   clock network delay (ideal)
                          2.00    2.00 v input external delay
                  0.01    0.00    2.00 v rst (in)
     1    0.00                           rst (net)
                  0.01    0.00    2.00 v _634_/A (sky130_fd_sc_hd__buf_1)
                  0.16    0.17    2.17 v _634_/X (sky130_fd_sc_hd__buf_1)
     9    0.03                           _341_ (net)
                  0.16    0.00    2.17 v _668_/A (sky130_fd_sc_hd__buf_1)
                  0.25    0.29    2.46 v _668_/X (sky130_fd_sc_hd__buf_1)
    10    0.04                           _345_ (net)
                  0.25    0.00    2.46 v _671_/A (sky130_fd_sc_hd__inv_2)
                  0.06    0.09    2.55 ^ _671_/Y (sky130_fd_sc_hd__inv_2)
     1    0.00                           _033_ (net)
                  0.06    0.00    2.55 ^ _726_/RESET_B (sky130_fd_sc_hd__dfrtp_2)
                                  2.55   data arrival time

                  0.15    0.00    0.00   clock clk (rise edge)
                          0.00    0.00   clock network delay (ideal)
                          0.25    0.25   clock uncertainty
                          0.00    0.25   clock reconvergence pessimism
                                  0.25 ^ _726_/CLK (sky130_fd_sc_hd__dfrtp_2)
                          0.35    0.60   library removal time
                                  0.60   data required time
-----------------------------------------------------------------------------
                                  0.60   data required time
                                 -2.55   data arrival time
-----------------------------------------------------------------------------
                                  1.95   slack (MET)


Startpoint: rst (input port clocked by clk)
Endpoint: _727_ (removal check against rising-edge clock clk)
Path Group: asynchronous
Path Type: min

Fanout     Cap    Slew   Delay    Time   Description
-----------------------------------------------------------------------------
                  0.15    0.00    0.00   clock clk (rise edge)
                          0.00    0.00   clock network delay (ideal)
                          2.00    2.00 v input external delay
                  0.01    0.00    2.00 v rst (in)
     1    0.00                           rst (net)
                  0.01    0.00    2.00 v _634_/A (sky130_fd_sc_hd__buf_1)
                  0.16    0.17    2.17 v _634_/X (sky130_fd_sc_hd__buf_1)
     9    0.03                           _341_ (net)
                  0.16    0.00    2.17 v _668_/A (sky130_fd_sc_hd__buf_1)
                  0.25    0.29    2.46 v _668_/X (sky130_fd_sc_hd__buf_1)
    10    0.04                           _345_ (net)
                  0.25    0.00    2.46 v _672_/A (sky130_fd_sc_hd__inv_2)
                  0.06    0.09    2.55 ^ _672_/Y (sky130_fd_sc_hd__inv_2)
     1    0.00                           _034_ (net)
                  0.06    0.00    2.55 ^ _727_/RESET_B (sky130_fd_sc_hd__dfrtp_2)
                                  2.55   data arrival time

                  0.15    0.00    0.00   clock clk (rise edge)
                          0.00    0.00   clock network delay (ideal)
                          0.25    0.25   clock uncertainty
                          0.00    0.25   clock reconvergence pessimism
                                  0.25 ^ _727_/CLK (sky130_fd_sc_hd__dfrtp_2)
                          0.35    0.60   library removal time
                                  0.60   data required time
-----------------------------------------------------------------------------
                                  0.60   data required time
                                 -2.55   data arrival time
-----------------------------------------------------------------------------
                                  1.95   slack (MET)


Startpoint: rst (input port clocked by clk)
Endpoint: _728_ (removal check against rising-edge clock clk)
Path Group: asynchronous
Path Type: min

Fanout     Cap    Slew   Delay    Time   Description
-----------------------------------------------------------------------------
                  0.15    0.00    0.00   clock clk (rise edge)
                          0.00    0.00   clock network delay (ideal)
                          2.00    2.00 v input external delay
                  0.01    0.00    2.00 v rst (in)
     1    0.00                           rst (net)
                  0.01    0.00    2.00 v _634_/A (sky130_fd_sc_hd__buf_1)
                  0.16    0.17    2.17 v _634_/X (sky130_fd_sc_hd__buf_1)
     9    0.03                           _341_ (net)
                  0.16    0.00    2.17 v _668_/A (sky130_fd_sc_hd__buf_1)
                  0.25    0.29    2.46 v _668_/X (sky130_fd_sc_hd__buf_1)
    10    0.04                           _345_ (net)
                  0.25    0.00    2.46 v _673_/A (sky130_fd_sc_hd__inv_2)
                  0.06    0.09    2.55 ^ _673_/Y (sky130_fd_sc_hd__inv_2)
     1    0.00                           _035_ (net)
                  0.06    0.00    2.55 ^ _728_/RESET_B (sky130_fd_sc_hd__dfrtp_2)
                                  2.55   data arrival time

                  0.15    0.00    0.00   clock clk (rise edge)
                          0.00    0.00   clock network delay (ideal)
                          0.25    0.25   clock uncertainty
                          0.00    0.25   clock reconvergence pessimism
                                  0.25 ^ _728_/CLK (sky130_fd_sc_hd__dfrtp_2)
                          0.35    0.60   library removal time
                                  0.60   data required time
-----------------------------------------------------------------------------
                                  0.60   data required time
                                 -2.55   data arrival time
-----------------------------------------------------------------------------
                                  1.95   slack (MET)


Startpoint: rst (input port clocked by clk)
Endpoint: _729_ (removal check against rising-edge clock clk)
Path Group: asynchronous
Path Type: min

Fanout     Cap    Slew   Delay    Time   Description
-----------------------------------------------------------------------------
                  0.15    0.00    0.00   clock clk (rise edge)
                          0.00    0.00   clock network delay (ideal)
                          2.00    2.00 v input external delay
                  0.01    0.00    2.00 v rst (in)
     1    0.00                           rst (net)
                  0.01    0.00    2.00 v _634_/A (sky130_fd_sc_hd__buf_1)
                  0.16    0.17    2.17 v _634_/X (sky130_fd_sc_hd__buf_1)
     9    0.03                           _341_ (net)
                  0.16    0.00    2.17 v _668_/A (sky130_fd_sc_hd__buf_1)
                  0.25    0.29    2.46 v _668_/X (sky130_fd_sc_hd__buf_1)
    10    0.04                           _345_ (net)
                  0.25    0.00    2.46 v _674_/A (sky130_fd_sc_hd__inv_2)
                  0.06    0.09    2.55 ^ _674_/Y (sky130_fd_sc_hd__inv_2)
     1    0.00                           _036_ (net)
                  0.06    0.00    2.55 ^ _729_/RESET_B (sky130_fd_sc_hd__dfrtp_2)
                                  2.55   data arrival time

                  0.15    0.00    0.00   clock clk (rise edge)
                          0.00    0.00   clock network delay (ideal)
                          0.25    0.25   clock uncertainty
                          0.00    0.25   clock reconvergence pessimism
                                  0.25 ^ _729_/CLK (sky130_fd_sc_hd__dfrtp_2)
                          0.35    0.60   library removal time
                                  0.60   data required time
-----------------------------------------------------------------------------
                                  0.60   data required time
                                 -2.55   data arrival time
-----------------------------------------------------------------------------
                                  1.95   slack (MET)


Startpoint: rst (input port clocked by clk)
Endpoint: _730_ (removal check against rising-edge clock clk)
Path Group: asynchronous
Path Type: min

Fanout     Cap    Slew   Delay    Time   Description
-----------------------------------------------------------------------------
                  0.15    0.00    0.00   clock clk (rise edge)
                          0.00    0.00   clock network delay (ideal)
                          2.00    2.00 v input external delay
                  0.01    0.00    2.00 v rst (in)
     1    0.00                           rst (net)
                  0.01    0.00    2.00 v _634_/A (sky130_fd_sc_hd__buf_1)
                  0.16    0.17    2.17 v _634_/X (sky130_fd_sc_hd__buf_1)
     9    0.03                           _341_ (net)
                  0.16    0.00    2.17 v _668_/A (sky130_fd_sc_hd__buf_1)
                  0.25    0.29    2.46 v _668_/X (sky130_fd_sc_hd__buf_1)
    10    0.04                           _345_ (net)
                  0.25    0.00    2.46 v _675_/A (sky130_fd_sc_hd__inv_2)
                  0.06    0.09    2.55 ^ _675_/Y (sky130_fd_sc_hd__inv_2)
     1    0.00                           _037_ (net)
                  0.06    0.00    2.55 ^ _730_/RESET_B (sky130_fd_sc_hd__dfrtp_2)
                                  2.55   data arrival time

                  0.15    0.00    0.00   clock clk (rise edge)
                          0.00    0.00   clock network delay (ideal)
                          0.25    0.25   clock uncertainty
                          0.00    0.25   clock reconvergence pessimism
                                  0.25 ^ _730_/CLK (sky130_fd_sc_hd__dfrtp_2)
                          0.35    0.60   library removal time
                                  0.60   data required time
-----------------------------------------------------------------------------
                                  0.60   data required time
                                 -2.55   data arrival time
-----------------------------------------------------------------------------
                                  1.95   slack (MET)


Startpoint: rst (input port clocked by clk)
Endpoint: _731_ (removal check against rising-edge clock clk)
Path Group: asynchronous
Path Type: min

Fanout     Cap    Slew   Delay    Time   Description
-----------------------------------------------------------------------------
                  0.15    0.00    0.00   clock clk (rise edge)
                          0.00    0.00   clock network delay (ideal)
                          2.00    2.00 v input external delay
                  0.01    0.00    2.00 v rst (in)
     1    0.00                           rst (net)
                  0.01    0.00    2.00 v _634_/A (sky130_fd_sc_hd__buf_1)
                  0.16    0.17    2.17 v _634_/X (sky130_fd_sc_hd__buf_1)
     9    0.03                           _341_ (net)
                  0.16    0.00    2.17 v _668_/A (sky130_fd_sc_hd__buf_1)
                  0.25    0.29    2.46 v _668_/X (sky130_fd_sc_hd__buf_1)
    10    0.04                           _345_ (net)
                  0.25    0.00    2.46 v _676_/A (sky130_fd_sc_hd__inv_2)
                  0.06    0.09    2.55 ^ _676_/Y (sky130_fd_sc_hd__inv_2)
     1    0.00                           _038_ (net)
                  0.06    0.00    2.55 ^ _731_/RESET_B (sky130_fd_sc_hd__dfrtp_2)
                                  2.55   data arrival time

                  0.15    0.00    0.00   clock clk (rise edge)
                          0.00    0.00   clock network delay (ideal)
                          0.25    0.25   clock uncertainty
                          0.00    0.25   clock reconvergence pessimism
                                  0.25 ^ _731_/CLK (sky130_fd_sc_hd__dfrtp_2)
                          0.35    0.60   library removal time
                                  0.60   data required time
-----------------------------------------------------------------------------
                                  0.60   data required time
                                 -2.55   data arrival time
-----------------------------------------------------------------------------
                                  1.95   slack (MET)


Startpoint: rst (input port clocked by clk)
Endpoint: _732_ (removal check against rising-edge clock clk)
Path Group: asynchronous
Path Type: min

Fanout     Cap    Slew   Delay    Time   Description
-----------------------------------------------------------------------------
                  0.15    0.00    0.00   clock clk (rise edge)
                          0.00    0.00   clock network delay (ideal)
                          2.00    2.00 v input external delay
                  0.01    0.00    2.00 v rst (in)
     1    0.00                           rst (net)
                  0.01    0.00    2.00 v _634_/A (sky130_fd_sc_hd__buf_1)
                  0.16    0.17    2.17 v _634_/X (sky130_fd_sc_hd__buf_1)
     9    0.03                           _341_ (net)
                  0.16    0.00    2.17 v _668_/A (sky130_fd_sc_hd__buf_1)
                  0.25    0.29    2.46 v _668_/X (sky130_fd_sc_hd__buf_1)
    10    0.04                           _345_ (net)
                  0.25    0.00    2.46 v _677_/A (sky130_fd_sc_hd__inv_2)
                  0.06    0.09    2.55 ^ _677_/Y (sky130_fd_sc_hd__inv_2)
     1    0.00                           _039_ (net)
                  0.06    0.00    2.55 ^ _732_/RESET_B (sky130_fd_sc_hd__dfrtp_2)
                                  2.55   data arrival time

                  0.15    0.00    0.00   clock clk (rise edge)
                          0.00    0.00   clock network delay (ideal)
                          0.25    0.25   clock uncertainty
                          0.00    0.25   clock reconvergence pessimism
                                  0.25 ^ _732_/CLK (sky130_fd_sc_hd__dfrtp_2)
                          0.35    0.60   library removal time
                                  0.60   data required time
-----------------------------------------------------------------------------
                                  0.60   data required time
                                 -2.55   data arrival time
-----------------------------------------------------------------------------
                                  1.95   slack (MET)


Startpoint: rst (input port clocked by clk)
Endpoint: _733_ (removal check against rising-edge clock clk)
Path Group: asynchronous
Path Type: min

Fanout     Cap    Slew   Delay    Time   Description
-----------------------------------------------------------------------------
                  0.15    0.00    0.00   clock clk (rise edge)
                          0.00    0.00   clock network delay (ideal)
                          2.00    2.00 v input external delay
                  0.01    0.00    2.00 v rst (in)
     1    0.00                           rst (net)
                  0.01    0.00    2.00 v _634_/A (sky130_fd_sc_hd__buf_1)
                  0.16    0.17    2.17 v _634_/X (sky130_fd_sc_hd__buf_1)
     9    0.03                           _341_ (net)
                  0.16    0.00    2.17 v _668_/A (sky130_fd_sc_hd__buf_1)
                  0.25    0.29    2.46 v _668_/X (sky130_fd_sc_hd__buf_1)
    10    0.04                           _345_ (net)
                  0.25    0.00    2.46 v _678_/A (sky130_fd_sc_hd__inv_2)
                  0.06    0.09    2.55 ^ _678_/Y (sky130_fd_sc_hd__inv_2)
     1    0.00                           _040_ (net)
                  0.06    0.00    2.55 ^ _733_/RESET_B (sky130_fd_sc_hd__dfrtp_2)
                                  2.55   data arrival time

                  0.15    0.00    0.00   clock clk (rise edge)
                          0.00    0.00   clock network delay (ideal)
                          0.25    0.25   clock uncertainty
                          0.00    0.25   clock reconvergence pessimism
                                  0.25 ^ _733_/CLK (sky130_fd_sc_hd__dfrtp_2)
                          0.35    0.60   library removal time
                                  0.60   data required time
-----------------------------------------------------------------------------
                                  0.60   data required time
                                 -2.55   data arrival time
-----------------------------------------------------------------------------
                                  1.95   slack (MET)


Startpoint: rst (input port clocked by clk)
Endpoint: _734_ (removal check against rising-edge clock clk)
Path Group: asynchronous
Path Type: min

Fanout     Cap    Slew   Delay    Time   Description
-----------------------------------------------------------------------------
                  0.15    0.00    0.00   clock clk (rise edge)
                          0.00    0.00   clock network delay (ideal)
                          2.00    2.00 v input external delay
                  0.01    0.00    2.00 v rst (in)
     1    0.00                           rst (net)
                  0.01    0.00    2.00 v _634_/A (sky130_fd_sc_hd__buf_1)
                  0.16    0.17    2.17 v _634_/X (sky130_fd_sc_hd__buf_1)
     9    0.03                           _341_ (net)
                  0.16    0.00    2.17 v _679_/A (sky130_fd_sc_hd__buf_1)
                  0.25    0.29    2.46 v _679_/X (sky130_fd_sc_hd__buf_1)
    10    0.04                           _346_ (net)
                  0.25    0.00    2.46 v _680_/A (sky130_fd_sc_hd__inv_2)
                  0.06    0.09    2.55 ^ _680_/Y (sky130_fd_sc_hd__inv_2)
     1    0.00                           _041_ (net)
                  0.06    0.00    2.55 ^ _734_/RESET_B (sky130_fd_sc_hd__dfrtp_2)
                                  2.55   data arrival time

                  0.15    0.00    0.00   clock clk (rise edge)
                          0.00    0.00   clock network delay (ideal)
                          0.25    0.25   clock uncertainty
                          0.00    0.25   clock reconvergence pessimism
                                  0.25 ^ _734_/CLK (sky130_fd_sc_hd__dfrtp_2)
                          0.35    0.60   library removal time
                                  0.60   data required time
-----------------------------------------------------------------------------
                                  0.60   data required time
                                 -2.55   data arrival time
-----------------------------------------------------------------------------
                                  1.95   slack (MET)


Startpoint: rst (input port clocked by clk)
Endpoint: _735_ (removal check against rising-edge clock clk)
Path Group: asynchronous
Path Type: min

Fanout     Cap    Slew   Delay    Time   Description
-----------------------------------------------------------------------------
                  0.15    0.00    0.00   clock clk (rise edge)
                          0.00    0.00   clock network delay (ideal)
                          2.00    2.00 v input external delay
                  0.01    0.00    2.00 v rst (in)
     1    0.00                           rst (net)
                  0.01    0.00    2.00 v _634_/A (sky130_fd_sc_hd__buf_1)
                  0.16    0.17    2.17 v _634_/X (sky130_fd_sc_hd__buf_1)
     9    0.03                           _341_ (net)
                  0.16    0.00    2.17 v _679_/A (sky130_fd_sc_hd__buf_1)
                  0.25    0.29    2.46 v _679_/X (sky130_fd_sc_hd__buf_1)
    10    0.04                           _346_ (net)
                  0.25    0.00    2.46 v _681_/A (sky130_fd_sc_hd__inv_2)
                  0.06    0.09    2.55 ^ _681_/Y (sky130_fd_sc_hd__inv_2)
     1    0.00                           _042_ (net)
                  0.06    0.00    2.55 ^ _735_/RESET_B (sky130_fd_sc_hd__dfrtp_2)
                                  2.55   data arrival time

                  0.15    0.00    0.00   clock clk (rise edge)
                          0.00    0.00   clock network delay (ideal)
                          0.25    0.25   clock uncertainty
                          0.00    0.25   clock reconvergence pessimism
                                  0.25 ^ _735_/CLK (sky130_fd_sc_hd__dfrtp_2)
                          0.35    0.60   library removal time
                                  0.60   data required time
-----------------------------------------------------------------------------
                                  0.60   data required time
                                 -2.55   data arrival time
-----------------------------------------------------------------------------
                                  1.95   slack (MET)


Startpoint: rst (input port clocked by clk)
Endpoint: _736_ (removal check against rising-edge clock clk)
Path Group: asynchronous
Path Type: min

Fanout     Cap    Slew   Delay    Time   Description
-----------------------------------------------------------------------------
                  0.15    0.00    0.00   clock clk (rise edge)
                          0.00    0.00   clock network delay (ideal)
                          2.00    2.00 v input external delay
                  0.01    0.00    2.00 v rst (in)
     1    0.00                           rst (net)
                  0.01    0.00    2.00 v _634_/A (sky130_fd_sc_hd__buf_1)
                  0.16    0.17    2.17 v _634_/X (sky130_fd_sc_hd__buf_1)
     9    0.03                           _341_ (net)
                  0.16    0.00    2.17 v _679_/A (sky130_fd_sc_hd__buf_1)
                  0.25    0.29    2.46 v _679_/X (sky130_fd_sc_hd__buf_1)
    10    0.04                           _346_ (net)
                  0.25    0.00    2.46 v _682_/A (sky130_fd_sc_hd__inv_2)
                  0.06    0.09    2.55 ^ _682_/Y (sky130_fd_sc_hd__inv_2)
     1    0.00                           _043_ (net)
                  0.06    0.00    2.55 ^ _736_/RESET_B (sky130_fd_sc_hd__dfrtp_2)
                                  2.55   data arrival time

                  0.15    0.00    0.00   clock clk (rise edge)
                          0.00    0.00   clock network delay (ideal)
                          0.25    0.25   clock uncertainty
                          0.00    0.25   clock reconvergence pessimism
                                  0.25 ^ _736_/CLK (sky130_fd_sc_hd__dfrtp_2)
                          0.35    0.60   library removal time
                                  0.60   data required time
-----------------------------------------------------------------------------
                                  0.60   data required time
                                 -2.55   data arrival time
-----------------------------------------------------------------------------
                                  1.95   slack (MET)


Startpoint: rst (input port clocked by clk)
Endpoint: _737_ (removal check against rising-edge clock clk)
Path Group: asynchronous
Path Type: min

Fanout     Cap    Slew   Delay    Time   Description
-----------------------------------------------------------------------------
                  0.15    0.00    0.00   clock clk (rise edge)
                          0.00    0.00   clock network delay (ideal)
                          2.00    2.00 v input external delay
                  0.01    0.00    2.00 v rst (in)
     1    0.00                           rst (net)
                  0.01    0.00    2.00 v _634_/A (sky130_fd_sc_hd__buf_1)
                  0.16    0.17    2.17 v _634_/X (sky130_fd_sc_hd__buf_1)
     9    0.03                           _341_ (net)
                  0.16    0.00    2.17 v _679_/A (sky130_fd_sc_hd__buf_1)
                  0.25    0.29    2.46 v _679_/X (sky130_fd_sc_hd__buf_1)
    10    0.04                           _346_ (net)
                  0.25    0.00    2.46 v _683_/A (sky130_fd_sc_hd__inv_2)
                  0.06    0.09    2.55 ^ _683_/Y (sky130_fd_sc_hd__inv_2)
     1    0.00                           _044_ (net)
                  0.06    0.00    2.55 ^ _737_/RESET_B (sky130_fd_sc_hd__dfrtp_2)
                                  2.55   data arrival time

                  0.15    0.00    0.00   clock clk (rise edge)
                          0.00    0.00   clock network delay (ideal)
                          0.25    0.25   clock uncertainty
                          0.00    0.25   clock reconvergence pessimism
                                  0.25 ^ _737_/CLK (sky130_fd_sc_hd__dfrtp_2)
                          0.35    0.60   library removal time
                                  0.60   data required time
-----------------------------------------------------------------------------
                                  0.60   data required time
                                 -2.55   data arrival time
-----------------------------------------------------------------------------
                                  1.95   slack (MET)


Startpoint: rst (input port clocked by clk)
Endpoint: _738_ (removal check against rising-edge clock clk)
Path Group: asynchronous
Path Type: min

Fanout     Cap    Slew   Delay    Time   Description
-----------------------------------------------------------------------------
                  0.15    0.00    0.00   clock clk (rise edge)
                          0.00    0.00   clock network delay (ideal)
                          2.00    2.00 v input external delay
                  0.01    0.00    2.00 v rst (in)
     1    0.00                           rst (net)
                  0.01    0.00    2.00 v _634_/A (sky130_fd_sc_hd__buf_1)
                  0.16    0.17    2.17 v _634_/X (sky130_fd_sc_hd__buf_1)
     9    0.03                           _341_ (net)
                  0.16    0.00    2.17 v _679_/A (sky130_fd_sc_hd__buf_1)
                  0.25    0.29    2.46 v _679_/X (sky130_fd_sc_hd__buf_1)
    10    0.04                           _346_ (net)
                  0.25    0.00    2.46 v _684_/A (sky130_fd_sc_hd__inv_2)
                  0.06    0.09    2.55 ^ _684_/Y (sky130_fd_sc_hd__inv_2)
     1    0.00                           _045_ (net)
                  0.06    0.00    2.55 ^ _738_/RESET_B (sky130_fd_sc_hd__dfrtp_2)
                                  2.55   data arrival time

                  0.15    0.00    0.00   clock clk (rise edge)
                          0.00    0.00   clock network delay (ideal)
                          0.25    0.25   clock uncertainty
                          0.00    0.25   clock reconvergence pessimism
                                  0.25 ^ _738_/CLK (sky130_fd_sc_hd__dfrtp_2)
                          0.35    0.60   library removal time
                                  0.60   data required time
-----------------------------------------------------------------------------
                                  0.60   data required time
                                 -2.55   data arrival time
-----------------------------------------------------------------------------
                                  1.95   slack (MET)


Startpoint: rst (input port clocked by clk)
Endpoint: _739_ (removal check against rising-edge clock clk)
Path Group: asynchronous
Path Type: min

Fanout     Cap    Slew   Delay    Time   Description
-----------------------------------------------------------------------------
                  0.15    0.00    0.00   clock clk (rise edge)
                          0.00    0.00   clock network delay (ideal)
                          2.00    2.00 v input external delay
                  0.01    0.00    2.00 v rst (in)
     1    0.00                           rst (net)
                  0.01    0.00    2.00 v _634_/A (sky130_fd_sc_hd__buf_1)
                  0.16    0.17    2.17 v _634_/X (sky130_fd_sc_hd__buf_1)
     9    0.03                           _341_ (net)
                  0.16    0.00    2.17 v _679_/A (sky130_fd_sc_hd__buf_1)
                  0.25    0.29    2.46 v _679_/X (sky130_fd_sc_hd__buf_1)
    10    0.04                           _346_ (net)
                  0.25    0.00    2.46 v _685_/A (sky130_fd_sc_hd__inv_2)
                  0.06    0.09    2.55 ^ _685_/Y (sky130_fd_sc_hd__inv_2)
     1    0.00                           _046_ (net)
                  0.06    0.00    2.55 ^ _739_/RESET_B (sky130_fd_sc_hd__dfrtp_2)
                                  2.55   data arrival time

                  0.15    0.00    0.00   clock clk (rise edge)
                          0.00    0.00   clock network delay (ideal)
                          0.25    0.25   clock uncertainty
                          0.00    0.25   clock reconvergence pessimism
                                  0.25 ^ _739_/CLK (sky130_fd_sc_hd__dfrtp_2)
                          0.35    0.60   library removal time
                                  0.60   data required time
-----------------------------------------------------------------------------
                                  0.60   data required time
                                 -2.55   data arrival time
-----------------------------------------------------------------------------
                                  1.95   slack (MET)


Startpoint: rst (input port clocked by clk)
Endpoint: _740_ (removal check against rising-edge clock clk)
Path Group: asynchronous
Path Type: min

Fanout     Cap    Slew   Delay    Time   Description
-----------------------------------------------------------------------------
                  0.15    0.00    0.00   clock clk (rise edge)
                          0.00    0.00   clock network delay (ideal)
                          2.00    2.00 v input external delay
                  0.01    0.00    2.00 v rst (in)
     1    0.00                           rst (net)
                  0.01    0.00    2.00 v _634_/A (sky130_fd_sc_hd__buf_1)
                  0.16    0.17    2.17 v _634_/X (sky130_fd_sc_hd__buf_1)
     9    0.03                           _341_ (net)
                  0.16    0.00    2.17 v _679_/A (sky130_fd_sc_hd__buf_1)
                  0.25    0.29    2.46 v _679_/X (sky130_fd_sc_hd__buf_1)
    10    0.04                           _346_ (net)
                  0.25    0.00    2.46 v _686_/A (sky130_fd_sc_hd__inv_2)
                  0.06    0.09    2.55 ^ _686_/Y (sky130_fd_sc_hd__inv_2)
     1    0.00                           _047_ (net)
                  0.06    0.00    2.55 ^ _740_/RESET_B (sky130_fd_sc_hd__dfrtp_2)
                                  2.55   data arrival time

                  0.15    0.00    0.00   clock clk (rise edge)
                          0.00    0.00   clock network delay (ideal)
                          0.25    0.25   clock uncertainty
                          0.00    0.25   clock reconvergence pessimism
                                  0.25 ^ _740_/CLK (sky130_fd_sc_hd__dfrtp_2)
                          0.35    0.60   library removal time
                                  0.60   data required time
-----------------------------------------------------------------------------
                                  0.60   data required time
                                 -2.55   data arrival time
-----------------------------------------------------------------------------
                                  1.95   slack (MET)


Startpoint: rst (input port clocked by clk)
Endpoint: _741_ (removal check against rising-edge clock clk)
Path Group: asynchronous
Path Type: min

Fanout     Cap    Slew   Delay    Time   Description
-----------------------------------------------------------------------------
                  0.15    0.00    0.00   clock clk (rise edge)
                          0.00    0.00   clock network delay (ideal)
                          2.00    2.00 v input external delay
                  0.01    0.00    2.00 v rst (in)
     1    0.00                           rst (net)
                  0.01    0.00    2.00 v _634_/A (sky130_fd_sc_hd__buf_1)
                  0.16    0.17    2.17 v _634_/X (sky130_fd_sc_hd__buf_1)
     9    0.03                           _341_ (net)
                  0.16    0.00    2.17 v _679_/A (sky130_fd_sc_hd__buf_1)
                  0.25    0.29    2.46 v _679_/X (sky130_fd_sc_hd__buf_1)
    10    0.04                           _346_ (net)
                  0.25    0.00    2.46 v _687_/A (sky130_fd_sc_hd__inv_2)
                  0.06    0.09    2.55 ^ _687_/Y (sky130_fd_sc_hd__inv_2)
     1    0.00                           _048_ (net)
                  0.06    0.00    2.55 ^ _741_/RESET_B (sky130_fd_sc_hd__dfrtp_2)
                                  2.55   data arrival time

                  0.15    0.00    0.00   clock clk (rise edge)
                          0.00    0.00   clock network delay (ideal)
                          0.25    0.25   clock uncertainty
                          0.00    0.25   clock reconvergence pessimism
                                  0.25 ^ _741_/CLK (sky130_fd_sc_hd__dfrtp_2)
                          0.35    0.60   library removal time
                                  0.60   data required time
-----------------------------------------------------------------------------
                                  0.60   data required time
                                 -2.55   data arrival time
-----------------------------------------------------------------------------
                                  1.95   slack (MET)


Startpoint: rst (input port clocked by clk)
Endpoint: _742_ (removal check against rising-edge clock clk)
Path Group: asynchronous
Path Type: min

Fanout     Cap    Slew   Delay    Time   Description
-----------------------------------------------------------------------------
                  0.15    0.00    0.00   clock clk (rise edge)
                          0.00    0.00   clock network delay (ideal)
                          2.00    2.00 v input external delay
                  0.01    0.00    2.00 v rst (in)
     1    0.00                           rst (net)
                  0.01    0.00    2.00 v _634_/A (sky130_fd_sc_hd__buf_1)
                  0.16    0.17    2.17 v _634_/X (sky130_fd_sc_hd__buf_1)
     9    0.03                           _341_ (net)
                  0.16    0.00    2.17 v _679_/A (sky130_fd_sc_hd__buf_1)
                  0.25    0.29    2.46 v _679_/X (sky130_fd_sc_hd__buf_1)
    10    0.04                           _346_ (net)
                  0.25    0.00    2.46 v _688_/A (sky130_fd_sc_hd__inv_2)
                  0.06    0.09    2.55 ^ _688_/Y (sky130_fd_sc_hd__inv_2)
     1    0.00                           _049_ (net)
                  0.06    0.00    2.55 ^ _742_/RESET_B (sky130_fd_sc_hd__dfrtp_2)
                                  2.55   data arrival time

                  0.15    0.00    0.00   clock clk (rise edge)
                          0.00    0.00   clock network delay (ideal)
                          0.25    0.25   clock uncertainty
                          0.00    0.25   clock reconvergence pessimism
                                  0.25 ^ _742_/CLK (sky130_fd_sc_hd__dfrtp_2)
                          0.35    0.60   library removal time
                                  0.60   data required time
-----------------------------------------------------------------------------
                                  0.60   data required time
                                 -2.55   data arrival time
-----------------------------------------------------------------------------
                                  1.95   slack (MET)


Startpoint: rst (input port clocked by clk)
Endpoint: _743_ (removal check against rising-edge clock clk)
Path Group: asynchronous
Path Type: min

Fanout     Cap    Slew   Delay    Time   Description
-----------------------------------------------------------------------------
                  0.15    0.00    0.00   clock clk (rise edge)
                          0.00    0.00   clock network delay (ideal)
                          2.00    2.00 v input external delay
                  0.01    0.00    2.00 v rst (in)
     1    0.00                           rst (net)
                  0.01    0.00    2.00 v _634_/A (sky130_fd_sc_hd__buf_1)
                  0.16    0.17    2.17 v _634_/X (sky130_fd_sc_hd__buf_1)
     9    0.03                           _341_ (net)
                  0.16    0.00    2.17 v _679_/A (sky130_fd_sc_hd__buf_1)
                  0.25    0.29    2.46 v _679_/X (sky130_fd_sc_hd__buf_1)
    10    0.04                           _346_ (net)
                  0.25    0.00    2.46 v _689_/A (sky130_fd_sc_hd__inv_2)
                  0.06    0.09    2.55 ^ _689_/Y (sky130_fd_sc_hd__inv_2)
     1    0.00                           _050_ (net)
                  0.06    0.00    2.55 ^ _743_/RESET_B (sky130_fd_sc_hd__dfrtp_2)
                                  2.55   data arrival time

                  0.15    0.00    0.00   clock clk (rise edge)
                          0.00    0.00   clock network delay (ideal)
                          0.25    0.25   clock uncertainty
                          0.00    0.25   clock reconvergence pessimism
                                  0.25 ^ _743_/CLK (sky130_fd_sc_hd__dfrtp_2)
                          0.35    0.60   library removal time
                                  0.60   data required time
-----------------------------------------------------------------------------
                                  0.60   data required time
                                 -2.55   data arrival time
-----------------------------------------------------------------------------
                                  1.95   slack (MET)


Startpoint: _701_ (rising edge-triggered flip-flop clocked by clk)
Endpoint: product[0] (output port clocked by clk)
Path Group: clk
Path Type: min

Fanout     Cap    Slew   Delay    Time   Description
-----------------------------------------------------------------------------
                  0.15    0.00    0.00   clock clk (rise edge)
                          0.00    0.00   clock network delay (ideal)
                  0.15    0.00    0.00 ^ _701_/CLK (sky130_fd_sc_hd__dfrtp_2)
                  0.18    0.47    0.47 ^ _701_/Q (sky130_fd_sc_hd__dfrtp_2)
     2    0.04                           product[0] (net)
                  0.18    0.00    0.47 ^ product[0] (out)
                                  0.47   data arrival time

                  0.15    0.00    0.00   clock clk (rise edge)
                          0.00    0.00   clock network delay (ideal)
                          0.25    0.25   clock uncertainty
                          0.00    0.25   clock reconvergence pessimism
                         -2.00   -1.75   output external delay
                                 -1.75   data required time
-----------------------------------------------------------------------------
                                 -1.75   data required time
                                 -0.47   data arrival time
-----------------------------------------------------------------------------
                                  2.22   slack (MET)


Startpoint: _712_ (rising edge-triggered flip-flop clocked by clk)
Endpoint: product[11] (output port clocked by clk)
Path Group: clk
Path Type: min

Fanout     Cap    Slew   Delay    Time   Description
-----------------------------------------------------------------------------
                  0.15    0.00    0.00   clock clk (rise edge)
                          0.00    0.00   clock network delay (ideal)
                  0.15    0.00    0.00 ^ _712_/CLK (sky130_fd_sc_hd__dfrtp_2)
                  0.18    0.47    0.47 ^ _712_/Q (sky130_fd_sc_hd__dfrtp_2)
     2    0.04                           product[11] (net)
                  0.18    0.00    0.47 ^ product[11] (out)
                                  0.47   data arrival time

                  0.15    0.00    0.00   clock clk (rise edge)
                          0.00    0.00   clock network delay (ideal)
                          0.25    0.25   clock uncertainty
                          0.00    0.25   clock reconvergence pessimism
                         -2.00   -1.75   output external delay
                                 -1.75   data required time
-----------------------------------------------------------------------------
                                 -1.75   data required time
                                 -0.47   data arrival time
-----------------------------------------------------------------------------
                                  2.22   slack (MET)


Startpoint: _714_ (rising edge-triggered flip-flop clocked by clk)
Endpoint: product[13] (output port clocked by clk)
Path Group: clk
Path Type: min

Fanout     Cap    Slew   Delay    Time   Description
-----------------------------------------------------------------------------
                  0.15    0.00    0.00   clock clk (rise edge)
                          0.00    0.00   clock network delay (ideal)
                  0.15    0.00    0.00 ^ _714_/CLK (sky130_fd_sc_hd__dfrtp_2)
                  0.18    0.47    0.47 ^ _714_/Q (sky130_fd_sc_hd__dfrtp_2)
     2    0.04                           product[13] (net)
                  0.18    0.00    0.47 ^ product[13] (out)
                                  0.47   data arrival time

                  0.15    0.00    0.00   clock clk (rise edge)
                          0.00    0.00   clock network delay (ideal)
                          0.25    0.25   clock uncertainty
                          0.00    0.25   clock reconvergence pessimism
                         -2.00   -1.75   output external delay
                                 -1.75   data required time
-----------------------------------------------------------------------------
                                 -1.75   data required time
                                 -0.47   data arrival time
-----------------------------------------------------------------------------
                                  2.22   slack (MET)


Startpoint: _702_ (rising edge-triggered flip-flop clocked by clk)
Endpoint: product[1] (output port clocked by clk)
Path Group: clk
Path Type: min

Fanout     Cap    Slew   Delay    Time   Description
-----------------------------------------------------------------------------
                  0.15    0.00    0.00   clock clk (rise edge)
                          0.00    0.00   clock network delay (ideal)
                  0.15    0.00    0.00 ^ _702_/CLK (sky130_fd_sc_hd__dfrtp_2)
                  0.18    0.47    0.47 ^ _702_/Q (sky130_fd_sc_hd__dfrtp_2)
     2    0.04                           product[1] (net)
                  0.18    0.00    0.47 ^ product[1] (out)
                                  0.47   data arrival time

                  0.15    0.00    0.00   clock clk (rise edge)
                          0.00    0.00   clock network delay (ideal)
                          0.25    0.25   clock uncertainty
                          0.00    0.25   clock reconvergence pessimism
                         -2.00   -1.75   output external delay
                                 -1.75   data required time
-----------------------------------------------------------------------------
                                 -1.75   data required time
                                 -0.47   data arrival time
-----------------------------------------------------------------------------
                                  2.22   slack (MET)


Startpoint: _703_ (rising edge-triggered flip-flop clocked by clk)
Endpoint: product[2] (output port clocked by clk)
Path Group: clk
Path Type: min

Fanout     Cap    Slew   Delay    Time   Description
-----------------------------------------------------------------------------
                  0.15    0.00    0.00   clock clk (rise edge)
                          0.00    0.00   clock network delay (ideal)
                  0.15    0.00    0.00 ^ _703_/CLK (sky130_fd_sc_hd__dfrtp_2)
                  0.18    0.47    0.47 ^ _703_/Q (sky130_fd_sc_hd__dfrtp_2)
     2    0.04                           product[2] (net)
                  0.18    0.00    0.47 ^ product[2] (out)
                                  0.47   data arrival time

                  0.15    0.00    0.00   clock clk (rise edge)
                          0.00    0.00   clock network delay (ideal)
                          0.25    0.25   clock uncertainty
                          0.00    0.25   clock reconvergence pessimism
                         -2.00   -1.75   output external delay
                                 -1.75   data required time
-----------------------------------------------------------------------------
                                 -1.75   data required time
                                 -0.47   data arrival time
-----------------------------------------------------------------------------
                                  2.22   slack (MET)


Startpoint: _704_ (rising edge-triggered flip-flop clocked by clk)
Endpoint: product[3] (output port clocked by clk)
Path Group: clk
Path Type: min

Fanout     Cap    Slew   Delay    Time   Description
-----------------------------------------------------------------------------
                  0.15    0.00    0.00   clock clk (rise edge)
                          0.00    0.00   clock network delay (ideal)
                  0.15    0.00    0.00 ^ _704_/CLK (sky130_fd_sc_hd__dfrtp_2)
                  0.18    0.47    0.47 ^ _704_/Q (sky130_fd_sc_hd__dfrtp_2)
     2    0.04                           product[3] (net)
                  0.18    0.00    0.47 ^ product[3] (out)
                                  0.47   data arrival time

                  0.15    0.00    0.00   clock clk (rise edge)
                          0.00    0.00   clock network delay (ideal)
                          0.25    0.25   clock uncertainty
                          0.00    0.25   clock reconvergence pessimism
                         -2.00   -1.75   output external delay
                                 -1.75   data required time
-----------------------------------------------------------------------------
                                 -1.75   data required time
                                 -0.47   data arrival time
-----------------------------------------------------------------------------
                                  2.22   slack (MET)


Startpoint: _705_ (rising edge-triggered flip-flop clocked by clk)
Endpoint: product[4] (output port clocked by clk)
Path Group: clk
Path Type: min

Fanout     Cap    Slew   Delay    Time   Description
-----------------------------------------------------------------------------
                  0.15    0.00    0.00   clock clk (rise edge)
                          0.00    0.00   clock network delay (ideal)
                  0.15    0.00    0.00 ^ _705_/CLK (sky130_fd_sc_hd__dfrtp_2)
                  0.18    0.47    0.47 ^ _705_/Q (sky130_fd_sc_hd__dfrtp_2)
     2    0.04                           product[4] (net)
                  0.18    0.00    0.47 ^ product[4] (out)
                                  0.47   data arrival time

                  0.15    0.00    0.00   clock clk (rise edge)
                          0.00    0.00   clock network delay (ideal)
                          0.25    0.25   clock uncertainty
                          0.00    0.25   clock reconvergence pessimism
                         -2.00   -1.75   output external delay
                                 -1.75   data required time
-----------------------------------------------------------------------------
                                 -1.75   data required time
                                 -0.47   data arrival time
-----------------------------------------------------------------------------
                                  2.22   slack (MET)


Startpoint: _706_ (rising edge-triggered flip-flop clocked by clk)
Endpoint: product[5] (output port clocked by clk)
Path Group: clk
Path Type: min

Fanout     Cap    Slew   Delay    Time   Description
-----------------------------------------------------------------------------
                  0.15    0.00    0.00   clock clk (rise edge)
                          0.00    0.00   clock network delay (ideal)
                  0.15    0.00    0.00 ^ _706_/CLK (sky130_fd_sc_hd__dfrtp_2)
                  0.18    0.47    0.47 ^ _706_/Q (sky130_fd_sc_hd__dfrtp_2)
     2    0.04                           product[5] (net)
                  0.18    0.00    0.47 ^ product[5] (out)
                                  0.47   data arrival time

                  0.15    0.00    0.00   clock clk (rise edge)
                          0.00    0.00   clock network delay (ideal)
                          0.25    0.25   clock uncertainty
                          0.00    0.25   clock reconvergence pessimism
                         -2.00   -1.75   output external delay
                                 -1.75   data required time
-----------------------------------------------------------------------------
                                 -1.75   data required time
                                 -0.47   data arrival time
-----------------------------------------------------------------------------
                                  2.22   slack (MET)


Startpoint: _707_ (rising edge-triggered flip-flop clocked by clk)
Endpoint: product[6] (output port clocked by clk)
Path Group: clk
Path Type: min

Fanout     Cap    Slew   Delay    Time   Description
-----------------------------------------------------------------------------
                  0.15    0.00    0.00   clock clk (rise edge)
                          0.00    0.00   clock network delay (ideal)
                  0.15    0.00    0.00 ^ _707_/CLK (sky130_fd_sc_hd__dfrtp_2)
                  0.18    0.47    0.47 ^ _707_/Q (sky130_fd_sc_hd__dfrtp_2)
     2    0.04                           product[6] (net)
                  0.18    0.00    0.47 ^ product[6] (out)
                                  0.47   data arrival time

                  0.15    0.00    0.00   clock clk (rise edge)
                          0.00    0.00   clock network delay (ideal)
                          0.25    0.25   clock uncertainty
                          0.00    0.25   clock reconvergence pessimism
                         -2.00   -1.75   output external delay
                                 -1.75   data required time
-----------------------------------------------------------------------------
                                 -1.75   data required time
                                 -0.47   data arrival time
-----------------------------------------------------------------------------
                                  2.22   slack (MET)


Startpoint: _708_ (rising edge-triggered flip-flop clocked by clk)
Endpoint: product[7] (output port clocked by clk)
Path Group: clk
Path Type: min

Fanout     Cap    Slew   Delay    Time   Description
-----------------------------------------------------------------------------
                  0.15    0.00    0.00   clock clk (rise edge)
                          0.00    0.00   clock network delay (ideal)
                  0.15    0.00    0.00 ^ _708_/CLK (sky130_fd_sc_hd__dfrtp_2)
                  0.18    0.47    0.47 ^ _708_/Q (sky130_fd_sc_hd__dfrtp_2)
     2    0.04                           product[7] (net)
                  0.18    0.00    0.47 ^ product[7] (out)
                                  0.47   data arrival time

                  0.15    0.00    0.00   clock clk (rise edge)
                          0.00    0.00   clock network delay (ideal)
                          0.25    0.25   clock uncertainty
                          0.00    0.25   clock reconvergence pessimism
                         -2.00   -1.75   output external delay
                                 -1.75   data required time
-----------------------------------------------------------------------------
                                 -1.75   data required time
                                 -0.47   data arrival time
-----------------------------------------------------------------------------
                                  2.22   slack (MET)


Startpoint: _709_ (rising edge-triggered flip-flop clocked by clk)
Endpoint: product[8] (output port clocked by clk)
Path Group: clk
Path Type: min

Fanout     Cap    Slew   Delay    Time   Description
-----------------------------------------------------------------------------
                  0.15    0.00    0.00   clock clk (rise edge)
                          0.00    0.00   clock network delay (ideal)
                  0.15    0.00    0.00 ^ _709_/CLK (sky130_fd_sc_hd__dfrtp_2)
                  0.18    0.47    0.47 ^ _709_/Q (sky130_fd_sc_hd__dfrtp_2)
     2    0.04                           product[8] (net)
                  0.18    0.00    0.47 ^ product[8] (out)
                                  0.47   data arrival time

                  0.15    0.00    0.00   clock clk (rise edge)
                          0.00    0.00   clock network delay (ideal)
                          0.25    0.25   clock uncertainty
                          0.00    0.25   clock reconvergence pessimism
                         -2.00   -1.75   output external delay
                                 -1.75   data required time
-----------------------------------------------------------------------------
                                 -1.75   data required time
                                 -0.47   data arrival time
-----------------------------------------------------------------------------
                                  2.22   slack (MET)


Startpoint: _710_ (rising edge-triggered flip-flop clocked by clk)
Endpoint: product[9] (output port clocked by clk)
Path Group: clk
Path Type: min

Fanout     Cap    Slew   Delay    Time   Description
-----------------------------------------------------------------------------
                  0.15    0.00    0.00   clock clk (rise edge)
                          0.00    0.00   clock network delay (ideal)
                  0.15    0.00    0.00 ^ _710_/CLK (sky130_fd_sc_hd__dfrtp_2)
                  0.18    0.47    0.47 ^ _710_/Q (sky130_fd_sc_hd__dfrtp_2)
     2    0.04                           product[9] (net)
                  0.18    0.00    0.47 ^ product[9] (out)
                                  0.47   data arrival time

                  0.15    0.00    0.00   clock clk (rise edge)
                          0.00    0.00   clock network delay (ideal)
                          0.25    0.25   clock uncertainty
                          0.00    0.25   clock reconvergence pessimism
                         -2.00   -1.75   output external delay
                                 -1.75   data required time
-----------------------------------------------------------------------------
                                 -1.75   data required time
                                 -0.47   data arrival time
-----------------------------------------------------------------------------
                                  2.22   slack (MET)


Startpoint: _711_ (rising edge-triggered flip-flop clocked by clk)
Endpoint: product[10] (output port clocked by clk)
Path Group: clk
Path Type: min

Fanout     Cap    Slew   Delay    Time   Description
-----------------------------------------------------------------------------
                  0.15    0.00    0.00   clock clk (rise edge)
                          0.00    0.00   clock network delay (ideal)
                  0.15    0.00    0.00 ^ _711_/CLK (sky130_fd_sc_hd__dfrtp_2)
                  0.18    0.47    0.47 ^ _711_/Q (sky130_fd_sc_hd__dfrtp_2)
     2    0.04                           product[10] (net)
                  0.18    0.00    0.47 ^ product[10] (out)
                                  0.47   data arrival time

                  0.15    0.00    0.00   clock clk (rise edge)
                          0.00    0.00   clock network delay (ideal)
                          0.25    0.25   clock uncertainty
                          0.00    0.25   clock reconvergence pessimism
                         -2.00   -1.75   output external delay
                                 -1.75   data required time
-----------------------------------------------------------------------------
                                 -1.75   data required time
                                 -0.47   data arrival time
-----------------------------------------------------------------------------
                                  2.22   slack (MET)


Startpoint: _700_ (rising edge-triggered flip-flop clocked by clk)
Endpoint: done (output port clocked by clk)
Path Group: clk
Path Type: min

Fanout     Cap    Slew   Delay    Time   Description
-----------------------------------------------------------------------------
                  0.15    0.00    0.00   clock clk (rise edge)
                          0.00    0.00   clock network delay (ideal)
                  0.15    0.00    0.00 ^ _700_/CLK (sky130_fd_sc_hd__dfrtp_2)
                  0.18    0.47    0.47 ^ _700_/Q (sky130_fd_sc_hd__dfrtp_2)
     2    0.04                           done (net)
                  0.18    0.00    0.47 ^ done (out)
                                  0.47   data arrival time

                  0.15    0.00    0.00   clock clk (rise edge)
                          0.00    0.00   clock network delay (ideal)
                          0.25    0.25   clock uncertainty
                          0.00    0.25   clock reconvergence pessimism
                         -2.00   -1.75   output external delay
                                 -1.75   data required time
-----------------------------------------------------------------------------
                                 -1.75   data required time
                                 -0.47   data arrival time
-----------------------------------------------------------------------------
                                  2.22   slack (MET)


Startpoint: _713_ (rising edge-triggered flip-flop clocked by clk)
Endpoint: product[12] (output port clocked by clk)
Path Group: clk
Path Type: min

Fanout     Cap    Slew   Delay    Time   Description
-----------------------------------------------------------------------------
                  0.15    0.00    0.00   clock clk (rise edge)
                          0.00    0.00   clock network delay (ideal)
                  0.15    0.00    0.00 ^ _713_/CLK (sky130_fd_sc_hd__dfrtp_2)
                  0.18    0.47    0.47 ^ _713_/Q (sky130_fd_sc_hd__dfrtp_2)
     2    0.04                           product[12] (net)
                  0.18    0.00    0.47 ^ product[12] (out)
                                  0.47   data arrival time

                  0.15    0.00    0.00   clock clk (rise edge)
                          0.00    0.00   clock network delay (ideal)
                          0.25    0.25   clock uncertainty
                          0.00    0.25   clock reconvergence pessimism
                         -2.00   -1.75   output external delay
                                 -1.75   data required time
-----------------------------------------------------------------------------
                                 -1.75   data required time
                                 -0.47   data arrival time
-----------------------------------------------------------------------------
                                  2.22   slack (MET)


Startpoint: _715_ (rising edge-triggered flip-flop clocked by clk)
Endpoint: product[14] (output port clocked by clk)
Path Group: clk
Path Type: min

Fanout     Cap    Slew   Delay    Time   Description
-----------------------------------------------------------------------------
                  0.15    0.00    0.00   clock clk (rise edge)
                          0.00    0.00   clock network delay (ideal)
                  0.15    0.00    0.00 ^ _715_/CLK (sky130_fd_sc_hd__dfrtp_2)
                  0.18    0.47    0.47 ^ _715_/Q (sky130_fd_sc_hd__dfrtp_2)
     2    0.04                           product[14] (net)
                  0.18    0.00    0.47 ^ product[14] (out)
                                  0.47   data arrival time

                  0.15    0.00    0.00   clock clk (rise edge)
                          0.00    0.00   clock network delay (ideal)
                          0.25    0.25   clock uncertainty
                          0.00    0.25   clock reconvergence pessimism
                         -2.00   -1.75   output external delay
                                 -1.75   data required time
-----------------------------------------------------------------------------
                                 -1.75   data required time
                                 -0.47   data arrival time
-----------------------------------------------------------------------------
                                  2.22   slack (MET)


Startpoint: _716_ (rising edge-triggered flip-flop clocked by clk)
Endpoint: product[15] (output port clocked by clk)
Path Group: clk
Path Type: min

Fanout     Cap    Slew   Delay    Time   Description
-----------------------------------------------------------------------------
                  0.15    0.00    0.00   clock clk (rise edge)
                          0.00    0.00   clock network delay (ideal)
                  0.15    0.00    0.00 ^ _716_/CLK (sky130_fd_sc_hd__dfrtp_2)
                  0.19    0.47    0.47 ^ _716_/Q (sky130_fd_sc_hd__dfrtp_2)
     2    0.04                           product[15] (net)
                  0.19    0.00    0.47 ^ product[15] (out)
                                  0.47   data arrival time

                  0.15    0.00    0.00   clock clk (rise edge)
                          0.00    0.00   clock network delay (ideal)
                          0.25    0.25   clock uncertainty
                          0.00    0.25   clock reconvergence pessimism
                         -2.00   -1.75   output external delay
                                 -1.75   data required time
-----------------------------------------------------------------------------
                                 -1.75   data required time
                                 -0.47   data arrival time
-----------------------------------------------------------------------------
                                  2.22   slack (MET)



min_report_end
max_report

===========================================================================
report_checks -path_delay max (Setup)
============================================================================
======================= Typical Corner ===================================

Startpoint: _727_ (rising edge-triggered flip-flop clocked by clk)
Endpoint: _744_ (rising edge-triggered flip-flop clocked by clk)
Path Group: clk
Path Type: max

Fanout     Cap    Slew   Delay    Time   Description
-----------------------------------------------------------------------------
                  0.15    0.00    0.00   clock clk (rise edge)
                          0.00    0.00   clock network delay (ideal)
                  0.15    0.00    0.00 ^ _727_/CLK (sky130_fd_sc_hd__dfrtp_2)
                  0.08    0.50    0.50 v _727_/Q (sky130_fd_sc_hd__dfrtp_2)
     6    0.02                           u_core.M[2] (net)
                  0.08    0.00    0.50 v _355_/B (sky130_fd_sc_hd__nor2_2)
                  0.31    0.28    0.78 ^ _355_/Y (sky130_fd_sc_hd__nor2_2)
     7    0.03                           _116_ (net)
                  0.31    0.00    0.78 ^ _357_/C (sky130_fd_sc_hd__nand4b_2)
                  0.13    0.19    0.97 v _357_/Y (sky130_fd_sc_hd__nand4b_2)
     3    0.01                           _118_ (net)
                  0.13    0.00    0.97 v _360_/A1 (sky130_fd_sc_hd__a21oi_2)
                  0.31    0.33    1.30 ^ _360_/Y (sky130_fd_sc_hd__a21oi_2)
     4    0.02                           _121_ (net)
                  0.31    0.00    1.30 ^ _361_/A (sky130_fd_sc_hd__buf_1)
                  0.68    0.59    1.89 ^ _361_/X (sky130_fd_sc_hd__buf_1)
    10    0.06                           _122_ (net)
                  0.68    0.00    1.89 ^ _377_/A2 (sky130_fd_sc_hd__a32oi_2)
                  0.13    0.20    2.10 v _377_/Y (sky130_fd_sc_hd__a32oi_2)
     1    0.00                           _138_ (net)
                  0.13    0.00    2.10 v _405_/A2 (sky130_fd_sc_hd__o22a_2)
                  0.07    0.29    2.39 v _405_/X (sky130_fd_sc_hd__o22a_2)
     3    0.01                           _166_ (net)
                  0.07    0.00    2.39 v _444_/A1 (sky130_fd_sc_hd__a21oi_2)
                  0.15    0.18    2.57 ^ _444_/Y (sky130_fd_sc_hd__a21oi_2)
     2    0.01                           _205_ (net)
                  0.15    0.00    2.57 ^ _471_/A2 (sky130_fd_sc_hd__o21bai_2)
                  0.08    0.10    2.68 v _471_/Y (sky130_fd_sc_hd__o21bai_2)
     3    0.01                           _230_ (net)
                  0.08    0.00    2.68 v _486_/B1 (sky130_fd_sc_hd__a22o_2)
                  0.04    0.22    2.90 v _486_/X (sky130_fd_sc_hd__a22o_2)
     1    0.00                           _244_ (net)
                  0.04    0.00    2.90 v _488_/B1 (sky130_fd_sc_hd__a22o_2)
                  0.04    0.20    3.10 v _488_/X (sky130_fd_sc_hd__a22o_2)
     1    0.00                           _104_ (net)
                  0.04    0.00    3.10 v _744_/D (sky130_fd_sc_hd__dfrtp_2)
                                  3.10   data arrival time

                  0.15   10.00   10.00   clock clk (rise edge)
                          0.00   10.00   clock network delay (ideal)
                         -0.25    9.75   clock uncertainty
                          0.00    9.75   clock reconvergence pessimism
                                  9.75 ^ _744_/CLK (sky130_fd_sc_hd__dfrtp_2)
                         -0.09    9.66   library setup time
                                  9.66   data required time
-----------------------------------------------------------------------------
                                  9.66   data required time
                                 -3.10   data arrival time
-----------------------------------------------------------------------------
                                  6.56   slack (MET)


Startpoint: _727_ (rising edge-triggered flip-flop clocked by clk)
Endpoint: _747_ (rising edge-triggered flip-flop clocked by clk)
Path Group: clk
Path Type: max

Fanout     Cap    Slew   Delay    Time   Description
-----------------------------------------------------------------------------
                  0.15    0.00    0.00   clock clk (rise edge)
                          0.00    0.00   clock network delay (ideal)
                  0.15    0.00    0.00 ^ _727_/CLK (sky130_fd_sc_hd__dfrtp_2)
                  0.08    0.50    0.50 v _727_/Q (sky130_fd_sc_hd__dfrtp_2)
     6    0.02                           u_core.M[2] (net)
                  0.08    0.00    0.50 v _355_/B (sky130_fd_sc_hd__nor2_2)
                  0.31    0.28    0.78 ^ _355_/Y (sky130_fd_sc_hd__nor2_2)
     7    0.03                           _116_ (net)
                  0.31    0.00    0.78 ^ _357_/C (sky130_fd_sc_hd__nand4b_2)
                  0.13    0.19    0.97 v _357_/Y (sky130_fd_sc_hd__nand4b_2)
     3    0.01                           _118_ (net)
                  0.13    0.00    0.97 v _360_/A1 (sky130_fd_sc_hd__a21oi_2)
                  0.31    0.33    1.30 ^ _360_/Y (sky130_fd_sc_hd__a21oi_2)
     4    0.02                           _121_ (net)
                  0.31    0.00    1.30 ^ _361_/A (sky130_fd_sc_hd__buf_1)
                  0.68    0.59    1.89 ^ _361_/X (sky130_fd_sc_hd__buf_1)
    10    0.06                           _122_ (net)
                  0.68    0.00    1.89 ^ _377_/A2 (sky130_fd_sc_hd__a32oi_2)
                  0.13    0.20    2.10 v _377_/Y (sky130_fd_sc_hd__a32oi_2)
     1    0.00                           _138_ (net)
                  0.13    0.00    2.10 v _405_/A2 (sky130_fd_sc_hd__o22a_2)
                  0.07    0.29    2.39 v _405_/X (sky130_fd_sc_hd__o22a_2)
     3    0.01                           _166_ (net)
                  0.07    0.00    2.39 v _444_/A1 (sky130_fd_sc_hd__a21oi_2)
                  0.15    0.18    2.57 ^ _444_/Y (sky130_fd_sc_hd__a21oi_2)
     2    0.01                           _205_ (net)
                  0.15    0.00    2.57 ^ _450_/A2 (sky130_fd_sc_hd__o21bai_2)
                  0.08    0.10    2.67 v _450_/Y (sky130_fd_sc_hd__o21bai_2)
     3    0.01                           _211_ (net)
                  0.08    0.00    2.67 v _453_/B1 (sky130_fd_sc_hd__a22oi_2)
                  0.12    0.12    2.79 ^ _453_/Y (sky130_fd_sc_hd__a22oi_2)
     1    0.00                           _214_ (net)
                  0.12    0.00    2.79 ^ _459_/A2_N (sky130_fd_sc_hd__a2bb2o_2)
                  0.04    0.28    3.07 v _459_/X (sky130_fd_sc_hd__a2bb2o_2)
     1    0.00                           _107_ (net)
                  0.04    0.00    3.07 v _747_/D (sky130_fd_sc_hd__dfrtp_2)
                                  3.07   data arrival time

                  0.15   10.00   10.00   clock clk (rise edge)
                          0.00   10.00   clock network delay (ideal)
                         -0.25    9.75   clock uncertainty
                          0.00    9.75   clock reconvergence pessimism
                                  9.75 ^ _747_/CLK (sky130_fd_sc_hd__dfrtp_2)
                         -0.09    9.66   library setup time
                                  9.66   data required time
-----------------------------------------------------------------------------
                                  9.66   data required time
                                 -3.07   data arrival time
-----------------------------------------------------------------------------
                                  6.59   slack (MET)


Startpoint: _727_ (rising edge-triggered flip-flop clocked by clk)
Endpoint: _742_ (rising edge-triggered flip-flop clocked by clk)
Path Group: clk
Path Type: max

Fanout     Cap    Slew   Delay    Time   Description
-----------------------------------------------------------------------------
                  0.15    0.00    0.00   clock clk (rise edge)
                          0.00    0.00   clock network delay (ideal)
                  0.15    0.00    0.00 ^ _727_/CLK (sky130_fd_sc_hd__dfrtp_2)
                  0.08    0.50    0.50 v _727_/Q (sky130_fd_sc_hd__dfrtp_2)
     6    0.02                           u_core.M[2] (net)
                  0.08    0.00    0.50 v _355_/B (sky130_fd_sc_hd__nor2_2)
                  0.31    0.28    0.78 ^ _355_/Y (sky130_fd_sc_hd__nor2_2)
     7    0.03                           _116_ (net)
                  0.31    0.00    0.78 ^ _357_/C (sky130_fd_sc_hd__nand4b_2)
                  0.13    0.19    0.97 v _357_/Y (sky130_fd_sc_hd__nand4b_2)
     3    0.01                           _118_ (net)
                  0.13    0.00    0.97 v _360_/A1 (sky130_fd_sc_hd__a21oi_2)
                  0.31    0.33    1.30 ^ _360_/Y (sky130_fd_sc_hd__a21oi_2)
     4    0.02                           _121_ (net)
                  0.31    0.00    1.30 ^ _361_/A (sky130_fd_sc_hd__buf_1)
                  0.68    0.59    1.89 ^ _361_/X (sky130_fd_sc_hd__buf_1)
    10    0.06                           _122_ (net)
                  0.68    0.00    1.89 ^ _377_/A2 (sky130_fd_sc_hd__a32oi_2)
                  0.13    0.20    2.10 v _377_/Y (sky130_fd_sc_hd__a32oi_2)
     1    0.00                           _138_ (net)
                  0.13    0.00    2.10 v _405_/A2 (sky130_fd_sc_hd__o22a_2)
                  0.07    0.29    2.39 v _405_/X (sky130_fd_sc_hd__o22a_2)
     3    0.01                           _166_ (net)
                  0.07    0.00    2.39 v _491_/A1 (sky130_fd_sc_hd__a21boi_2)
                  0.10    0.14    2.53 ^ _491_/Y (sky130_fd_sc_hd__a21boi_2)
     1    0.00                           _248_ (net)
                  0.10    0.00    2.53 ^ _492_/A2 (sky130_fd_sc_hd__o21ai_2)
                  0.08    0.09    2.62 v _492_/Y (sky130_fd_sc_hd__o21ai_2)
     3    0.01                           _249_ (net)
                  0.08    0.00    2.62 v _501_/B1 (sky130_fd_sc_hd__a22o_2)
                  0.04    0.22    2.84 v _501_/X (sky130_fd_sc_hd__a22o_2)
     1    0.00                           _257_ (net)
                  0.04    0.00    2.84 v _503_/B1 (sky130_fd_sc_hd__a22o_2)
                  0.04    0.20    3.04 v _503_/X (sky130_fd_sc_hd__a22o_2)
     1    0.00                           _102_ (net)
                  0.04    0.00    3.04 v _742_/D (sky130_fd_sc_hd__dfrtp_2)
                                  3.04   data arrival time

                  0.15   10.00   10.00   clock clk (rise edge)
                          0.00   10.00   clock network delay (ideal)
                         -0.25    9.75   clock uncertainty
                          0.00    9.75   clock reconvergence pessimism
                                  9.75 ^ _742_/CLK (sky130_fd_sc_hd__dfrtp_2)
                         -0.09    9.66   library setup time
                                  9.66   data required time
-----------------------------------------------------------------------------
                                  9.66   data required time
                                 -3.04   data arrival time
-----------------------------------------------------------------------------
                                  6.62   slack (MET)


Startpoint: _727_ (rising edge-triggered flip-flop clocked by clk)
Endpoint: _740_ (rising edge-triggered flip-flop clocked by clk)
Path Group: clk
Path Type: max

Fanout     Cap    Slew   Delay    Time   Description
-----------------------------------------------------------------------------
                  0.15    0.00    0.00   clock clk (rise edge)
                          0.00    0.00   clock network delay (ideal)
                  0.15    0.00    0.00 ^ _727_/CLK (sky130_fd_sc_hd__dfrtp_2)
                  0.08    0.50    0.50 v _727_/Q (sky130_fd_sc_hd__dfrtp_2)
     6    0.02                           u_core.M[2] (net)
                  0.08    0.00    0.50 v _355_/B (sky130_fd_sc_hd__nor2_2)
                  0.31    0.28    0.78 ^ _355_/Y (sky130_fd_sc_hd__nor2_2)
     7    0.03                           _116_ (net)
                  0.31    0.00    0.78 ^ _357_/C (sky130_fd_sc_hd__nand4b_2)
                  0.13    0.19    0.97 v _357_/Y (sky130_fd_sc_hd__nand4b_2)
     3    0.01                           _118_ (net)
                  0.13    0.00    0.97 v _360_/A1 (sky130_fd_sc_hd__a21oi_2)
                  0.31    0.33    1.30 ^ _360_/Y (sky130_fd_sc_hd__a21oi_2)
     4    0.02                           _121_ (net)
                  0.31    0.00    1.30 ^ _361_/A (sky130_fd_sc_hd__buf_1)
                  0.68    0.59    1.89 ^ _361_/X (sky130_fd_sc_hd__buf_1)
    10    0.06                           _122_ (net)
                  0.68    0.00    1.89 ^ _377_/A2 (sky130_fd_sc_hd__a32oi_2)
                  0.13    0.20    2.10 v _377_/Y (sky130_fd_sc_hd__a32oi_2)
     1    0.00                           _138_ (net)
                  0.13    0.00    2.10 v _405_/A2 (sky130_fd_sc_hd__o22a_2)
                  0.07    0.29    2.39 v _405_/X (sky130_fd_sc_hd__o22a_2)
     3    0.01                           _166_ (net)
                  0.07    0.00    2.39 v _482_/A (sky130_fd_sc_hd__nand2_2)
                  0.11    0.11    2.50 ^ _482_/Y (sky130_fd_sc_hd__nand2_2)
     5    0.02                           _240_ (net)
                  0.11    0.00    2.50 ^ _512_/A1 (sky130_fd_sc_hd__a21oi_2)
                  0.08    0.07    2.57 v _512_/Y (sky130_fd_sc_hd__a21oi_2)
     1    0.00                           _266_ (net)
                  0.08    0.00    2.57 v _513_/B2 (sky130_fd_sc_hd__a22oi_2)
                  0.16    0.18    2.75 ^ _513_/Y (sky130_fd_sc_hd__a22oi_2)
     2    0.01                           _267_ (net)
                  0.16    0.00    2.75 ^ _514_/A2_N (sky130_fd_sc_hd__a2bb2o_2)
                  0.04    0.29    3.04 v _514_/X (sky130_fd_sc_hd__a2bb2o_2)
     1    0.00                           _100_ (net)
                  0.04    0.00    3.04 v _740_/D (sky130_fd_sc_hd__dfrtp_2)
                                  3.04   data arrival time

                  0.15   10.00   10.00   clock clk (rise edge)
                          0.00   10.00   clock network delay (ideal)
                         -0.25    9.75   clock uncertainty
                          0.00    9.75   clock reconvergence pessimism
                                  9.75 ^ _740_/CLK (sky130_fd_sc_hd__dfrtp_2)
                         -0.09    9.66   library setup time
                                  9.66   data required time
-----------------------------------------------------------------------------
                                  9.66   data required time
                                 -3.04   data arrival time
-----------------------------------------------------------------------------
                                  6.62   slack (MET)


Startpoint: _727_ (rising edge-triggered flip-flop clocked by clk)
Endpoint: _746_ (rising edge-triggered flip-flop clocked by clk)
Path Group: clk
Path Type: max

Fanout     Cap    Slew   Delay    Time   Description
-----------------------------------------------------------------------------
                  0.15    0.00    0.00   clock clk (rise edge)
                          0.00    0.00   clock network delay (ideal)
                  0.15    0.00    0.00 ^ _727_/CLK (sky130_fd_sc_hd__dfrtp_2)
                  0.08    0.50    0.50 v _727_/Q (sky130_fd_sc_hd__dfrtp_2)
     6    0.02                           u_core.M[2] (net)
                  0.08    0.00    0.50 v _355_/B (sky130_fd_sc_hd__nor2_2)
                  0.31    0.28    0.78 ^ _355_/Y (sky130_fd_sc_hd__nor2_2)
     7    0.03                           _116_ (net)
                  0.31    0.00    0.78 ^ _357_/C (sky130_fd_sc_hd__nand4b_2)
                  0.13    0.19    0.97 v _357_/Y (sky130_fd_sc_hd__nand4b_2)
     3    0.01                           _118_ (net)
                  0.13    0.00    0.97 v _360_/A1 (sky130_fd_sc_hd__a21oi_2)
                  0.31    0.33    1.30 ^ _360_/Y (sky130_fd_sc_hd__a21oi_2)
     4    0.02                           _121_ (net)
                  0.31    0.00    1.30 ^ _361_/A (sky130_fd_sc_hd__buf_1)
                  0.68    0.59    1.89 ^ _361_/X (sky130_fd_sc_hd__buf_1)
    10    0.06                           _122_ (net)
                  0.68    0.00    1.89 ^ _377_/A2 (sky130_fd_sc_hd__a32oi_2)
                  0.13    0.20    2.10 v _377_/Y (sky130_fd_sc_hd__a32oi_2)
     1    0.00                           _138_ (net)
                  0.13    0.00    2.10 v _405_/A2 (sky130_fd_sc_hd__o22a_2)
                  0.07    0.29    2.39 v _405_/X (sky130_fd_sc_hd__o22a_2)
     3    0.01                           _166_ (net)
                  0.07    0.00    2.39 v _444_/A1 (sky130_fd_sc_hd__a21oi_2)
                  0.15    0.18    2.57 ^ _444_/Y (sky130_fd_sc_hd__a21oi_2)
     2    0.01                           _205_ (net)
                  0.15    0.00    2.57 ^ _450_/A2 (sky130_fd_sc_hd__o21bai_2)
                  0.08    0.10    2.67 v _450_/Y (sky130_fd_sc_hd__o21bai_2)
     3    0.01                           _211_ (net)
                  0.08    0.00    2.67 v _465_/A1 (sky130_fd_sc_hd__a31oi_2)
                  0.14    0.15    2.82 ^ _465_/Y (sky130_fd_sc_hd__a31oi_2)
     1    0.00                           _225_ (net)
                  0.14    0.00    2.82 ^ _466_/B (sky130_fd_sc_hd__nand2_2)
                  0.04    0.07    2.90 v _466_/Y (sky130_fd_sc_hd__nand2_2)
     1    0.00                           _226_ (net)
                  0.04    0.00    2.90 v _469_/A2_N (sky130_fd_sc_hd__o2bb2ai_2)
                  0.03    0.11    3.01 v _469_/Y (sky130_fd_sc_hd__o2bb2ai_2)
     1    0.00                           _106_ (net)
                  0.03    0.00    3.01 v _746_/D (sky130_fd_sc_hd__dfrtp_2)
                                  3.01   data arrival time

                  0.15   10.00   10.00   clock clk (rise edge)
                          0.00   10.00   clock network delay (ideal)
                         -0.25    9.75   clock uncertainty
                          0.00    9.75   clock reconvergence pessimism
                                  9.75 ^ _746_/CLK (sky130_fd_sc_hd__dfrtp_2)
                         -0.09    9.66   library setup time
                                  9.66   data required time
-----------------------------------------------------------------------------
                                  9.66   data required time
                                 -3.01   data arrival time
-----------------------------------------------------------------------------
                                  6.66   slack (MET)


Startpoint: _727_ (rising edge-triggered flip-flop clocked by clk)
Endpoint: _745_ (rising edge-triggered flip-flop clocked by clk)
Path Group: clk
Path Type: max

Fanout     Cap    Slew   Delay    Time   Description
-----------------------------------------------------------------------------
                  0.15    0.00    0.00   clock clk (rise edge)
                          0.00    0.00   clock network delay (ideal)
                  0.15    0.00    0.00 ^ _727_/CLK (sky130_fd_sc_hd__dfrtp_2)
                  0.08    0.50    0.50 v _727_/Q (sky130_fd_sc_hd__dfrtp_2)
     6    0.02                           u_core.M[2] (net)
                  0.08    0.00    0.50 v _355_/B (sky130_fd_sc_hd__nor2_2)
                  0.31    0.28    0.78 ^ _355_/Y (sky130_fd_sc_hd__nor2_2)
     7    0.03                           _116_ (net)
                  0.31    0.00    0.78 ^ _357_/C (sky130_fd_sc_hd__nand4b_2)
                  0.13    0.19    0.97 v _357_/Y (sky130_fd_sc_hd__nand4b_2)
     3    0.01                           _118_ (net)
                  0.13    0.00    0.97 v _360_/A1 (sky130_fd_sc_hd__a21oi_2)
                  0.31    0.33    1.30 ^ _360_/Y (sky130_fd_sc_hd__a21oi_2)
     4    0.02                           _121_ (net)
                  0.31    0.00    1.30 ^ _361_/A (sky130_fd_sc_hd__buf_1)
                  0.68    0.59    1.89 ^ _361_/X (sky130_fd_sc_hd__buf_1)
    10    0.06                           _122_ (net)
                  0.68    0.00    1.89 ^ _377_/A2 (sky130_fd_sc_hd__a32oi_2)
                  0.13    0.20    2.10 v _377_/Y (sky130_fd_sc_hd__a32oi_2)
     1    0.00                           _138_ (net)
                  0.13    0.00    2.10 v _405_/A2 (sky130_fd_sc_hd__o22a_2)
                  0.07    0.29    2.39 v _405_/X (sky130_fd_sc_hd__o22a_2)
     3    0.01                           _166_ (net)
                  0.07    0.00    2.39 v _444_/A1 (sky130_fd_sc_hd__a21oi_2)
                  0.15    0.18    2.57 ^ _444_/Y (sky130_fd_sc_hd__a21oi_2)
     2    0.01                           _205_ (net)
                  0.15    0.00    2.57 ^ _471_/A2 (sky130_fd_sc_hd__o21bai_2)
                  0.08    0.10    2.68 v _471_/Y (sky130_fd_sc_hd__o21bai_2)
     3    0.01                           _230_ (net)
                  0.08    0.00    2.68 v _474_/C1 (sky130_fd_sc_hd__o211ai_2)
                  0.13    0.08    2.75 ^ _474_/Y (sky130_fd_sc_hd__o211ai_2)
     1    0.00                           _233_ (net)
                  0.13    0.00    2.75 ^ _475_/B1 (sky130_fd_sc_hd__o21ai_2)
                  0.08    0.07    2.83 v _475_/Y (sky130_fd_sc_hd__o21ai_2)
     1    0.00                           _234_ (net)
                  0.08    0.00    2.83 v _477_/A2 (sky130_fd_sc_hd__o21bai_2)
                  0.11    0.13    2.95 ^ _477_/Y (sky130_fd_sc_hd__o21bai_2)
     1    0.00                           _236_ (net)
                  0.11    0.00    2.95 ^ _479_/A (sky130_fd_sc_hd__nand2_2)
                  0.03    0.05    3.00 v _479_/Y (sky130_fd_sc_hd__nand2_2)
     1    0.00                           _105_ (net)
                  0.03    0.00    3.00 v _745_/D (sky130_fd_sc_hd__dfrtp_2)
                                  3.00   data arrival time

                  0.15   10.00   10.00   clock clk (rise edge)
                          0.00   10.00   clock network delay (ideal)
                         -0.25    9.75   clock uncertainty
                          0.00    9.75   clock reconvergence pessimism
                                  9.75 ^ _745_/CLK (sky130_fd_sc_hd__dfrtp_2)
                         -0.09    9.66   library setup time
                                  9.66   data required time
-----------------------------------------------------------------------------
                                  9.66   data required time
                                 -3.00   data arrival time
-----------------------------------------------------------------------------
                                  6.66   slack (MET)


Startpoint: _727_ (rising edge-triggered flip-flop clocked by clk)
Endpoint: _741_ (rising edge-triggered flip-flop clocked by clk)
Path Group: clk
Path Type: max

Fanout     Cap    Slew   Delay    Time   Description
-----------------------------------------------------------------------------
                  0.15    0.00    0.00   clock clk (rise edge)
                          0.00    0.00   clock network delay (ideal)
                  0.15    0.00    0.00 ^ _727_/CLK (sky130_fd_sc_hd__dfrtp_2)
                  0.08    0.50    0.50 v _727_/Q (sky130_fd_sc_hd__dfrtp_2)
     6    0.02                           u_core.M[2] (net)
                  0.08    0.00    0.50 v _355_/B (sky130_fd_sc_hd__nor2_2)
                  0.31    0.28    0.78 ^ _355_/Y (sky130_fd_sc_hd__nor2_2)
     7    0.03                           _116_ (net)
                  0.31    0.00    0.78 ^ _357_/C (sky130_fd_sc_hd__nand4b_2)
                  0.13    0.19    0.97 v _357_/Y (sky130_fd_sc_hd__nand4b_2)
     3    0.01                           _118_ (net)
                  0.13    0.00    0.97 v _360_/A1 (sky130_fd_sc_hd__a21oi_2)
                  0.31    0.33    1.30 ^ _360_/Y (sky130_fd_sc_hd__a21oi_2)
     4    0.02                           _121_ (net)
                  0.31    0.00    1.30 ^ _361_/A (sky130_fd_sc_hd__buf_1)
                  0.68    0.59    1.89 ^ _361_/X (sky130_fd_sc_hd__buf_1)
    10    0.06                           _122_ (net)
                  0.68    0.00    1.89 ^ _377_/A2 (sky130_fd_sc_hd__a32oi_2)
                  0.13    0.20    2.10 v _377_/Y (sky130_fd_sc_hd__a32oi_2)
     1    0.00                           _138_ (net)
                  0.13    0.00    2.10 v _405_/A2 (sky130_fd_sc_hd__o22a_2)
                  0.07    0.29    2.39 v _405_/X (sky130_fd_sc_hd__o22a_2)
     3    0.01                           _166_ (net)
                  0.07    0.00    2.39 v _482_/A (sky130_fd_sc_hd__nand2_2)
                  0.11    0.11    2.50 ^ _482_/Y (sky130_fd_sc_hd__nand2_2)
     5    0.02                           _240_ (net)
                  0.11    0.00    2.50 ^ _505_/A (sky130_fd_sc_hd__nand2_2)
                  0.06    0.07    2.57 v _505_/Y (sky130_fd_sc_hd__nand2_2)
     2    0.01                           _260_ (net)
                  0.06    0.00    2.57 v _507_/A2 (sky130_fd_sc_hd__a31o_2)
                  0.04    0.25    2.82 v _507_/X (sky130_fd_sc_hd__a31o_2)
     1    0.00                           _262_ (net)
                  0.04    0.00    2.82 v _508_/B2 (sky130_fd_sc_hd__o22ai_2)
                  0.13    0.10    2.92 ^ _508_/Y (sky130_fd_sc_hd__o22ai_2)
     1    0.01                           _263_ (net)
                  0.13    0.00    2.92 ^ _510_/B1 (sky130_fd_sc_hd__o2bb2ai_2)
                  0.05    0.07    2.99 v _510_/Y (sky130_fd_sc_hd__o2bb2ai_2)
     1    0.00                           _101_ (net)
                  0.05    0.00    2.99 v _741_/D (sky130_fd_sc_hd__dfrtp_2)
                                  2.99   data arrival time

                  0.15   10.00   10.00   clock clk (rise edge)
                          0.00   10.00   clock network delay (ideal)
                         -0.25    9.75   clock uncertainty
                          0.00    9.75   clock reconvergence pessimism
                                  9.75 ^ _741_/CLK (sky130_fd_sc_hd__dfrtp_2)
                         -0.09    9.66   library setup time
                                  9.66   data required time
-----------------------------------------------------------------------------
                                  9.66   data required time
                                 -2.99   data arrival time
-----------------------------------------------------------------------------
                                  6.67   slack (MET)


Startpoint: _727_ (rising edge-triggered flip-flop clocked by clk)
Endpoint: _743_ (rising edge-triggered flip-flop clocked by clk)
Path Group: clk
Path Type: max

Fanout     Cap    Slew   Delay    Time   Description
-----------------------------------------------------------------------------
                  0.15    0.00    0.00   clock clk (rise edge)
                          0.00    0.00   clock network delay (ideal)
                  0.15    0.00    0.00 ^ _727_/CLK (sky130_fd_sc_hd__dfrtp_2)
                  0.08    0.50    0.50 v _727_/Q (sky130_fd_sc_hd__dfrtp_2)
     6    0.02                           u_core.M[2] (net)
                  0.08    0.00    0.50 v _355_/B (sky130_fd_sc_hd__nor2_2)
                  0.31    0.28    0.78 ^ _355_/Y (sky130_fd_sc_hd__nor2_2)
     7    0.03                           _116_ (net)
                  0.31    0.00    0.78 ^ _357_/C (sky130_fd_sc_hd__nand4b_2)
                  0.13    0.19    0.97 v _357_/Y (sky130_fd_sc_hd__nand4b_2)
     3    0.01                           _118_ (net)
                  0.13    0.00    0.97 v _360_/A1 (sky130_fd_sc_hd__a21oi_2)
                  0.31    0.33    1.30 ^ _360_/Y (sky130_fd_sc_hd__a21oi_2)
     4    0.02                           _121_ (net)
                  0.31    0.00    1.30 ^ _361_/A (sky130_fd_sc_hd__buf_1)
                  0.68    0.59    1.89 ^ _361_/X (sky130_fd_sc_hd__buf_1)
    10    0.06                           _122_ (net)
                  0.68    0.00    1.89 ^ _377_/A2 (sky130_fd_sc_hd__a32oi_2)
                  0.13    0.20    2.10 v _377_/Y (sky130_fd_sc_hd__a32oi_2)
     1    0.00                           _138_ (net)
                  0.13    0.00    2.10 v _405_/A2 (sky130_fd_sc_hd__o22a_2)
                  0.07    0.29    2.39 v _405_/X (sky130_fd_sc_hd__o22a_2)
     3    0.01                           _166_ (net)
                  0.07    0.00    2.39 v _491_/A1 (sky130_fd_sc_hd__a21boi_2)
                  0.10    0.14    2.53 ^ _491_/Y (sky130_fd_sc_hd__a21boi_2)
     1    0.00                           _248_ (net)
                  0.10    0.00    2.53 ^ _492_/A2 (sky130_fd_sc_hd__o21ai_2)
                  0.08    0.09    2.62 v _492_/Y (sky130_fd_sc_hd__o21ai_2)
     3    0.01                           _249_ (net)
                  0.08    0.00    2.62 v _494_/A (sky130_fd_sc_hd__nand3_2)
                  0.07    0.08    2.69 ^ _494_/Y (sky130_fd_sc_hd__nand3_2)
     1    0.00                           _251_ (net)
                  0.07    0.00    2.69 ^ _495_/B1 (sky130_fd_sc_hd__o21ai_2)
                  0.08    0.06    2.75 v _495_/Y (sky130_fd_sc_hd__o21ai_2)
     1    0.00                           _252_ (net)
                  0.08    0.00    2.75 v _497_/A2 (sky130_fd_sc_hd__o21ai_2)
                  0.10    0.13    2.88 ^ _497_/Y (sky130_fd_sc_hd__o21ai_2)
     1    0.00                           _254_ (net)
                  0.10    0.00    2.88 ^ _499_/A (sky130_fd_sc_hd__nand2_2)
                  0.03    0.05    2.93 v _499_/Y (sky130_fd_sc_hd__nand2_2)
     1    0.00                           _103_ (net)
                  0.03    0.00    2.93 v _743_/D (sky130_fd_sc_hd__dfrtp_2)
                                  2.93   data arrival time

                  0.15   10.00   10.00   clock clk (rise edge)
                          0.00   10.00   clock network delay (ideal)
                         -0.25    9.75   clock uncertainty
                          0.00    9.75   clock reconvergence pessimism
                                  9.75 ^ _743_/CLK (sky130_fd_sc_hd__dfrtp_2)
                         -0.09    9.66   library setup time
                                  9.66   data required time
-----------------------------------------------------------------------------
                                  9.66   data required time
                                 -2.93   data arrival time
-----------------------------------------------------------------------------
                                  6.74   slack (MET)


Startpoint: _727_ (rising edge-triggered flip-flop clocked by clk)
Endpoint: _716_ (rising edge-triggered flip-flop clocked by clk)
Path Group: clk
Path Type: max

Fanout     Cap    Slew   Delay    Time   Description
-----------------------------------------------------------------------------
                  0.15    0.00    0.00   clock clk (rise edge)
                          0.00    0.00   clock network delay (ideal)
                  0.15    0.00    0.00 ^ _727_/CLK (sky130_fd_sc_hd__dfrtp_2)
                  0.08    0.50    0.50 v _727_/Q (sky130_fd_sc_hd__dfrtp_2)
     6    0.02                           u_core.M[2] (net)
                  0.08    0.00    0.50 v _355_/B (sky130_fd_sc_hd__nor2_2)
                  0.31    0.28    0.78 ^ _355_/Y (sky130_fd_sc_hd__nor2_2)
     7    0.03                           _116_ (net)
                  0.31    0.00    0.78 ^ _357_/C (sky130_fd_sc_hd__nand4b_2)
                  0.13    0.19    0.97 v _357_/Y (sky130_fd_sc_hd__nand4b_2)
     3    0.01                           _118_ (net)
                  0.13    0.00    0.97 v _360_/A1 (sky130_fd_sc_hd__a21oi_2)
                  0.31    0.33    1.30 ^ _360_/Y (sky130_fd_sc_hd__a21oi_2)
     4    0.02                           _121_ (net)
                  0.31    0.00    1.30 ^ _361_/A (sky130_fd_sc_hd__buf_1)
                  0.68    0.59    1.89 ^ _361_/X (sky130_fd_sc_hd__buf_1)
    10    0.06                           _122_ (net)
                  0.68    0.00    1.89 ^ _377_/A2 (sky130_fd_sc_hd__a32oi_2)
                  0.13    0.20    2.10 v _377_/Y (sky130_fd_sc_hd__a32oi_2)
     1    0.00                           _138_ (net)
                  0.13    0.00    2.10 v _405_/A2 (sky130_fd_sc_hd__o22a_2)
                  0.07    0.29    2.39 v _405_/X (sky130_fd_sc_hd__o22a_2)
     3    0.01                           _166_ (net)
                  0.07    0.00    2.39 v _482_/A (sky130_fd_sc_hd__nand2_2)
                  0.11    0.11    2.50 ^ _482_/Y (sky130_fd_sc_hd__nand2_2)
     5    0.02                           _240_ (net)
                  0.11    0.00    2.50 ^ _512_/A1 (sky130_fd_sc_hd__a21oi_2)
                  0.08    0.07    2.57 v _512_/Y (sky130_fd_sc_hd__a21oi_2)
     1    0.00                           _266_ (net)
                  0.08    0.00    2.57 v _513_/B2 (sky130_fd_sc_hd__a22oi_2)
                  0.16    0.18    2.75 ^ _513_/Y (sky130_fd_sc_hd__a22oi_2)
     2    0.01                           _267_ (net)
                  0.16    0.00    2.75 ^ _594_/A2 (sky130_fd_sc_hd__o21ai_2)
                  0.06    0.06    2.81 v _594_/Y (sky130_fd_sc_hd__o21ai_2)
     1    0.00                           _076_ (net)
                  0.06    0.00    2.81 v _716_/D (sky130_fd_sc_hd__dfrtp_2)
                                  2.81   data arrival time

                  0.15   10.00   10.00   clock clk (rise edge)
                          0.00   10.00   clock network delay (ideal)
                         -0.25    9.75   clock uncertainty
                          0.00    9.75   clock reconvergence pessimism
                                  9.75 ^ _716_/CLK (sky130_fd_sc_hd__dfrtp_2)
                         -0.10    9.65   library setup time
                                  9.65   data required time
-----------------------------------------------------------------------------
                                  9.65   data required time
                                 -2.81   data arrival time
-----------------------------------------------------------------------------
                                  6.84   slack (MET)


Startpoint: start (input port clocked by clk)
Endpoint: _719_ (rising edge-triggered flip-flop clocked by clk)
Path Group: clk
Path Type: max

Fanout     Cap    Slew   Delay    Time   Description
-----------------------------------------------------------------------------
                  0.15    0.00    0.00   clock clk (rise edge)
                          0.00    0.00   clock network delay (ideal)
                          2.00    2.00 ^ input external delay
                  0.07    0.05    2.05 ^ start (in)
     5    0.01                           start (net)
                  0.07    0.00    2.05 ^ _480_/B (sky130_fd_sc_hd__nor2_2)
                  0.07    0.05    2.10 v _480_/Y (sky130_fd_sc_hd__nor2_2)
     4    0.01                           _238_ (net)
                  0.07    0.00    2.10 v _523_/A (sky130_fd_sc_hd__buf_1)
                  0.13    0.19    2.30 v _523_/X (sky130_fd_sc_hd__buf_1)
    10    0.02                           _275_ (net)
                  0.13    0.00    2.30 v _583_/B1 (sky130_fd_sc_hd__a22o_2)
                  0.04    0.24    2.54 v _583_/X (sky130_fd_sc_hd__a22o_2)
     1    0.00                           _316_ (net)
                  0.04    0.00    2.54 v _584_/B1 (sky130_fd_sc_hd__a31o_2)
                  0.03    0.21    2.75 v _584_/X (sky130_fd_sc_hd__a31o_2)
     1    0.00                           _079_ (net)
                  0.03    0.00    2.75 v _719_/D (sky130_fd_sc_hd__dfrtp_2)
                                  2.75   data arrival time

                  0.15   10.00   10.00   clock clk (rise edge)
                          0.00   10.00   clock network delay (ideal)
                         -0.25    9.75   clock uncertainty
                          0.00    9.75   clock reconvergence pessimism
                                  9.75 ^ _719_/CLK (sky130_fd_sc_hd__dfrtp_2)
                         -0.09    9.66   library setup time
                                  9.66   data required time
-----------------------------------------------------------------------------
                                  9.66   data required time
                                 -2.75   data arrival time
-----------------------------------------------------------------------------
                                  6.92   slack (MET)


Startpoint: start (input port clocked by clk)
Endpoint: _720_ (rising edge-triggered flip-flop clocked by clk)
Path Group: clk
Path Type: max

Fanout     Cap    Slew   Delay    Time   Description
-----------------------------------------------------------------------------
                  0.15    0.00    0.00   clock clk (rise edge)
                          0.00    0.00   clock network delay (ideal)
                          2.00    2.00 ^ input external delay
                  0.07    0.05    2.05 ^ start (in)
     5    0.01                           start (net)
                  0.07    0.00    2.05 ^ _480_/B (sky130_fd_sc_hd__nor2_2)
                  0.07    0.05    2.10 v _480_/Y (sky130_fd_sc_hd__nor2_2)
     4    0.01                           _238_ (net)
                  0.07    0.00    2.10 v _523_/A (sky130_fd_sc_hd__buf_1)
                  0.13    0.19    2.30 v _523_/X (sky130_fd_sc_hd__buf_1)
    10    0.02                           _275_ (net)
                  0.13    0.00    2.30 v _581_/B1 (sky130_fd_sc_hd__a22o_2)
                  0.04    0.24    2.54 v _581_/X (sky130_fd_sc_hd__a22o_2)
     1    0.00                           _315_ (net)
                  0.04    0.00    2.54 v _582_/B1 (sky130_fd_sc_hd__a31o_2)
                  0.03    0.21    2.75 v _582_/X (sky130_fd_sc_hd__a31o_2)
     1    0.00                           _080_ (net)
                  0.03    0.00    2.75 v _720_/D (sky130_fd_sc_hd__dfrtp_2)
                                  2.75   data arrival time

                  0.15   10.00   10.00   clock clk (rise edge)
                          0.00   10.00   clock network delay (ideal)
                         -0.25    9.75   clock uncertainty
                          0.00    9.75   clock reconvergence pessimism
                                  9.75 ^ _720_/CLK (sky130_fd_sc_hd__dfrtp_2)
                         -0.09    9.66   library setup time
                                  9.66   data required time
-----------------------------------------------------------------------------
                                  9.66   data required time
                                 -2.75   data arrival time
-----------------------------------------------------------------------------
                                  6.92   slack (MET)


Startpoint: start (input port clocked by clk)
Endpoint: _721_ (rising edge-triggered flip-flop clocked by clk)
Path Group: clk
Path Type: max

Fanout     Cap    Slew   Delay    Time   Description
-----------------------------------------------------------------------------
                  0.15    0.00    0.00   clock clk (rise edge)
                          0.00    0.00   clock network delay (ideal)
                          2.00    2.00 ^ input external delay
                  0.07    0.05    2.05 ^ start (in)
     5    0.01                           start (net)
                  0.07    0.00    2.05 ^ _480_/B (sky130_fd_sc_hd__nor2_2)
                  0.07    0.05    2.10 v _480_/Y (sky130_fd_sc_hd__nor2_2)
     4    0.01                           _238_ (net)
                  0.07    0.00    2.10 v _523_/A (sky130_fd_sc_hd__buf_1)
                  0.13    0.19    2.30 v _523_/X (sky130_fd_sc_hd__buf_1)
    10    0.02                           _275_ (net)
                  0.13    0.00    2.30 v _579_/B1 (sky130_fd_sc_hd__a22o_2)
                  0.04    0.24    2.54 v _579_/X (sky130_fd_sc_hd__a22o_2)
     1    0.00                           _314_ (net)
                  0.04    0.00    2.54 v _580_/B1 (sky130_fd_sc_hd__a31o_2)
                  0.03    0.21    2.75 v _580_/X (sky130_fd_sc_hd__a31o_2)
     1    0.00                           _081_ (net)
                  0.03    0.00    2.75 v _721_/D (sky130_fd_sc_hd__dfrtp_2)
                                  2.75   data arrival time

                  0.15   10.00   10.00   clock clk (rise edge)
                          0.00   10.00   clock network delay (ideal)
                         -0.25    9.75   clock uncertainty
                          0.00    9.75   clock reconvergence pessimism
                                  9.75 ^ _721_/CLK (sky130_fd_sc_hd__dfrtp_2)
                         -0.09    9.66   library setup time
                                  9.66   data required time
-----------------------------------------------------------------------------
                                  9.66   data required time
                                 -2.75   data arrival time
-----------------------------------------------------------------------------
                                  6.92   slack (MET)


Startpoint: start (input port clocked by clk)
Endpoint: _722_ (rising edge-triggered flip-flop clocked by clk)
Path Group: clk
Path Type: max

Fanout     Cap    Slew   Delay    Time   Description
-----------------------------------------------------------------------------
                  0.15    0.00    0.00   clock clk (rise edge)
                          0.00    0.00   clock network delay (ideal)
                          2.00    2.00 ^ input external delay
                  0.07    0.05    2.05 ^ start (in)
     5    0.01                           start (net)
                  0.07    0.00    2.05 ^ _480_/B (sky130_fd_sc_hd__nor2_2)
                  0.07    0.05    2.10 v _480_/Y (sky130_fd_sc_hd__nor2_2)
     4    0.01                           _238_ (net)
                  0.07    0.00    2.10 v _523_/A (sky130_fd_sc_hd__buf_1)
                  0.13    0.19    2.30 v _523_/X (sky130_fd_sc_hd__buf_1)
    10    0.02                           _275_ (net)
                  0.13    0.00    2.30 v _577_/B1 (sky130_fd_sc_hd__a22o_2)
                  0.04    0.24    2.54 v _577_/X (sky130_fd_sc_hd__a22o_2)
     1    0.00                           _313_ (net)
                  0.04    0.00    2.54 v _578_/B1 (sky130_fd_sc_hd__a31o_2)
                  0.03    0.21    2.75 v _578_/X (sky130_fd_sc_hd__a31o_2)
     1    0.00                           _082_ (net)
                  0.03    0.00    2.75 v _722_/D (sky130_fd_sc_hd__dfrtp_2)
                                  2.75   data arrival time

                  0.15   10.00   10.00   clock clk (rise edge)
                          0.00   10.00   clock network delay (ideal)
                         -0.25    9.75   clock uncertainty
                          0.00    9.75   clock reconvergence pessimism
                                  9.75 ^ _722_/CLK (sky130_fd_sc_hd__dfrtp_2)
                         -0.09    9.66   library setup time
                                  9.66   data required time
-----------------------------------------------------------------------------
                                  9.66   data required time
                                 -2.75   data arrival time
-----------------------------------------------------------------------------
                                  6.92   slack (MET)


Startpoint: start (input port clocked by clk)
Endpoint: _723_ (rising edge-triggered flip-flop clocked by clk)
Path Group: clk
Path Type: max

Fanout     Cap    Slew   Delay    Time   Description
-----------------------------------------------------------------------------
                  0.15    0.00    0.00   clock clk (rise edge)
                          0.00    0.00   clock network delay (ideal)
                          2.00    2.00 ^ input external delay
                  0.07    0.05    2.05 ^ start (in)
     5    0.01                           start (net)
                  0.07    0.00    2.05 ^ _480_/B (sky130_fd_sc_hd__nor2_2)
                  0.07    0.05    2.10 v _480_/Y (sky130_fd_sc_hd__nor2_2)
     4    0.01                           _238_ (net)
                  0.07    0.00    2.10 v _523_/A (sky130_fd_sc_hd__buf_1)
                  0.13    0.19    2.30 v _523_/X (sky130_fd_sc_hd__buf_1)
    10    0.02                           _275_ (net)
                  0.13    0.00    2.30 v _575_/B1 (sky130_fd_sc_hd__a22o_2)
                  0.04    0.24    2.54 v _575_/X (sky130_fd_sc_hd__a22o_2)
     1    0.00                           _312_ (net)
                  0.04    0.00    2.54 v _576_/B1 (sky130_fd_sc_hd__a31o_2)
                  0.03    0.21    2.75 v _576_/X (sky130_fd_sc_hd__a31o_2)
     1    0.00                           _083_ (net)
                  0.03    0.00    2.75 v _723_/D (sky130_fd_sc_hd__dfrtp_2)
                                  2.75   data arrival time

                  0.15   10.00   10.00   clock clk (rise edge)
                          0.00   10.00   clock network delay (ideal)
                         -0.25    9.75   clock uncertainty
                          0.00    9.75   clock reconvergence pessimism
                                  9.75 ^ _723_/CLK (sky130_fd_sc_hd__dfrtp_2)
                         -0.09    9.66   library setup time
                                  9.66   data required time
-----------------------------------------------------------------------------
                                  9.66   data required time
                                 -2.75   data arrival time
-----------------------------------------------------------------------------
                                  6.92   slack (MET)


Startpoint: start (input port clocked by clk)
Endpoint: _724_ (rising edge-triggered flip-flop clocked by clk)
Path Group: clk
Path Type: max

Fanout     Cap    Slew   Delay    Time   Description
-----------------------------------------------------------------------------
                  0.15    0.00    0.00   clock clk (rise edge)
                          0.00    0.00   clock network delay (ideal)
                          2.00    2.00 ^ input external delay
                  0.07    0.05    2.05 ^ start (in)
     5    0.01                           start (net)
                  0.07    0.00    2.05 ^ _480_/B (sky130_fd_sc_hd__nor2_2)
                  0.07    0.05    2.10 v _480_/Y (sky130_fd_sc_hd__nor2_2)
     4    0.01                           _238_ (net)
                  0.07    0.00    2.10 v _523_/A (sky130_fd_sc_hd__buf_1)
                  0.13    0.19    2.30 v _523_/X (sky130_fd_sc_hd__buf_1)
    10    0.02                           _275_ (net)
                  0.13    0.00    2.30 v _574_/A2 (sky130_fd_sc_hd__a221o_2)
                  0.05    0.42    2.72 v _574_/X (sky130_fd_sc_hd__a221o_2)
     1    0.00                           _084_ (net)
                  0.05    0.00    2.72 v _724_/D (sky130_fd_sc_hd__dfrtp_2)
                                  2.72   data arrival time

                  0.15   10.00   10.00   clock clk (rise edge)
                          0.00   10.00   clock network delay (ideal)
                         -0.25    9.75   clock uncertainty
                          0.00    9.75   clock reconvergence pessimism
                                  9.75 ^ _724_/CLK (sky130_fd_sc_hd__dfrtp_2)
                         -0.09    9.66   library setup time
                                  9.66   data required time
-----------------------------------------------------------------------------
                                  9.66   data required time
                                 -2.72   data arrival time
-----------------------------------------------------------------------------
                                  6.94   slack (MET)


Startpoint: _699_ (rising edge-triggered flip-flop clocked by clk)
Endpoint: _712_ (rising edge-triggered flip-flop clocked by clk)
Path Group: clk
Path Type: max

Fanout     Cap    Slew   Delay    Time   Description
-----------------------------------------------------------------------------
                  0.15    0.00    0.00   clock clk (rise edge)
                          0.00    0.00   clock network delay (ideal)
                  0.15    0.00    0.00 ^ _699_/CLK (sky130_fd_sc_hd__dfrtp_2)
                  0.10    0.52    0.52 v _699_/Q (sky130_fd_sc_hd__dfrtp_2)
     9    0.03                           u_core.Q_1 (net)
                  0.10    0.00    0.52 v _347_/A_N (sky130_fd_sc_hd__and2b_2)
                  0.05    0.25    0.77 ^ _347_/X (sky130_fd_sc_hd__and2b_2)
     2    0.01                           _108_ (net)
                  0.05    0.00    0.77 ^ _348_/A (sky130_fd_sc_hd__buf_1)
                  0.43    0.37    1.14 ^ _348_/X (sky130_fd_sc_hd__buf_1)
    10    0.04                           _109_ (net)
                  0.43    0.00    1.14 ^ _407_/A1 (sky130_fd_sc_hd__o21ai_2)
                  0.08    0.13    1.27 v _407_/Y (sky130_fd_sc_hd__o21ai_2)
     2    0.01                           _168_ (net)
                  0.08    0.00    1.27 v _409_/A (sky130_fd_sc_hd__nand3_2)
                  0.09    0.10    1.37 ^ _409_/Y (sky130_fd_sc_hd__nand3_2)
     3    0.01                           _170_ (net)
                  0.09    0.00    1.37 ^ _414_/A (sky130_fd_sc_hd__nand2_2)
                  0.06    0.08    1.45 v _414_/Y (sky130_fd_sc_hd__nand2_2)
     3    0.01                           _175_ (net)
                  0.06    0.00    1.45 v _428_/A1 (sky130_fd_sc_hd__o21bai_2)
                  0.27    0.28    1.72 ^ _428_/Y (sky130_fd_sc_hd__o21bai_2)
     5    0.02                           _189_ (net)
                  0.27    0.00    1.72 ^ _528_/C1 (sky130_fd_sc_hd__o2111ai_2)
                  0.13    0.20    1.92 v _528_/Y (sky130_fd_sc_hd__o2111ai_2)
     3    0.01                           _279_ (net)
                  0.13    0.00    1.92 v _535_/B (sky130_fd_sc_hd__and3_2)
                  0.04    0.23    2.15 v _535_/X (sky130_fd_sc_hd__and3_2)
     1    0.00                           _285_ (net)
                  0.04    0.00    2.15 v _536_/B1 (sky130_fd_sc_hd__a31o_2)
                  0.04    0.22    2.37 v _536_/X (sky130_fd_sc_hd__a31o_2)
     2    0.00                           _286_ (net)
                  0.04    0.00    2.37 v _599_/A0 (sky130_fd_sc_hd__mux2_2)
                  0.05    0.26    2.63 v _599_/X (sky130_fd_sc_hd__mux2_2)
     1    0.00                           _325_ (net)
                  0.05    0.00    2.63 v _600_/A (sky130_fd_sc_hd__buf_1)
                  0.02    0.09    2.72 v _600_/X (sky130_fd_sc_hd__buf_1)
     1    0.00                           _072_ (net)
                  0.02    0.00    2.72 v _712_/D (sky130_fd_sc_hd__dfrtp_2)
                                  2.72   data arrival time

                  0.15   10.00   10.00   clock clk (rise edge)
                          0.00   10.00   clock network delay (ideal)
                         -0.25    9.75   clock uncertainty
                          0.00    9.75   clock reconvergence pessimism
                                  9.75 ^ _712_/CLK (sky130_fd_sc_hd__dfrtp_2)
                         -0.08    9.67   library setup time
                                  9.67   data required time
-----------------------------------------------------------------------------
                                  9.67   data required time
                                 -2.72   data arrival time
-----------------------------------------------------------------------------
                                  6.95   slack (MET)


Startpoint: _699_ (rising edge-triggered flip-flop clocked by clk)
Endpoint: _713_ (rising edge-triggered flip-flop clocked by clk)
Path Group: clk
Path Type: max

Fanout     Cap    Slew   Delay    Time   Description
-----------------------------------------------------------------------------
                  0.15    0.00    0.00   clock clk (rise edge)
                          0.00    0.00   clock network delay (ideal)
                  0.15    0.00    0.00 ^ _699_/CLK (sky130_fd_sc_hd__dfrtp_2)
                  0.10    0.52    0.52 v _699_/Q (sky130_fd_sc_hd__dfrtp_2)
     9    0.03                           u_core.Q_1 (net)
                  0.10    0.00    0.52 v _347_/A_N (sky130_fd_sc_hd__and2b_2)
                  0.05    0.25    0.77 ^ _347_/X (sky130_fd_sc_hd__and2b_2)
     2    0.01                           _108_ (net)
                  0.05    0.00    0.77 ^ _348_/A (sky130_fd_sc_hd__buf_1)
                  0.43    0.37    1.14 ^ _348_/X (sky130_fd_sc_hd__buf_1)
    10    0.04                           _109_ (net)
                  0.43    0.00    1.14 ^ _407_/A1 (sky130_fd_sc_hd__o21ai_2)
                  0.08    0.13    1.27 v _407_/Y (sky130_fd_sc_hd__o21ai_2)
     2    0.01                           _168_ (net)
                  0.08    0.00    1.27 v _409_/A (sky130_fd_sc_hd__nand3_2)
                  0.09    0.10    1.37 ^ _409_/Y (sky130_fd_sc_hd__nand3_2)
     3    0.01                           _170_ (net)
                  0.09    0.00    1.37 ^ _414_/A (sky130_fd_sc_hd__nand2_2)
                  0.06    0.08    1.45 v _414_/Y (sky130_fd_sc_hd__nand2_2)
     3    0.01                           _175_ (net)
                  0.06    0.00    1.45 v _428_/A1 (sky130_fd_sc_hd__o21bai_2)
                  0.27    0.28    1.72 ^ _428_/Y (sky130_fd_sc_hd__o21bai_2)
     5    0.02                           _189_ (net)
                  0.27    0.00    1.72 ^ _528_/C1 (sky130_fd_sc_hd__o2111ai_2)
                  0.13    0.20    1.92 v _528_/Y (sky130_fd_sc_hd__o2111ai_2)
     3    0.01                           _279_ (net)
                  0.13    0.00    1.92 v _530_/A4 (sky130_fd_sc_hd__a41o_2)
                  0.04    0.31    2.23 v _530_/X (sky130_fd_sc_hd__a41o_2)
     1    0.00                           _281_ (net)
                  0.04    0.00    2.23 v _531_/B2 (sky130_fd_sc_hd__o221a_2)
                  0.05    0.24    2.47 v _531_/X (sky130_fd_sc_hd__o221a_2)
     2    0.00                           _282_ (net)
                  0.05    0.00    2.47 v _598_/B1 (sky130_fd_sc_hd__a22o_2)
                  0.04    0.21    2.67 v _598_/X (sky130_fd_sc_hd__a22o_2)
     1    0.00                           _073_ (net)
                  0.04    0.00    2.67 v _713_/D (sky130_fd_sc_hd__dfrtp_2)
                                  2.67   data arrival time

                  0.15   10.00   10.00   clock clk (rise edge)
                          0.00   10.00   clock network delay (ideal)
                         -0.25    9.75   clock uncertainty
                          0.00    9.75   clock reconvergence pessimism
                                  9.75 ^ _713_/CLK (sky130_fd_sc_hd__dfrtp_2)
                         -0.09    9.66   library setup time
                                  9.66   data required time
-----------------------------------------------------------------------------
                                  9.66   data required time
                                 -2.67   data arrival time
-----------------------------------------------------------------------------
                                  6.99   slack (MET)


Startpoint: _726_ (rising edge-triggered flip-flop clocked by clk)
Endpoint: _714_ (rising edge-triggered flip-flop clocked by clk)
Path Group: clk
Path Type: max

Fanout     Cap    Slew   Delay    Time   Description
-----------------------------------------------------------------------------
                  0.15    0.00    0.00   clock clk (rise edge)
                          0.00    0.00   clock network delay (ideal)
                  0.15    0.00    0.00 ^ _726_/CLK (sky130_fd_sc_hd__dfrtp_2)
                  0.07    0.48    0.48 v _726_/Q (sky130_fd_sc_hd__dfrtp_2)
     5    0.02                           u_core.M[1] (net)
                  0.07    0.00    0.48 v _354_/A (sky130_fd_sc_hd__nor2_2)
                  0.15    0.17    0.66 ^ _354_/Y (sky130_fd_sc_hd__nor2_2)
     3    0.01                           _115_ (net)
                  0.15    0.00    0.66 ^ _366_/A (sky130_fd_sc_hd__buf_1)
                  0.41    0.37    1.03 ^ _366_/X (sky130_fd_sc_hd__buf_1)
    10    0.03                           _127_ (net)
                  0.41    0.00    1.03 ^ _381_/A (sky130_fd_sc_hd__nand2_2)
                  0.15    0.18    1.21 v _381_/Y (sky130_fd_sc_hd__nand2_2)
     6    0.02                           _142_ (net)
                  0.15    0.00    1.21 v _432_/A2 (sky130_fd_sc_hd__a21o_2)
                  0.04    0.26    1.47 v _432_/X (sky130_fd_sc_hd__a21o_2)
     1    0.00                           _193_ (net)
                  0.04    0.00    1.47 v _434_/A (sky130_fd_sc_hd__nand3_2)
                  0.10    0.09    1.56 ^ _434_/Y (sky130_fd_sc_hd__nand3_2)
     4    0.01                           _195_ (net)
                  0.10    0.00    1.56 ^ _437_/B1 (sky130_fd_sc_hd__o2111a_2)
                  0.08    0.24    1.80 ^ _437_/X (sky130_fd_sc_hd__o2111a_2)
     2    0.01                           _198_ (net)
                  0.08    0.00    1.80 ^ _515_/C (sky130_fd_sc_hd__nand3_2)
                  0.11    0.10    1.90 v _515_/Y (sky130_fd_sc_hd__nand3_2)
     3    0.01                           _268_ (net)
                  0.11    0.00    1.90 v _524_/A1 (sky130_fd_sc_hd__a21oi_2)
                  0.07    0.13    2.03 ^ _524_/Y (sky130_fd_sc_hd__a21oi_2)
     1    0.00                           _276_ (net)
                  0.07    0.00    2.03 ^ _526_/A1_N (sky130_fd_sc_hd__a2bb2o_2)
                  0.05    0.29    2.32 v _526_/X (sky130_fd_sc_hd__a2bb2o_2)
     2    0.00                           _278_ (net)
                  0.05    0.00    2.32 v _596_/A0 (sky130_fd_sc_hd__mux2_2)
                  0.05    0.26    2.58 v _596_/X (sky130_fd_sc_hd__mux2_2)
     1    0.00                           _324_ (net)
                  0.05    0.00    2.58 v _597_/A (sky130_fd_sc_hd__buf_1)
                  0.02    0.09    2.67 v _597_/X (sky130_fd_sc_hd__buf_1)
     1    0.00                           _074_ (net)
                  0.02    0.00    2.67 v _714_/D (sky130_fd_sc_hd__dfrtp_2)
                                  2.67   data arrival time

                  0.15   10.00   10.00   clock clk (rise edge)
                          0.00   10.00   clock network delay (ideal)
                         -0.25    9.75   clock uncertainty
                          0.00    9.75   clock reconvergence pessimism
                                  9.75 ^ _714_/CLK (sky130_fd_sc_hd__dfrtp_2)
                         -0.08    9.67   library setup time
                                  9.67   data required time
-----------------------------------------------------------------------------
                                  9.67   data required time
                                 -2.67   data arrival time
-----------------------------------------------------------------------------
                                  7.00   slack (MET)


Startpoint: _699_ (rising edge-triggered flip-flop clocked by clk)
Endpoint: _737_ (rising edge-triggered flip-flop clocked by clk)
Path Group: clk
Path Type: max

Fanout     Cap    Slew   Delay    Time   Description
-----------------------------------------------------------------------------
                  0.15    0.00    0.00   clock clk (rise edge)
                          0.00    0.00   clock network delay (ideal)
                  0.15    0.00    0.00 ^ _699_/CLK (sky130_fd_sc_hd__dfrtp_2)
                  0.10    0.52    0.52 v _699_/Q (sky130_fd_sc_hd__dfrtp_2)
     9    0.03                           u_core.Q_1 (net)
                  0.10    0.00    0.52 v _347_/A_N (sky130_fd_sc_hd__and2b_2)
                  0.05    0.25    0.77 ^ _347_/X (sky130_fd_sc_hd__and2b_2)
     2    0.01                           _108_ (net)
                  0.05    0.00    0.77 ^ _348_/A (sky130_fd_sc_hd__buf_1)
                  0.43    0.37    1.14 ^ _348_/X (sky130_fd_sc_hd__buf_1)
    10    0.04                           _109_ (net)
                  0.43    0.00    1.14 ^ _407_/A1 (sky130_fd_sc_hd__o21ai_2)
                  0.08    0.13    1.27 v _407_/Y (sky130_fd_sc_hd__o21ai_2)
     2    0.01                           _168_ (net)
                  0.08    0.00    1.27 v _409_/A (sky130_fd_sc_hd__nand3_2)
                  0.09    0.10    1.37 ^ _409_/Y (sky130_fd_sc_hd__nand3_2)
     3    0.01                           _170_ (net)
                  0.09    0.00    1.37 ^ _414_/A (sky130_fd_sc_hd__nand2_2)
                  0.06    0.08    1.45 v _414_/Y (sky130_fd_sc_hd__nand2_2)
     3    0.01                           _175_ (net)
                  0.06    0.00    1.45 v _428_/A1 (sky130_fd_sc_hd__o21bai_2)
                  0.27    0.28    1.72 ^ _428_/Y (sky130_fd_sc_hd__o21bai_2)
     5    0.02                           _189_ (net)
                  0.27    0.00    1.72 ^ _528_/C1 (sky130_fd_sc_hd__o2111ai_2)
                  0.13    0.20    1.92 v _528_/Y (sky130_fd_sc_hd__o2111ai_2)
     3    0.01                           _279_ (net)
                  0.13    0.00    1.92 v _530_/A4 (sky130_fd_sc_hd__a41o_2)
                  0.04    0.31    2.23 v _530_/X (sky130_fd_sc_hd__a41o_2)
     1    0.00                           _281_ (net)
                  0.04    0.00    2.23 v _531_/B2 (sky130_fd_sc_hd__o221a_2)
                  0.05    0.24    2.47 v _531_/X (sky130_fd_sc_hd__o221a_2)
     2    0.00                           _282_ (net)
                  0.05    0.00    2.47 v _532_/B1 (sky130_fd_sc_hd__a21o_2)
                  0.03    0.18    2.65 v _532_/X (sky130_fd_sc_hd__a21o_2)
     1    0.00                           _097_ (net)
                  0.03    0.00    2.65 v _737_/D (sky130_fd_sc_hd__dfrtp_2)
                                  2.65   data arrival time

                  0.15   10.00   10.00   clock clk (rise edge)
                          0.00   10.00   clock network delay (ideal)
                         -0.25    9.75   clock uncertainty
                          0.00    9.75   clock reconvergence pessimism
                                  9.75 ^ _737_/CLK (sky130_fd_sc_hd__dfrtp_2)
                         -0.09    9.66   library setup time
                                  9.66   data required time
-----------------------------------------------------------------------------
                                  9.66   data required time
                                 -2.65   data arrival time
-----------------------------------------------------------------------------
                                  7.01   slack (MET)


Startpoint: start (input port clocked by clk)
Endpoint: _725_ (rising edge-triggered flip-flop clocked by clk)
Path Group: clk
Path Type: max

Fanout     Cap    Slew   Delay    Time   Description
-----------------------------------------------------------------------------
                  0.15    0.00    0.00   clock clk (rise edge)
                          0.00    0.00   clock network delay (ideal)
                          2.00    2.00 v input external delay
                  0.03    0.02    2.02 v start (in)
     5    0.01                           start (net)
                  0.03    0.00    2.02 v _554_/B (sky130_fd_sc_hd__nand2_2)
                  0.20    0.17    2.20 ^ _554_/Y (sky130_fd_sc_hd__nand2_2)
    10    0.04                           _300_ (net)
                  0.20    0.00    2.20 ^ _569_/S (sky130_fd_sc_hd__mux2_2)
                  0.05    0.37    2.56 v _569_/X (sky130_fd_sc_hd__mux2_2)
     1    0.00                           _308_ (net)
                  0.05    0.00    2.56 v _570_/A (sky130_fd_sc_hd__buf_1)
                  0.02    0.09    2.65 v _570_/X (sky130_fd_sc_hd__buf_1)
     1    0.00                           _085_ (net)
                  0.02    0.00    2.65 v _725_/D (sky130_fd_sc_hd__dfrtp_2)
                                  2.65   data arrival time

                  0.15   10.00   10.00   clock clk (rise edge)
                          0.00   10.00   clock network delay (ideal)
                         -0.25    9.75   clock uncertainty
                          0.00    9.75   clock reconvergence pessimism
                                  9.75 ^ _725_/CLK (sky130_fd_sc_hd__dfrtp_2)
                         -0.08    9.67   library setup time
                                  9.67   data required time
-----------------------------------------------------------------------------
                                  9.67   data required time
                                 -2.65   data arrival time
-----------------------------------------------------------------------------
                                  7.02   slack (MET)


Startpoint: start (input port clocked by clk)
Endpoint: _726_ (rising edge-triggered flip-flop clocked by clk)
Path Group: clk
Path Type: max

Fanout     Cap    Slew   Delay    Time   Description
-----------------------------------------------------------------------------
                  0.15    0.00    0.00   clock clk (rise edge)
                          0.00    0.00   clock network delay (ideal)
                          2.00    2.00 v input external delay
                  0.03    0.02    2.02 v start (in)
     5    0.01                           start (net)
                  0.03    0.00    2.02 v _554_/B (sky130_fd_sc_hd__nand2_2)
                  0.20    0.17    2.20 ^ _554_/Y (sky130_fd_sc_hd__nand2_2)
    10    0.04                           _300_ (net)
                  0.20    0.00    2.20 ^ _567_/S (sky130_fd_sc_hd__mux2_2)
                  0.05    0.37    2.56 v _567_/X (sky130_fd_sc_hd__mux2_2)
     1    0.00                           _307_ (net)
                  0.05    0.00    2.56 v _568_/A (sky130_fd_sc_hd__buf_1)
                  0.02    0.09    2.65 v _568_/X (sky130_fd_sc_hd__buf_1)
     1    0.00                           _086_ (net)
                  0.02    0.00    2.65 v _726_/D (sky130_fd_sc_hd__dfrtp_2)
                                  2.65   data arrival time

                  0.15   10.00   10.00   clock clk (rise edge)
                          0.00   10.00   clock network delay (ideal)
                         -0.25    9.75   clock uncertainty
                          0.00    9.75   clock reconvergence pessimism
                                  9.75 ^ _726_/CLK (sky130_fd_sc_hd__dfrtp_2)
                         -0.08    9.67   library setup time
                                  9.67   data required time
-----------------------------------------------------------------------------
                                  9.67   data required time
                                 -2.65   data arrival time
-----------------------------------------------------------------------------
                                  7.02   slack (MET)


Startpoint: start (input port clocked by clk)
Endpoint: _727_ (rising edge-triggered flip-flop clocked by clk)
Path Group: clk
Path Type: max

Fanout     Cap    Slew   Delay    Time   Description
-----------------------------------------------------------------------------
                  0.15    0.00    0.00   clock clk (rise edge)
                          0.00    0.00   clock network delay (ideal)
                          2.00    2.00 v input external delay
                  0.03    0.02    2.02 v start (in)
     5    0.01                           start (net)
                  0.03    0.00    2.02 v _554_/B (sky130_fd_sc_hd__nand2_2)
                  0.20    0.17    2.20 ^ _554_/Y (sky130_fd_sc_hd__nand2_2)
    10    0.04                           _300_ (net)
                  0.20    0.00    2.20 ^ _565_/S (sky130_fd_sc_hd__mux2_2)
                  0.05    0.37    2.56 v _565_/X (sky130_fd_sc_hd__mux2_2)
     1    0.00                           _306_ (net)
                  0.05    0.00    2.56 v _566_/A (sky130_fd_sc_hd__buf_1)
                  0.02    0.09    2.65 v _566_/X (sky130_fd_sc_hd__buf_1)
     1    0.00                           _087_ (net)
                  0.02    0.00    2.65 v _727_/D (sky130_fd_sc_hd__dfrtp_2)
                                  2.65   data arrival time

                  0.15   10.00   10.00   clock clk (rise edge)
                          0.00   10.00   clock network delay (ideal)
                         -0.25    9.75   clock uncertainty
                          0.00    9.75   clock reconvergence pessimism
                                  9.75 ^ _727_/CLK (sky130_fd_sc_hd__dfrtp_2)
                         -0.08    9.67   library setup time
                                  9.67   data required time
-----------------------------------------------------------------------------
                                  9.67   data required time
                                 -2.65   data arrival time
-----------------------------------------------------------------------------
                                  7.02   slack (MET)


Startpoint: start (input port clocked by clk)
Endpoint: _728_ (rising edge-triggered flip-flop clocked by clk)
Path Group: clk
Path Type: max

Fanout     Cap    Slew   Delay    Time   Description
-----------------------------------------------------------------------------
                  0.15    0.00    0.00   clock clk (rise edge)
                          0.00    0.00   clock network delay (ideal)
                          2.00    2.00 v input external delay
                  0.03    0.02    2.02 v start (in)
     5    0.01                           start (net)
                  0.03    0.00    2.02 v _554_/B (sky130_fd_sc_hd__nand2_2)
                  0.20    0.17    2.20 ^ _554_/Y (sky130_fd_sc_hd__nand2_2)
    10    0.04                           _300_ (net)
                  0.20    0.00    2.20 ^ _563_/S (sky130_fd_sc_hd__mux2_2)
                  0.05    0.37    2.56 v _563_/X (sky130_fd_sc_hd__mux2_2)
     1    0.00                           _305_ (net)
                  0.05    0.00    2.56 v _564_/A (sky130_fd_sc_hd__buf_1)
                  0.02    0.09    2.65 v _564_/X (sky130_fd_sc_hd__buf_1)
     1    0.00                           _088_ (net)
                  0.02    0.00    2.65 v _728_/D (sky130_fd_sc_hd__dfrtp_2)
                                  2.65   data arrival time

                  0.15   10.00   10.00   clock clk (rise edge)
                          0.00   10.00   clock network delay (ideal)
                         -0.25    9.75   clock uncertainty
                          0.00    9.75   clock reconvergence pessimism
                                  9.75 ^ _728_/CLK (sky130_fd_sc_hd__dfrtp_2)
                         -0.08    9.67   library setup time
                                  9.67   data required time
-----------------------------------------------------------------------------
                                  9.67   data required time
                                 -2.65   data arrival time
-----------------------------------------------------------------------------
                                  7.02   slack (MET)


Startpoint: start (input port clocked by clk)
Endpoint: _729_ (rising edge-triggered flip-flop clocked by clk)
Path Group: clk
Path Type: max

Fanout     Cap    Slew   Delay    Time   Description
-----------------------------------------------------------------------------
                  0.15    0.00    0.00   clock clk (rise edge)
                          0.00    0.00   clock network delay (ideal)
                          2.00    2.00 v input external delay
                  0.03    0.02    2.02 v start (in)
     5    0.01                           start (net)
                  0.03    0.00    2.02 v _554_/B (sky130_fd_sc_hd__nand2_2)
                  0.20    0.17    2.20 ^ _554_/Y (sky130_fd_sc_hd__nand2_2)
    10    0.04                           _300_ (net)
                  0.20    0.00    2.20 ^ _561_/S (sky130_fd_sc_hd__mux2_2)
                  0.05    0.37    2.56 v _561_/X (sky130_fd_sc_hd__mux2_2)
     1    0.00                           _304_ (net)
                  0.05    0.00    2.56 v _562_/A (sky130_fd_sc_hd__buf_1)
                  0.02    0.09    2.65 v _562_/X (sky130_fd_sc_hd__buf_1)
     1    0.00                           _089_ (net)
                  0.02    0.00    2.65 v _729_/D (sky130_fd_sc_hd__dfrtp_2)
                                  2.65   data arrival time

                  0.15   10.00   10.00   clock clk (rise edge)
                          0.00   10.00   clock network delay (ideal)
                         -0.25    9.75   clock uncertainty
                          0.00    9.75   clock reconvergence pessimism
                                  9.75 ^ _729_/CLK (sky130_fd_sc_hd__dfrtp_2)
                         -0.08    9.67   library setup time
                                  9.67   data required time
-----------------------------------------------------------------------------
                                  9.67   data required time
                                 -2.65   data arrival time
-----------------------------------------------------------------------------
                                  7.02   slack (MET)


Startpoint: start (input port clocked by clk)
Endpoint: _730_ (rising edge-triggered flip-flop clocked by clk)
Path Group: clk
Path Type: max

Fanout     Cap    Slew   Delay    Time   Description
-----------------------------------------------------------------------------
                  0.15    0.00    0.00   clock clk (rise edge)
                          0.00    0.00   clock network delay (ideal)
                          2.00    2.00 v input external delay
                  0.03    0.02    2.02 v start (in)
     5    0.01                           start (net)
                  0.03    0.00    2.02 v _554_/B (sky130_fd_sc_hd__nand2_2)
                  0.20    0.17    2.20 ^ _554_/Y (sky130_fd_sc_hd__nand2_2)
    10    0.04                           _300_ (net)
                  0.20    0.00    2.20 ^ _559_/S (sky130_fd_sc_hd__mux2_2)
                  0.05    0.37    2.56 v _559_/X (sky130_fd_sc_hd__mux2_2)
     1    0.00                           _303_ (net)
                  0.05    0.00    2.56 v _560_/A (sky130_fd_sc_hd__buf_1)
                  0.02    0.09    2.65 v _560_/X (sky130_fd_sc_hd__buf_1)
     1    0.00                           _090_ (net)
                  0.02    0.00    2.65 v _730_/D (sky130_fd_sc_hd__dfrtp_2)
                                  2.65   data arrival time

                  0.15   10.00   10.00   clock clk (rise edge)
                          0.00   10.00   clock network delay (ideal)
                         -0.25    9.75   clock uncertainty
                          0.00    9.75   clock reconvergence pessimism
                                  9.75 ^ _730_/CLK (sky130_fd_sc_hd__dfrtp_2)
                         -0.08    9.67   library setup time
                                  9.67   data required time
-----------------------------------------------------------------------------
                                  9.67   data required time
                                 -2.65   data arrival time
-----------------------------------------------------------------------------
                                  7.02   slack (MET)


Startpoint: start (input port clocked by clk)
Endpoint: _731_ (rising edge-triggered flip-flop clocked by clk)
Path Group: clk
Path Type: max

Fanout     Cap    Slew   Delay    Time   Description
-----------------------------------------------------------------------------
                  0.15    0.00    0.00   clock clk (rise edge)
                          0.00    0.00   clock network delay (ideal)
                          2.00    2.00 v input external delay
                  0.03    0.02    2.02 v start (in)
     5    0.01                           start (net)
                  0.03    0.00    2.02 v _554_/B (sky130_fd_sc_hd__nand2_2)
                  0.20    0.17    2.20 ^ _554_/Y (sky130_fd_sc_hd__nand2_2)
    10    0.04                           _300_ (net)
                  0.20    0.00    2.20 ^ _557_/S (sky130_fd_sc_hd__mux2_2)
                  0.05    0.37    2.56 v _557_/X (sky130_fd_sc_hd__mux2_2)
     1    0.00                           _302_ (net)
                  0.05    0.00    2.56 v _558_/A (sky130_fd_sc_hd__buf_1)
                  0.02    0.09    2.65 v _558_/X (sky130_fd_sc_hd__buf_1)
     1    0.00                           _091_ (net)
                  0.02    0.00    2.65 v _731_/D (sky130_fd_sc_hd__dfrtp_2)
                                  2.65   data arrival time

                  0.15   10.00   10.00   clock clk (rise edge)
                          0.00   10.00   clock network delay (ideal)
                         -0.25    9.75   clock uncertainty
                          0.00    9.75   clock reconvergence pessimism
                                  9.75 ^ _731_/CLK (sky130_fd_sc_hd__dfrtp_2)
                         -0.08    9.67   library setup time
                                  9.67   data required time
-----------------------------------------------------------------------------
                                  9.67   data required time
                                 -2.65   data arrival time
-----------------------------------------------------------------------------
                                  7.02   slack (MET)


Startpoint: start (input port clocked by clk)
Endpoint: _732_ (rising edge-triggered flip-flop clocked by clk)
Path Group: clk
Path Type: max

Fanout     Cap    Slew   Delay    Time   Description
-----------------------------------------------------------------------------
                  0.15    0.00    0.00   clock clk (rise edge)
                          0.00    0.00   clock network delay (ideal)
                          2.00    2.00 v input external delay
                  0.03    0.02    2.02 v start (in)
     5    0.01                           start (net)
                  0.03    0.00    2.02 v _554_/B (sky130_fd_sc_hd__nand2_2)
                  0.20    0.17    2.20 ^ _554_/Y (sky130_fd_sc_hd__nand2_2)
    10    0.04                           _300_ (net)
                  0.20    0.00    2.20 ^ _555_/S (sky130_fd_sc_hd__mux2_2)
                  0.05    0.37    2.56 v _555_/X (sky130_fd_sc_hd__mux2_2)
     1    0.00                           _301_ (net)
                  0.05    0.00    2.56 v _556_/A (sky130_fd_sc_hd__buf_1)
                  0.02    0.09    2.65 v _556_/X (sky130_fd_sc_hd__buf_1)
     1    0.00                           _092_ (net)
                  0.02    0.00    2.65 v _732_/D (sky130_fd_sc_hd__dfrtp_2)
                                  2.65   data arrival time

                  0.15   10.00   10.00   clock clk (rise edge)
                          0.00   10.00   clock network delay (ideal)
                         -0.25    9.75   clock uncertainty
                          0.00    9.75   clock reconvergence pessimism
                                  9.75 ^ _732_/CLK (sky130_fd_sc_hd__dfrtp_2)
                         -0.08    9.67   library setup time
                                  9.67   data required time
-----------------------------------------------------------------------------
                                  9.67   data required time
                                 -2.65   data arrival time
-----------------------------------------------------------------------------
                                  7.02   slack (MET)


Startpoint: _726_ (rising edge-triggered flip-flop clocked by clk)
Endpoint: _715_ (rising edge-triggered flip-flop clocked by clk)
Path Group: clk
Path Type: max

Fanout     Cap    Slew   Delay    Time   Description
-----------------------------------------------------------------------------
                  0.15    0.00    0.00   clock clk (rise edge)
                          0.00    0.00   clock network delay (ideal)
                  0.15    0.00    0.00 ^ _726_/CLK (sky130_fd_sc_hd__dfrtp_2)
                  0.07    0.48    0.48 v _726_/Q (sky130_fd_sc_hd__dfrtp_2)
     5    0.02                           u_core.M[1] (net)
                  0.07    0.00    0.48 v _354_/A (sky130_fd_sc_hd__nor2_2)
                  0.15    0.17    0.66 ^ _354_/Y (sky130_fd_sc_hd__nor2_2)
     3    0.01                           _115_ (net)
                  0.15    0.00    0.66 ^ _366_/A (sky130_fd_sc_hd__buf_1)
                  0.41    0.37    1.03 ^ _366_/X (sky130_fd_sc_hd__buf_1)
    10    0.03                           _127_ (net)
                  0.41    0.00    1.03 ^ _381_/A (sky130_fd_sc_hd__nand2_2)
                  0.15    0.18    1.21 v _381_/Y (sky130_fd_sc_hd__nand2_2)
     6    0.02                           _142_ (net)
                  0.15    0.00    1.21 v _432_/A2 (sky130_fd_sc_hd__a21o_2)
                  0.04    0.26    1.47 v _432_/X (sky130_fd_sc_hd__a21o_2)
     1    0.00                           _193_ (net)
                  0.04    0.00    1.47 v _434_/A (sky130_fd_sc_hd__nand3_2)
                  0.10    0.09    1.56 ^ _434_/Y (sky130_fd_sc_hd__nand3_2)
     4    0.01                           _195_ (net)
                  0.10    0.00    1.56 ^ _437_/B1 (sky130_fd_sc_hd__o2111a_2)
                  0.08    0.24    1.80 ^ _437_/X (sky130_fd_sc_hd__o2111a_2)
     2    0.01                           _198_ (net)
                  0.08    0.00    1.80 ^ _515_/C (sky130_fd_sc_hd__nand3_2)
                  0.11    0.10    1.90 v _515_/Y (sky130_fd_sc_hd__nand3_2)
     3    0.01                           _268_ (net)
                  0.11    0.00    1.90 v _517_/A1 (sky130_fd_sc_hd__a21o_2)
                  0.04    0.23    2.13 v _517_/X (sky130_fd_sc_hd__a21o_2)
     2    0.01                           _270_ (net)
                  0.04    0.00    2.13 v _518_/A4 (sky130_fd_sc_hd__a41oi_2)
                  0.15    0.20    2.33 ^ _518_/Y (sky130_fd_sc_hd__a41oi_2)
     1    0.00                           _271_ (net)
                  0.15    0.00    2.33 ^ _520_/A (sky130_fd_sc_hd__nand2_2)
                  0.05    0.07    2.40 v _520_/Y (sky130_fd_sc_hd__nand2_2)
     2    0.00                           _273_ (net)
                  0.05    0.00    2.40 v _595_/A1 (sky130_fd_sc_hd__a32o_2)
                  0.04    0.24    2.64 v _595_/X (sky130_fd_sc_hd__a32o_2)
     1    0.00                           _075_ (net)
                  0.04    0.00    2.64 v _715_/D (sky130_fd_sc_hd__dfrtp_2)
                                  2.64   data arrival time

                  0.15   10.00   10.00   clock clk (rise edge)
                          0.00   10.00   clock network delay (ideal)
                         -0.25    9.75   clock uncertainty
                          0.00    9.75   clock reconvergence pessimism
                                  9.75 ^ _715_/CLK (sky130_fd_sc_hd__dfrtp_2)
                         -0.09    9.66   library setup time
                                  9.66   data required time
-----------------------------------------------------------------------------
                                  9.66   data required time
                                 -2.64   data arrival time
-----------------------------------------------------------------------------
                                  7.02   slack (MET)


Startpoint: start (input port clocked by clk)
Endpoint: _739_ (rising edge-triggered flip-flop clocked by clk)
Path Group: clk
Path Type: max

Fanout     Cap    Slew   Delay    Time   Description
-----------------------------------------------------------------------------
                  0.15    0.00    0.00   clock clk (rise edge)
                          0.00    0.00   clock network delay (ideal)
                          2.00    2.00 v input external delay
                  0.03    0.02    2.02 v start (in)
     5    0.01                           start (net)
                  0.03    0.00    2.02 v _480_/B (sky130_fd_sc_hd__nor2_2)
                  0.13    0.12    2.14 ^ _480_/Y (sky130_fd_sc_hd__nor2_2)
     4    0.01                           _238_ (net)
                  0.13    0.00    2.14 ^ _481_/A (sky130_fd_sc_hd__buf_1)
                  0.34    0.32    2.47 ^ _481_/X (sky130_fd_sc_hd__buf_1)
    10    0.03                           _239_ (net)
                  0.34    0.00    2.47 ^ _522_/A2 (sky130_fd_sc_hd__a22o_2)
                  0.03    0.21    2.68 ^ _522_/X (sky130_fd_sc_hd__a22o_2)
     1    0.00                           _099_ (net)
                  0.03    0.00    2.68 ^ _739_/D (sky130_fd_sc_hd__dfrtp_2)
                                  2.68   data arrival time

                  0.15   10.00   10.00   clock clk (rise edge)
                          0.00   10.00   clock network delay (ideal)
                         -0.25    9.75   clock uncertainty
                          0.00    9.75   clock reconvergence pessimism
                                  9.75 ^ _739_/CLK (sky130_fd_sc_hd__dfrtp_2)
                         -0.04    9.71   library setup time
                                  9.71   data required time
-----------------------------------------------------------------------------
                                  9.71   data required time
                                 -2.68   data arrival time
-----------------------------------------------------------------------------
                                  7.03   slack (MET)


Startpoint: start (input port clocked by clk)
Endpoint: _699_ (rising edge-triggered flip-flop clocked by clk)
Path Group: clk
Path Type: max

Fanout     Cap    Slew   Delay    Time   Description
-----------------------------------------------------------------------------
                  0.15    0.00    0.00   clock clk (rise edge)
                          0.00    0.00   clock network delay (ideal)
                          2.00    2.00 v input external delay
                  0.03    0.02    2.02 v start (in)
     5    0.01                           start (net)
                  0.03    0.00    2.02 v _480_/B (sky130_fd_sc_hd__nor2_2)
                  0.13    0.12    2.14 ^ _480_/Y (sky130_fd_sc_hd__nor2_2)
     4    0.01                           _238_ (net)
                  0.13    0.00    2.14 ^ _481_/A (sky130_fd_sc_hd__buf_1)
                  0.34    0.32    2.47 ^ _481_/X (sky130_fd_sc_hd__buf_1)
    10    0.03                           _239_ (net)
                  0.34    0.00    2.47 ^ _623_/B1 (sky130_fd_sc_hd__a22o_2)
                  0.04    0.20    2.67 ^ _623_/X (sky130_fd_sc_hd__a22o_2)
     1    0.00                           _059_ (net)
                  0.04    0.00    2.67 ^ _699_/D (sky130_fd_sc_hd__dfrtp_2)
                                  2.67   data arrival time

                  0.15   10.00   10.00   clock clk (rise edge)
                          0.00   10.00   clock network delay (ideal)
                         -0.25    9.75   clock uncertainty
                          0.00    9.75   clock reconvergence pessimism
                                  9.75 ^ _699_/CLK (sky130_fd_sc_hd__dfrtp_2)
                         -0.05    9.70   library setup time
                                  9.70   data required time
-----------------------------------------------------------------------------
                                  9.70   data required time
                                 -2.67   data arrival time
-----------------------------------------------------------------------------
                                  7.04   slack (MET)


Startpoint: start (input port clocked by clk)
Endpoint: _694_ (rising edge-triggered flip-flop clocked by clk)
Path Group: clk
Path Type: max

Fanout     Cap    Slew   Delay    Time   Description
-----------------------------------------------------------------------------
                  0.15    0.00    0.00   clock clk (rise edge)
                          0.00    0.00   clock network delay (ideal)
                          2.00    2.00 v input external delay
                  0.03    0.02    2.02 v start (in)
     5    0.01                           start (net)
                  0.03    0.00    2.02 v _480_/B (sky130_fd_sc_hd__nor2_2)
                  0.13    0.12    2.14 ^ _480_/Y (sky130_fd_sc_hd__nor2_2)
     4    0.01                           _238_ (net)
                  0.13    0.00    2.14 ^ _481_/A (sky130_fd_sc_hd__buf_1)
                  0.34    0.32    2.47 ^ _481_/X (sky130_fd_sc_hd__buf_1)
    10    0.03                           _239_ (net)
                  0.34    0.00    2.47 ^ _632_/A2 (sky130_fd_sc_hd__a21bo_2)
                  0.03    0.19    2.66 ^ _632_/X (sky130_fd_sc_hd__a21bo_2)
     1    0.00                           _055_ (net)
                  0.03    0.00    2.66 ^ _694_/D (sky130_fd_sc_hd__dfrtp_2)
                                  2.66   data arrival time

                  0.15   10.00   10.00   clock clk (rise edge)
                          0.00   10.00   clock network delay (ideal)
                         -0.25    9.75   clock uncertainty
                          0.00    9.75   clock reconvergence pessimism
                                  9.75 ^ _694_/CLK (sky130_fd_sc_hd__dfrtp_2)
                         -0.04    9.71   library setup time
                                  9.71   data required time
-----------------------------------------------------------------------------
                                  9.71   data required time
                                 -2.66   data arrival time
-----------------------------------------------------------------------------
                                  7.05   slack (MET)


Startpoint: start (input port clocked by clk)
Endpoint: _735_ (rising edge-triggered flip-flop clocked by clk)
Path Group: clk
Path Type: max

Fanout     Cap    Slew   Delay    Time   Description
-----------------------------------------------------------------------------
                  0.15    0.00    0.00   clock clk (rise edge)
                          0.00    0.00   clock network delay (ideal)
                          2.00    2.00 v input external delay
                  0.03    0.02    2.02 v start (in)
     5    0.01                           start (net)
                  0.03    0.00    2.02 v _480_/B (sky130_fd_sc_hd__nor2_2)
                  0.13    0.12    2.14 ^ _480_/Y (sky130_fd_sc_hd__nor2_2)
     4    0.01                           _238_ (net)
                  0.13    0.00    2.14 ^ _481_/A (sky130_fd_sc_hd__buf_1)
                  0.34    0.32    2.47 ^ _481_/X (sky130_fd_sc_hd__buf_1)
    10    0.03                           _239_ (net)
                  0.34    0.00    2.47 ^ _544_/A2 (sky130_fd_sc_hd__a21bo_2)
                  0.03    0.19    2.66 ^ _544_/X (sky130_fd_sc_hd__a21bo_2)
     1    0.00                           _095_ (net)
                  0.03    0.00    2.66 ^ _735_/D (sky130_fd_sc_hd__dfrtp_2)
                                  2.66   data arrival time

                  0.15   10.00   10.00   clock clk (rise edge)
                          0.00   10.00   clock network delay (ideal)
                         -0.25    9.75   clock uncertainty
                          0.00    9.75   clock reconvergence pessimism
                                  9.75 ^ _735_/CLK (sky130_fd_sc_hd__dfrtp_2)
                         -0.04    9.71   library setup time
                                  9.71   data required time
-----------------------------------------------------------------------------
                                  9.71   data required time
                                 -2.66   data arrival time
-----------------------------------------------------------------------------
                                  7.05   slack (MET)


Startpoint: start (input port clocked by clk)
Endpoint: _733_ (rising edge-triggered flip-flop clocked by clk)
Path Group: clk
Path Type: max

Fanout     Cap    Slew   Delay    Time   Description
-----------------------------------------------------------------------------
                  0.15    0.00    0.00   clock clk (rise edge)
                          0.00    0.00   clock network delay (ideal)
                          2.00    2.00 v input external delay
                  0.03    0.02    2.02 v start (in)
     5    0.01                           start (net)
                  0.03    0.00    2.02 v _480_/B (sky130_fd_sc_hd__nor2_2)
                  0.13    0.12    2.14 ^ _480_/Y (sky130_fd_sc_hd__nor2_2)
     4    0.01                           _238_ (net)
                  0.13    0.00    2.14 ^ _523_/A (sky130_fd_sc_hd__buf_1)
                  0.30    0.29    2.44 ^ _523_/X (sky130_fd_sc_hd__buf_1)
    10    0.03                           _275_ (net)
                  0.30    0.00    2.44 ^ _553_/A2 (sky130_fd_sc_hd__a22o_2)
                  0.04    0.20    2.64 ^ _553_/X (sky130_fd_sc_hd__a22o_2)
     1    0.00                           _093_ (net)
                  0.04    0.00    2.64 ^ _733_/D (sky130_fd_sc_hd__dfrtp_2)
                                  2.64   data arrival time

                  0.15   10.00   10.00   clock clk (rise edge)
                          0.00   10.00   clock network delay (ideal)
                         -0.25    9.75   clock uncertainty
                          0.00    9.75   clock reconvergence pessimism
                                  9.75 ^ _733_/CLK (sky130_fd_sc_hd__dfrtp_2)
                         -0.05    9.70   library setup time
                                  9.70   data required time
-----------------------------------------------------------------------------
                                  9.70   data required time
                                 -2.64   data arrival time
-----------------------------------------------------------------------------
                                  7.06   slack (MET)


Startpoint: start (input port clocked by clk)
Endpoint: _734_ (rising edge-triggered flip-flop clocked by clk)
Path Group: clk
Path Type: max

Fanout     Cap    Slew   Delay    Time   Description
-----------------------------------------------------------------------------
                  0.15    0.00    0.00   clock clk (rise edge)
                          0.00    0.00   clock network delay (ideal)
                          2.00    2.00 v input external delay
                  0.03    0.02    2.02 v start (in)
     5    0.01                           start (net)
                  0.03    0.00    2.02 v _480_/B (sky130_fd_sc_hd__nor2_2)
                  0.13    0.12    2.14 ^ _480_/Y (sky130_fd_sc_hd__nor2_2)
     4    0.01                           _238_ (net)
                  0.13    0.00    2.14 ^ _523_/A (sky130_fd_sc_hd__buf_1)
                  0.30    0.29    2.44 ^ _523_/X (sky130_fd_sc_hd__buf_1)
    10    0.03                           _275_ (net)
                  0.30    0.00    2.44 ^ _548_/A2 (sky130_fd_sc_hd__a22o_2)
                  0.04    0.20    2.64 ^ _548_/X (sky130_fd_sc_hd__a22o_2)
     1    0.00                           _094_ (net)
                  0.04    0.00    2.64 ^ _734_/D (sky130_fd_sc_hd__dfrtp_2)
                                  2.64   data arrival time

                  0.15   10.00   10.00   clock clk (rise edge)
                          0.00   10.00   clock network delay (ideal)
                         -0.25    9.75   clock uncertainty
                          0.00    9.75   clock reconvergence pessimism
                                  9.75 ^ _734_/CLK (sky130_fd_sc_hd__dfrtp_2)
                         -0.05    9.70   library setup time
                                  9.70   data required time
-----------------------------------------------------------------------------
                                  9.70   data required time
                                 -2.64   data arrival time
-----------------------------------------------------------------------------
                                  7.06   slack (MET)


Startpoint: start (input port clocked by clk)
Endpoint: _736_ (rising edge-triggered flip-flop clocked by clk)
Path Group: clk
Path Type: max

Fanout     Cap    Slew   Delay    Time   Description
-----------------------------------------------------------------------------
                  0.15    0.00    0.00   clock clk (rise edge)
                          0.00    0.00   clock network delay (ideal)
                          2.00    2.00 v input external delay
                  0.03    0.02    2.02 v start (in)
     5    0.01                           start (net)
                  0.03    0.00    2.02 v _480_/B (sky130_fd_sc_hd__nor2_2)
                  0.13    0.12    2.14 ^ _480_/Y (sky130_fd_sc_hd__nor2_2)
     4    0.01                           _238_ (net)
                  0.13    0.00    2.14 ^ _523_/A (sky130_fd_sc_hd__buf_1)
                  0.30    0.29    2.44 ^ _523_/X (sky130_fd_sc_hd__buf_1)
    10    0.03                           _275_ (net)
                  0.30    0.00    2.44 ^ _537_/A2 (sky130_fd_sc_hd__a22o_2)
                  0.04    0.20    2.64 ^ _537_/X (sky130_fd_sc_hd__a22o_2)
     1    0.00                           _096_ (net)
                  0.04    0.00    2.64 ^ _736_/D (sky130_fd_sc_hd__dfrtp_2)
                                  2.64   data arrival time

                  0.15   10.00   10.00   clock clk (rise edge)
                          0.00   10.00   clock network delay (ideal)
                         -0.25    9.75   clock uncertainty
                          0.00    9.75   clock reconvergence pessimism
                                  9.75 ^ _736_/CLK (sky130_fd_sc_hd__dfrtp_2)
                         -0.05    9.70   library setup time
                                  9.70   data required time
-----------------------------------------------------------------------------
                                  9.70   data required time
                                 -2.64   data arrival time
-----------------------------------------------------------------------------
                                  7.06   slack (MET)


Startpoint: start (input port clocked by clk)
Endpoint: _738_ (rising edge-triggered flip-flop clocked by clk)
Path Group: clk
Path Type: max

Fanout     Cap    Slew   Delay    Time   Description
-----------------------------------------------------------------------------
                  0.15    0.00    0.00   clock clk (rise edge)
                          0.00    0.00   clock network delay (ideal)
                          2.00    2.00 v input external delay
                  0.03    0.02    2.02 v start (in)
     5    0.01                           start (net)
                  0.03    0.00    2.02 v _480_/B (sky130_fd_sc_hd__nor2_2)
                  0.13    0.12    2.14 ^ _480_/Y (sky130_fd_sc_hd__nor2_2)
     4    0.01                           _238_ (net)
                  0.13    0.00    2.14 ^ _523_/A (sky130_fd_sc_hd__buf_1)
                  0.30    0.29    2.44 ^ _523_/X (sky130_fd_sc_hd__buf_1)
    10    0.03                           _275_ (net)
                  0.30    0.00    2.44 ^ _527_/A2 (sky130_fd_sc_hd__a22o_2)
                  0.04    0.20    2.64 ^ _527_/X (sky130_fd_sc_hd__a22o_2)
     1    0.00                           _098_ (net)
                  0.04    0.00    2.64 ^ _738_/D (sky130_fd_sc_hd__dfrtp_2)
                                  2.64   data arrival time

                  0.15   10.00   10.00   clock clk (rise edge)
                          0.00   10.00   clock network delay (ideal)
                         -0.25    9.75   clock uncertainty
                          0.00    9.75   clock reconvergence pessimism
                                  9.75 ^ _738_/CLK (sky130_fd_sc_hd__dfrtp_2)
                         -0.05    9.70   library setup time
                                  9.70   data required time
-----------------------------------------------------------------------------
                                  9.70   data required time
                                 -2.64   data arrival time
-----------------------------------------------------------------------------
                                  7.06   slack (MET)


Startpoint: start (input port clocked by clk)
Endpoint: _717_ (rising edge-triggered flip-flop clocked by clk)
Path Group: clk
Path Type: max

Fanout     Cap    Slew   Delay    Time   Description
-----------------------------------------------------------------------------
                  0.15    0.00    0.00   clock clk (rise edge)
                          0.00    0.00   clock network delay (ideal)
                          2.00    2.00 ^ input external delay
                  0.07    0.05    2.05 ^ start (in)
     5    0.01                           start (net)
                  0.07    0.00    2.05 ^ _480_/B (sky130_fd_sc_hd__nor2_2)
                  0.07    0.05    2.10 v _480_/Y (sky130_fd_sc_hd__nor2_2)
     4    0.01                           _238_ (net)
                  0.07    0.00    2.10 v _587_/B1 (sky130_fd_sc_hd__a22o_2)
                  0.04    0.22    2.32 v _587_/X (sky130_fd_sc_hd__a22o_2)
     1    0.00                           _318_ (net)
                  0.04    0.00    2.32 v _588_/B1 (sky130_fd_sc_hd__a31o_2)
                  0.03    0.21    2.53 v _588_/X (sky130_fd_sc_hd__a31o_2)
     1    0.00                           _077_ (net)
                  0.03    0.00    2.53 v _717_/D (sky130_fd_sc_hd__dfrtp_2)
                                  2.53   data arrival time

                  0.15   10.00   10.00   clock clk (rise edge)
                          0.00   10.00   clock network delay (ideal)
                         -0.25    9.75   clock uncertainty
                          0.00    9.75   clock reconvergence pessimism
                                  9.75 ^ _717_/CLK (sky130_fd_sc_hd__dfrtp_2)
                         -0.09    9.66   library setup time
                                  9.66   data required time
-----------------------------------------------------------------------------
                                  9.66   data required time
                                 -2.53   data arrival time
-----------------------------------------------------------------------------
                                  7.13   slack (MET)


Startpoint: start (input port clocked by clk)
Endpoint: _718_ (rising edge-triggered flip-flop clocked by clk)
Path Group: clk
Path Type: max

Fanout     Cap    Slew   Delay    Time   Description
-----------------------------------------------------------------------------
                  0.15    0.00    0.00   clock clk (rise edge)
                          0.00    0.00   clock network delay (ideal)
                          2.00    2.00 ^ input external delay
                  0.07    0.05    2.05 ^ start (in)
     5    0.01                           start (net)
                  0.07    0.00    2.05 ^ _480_/B (sky130_fd_sc_hd__nor2_2)
                  0.07    0.05    2.10 v _480_/Y (sky130_fd_sc_hd__nor2_2)
     4    0.01                           _238_ (net)
                  0.07    0.00    2.10 v _585_/B1 (sky130_fd_sc_hd__a22o_2)
                  0.04    0.22    2.32 v _585_/X (sky130_fd_sc_hd__a22o_2)
     1    0.00                           _317_ (net)
                  0.04    0.00    2.32 v _586_/B1 (sky130_fd_sc_hd__a31o_2)
                  0.03    0.21    2.53 v _586_/X (sky130_fd_sc_hd__a31o_2)
     1    0.00                           _078_ (net)
                  0.03    0.00    2.53 v _718_/D (sky130_fd_sc_hd__dfrtp_2)
                                  2.53   data arrival time

                  0.15   10.00   10.00   clock clk (rise edge)
                          0.00   10.00   clock network delay (ideal)
                         -0.25    9.75   clock uncertainty
                          0.00    9.75   clock reconvergence pessimism
                                  9.75 ^ _718_/CLK (sky130_fd_sc_hd__dfrtp_2)
                         -0.09    9.66   library setup time
                                  9.66   data required time
-----------------------------------------------------------------------------
                                  9.66   data required time
                                 -2.53   data arrival time
-----------------------------------------------------------------------------
                                  7.13   slack (MET)


Startpoint: start (input port clocked by clk)
Endpoint: _698_ (rising edge-triggered flip-flop clocked by clk)
Path Group: clk
Path Type: max

Fanout     Cap    Slew   Delay    Time   Description
-----------------------------------------------------------------------------
                  0.15    0.00    0.00   clock clk (rise edge)
                          0.00    0.00   clock network delay (ideal)
                          2.00    2.00 v input external delay
                  0.03    0.02    2.02 v start (in)
     5    0.01                           start (net)
                  0.03    0.00    2.02 v _480_/B (sky130_fd_sc_hd__nor2_2)
                  0.13    0.12    2.14 ^ _480_/Y (sky130_fd_sc_hd__nor2_2)
     4    0.01                           _238_ (net)
                  0.13    0.00    2.14 ^ _481_/A (sky130_fd_sc_hd__buf_1)
                  0.34    0.32    2.47 ^ _481_/X (sky130_fd_sc_hd__buf_1)
    10    0.03                           _239_ (net)
                  0.34    0.00    2.47 ^ _633_/B1 (sky130_fd_sc_hd__a21oi_2)
                  0.07    0.04    2.51 v _633_/Y (sky130_fd_sc_hd__a21oi_2)
     1    0.00                           _000_ (net)
                  0.07    0.00    2.51 v _698_/D (sky130_fd_sc_hd__dfrtp_2)
                                  2.51   data arrival time

                  0.15   10.00   10.00   clock clk (rise edge)
                          0.00   10.00   clock network delay (ideal)
                         -0.25    9.75   clock uncertainty
                          0.00    9.75   clock reconvergence pessimism
                                  9.75 ^ _698_/CLK (sky130_fd_sc_hd__dfrtp_2)
                         -0.10    9.65   library setup time
                                  9.65   data required time
-----------------------------------------------------------------------------
                                  9.65   data required time
                                 -2.51   data arrival time
-----------------------------------------------------------------------------
                                  7.14   slack (MET)


Startpoint: _716_ (rising edge-triggered flip-flop clocked by clk)
Endpoint: product[15] (output port clocked by clk)
Path Group: clk
Path Type: max

Fanout     Cap    Slew   Delay    Time   Description
-----------------------------------------------------------------------------
                  0.15    0.00    0.00   clock clk (rise edge)
                          0.00    0.00   clock network delay (ideal)
                  0.15    0.00    0.00 ^ _716_/CLK (sky130_fd_sc_hd__dfrtp_2)
                  0.12    0.54    0.54 v _716_/Q (sky130_fd_sc_hd__dfrtp_2)
     2    0.04                           product[15] (net)
                  0.12    0.00    0.54 v product[15] (out)
                                  0.54   data arrival time

                  0.15   10.00   10.00   clock clk (rise edge)
                          0.00   10.00   clock network delay (ideal)
                         -0.25    9.75   clock uncertainty
                          0.00    9.75   clock reconvergence pessimism
                         -2.00    7.75   output external delay
                                  7.75   data required time
-----------------------------------------------------------------------------
                                  7.75   data required time
                                 -0.54   data arrival time
-----------------------------------------------------------------------------
                                  7.21   slack (MET)


Startpoint: _715_ (rising edge-triggered flip-flop clocked by clk)
Endpoint: product[14] (output port clocked by clk)
Path Group: clk
Path Type: max

Fanout     Cap    Slew   Delay    Time   Description
-----------------------------------------------------------------------------
                  0.15    0.00    0.00   clock clk (rise edge)
                          0.00    0.00   clock network delay (ideal)
                  0.15    0.00    0.00 ^ _715_/CLK (sky130_fd_sc_hd__dfrtp_2)
                  0.11    0.54    0.54 v _715_/Q (sky130_fd_sc_hd__dfrtp_2)
     2    0.04                           product[14] (net)
                  0.11    0.00    0.54 v product[14] (out)
                                  0.54   data arrival time

                  0.15   10.00   10.00   clock clk (rise edge)
                          0.00   10.00   clock network delay (ideal)
                         -0.25    9.75   clock uncertainty
                          0.00    9.75   clock reconvergence pessimism
                         -2.00    7.75   output external delay
                                  7.75   data required time
-----------------------------------------------------------------------------
                                  7.75   data required time
                                 -0.54   data arrival time
-----------------------------------------------------------------------------
                                  7.21   slack (MET)


Startpoint: _713_ (rising edge-triggered flip-flop clocked by clk)
Endpoint: product[12] (output port clocked by clk)
Path Group: clk
Path Type: max

Fanout     Cap    Slew   Delay    Time   Description
-----------------------------------------------------------------------------
                  0.15    0.00    0.00   clock clk (rise edge)
                          0.00    0.00   clock network delay (ideal)
                  0.15    0.00    0.00 ^ _713_/CLK (sky130_fd_sc_hd__dfrtp_2)
                  0.11    0.54    0.54 v _713_/Q (sky130_fd_sc_hd__dfrtp_2)
     2    0.04                           product[12] (net)
                  0.11    0.00    0.54 v product[12] (out)
                                  0.54   data arrival time

                  0.15   10.00   10.00   clock clk (rise edge)
                          0.00   10.00   clock network delay (ideal)
                         -0.25    9.75   clock uncertainty
                          0.00    9.75   clock reconvergence pessimism
                         -2.00    7.75   output external delay
                                  7.75   data required time
-----------------------------------------------------------------------------
                                  7.75   data required time
                                 -0.54   data arrival time
-----------------------------------------------------------------------------
                                  7.21   slack (MET)


Startpoint: _700_ (rising edge-triggered flip-flop clocked by clk)
Endpoint: done (output port clocked by clk)
Path Group: clk
Path Type: max

Fanout     Cap    Slew   Delay    Time   Description
-----------------------------------------------------------------------------
                  0.15    0.00    0.00   clock clk (rise edge)
                          0.00    0.00   clock network delay (ideal)
                  0.15    0.00    0.00 ^ _700_/CLK (sky130_fd_sc_hd__dfrtp_2)
                  0.11    0.54    0.54 v _700_/Q (sky130_fd_sc_hd__dfrtp_2)
     2    0.04                           done (net)
                  0.11    0.00    0.54 v done (out)
                                  0.54   data arrival time

                  0.15   10.00   10.00   clock clk (rise edge)
                          0.00   10.00   clock network delay (ideal)
                         -0.25    9.75   clock uncertainty
                          0.00    9.75   clock reconvergence pessimism
                         -2.00    7.75   output external delay
                                  7.75   data required time
-----------------------------------------------------------------------------
                                  7.75   data required time
                                 -0.54   data arrival time
-----------------------------------------------------------------------------
                                  7.21   slack (MET)


Startpoint: _711_ (rising edge-triggered flip-flop clocked by clk)
Endpoint: product[10] (output port clocked by clk)
Path Group: clk
Path Type: max

Fanout     Cap    Slew   Delay    Time   Description
-----------------------------------------------------------------------------
                  0.15    0.00    0.00   clock clk (rise edge)
                          0.00    0.00   clock network delay (ideal)
                  0.15    0.00    0.00 ^ _711_/CLK (sky130_fd_sc_hd__dfrtp_2)
                  0.11    0.53    0.53 v _711_/Q (sky130_fd_sc_hd__dfrtp_2)
     2    0.04                           product[10] (net)
                  0.11    0.00    0.53 v product[10] (out)
                                  0.53   data arrival time

                  0.15   10.00   10.00   clock clk (rise edge)
                          0.00   10.00   clock network delay (ideal)
                         -0.25    9.75   clock uncertainty
                          0.00    9.75   clock reconvergence pessimism
                         -2.00    7.75   output external delay
                                  7.75   data required time
-----------------------------------------------------------------------------
                                  7.75   data required time
                                 -0.53   data arrival time
-----------------------------------------------------------------------------
                                  7.22   slack (MET)


Startpoint: _701_ (rising edge-triggered flip-flop clocked by clk)
Endpoint: product[0] (output port clocked by clk)
Path Group: clk
Path Type: max

Fanout     Cap    Slew   Delay    Time   Description
-----------------------------------------------------------------------------
                  0.15    0.00    0.00   clock clk (rise edge)
                          0.00    0.00   clock network delay (ideal)
                  0.15    0.00    0.00 ^ _701_/CLK (sky130_fd_sc_hd__dfrtp_2)
                  0.11    0.53    0.53 v _701_/Q (sky130_fd_sc_hd__dfrtp_2)
     2    0.04                           product[0] (net)
                  0.11    0.00    0.53 v product[0] (out)
                                  0.53   data arrival time

                  0.15   10.00   10.00   clock clk (rise edge)
                          0.00   10.00   clock network delay (ideal)
                         -0.25    9.75   clock uncertainty
                          0.00    9.75   clock reconvergence pessimism
                         -2.00    7.75   output external delay
                                  7.75   data required time
-----------------------------------------------------------------------------
                                  7.75   data required time
                                 -0.53   data arrival time
-----------------------------------------------------------------------------
                                  7.22   slack (MET)


Startpoint: _712_ (rising edge-triggered flip-flop clocked by clk)
Endpoint: product[11] (output port clocked by clk)
Path Group: clk
Path Type: max

Fanout     Cap    Slew   Delay    Time   Description
-----------------------------------------------------------------------------
                  0.15    0.00    0.00   clock clk (rise edge)
                          0.00    0.00   clock network delay (ideal)
                  0.15    0.00    0.00 ^ _712_/CLK (sky130_fd_sc_hd__dfrtp_2)
                  0.11    0.53    0.53 v _712_/Q (sky130_fd_sc_hd__dfrtp_2)
     2    0.04                           product[11] (net)
                  0.11    0.00    0.53 v product[11] (out)
                                  0.53   data arrival time

                  0.15   10.00   10.00   clock clk (rise edge)
                          0.00   10.00   clock network delay (ideal)
                         -0.25    9.75   clock uncertainty
                          0.00    9.75   clock reconvergence pessimism
                         -2.00    7.75   output external delay
                                  7.75   data required time
-----------------------------------------------------------------------------
                                  7.75   data required time
                                 -0.53   data arrival time
-----------------------------------------------------------------------------
                                  7.22   slack (MET)


Startpoint: _714_ (rising edge-triggered flip-flop clocked by clk)
Endpoint: product[13] (output port clocked by clk)
Path Group: clk
Path Type: max

Fanout     Cap    Slew   Delay    Time   Description
-----------------------------------------------------------------------------
                  0.15    0.00    0.00   clock clk (rise edge)
                          0.00    0.00   clock network delay (ideal)
                  0.15    0.00    0.00 ^ _714_/CLK (sky130_fd_sc_hd__dfrtp_2)
                  0.11    0.53    0.53 v _714_/Q (sky130_fd_sc_hd__dfrtp_2)
     2    0.04                           product[13] (net)
                  0.11    0.00    0.53 v product[13] (out)
                                  0.53   data arrival time

                  0.15   10.00   10.00   clock clk (rise edge)
                          0.00   10.00   clock network delay (ideal)
                         -0.25    9.75   clock uncertainty
                          0.00    9.75   clock reconvergence pessimism
                         -2.00    7.75   output external delay
                                  7.75   data required time
-----------------------------------------------------------------------------
                                  7.75   data required time
                                 -0.53   data arrival time
-----------------------------------------------------------------------------
                                  7.22   slack (MET)


Startpoint: _702_ (rising edge-triggered flip-flop clocked by clk)
Endpoint: product[1] (output port clocked by clk)
Path Group: clk
Path Type: max

Fanout     Cap    Slew   Delay    Time   Description
-----------------------------------------------------------------------------
                  0.15    0.00    0.00   clock clk (rise edge)
                          0.00    0.00   clock network delay (ideal)
                  0.15    0.00    0.00 ^ _702_/CLK (sky130_fd_sc_hd__dfrtp_2)
                  0.11    0.53    0.53 v _702_/Q (sky130_fd_sc_hd__dfrtp_2)
     2    0.04                           product[1] (net)
                  0.11    0.00    0.53 v product[1] (out)
                                  0.53   data arrival time

                  0.15   10.00   10.00   clock clk (rise edge)
                          0.00   10.00   clock network delay (ideal)
                         -0.25    9.75   clock uncertainty
                          0.00    9.75   clock reconvergence pessimism
                         -2.00    7.75   output external delay
                                  7.75   data required time
-----------------------------------------------------------------------------
                                  7.75   data required time
                                 -0.53   data arrival time
-----------------------------------------------------------------------------
                                  7.22   slack (MET)


Startpoint: _703_ (rising edge-triggered flip-flop clocked by clk)
Endpoint: product[2] (output port clocked by clk)
Path Group: clk
Path Type: max

Fanout     Cap    Slew   Delay    Time   Description
-----------------------------------------------------------------------------
                  0.15    0.00    0.00   clock clk (rise edge)
                          0.00    0.00   clock network delay (ideal)
                  0.15    0.00    0.00 ^ _703_/CLK (sky130_fd_sc_hd__dfrtp_2)
                  0.11    0.53    0.53 v _703_/Q (sky130_fd_sc_hd__dfrtp_2)
     2    0.04                           product[2] (net)
                  0.11    0.00    0.53 v product[2] (out)
                                  0.53   data arrival time

                  0.15   10.00   10.00   clock clk (rise edge)
                          0.00   10.00   clock network delay (ideal)
                         -0.25    9.75   clock uncertainty
                          0.00    9.75   clock reconvergence pessimism
                         -2.00    7.75   output external delay
                                  7.75   data required time
-----------------------------------------------------------------------------
                                  7.75   data required time
                                 -0.53   data arrival time
-----------------------------------------------------------------------------
                                  7.22   slack (MET)


Startpoint: _704_ (rising edge-triggered flip-flop clocked by clk)
Endpoint: product[3] (output port clocked by clk)
Path Group: clk
Path Type: max

Fanout     Cap    Slew   Delay    Time   Description
-----------------------------------------------------------------------------
                  0.15    0.00    0.00   clock clk (rise edge)
                          0.00    0.00   clock network delay (ideal)
                  0.15    0.00    0.00 ^ _704_/CLK (sky130_fd_sc_hd__dfrtp_2)
                  0.11    0.53    0.53 v _704_/Q (sky130_fd_sc_hd__dfrtp_2)
     2    0.04                           product[3] (net)
                  0.11    0.00    0.53 v product[3] (out)
                                  0.53   data arrival time

                  0.15   10.00   10.00   clock clk (rise edge)
                          0.00   10.00   clock network delay (ideal)
                         -0.25    9.75   clock uncertainty
                          0.00    9.75   clock reconvergence pessimism
                         -2.00    7.75   output external delay
                                  7.75   data required time
-----------------------------------------------------------------------------
                                  7.75   data required time
                                 -0.53   data arrival time
-----------------------------------------------------------------------------
                                  7.22   slack (MET)


Startpoint: _705_ (rising edge-triggered flip-flop clocked by clk)
Endpoint: product[4] (output port clocked by clk)
Path Group: clk
Path Type: max

Fanout     Cap    Slew   Delay    Time   Description
-----------------------------------------------------------------------------
                  0.15    0.00    0.00   clock clk (rise edge)
                          0.00    0.00   clock network delay (ideal)
                  0.15    0.00    0.00 ^ _705_/CLK (sky130_fd_sc_hd__dfrtp_2)
                  0.11    0.53    0.53 v _705_/Q (sky130_fd_sc_hd__dfrtp_2)
     2    0.04                           product[4] (net)
                  0.11    0.00    0.53 v product[4] (out)
                                  0.53   data arrival time

                  0.15   10.00   10.00   clock clk (rise edge)
                          0.00   10.00   clock network delay (ideal)
                         -0.25    9.75   clock uncertainty
                          0.00    9.75   clock reconvergence pessimism
                         -2.00    7.75   output external delay
                                  7.75   data required time
-----------------------------------------------------------------------------
                                  7.75   data required time
                                 -0.53   data arrival time
-----------------------------------------------------------------------------
                                  7.22   slack (MET)


Startpoint: _706_ (rising edge-triggered flip-flop clocked by clk)
Endpoint: product[5] (output port clocked by clk)
Path Group: clk
Path Type: max

Fanout     Cap    Slew   Delay    Time   Description
-----------------------------------------------------------------------------
                  0.15    0.00    0.00   clock clk (rise edge)
                          0.00    0.00   clock network delay (ideal)
                  0.15    0.00    0.00 ^ _706_/CLK (sky130_fd_sc_hd__dfrtp_2)
                  0.11    0.53    0.53 v _706_/Q (sky130_fd_sc_hd__dfrtp_2)
     2    0.04                           product[5] (net)
                  0.11    0.00    0.53 v product[5] (out)
                                  0.53   data arrival time

                  0.15   10.00   10.00   clock clk (rise edge)
                          0.00   10.00   clock network delay (ideal)
                         -0.25    9.75   clock uncertainty
                          0.00    9.75   clock reconvergence pessimism
                         -2.00    7.75   output external delay
                                  7.75   data required time
-----------------------------------------------------------------------------
                                  7.75   data required time
                                 -0.53   data arrival time
-----------------------------------------------------------------------------
                                  7.22   slack (MET)


Startpoint: _707_ (rising edge-triggered flip-flop clocked by clk)
Endpoint: product[6] (output port clocked by clk)
Path Group: clk
Path Type: max

Fanout     Cap    Slew   Delay    Time   Description
-----------------------------------------------------------------------------
                  0.15    0.00    0.00   clock clk (rise edge)
                          0.00    0.00   clock network delay (ideal)
                  0.15    0.00    0.00 ^ _707_/CLK (sky130_fd_sc_hd__dfrtp_2)
                  0.11    0.53    0.53 v _707_/Q (sky130_fd_sc_hd__dfrtp_2)
     2    0.04                           product[6] (net)
                  0.11    0.00    0.53 v product[6] (out)
                                  0.53   data arrival time

                  0.15   10.00   10.00   clock clk (rise edge)
                          0.00   10.00   clock network delay (ideal)
                         -0.25    9.75   clock uncertainty
                          0.00    9.75   clock reconvergence pessimism
                         -2.00    7.75   output external delay
                                  7.75   data required time
-----------------------------------------------------------------------------
                                  7.75   data required time
                                 -0.53   data arrival time
-----------------------------------------------------------------------------
                                  7.22   slack (MET)


Startpoint: _708_ (rising edge-triggered flip-flop clocked by clk)
Endpoint: product[7] (output port clocked by clk)
Path Group: clk
Path Type: max

Fanout     Cap    Slew   Delay    Time   Description
-----------------------------------------------------------------------------
                  0.15    0.00    0.00   clock clk (rise edge)
                          0.00    0.00   clock network delay (ideal)
                  0.15    0.00    0.00 ^ _708_/CLK (sky130_fd_sc_hd__dfrtp_2)
                  0.11    0.53    0.53 v _708_/Q (sky130_fd_sc_hd__dfrtp_2)
     2    0.04                           product[7] (net)
                  0.11    0.00    0.53 v product[7] (out)
                                  0.53   data arrival time

                  0.15   10.00   10.00   clock clk (rise edge)
                          0.00   10.00   clock network delay (ideal)
                         -0.25    9.75   clock uncertainty
                          0.00    9.75   clock reconvergence pessimism
                         -2.00    7.75   output external delay
                                  7.75   data required time
-----------------------------------------------------------------------------
                                  7.75   data required time
                                 -0.53   data arrival time
-----------------------------------------------------------------------------
                                  7.22   slack (MET)


Startpoint: _709_ (rising edge-triggered flip-flop clocked by clk)
Endpoint: product[8] (output port clocked by clk)
Path Group: clk
Path Type: max

Fanout     Cap    Slew   Delay    Time   Description
-----------------------------------------------------------------------------
                  0.15    0.00    0.00   clock clk (rise edge)
                          0.00    0.00   clock network delay (ideal)
                  0.15    0.00    0.00 ^ _709_/CLK (sky130_fd_sc_hd__dfrtp_2)
                  0.11    0.53    0.53 v _709_/Q (sky130_fd_sc_hd__dfrtp_2)
     2    0.04                           product[8] (net)
                  0.11    0.00    0.53 v product[8] (out)
                                  0.53   data arrival time

                  0.15   10.00   10.00   clock clk (rise edge)
                          0.00   10.00   clock network delay (ideal)
                         -0.25    9.75   clock uncertainty
                          0.00    9.75   clock reconvergence pessimism
                         -2.00    7.75   output external delay
                                  7.75   data required time
-----------------------------------------------------------------------------
                                  7.75   data required time
                                 -0.53   data arrival time
-----------------------------------------------------------------------------
                                  7.22   slack (MET)


Startpoint: _710_ (rising edge-triggered flip-flop clocked by clk)
Endpoint: product[9] (output port clocked by clk)
Path Group: clk
Path Type: max

Fanout     Cap    Slew   Delay    Time   Description
-----------------------------------------------------------------------------
                  0.15    0.00    0.00   clock clk (rise edge)
                          0.00    0.00   clock network delay (ideal)
                  0.15    0.00    0.00 ^ _710_/CLK (sky130_fd_sc_hd__dfrtp_2)
                  0.11    0.53    0.53 v _710_/Q (sky130_fd_sc_hd__dfrtp_2)
     2    0.04                           product[9] (net)
                  0.11    0.00    0.53 v product[9] (out)
                                  0.53   data arrival time

                  0.15   10.00   10.00   clock clk (rise edge)
                          0.00   10.00   clock network delay (ideal)
                         -0.25    9.75   clock uncertainty
                          0.00    9.75   clock reconvergence pessimism
                         -2.00    7.75   output external delay
                                  7.75   data required time
-----------------------------------------------------------------------------
                                  7.75   data required time
                                 -0.53   data arrival time
-----------------------------------------------------------------------------
                                  7.22   slack (MET)


Startpoint: start (input port clocked by clk)
Endpoint: _697_ (rising edge-triggered flip-flop clocked by clk)
Path Group: clk
Path Type: max

Fanout     Cap    Slew   Delay    Time   Description
-----------------------------------------------------------------------------
                  0.15    0.00    0.00   clock clk (rise edge)
                          0.00    0.00   clock network delay (ideal)
                          2.00    2.00 v input external delay
                  0.03    0.02    2.02 v start (in)
     5    0.01                           start (net)
                  0.03    0.00    2.02 v _457_/B (sky130_fd_sc_hd__and2_2)
                  0.05    0.21    2.23 v _457_/X (sky130_fd_sc_hd__and2_2)
     2    0.01                           _218_ (net)
                  0.05    0.00    2.23 v _625_/A2 (sky130_fd_sc_hd__o21ai_2)
                  0.10    0.12    2.35 ^ _625_/Y (sky130_fd_sc_hd__o21ai_2)
     1    0.00                           _337_ (net)
                  0.10    0.00    2.35 ^ _626_/B1 (sky130_fd_sc_hd__o21ai_2)
                  0.04    0.06    2.41 v _626_/Y (sky130_fd_sc_hd__o21ai_2)
     1    0.00                           _058_ (net)
                  0.04    0.00    2.41 v _697_/D (sky130_fd_sc_hd__dfrtp_2)
                                  2.41   data arrival time

                  0.15   10.00   10.00   clock clk (rise edge)
                          0.00   10.00   clock network delay (ideal)
                         -0.25    9.75   clock uncertainty
                          0.00    9.75   clock reconvergence pessimism
                                  9.75 ^ _697_/CLK (sky130_fd_sc_hd__dfrtp_2)
                         -0.09    9.66   library setup time
                                  9.66   data required time
-----------------------------------------------------------------------------
                                  9.66   data required time
                                 -2.41   data arrival time
-----------------------------------------------------------------------------
                                  7.26   slack (MET)


Startpoint: start (input port clocked by clk)
Endpoint: _696_ (rising edge-triggered flip-flop clocked by clk)
Path Group: clk
Path Type: max

Fanout     Cap    Slew   Delay    Time   Description
-----------------------------------------------------------------------------
                  0.15    0.00    0.00   clock clk (rise edge)
                          0.00    0.00   clock network delay (ideal)
                          2.00    2.00 ^ input external delay
                  0.07    0.05    2.05 ^ start (in)
     5    0.01                           start (net)
                  0.07    0.00    2.05 ^ _554_/B (sky130_fd_sc_hd__nand2_2)
                  0.14    0.14    2.19 v _554_/Y (sky130_fd_sc_hd__nand2_2)
    10    0.03                           _300_ (net)
                  0.14    0.00    2.19 v _628_/B1 (sky130_fd_sc_hd__o211ai_2)
                  0.13    0.11    2.31 ^ _628_/Y (sky130_fd_sc_hd__o211ai_2)
     1    0.00                           _339_ (net)
                  0.13    0.00    2.31 ^ _629_/B (sky130_fd_sc_hd__nand2_2)
                  0.03    0.06    2.37 v _629_/Y (sky130_fd_sc_hd__nand2_2)
     1    0.00                           _057_ (net)
                  0.03    0.00    2.37 v _696_/D (sky130_fd_sc_hd__dfrtp_2)
                                  2.37   data arrival time

                  0.15   10.00   10.00   clock clk (rise edge)
                          0.00   10.00   clock network delay (ideal)
                         -0.25    9.75   clock uncertainty
                          0.00    9.75   clock reconvergence pessimism
                                  9.75 ^ _696_/CLK (sky130_fd_sc_hd__dfrtp_2)
                         -0.09    9.66   library setup time
                                  9.66   data required time
-----------------------------------------------------------------------------
                                  9.66   data required time
                                 -2.37   data arrival time
-----------------------------------------------------------------------------
                                  7.30   slack (MET)


Startpoint: start (input port clocked by clk)
Endpoint: _695_ (rising edge-triggered flip-flop clocked by clk)
Path Group: clk
Path Type: max

Fanout     Cap    Slew   Delay    Time   Description
-----------------------------------------------------------------------------
                  0.15    0.00    0.00   clock clk (rise edge)
                          0.00    0.00   clock network delay (ideal)
                          2.00    2.00 ^ input external delay
                  0.07    0.05    2.05 ^ start (in)
     5    0.01                           start (net)
                  0.07    0.00    2.05 ^ _554_/B (sky130_fd_sc_hd__nand2_2)
                  0.14    0.14    2.19 v _554_/Y (sky130_fd_sc_hd__nand2_2)
    10    0.03                           _300_ (net)
                  0.14    0.00    2.19 v _630_/C1 (sky130_fd_sc_hd__o211ai_2)
                  0.13    0.10    2.30 ^ _630_/Y (sky130_fd_sc_hd__o211ai_2)
     1    0.00                           _340_ (net)
                  0.13    0.00    2.30 ^ _631_/B1 (sky130_fd_sc_hd__o21ai_2)
                  0.04    0.06    2.36 v _631_/Y (sky130_fd_sc_hd__o21ai_2)
     1    0.00                           _056_ (net)
                  0.04    0.00    2.36 v _695_/D (sky130_fd_sc_hd__dfrtp_2)
                                  2.36   data arrival time

                  0.15   10.00   10.00   clock clk (rise edge)
                          0.00   10.00   clock network delay (ideal)
                         -0.25    9.75   clock uncertainty
                          0.00    9.75   clock reconvergence pessimism
                                  9.75 ^ _695_/CLK (sky130_fd_sc_hd__dfrtp_2)
                         -0.09    9.66   library setup time
                                  9.66   data required time
-----------------------------------------------------------------------------
                                  9.66   data required time
                                 -2.36   data arrival time
-----------------------------------------------------------------------------
                                  7.30   slack (MET)


Startpoint: _699_ (rising edge-triggered flip-flop clocked by clk)
Endpoint: _708_ (rising edge-triggered flip-flop clocked by clk)
Path Group: clk
Path Type: max

Fanout     Cap    Slew   Delay    Time   Description
-----------------------------------------------------------------------------
                  0.15    0.00    0.00   clock clk (rise edge)
                          0.00    0.00   clock network delay (ideal)
                  0.15    0.00    0.00 ^ _699_/CLK (sky130_fd_sc_hd__dfrtp_2)
                  0.10    0.52    0.52 v _699_/Q (sky130_fd_sc_hd__dfrtp_2)
     9    0.03                           u_core.Q_1 (net)
                  0.10    0.00    0.52 v _347_/A_N (sky130_fd_sc_hd__and2b_2)
                  0.05    0.25    0.77 ^ _347_/X (sky130_fd_sc_hd__and2b_2)
     2    0.01                           _108_ (net)
                  0.05    0.00    0.77 ^ _348_/A (sky130_fd_sc_hd__buf_1)
                  0.43    0.37    1.14 ^ _348_/X (sky130_fd_sc_hd__buf_1)
    10    0.04                           _109_ (net)
                  0.43    0.00    1.14 ^ _349_/A (sky130_fd_sc_hd__buf_1)
                  0.44    0.43    1.57 ^ _349_/X (sky130_fd_sc_hd__buf_1)
    10    0.04                           _110_ (net)
                  0.44    0.00    1.57 ^ _571_/A1 (sky130_fd_sc_hd__o21ai_2)
                  0.07    0.10    1.67 v _571_/Y (sky130_fd_sc_hd__o21ai_2)
     1    0.00                           _309_ (net)
                  0.07    0.00    1.67 v _572_/B1 (sky130_fd_sc_hd__a2bb2o_2)
                  0.05    0.28    1.95 v _572_/X (sky130_fd_sc_hd__a2bb2o_2)
     2    0.00                           _310_ (net)
                  0.05    0.00    1.95 v _606_/A0 (sky130_fd_sc_hd__mux2_2)
                  0.05    0.26    2.22 v _606_/X (sky130_fd_sc_hd__mux2_2)
     1    0.00                           _328_ (net)
                  0.05    0.00    2.22 v _607_/A (sky130_fd_sc_hd__buf_1)
                  0.02    0.09    2.30 v _607_/X (sky130_fd_sc_hd__buf_1)
     1    0.00                           _068_ (net)
                  0.02    0.00    2.30 v _708_/D (sky130_fd_sc_hd__dfrtp_2)
                                  2.30   data arrival time

                  0.15   10.00   10.00   clock clk (rise edge)
                          0.00   10.00   clock network delay (ideal)
                         -0.25    9.75   clock uncertainty
                          0.00    9.75   clock reconvergence pessimism
                                  9.75 ^ _708_/CLK (sky130_fd_sc_hd__dfrtp_2)
                         -0.08    9.67   library setup time
                                  9.67   data required time
-----------------------------------------------------------------------------
                                  9.67   data required time
                                 -2.30   data arrival time
-----------------------------------------------------------------------------
                                  7.37   slack (MET)


Startpoint: _726_ (rising edge-triggered flip-flop clocked by clk)
Endpoint: _710_ (rising edge-triggered flip-flop clocked by clk)
Path Group: clk
Path Type: max

Fanout     Cap    Slew   Delay    Time   Description
-----------------------------------------------------------------------------
                  0.15    0.00    0.00   clock clk (rise edge)
                          0.00    0.00   clock network delay (ideal)
                  0.15    0.00    0.00 ^ _726_/CLK (sky130_fd_sc_hd__dfrtp_2)
                  0.07    0.48    0.48 v _726_/Q (sky130_fd_sc_hd__dfrtp_2)
     5    0.02                           u_core.M[1] (net)
                  0.07    0.00    0.48 v _354_/A (sky130_fd_sc_hd__nor2_2)
                  0.15    0.17    0.66 ^ _354_/Y (sky130_fd_sc_hd__nor2_2)
     3    0.01                           _115_ (net)
                  0.15    0.00    0.66 ^ _366_/A (sky130_fd_sc_hd__buf_1)
                  0.41    0.37    1.03 ^ _366_/X (sky130_fd_sc_hd__buf_1)
    10    0.03                           _127_ (net)
                  0.41    0.00    1.03 ^ _412_/C1 (sky130_fd_sc_hd__a211o_2)
                  0.04    0.18    1.21 ^ _412_/X (sky130_fd_sc_hd__a211o_2)
     1    0.00                           _173_ (net)
                  0.04    0.00    1.21 ^ _413_/C (sky130_fd_sc_hd__nand3b_2)
                  0.08    0.09    1.30 v _413_/Y (sky130_fd_sc_hd__nand3b_2)
     2    0.01                           _174_ (net)
                  0.08    0.00    1.30 v _546_/A2 (sky130_fd_sc_hd__a221o_2)
                  0.05    0.40    1.70 v _546_/X (sky130_fd_sc_hd__a221o_2)
     1    0.00                           _294_ (net)
                  0.05    0.00    1.70 v _547_/B2 (sky130_fd_sc_hd__a32o_2)
                  0.04    0.24    1.94 v _547_/X (sky130_fd_sc_hd__a32o_2)
     2    0.00                           _295_ (net)
                  0.04    0.00    1.94 v _602_/A0 (sky130_fd_sc_hd__mux2_2)
                  0.05    0.26    2.21 v _602_/X (sky130_fd_sc_hd__mux2_2)
     1    0.00                           _326_ (net)
                  0.05    0.00    2.21 v _603_/A (sky130_fd_sc_hd__buf_1)
                  0.02    0.09    2.29 v _603_/X (sky130_fd_sc_hd__buf_1)
     1    0.00                           _070_ (net)
                  0.02    0.00    2.29 v _710_/D (sky130_fd_sc_hd__dfrtp_2)
                                  2.29   data arrival time

                  0.15   10.00   10.00   clock clk (rise edge)
                          0.00   10.00   clock network delay (ideal)
                         -0.25    9.75   clock uncertainty
                          0.00    9.75   clock reconvergence pessimism
                                  9.75 ^ _710_/CLK (sky130_fd_sc_hd__dfrtp_2)
                         -0.08    9.67   library setup time
                                  9.67   data required time
-----------------------------------------------------------------------------
                                  9.67   data required time
                                 -2.29   data arrival time
-----------------------------------------------------------------------------
                                  7.38   slack (MET)


Startpoint: rst (input port clocked by clk)
Endpoint: _694_ (recovery check against rising-edge clock clk)
Path Group: asynchronous
Path Type: max

Fanout     Cap    Slew   Delay    Time   Description
-----------------------------------------------------------------------------
                  0.15    0.00    0.00   clock clk (rise edge)
                          0.00    0.00   clock network delay (ideal)
                          2.00    2.00 v input external delay
                  0.01    0.00    2.00 v rst (in)
     1    0.00                           rst (net)
                  0.01    0.00    2.00 v _634_/A (sky130_fd_sc_hd__buf_1)
                  0.16    0.19    2.19 v _634_/X (sky130_fd_sc_hd__buf_1)
     9    0.03                           _341_ (net)
                  0.16    0.00    2.19 v _635_/A (sky130_fd_sc_hd__buf_1)
                  0.25    0.32    2.51 v _635_/X (sky130_fd_sc_hd__buf_1)
    10    0.04                           _342_ (net)
                  0.25    0.00    2.51 v _636_/A (sky130_fd_sc_hd__inv_2)
                  0.06    0.10    2.61 ^ _636_/Y (sky130_fd_sc_hd__inv_2)
     1    0.00                           _001_ (net)
                  0.06    0.00    2.61 ^ _694_/RESET_B (sky130_fd_sc_hd__dfrtp_2)
                                  2.61   data arrival time

                  0.15   10.00   10.00   clock clk (rise edge)
                          0.00   10.00   clock network delay (ideal)
                         -0.25    9.75   clock uncertainty
                          0.00    9.75   clock reconvergence pessimism
                                  9.75 ^ _694_/CLK (sky130_fd_sc_hd__dfrtp_2)
                          0.25   10.00   library recovery time
                                 10.00   data required time
-----------------------------------------------------------------------------
                                 10.00   data required time
                                 -2.61   data arrival time
-----------------------------------------------------------------------------
                                  7.38   slack (MET)


Startpoint: rst (input port clocked by clk)
Endpoint: _695_ (recovery check against rising-edge clock clk)
Path Group: asynchronous
Path Type: max

Fanout     Cap    Slew   Delay    Time   Description
-----------------------------------------------------------------------------
                  0.15    0.00    0.00   clock clk (rise edge)
                          0.00    0.00   clock network delay (ideal)
                          2.00    2.00 v input external delay
                  0.01    0.00    2.00 v rst (in)
     1    0.00                           rst (net)
                  0.01    0.00    2.00 v _634_/A (sky130_fd_sc_hd__buf_1)
                  0.16    0.19    2.19 v _634_/X (sky130_fd_sc_hd__buf_1)
     9    0.03                           _341_ (net)
                  0.16    0.00    2.19 v _635_/A (sky130_fd_sc_hd__buf_1)
                  0.25    0.32    2.51 v _635_/X (sky130_fd_sc_hd__buf_1)
    10    0.04                           _342_ (net)
                  0.25    0.00    2.51 v _637_/A (sky130_fd_sc_hd__inv_2)
                  0.06    0.10    2.61 ^ _637_/Y (sky130_fd_sc_hd__inv_2)
     1    0.00                           _002_ (net)
                  0.06    0.00    2.61 ^ _695_/RESET_B (sky130_fd_sc_hd__dfrtp_2)
                                  2.61   data arrival time

                  0.15   10.00   10.00   clock clk (rise edge)
                          0.00   10.00   clock network delay (ideal)
                         -0.25    9.75   clock uncertainty
                          0.00    9.75   clock reconvergence pessimism
                                  9.75 ^ _695_/CLK (sky130_fd_sc_hd__dfrtp_2)
                          0.25   10.00   library recovery time
                                 10.00   data required time
-----------------------------------------------------------------------------
                                 10.00   data required time
                                 -2.61   data arrival time
-----------------------------------------------------------------------------
                                  7.38   slack (MET)


Startpoint: rst (input port clocked by clk)
Endpoint: _696_ (recovery check against rising-edge clock clk)
Path Group: asynchronous
Path Type: max

Fanout     Cap    Slew   Delay    Time   Description
-----------------------------------------------------------------------------
                  0.15    0.00    0.00   clock clk (rise edge)
                          0.00    0.00   clock network delay (ideal)
                          2.00    2.00 v input external delay
                  0.01    0.00    2.00 v rst (in)
     1    0.00                           rst (net)
                  0.01    0.00    2.00 v _634_/A (sky130_fd_sc_hd__buf_1)
                  0.16    0.19    2.19 v _634_/X (sky130_fd_sc_hd__buf_1)
     9    0.03                           _341_ (net)
                  0.16    0.00    2.19 v _635_/A (sky130_fd_sc_hd__buf_1)
                  0.25    0.32    2.51 v _635_/X (sky130_fd_sc_hd__buf_1)
    10    0.04                           _342_ (net)
                  0.25    0.00    2.51 v _638_/A (sky130_fd_sc_hd__inv_2)
                  0.06    0.10    2.61 ^ _638_/Y (sky130_fd_sc_hd__inv_2)
     1    0.00                           _003_ (net)
                  0.06    0.00    2.61 ^ _696_/RESET_B (sky130_fd_sc_hd__dfrtp_2)
                                  2.61   data arrival time

                  0.15   10.00   10.00   clock clk (rise edge)
                          0.00   10.00   clock network delay (ideal)
                         -0.25    9.75   clock uncertainty
                          0.00    9.75   clock reconvergence pessimism
                                  9.75 ^ _696_/CLK (sky130_fd_sc_hd__dfrtp_2)
                          0.25   10.00   library recovery time
                                 10.00   data required time
-----------------------------------------------------------------------------
                                 10.00   data required time
                                 -2.61   data arrival time
-----------------------------------------------------------------------------
                                  7.38   slack (MET)


Startpoint: rst (input port clocked by clk)
Endpoint: _697_ (recovery check against rising-edge clock clk)
Path Group: asynchronous
Path Type: max

Fanout     Cap    Slew   Delay    Time   Description
-----------------------------------------------------------------------------
                  0.15    0.00    0.00   clock clk (rise edge)
                          0.00    0.00   clock network delay (ideal)
                          2.00    2.00 v input external delay
                  0.01    0.00    2.00 v rst (in)
     1    0.00                           rst (net)
                  0.01    0.00    2.00 v _634_/A (sky130_fd_sc_hd__buf_1)
                  0.16    0.19    2.19 v _634_/X (sky130_fd_sc_hd__buf_1)
     9    0.03                           _341_ (net)
                  0.16    0.00    2.19 v _635_/A (sky130_fd_sc_hd__buf_1)
                  0.25    0.32    2.51 v _635_/X (sky130_fd_sc_hd__buf_1)
    10    0.04                           _342_ (net)
                  0.25    0.00    2.51 v _639_/A (sky130_fd_sc_hd__inv_2)
                  0.06    0.10    2.61 ^ _639_/Y (sky130_fd_sc_hd__inv_2)
     1    0.00                           _004_ (net)
                  0.06    0.00    2.61 ^ _697_/RESET_B (sky130_fd_sc_hd__dfrtp_2)
                                  2.61   data arrival time

                  0.15   10.00   10.00   clock clk (rise edge)
                          0.00   10.00   clock network delay (ideal)
                         -0.25    9.75   clock uncertainty
                          0.00    9.75   clock reconvergence pessimism
                                  9.75 ^ _697_/CLK (sky130_fd_sc_hd__dfrtp_2)
                          0.25   10.00   library recovery time
                                 10.00   data required time
-----------------------------------------------------------------------------
                                 10.00   data required time
                                 -2.61   data arrival time
-----------------------------------------------------------------------------
                                  7.38   slack (MET)


Startpoint: rst (input port clocked by clk)
Endpoint: _698_ (recovery check against rising-edge clock clk)
Path Group: asynchronous
Path Type: max

Fanout     Cap    Slew   Delay    Time   Description
-----------------------------------------------------------------------------
                  0.15    0.00    0.00   clock clk (rise edge)
                          0.00    0.00   clock network delay (ideal)
                          2.00    2.00 v input external delay
                  0.01    0.00    2.00 v rst (in)
     1    0.00                           rst (net)
                  0.01    0.00    2.00 v _634_/A (sky130_fd_sc_hd__buf_1)
                  0.16    0.19    2.19 v _634_/X (sky130_fd_sc_hd__buf_1)
     9    0.03                           _341_ (net)
                  0.16    0.00    2.19 v _635_/A (sky130_fd_sc_hd__buf_1)
                  0.25    0.32    2.51 v _635_/X (sky130_fd_sc_hd__buf_1)
    10    0.04                           _342_ (net)
                  0.25    0.00    2.51 v _640_/A (sky130_fd_sc_hd__inv_2)
                  0.06    0.10    2.61 ^ _640_/Y (sky130_fd_sc_hd__inv_2)
     1    0.00                           _005_ (net)
                  0.06    0.00    2.61 ^ _698_/RESET_B (sky130_fd_sc_hd__dfrtp_2)
                                  2.61   data arrival time

                  0.15   10.00   10.00   clock clk (rise edge)
                          0.00   10.00   clock network delay (ideal)
                         -0.25    9.75   clock uncertainty
                          0.00    9.75   clock reconvergence pessimism
                                  9.75 ^ _698_/CLK (sky130_fd_sc_hd__dfrtp_2)
                          0.25   10.00   library recovery time
                                 10.00   data required time
-----------------------------------------------------------------------------
                                 10.00   data required time
                                 -2.61   data arrival time
-----------------------------------------------------------------------------
                                  7.38   slack (MET)


Startpoint: rst (input port clocked by clk)
Endpoint: _699_ (recovery check against rising-edge clock clk)
Path Group: asynchronous
Path Type: max

Fanout     Cap    Slew   Delay    Time   Description
-----------------------------------------------------------------------------
                  0.15    0.00    0.00   clock clk (rise edge)
                          0.00    0.00   clock network delay (ideal)
                          2.00    2.00 v input external delay
                  0.01    0.00    2.00 v rst (in)
     1    0.00                           rst (net)
                  0.01    0.00    2.00 v _634_/A (sky130_fd_sc_hd__buf_1)
                  0.16    0.19    2.19 v _634_/X (sky130_fd_sc_hd__buf_1)
     9    0.03                           _341_ (net)
                  0.16    0.00    2.19 v _635_/A (sky130_fd_sc_hd__buf_1)
                  0.25    0.32    2.51 v _635_/X (sky130_fd_sc_hd__buf_1)
    10    0.04                           _342_ (net)
                  0.25    0.00    2.51 v _641_/A (sky130_fd_sc_hd__inv_2)
                  0.06    0.10    2.61 ^ _641_/Y (sky130_fd_sc_hd__inv_2)
     1    0.00                           _006_ (net)
                  0.06    0.00    2.61 ^ _699_/RESET_B (sky130_fd_sc_hd__dfrtp_2)
                                  2.61   data arrival time

                  0.15   10.00   10.00   clock clk (rise edge)
                          0.00   10.00   clock network delay (ideal)
                         -0.25    9.75   clock uncertainty
                          0.00    9.75   clock reconvergence pessimism
                                  9.75 ^ _699_/CLK (sky130_fd_sc_hd__dfrtp_2)
                          0.25   10.00   library recovery time
                                 10.00   data required time
-----------------------------------------------------------------------------
                                 10.00   data required time
                                 -2.61   data arrival time
-----------------------------------------------------------------------------
                                  7.38   slack (MET)


Startpoint: rst (input port clocked by clk)
Endpoint: _700_ (recovery check against rising-edge clock clk)
Path Group: asynchronous
Path Type: max

Fanout     Cap    Slew   Delay    Time   Description
-----------------------------------------------------------------------------
                  0.15    0.00    0.00   clock clk (rise edge)
                          0.00    0.00   clock network delay (ideal)
                          2.00    2.00 v input external delay
                  0.01    0.00    2.00 v rst (in)
     1    0.00                           rst (net)
                  0.01    0.00    2.00 v _634_/A (sky130_fd_sc_hd__buf_1)
                  0.16    0.19    2.19 v _634_/X (sky130_fd_sc_hd__buf_1)
     9    0.03                           _341_ (net)
                  0.16    0.00    2.19 v _635_/A (sky130_fd_sc_hd__buf_1)
                  0.25    0.32    2.51 v _635_/X (sky130_fd_sc_hd__buf_1)
    10    0.04                           _342_ (net)
                  0.25    0.00    2.51 v _642_/A (sky130_fd_sc_hd__inv_2)
                  0.06    0.10    2.61 ^ _642_/Y (sky130_fd_sc_hd__inv_2)
     1    0.00                           _007_ (net)
                  0.06    0.00    2.61 ^ _700_/RESET_B (sky130_fd_sc_hd__dfrtp_2)
                                  2.61   data arrival time

                  0.15   10.00   10.00   clock clk (rise edge)
                          0.00   10.00   clock network delay (ideal)
                         -0.25    9.75   clock uncertainty
                          0.00    9.75   clock reconvergence pessimism
                                  9.75 ^ _700_/CLK (sky130_fd_sc_hd__dfrtp_2)
                          0.25   10.00   library recovery time
                                 10.00   data required time
-----------------------------------------------------------------------------
                                 10.00   data required time
                                 -2.61   data arrival time
-----------------------------------------------------------------------------
                                  7.38   slack (MET)


Startpoint: rst (input port clocked by clk)
Endpoint: _701_ (recovery check against rising-edge clock clk)
Path Group: asynchronous
Path Type: max

Fanout     Cap    Slew   Delay    Time   Description
-----------------------------------------------------------------------------
                  0.15    0.00    0.00   clock clk (rise edge)
                          0.00    0.00   clock network delay (ideal)
                          2.00    2.00 v input external delay
                  0.01    0.00    2.00 v rst (in)
     1    0.00                           rst (net)
                  0.01    0.00    2.00 v _634_/A (sky130_fd_sc_hd__buf_1)
                  0.16    0.19    2.19 v _634_/X (sky130_fd_sc_hd__buf_1)
     9    0.03                           _341_ (net)
                  0.16    0.00    2.19 v _635_/A (sky130_fd_sc_hd__buf_1)
                  0.25    0.32    2.51 v _635_/X (sky130_fd_sc_hd__buf_1)
    10    0.04                           _342_ (net)
                  0.25    0.00    2.51 v _643_/A (sky130_fd_sc_hd__inv_2)
                  0.06    0.10    2.61 ^ _643_/Y (sky130_fd_sc_hd__inv_2)
     1    0.00                           _008_ (net)
                  0.06    0.00    2.61 ^ _701_/RESET_B (sky130_fd_sc_hd__dfrtp_2)
                                  2.61   data arrival time

                  0.15   10.00   10.00   clock clk (rise edge)
                          0.00   10.00   clock network delay (ideal)
                         -0.25    9.75   clock uncertainty
                          0.00    9.75   clock reconvergence pessimism
                                  9.75 ^ _701_/CLK (sky130_fd_sc_hd__dfrtp_2)
                          0.25   10.00   library recovery time
                                 10.00   data required time
-----------------------------------------------------------------------------
                                 10.00   data required time
                                 -2.61   data arrival time
-----------------------------------------------------------------------------
                                  7.38   slack (MET)


Startpoint: rst (input port clocked by clk)
Endpoint: _702_ (recovery check against rising-edge clock clk)
Path Group: asynchronous
Path Type: max

Fanout     Cap    Slew   Delay    Time   Description
-----------------------------------------------------------------------------
                  0.15    0.00    0.00   clock clk (rise edge)
                          0.00    0.00   clock network delay (ideal)
                          2.00    2.00 v input external delay
                  0.01    0.00    2.00 v rst (in)
     1    0.00                           rst (net)
                  0.01    0.00    2.00 v _634_/A (sky130_fd_sc_hd__buf_1)
                  0.16    0.19    2.19 v _634_/X (sky130_fd_sc_hd__buf_1)
     9    0.03                           _341_ (net)
                  0.16    0.00    2.19 v _635_/A (sky130_fd_sc_hd__buf_1)
                  0.25    0.32    2.51 v _635_/X (sky130_fd_sc_hd__buf_1)
    10    0.04                           _342_ (net)
                  0.25    0.00    2.51 v _644_/A (sky130_fd_sc_hd__inv_2)
                  0.06    0.10    2.61 ^ _644_/Y (sky130_fd_sc_hd__inv_2)
     1    0.00                           _009_ (net)
                  0.06    0.00    2.61 ^ _702_/RESET_B (sky130_fd_sc_hd__dfrtp_2)
                                  2.61   data arrival time

                  0.15   10.00   10.00   clock clk (rise edge)
                          0.00   10.00   clock network delay (ideal)
                         -0.25    9.75   clock uncertainty
                          0.00    9.75   clock reconvergence pessimism
                                  9.75 ^ _702_/CLK (sky130_fd_sc_hd__dfrtp_2)
                          0.25   10.00   library recovery time
                                 10.00   data required time
-----------------------------------------------------------------------------
                                 10.00   data required time
                                 -2.61   data arrival time
-----------------------------------------------------------------------------
                                  7.38   slack (MET)


Startpoint: rst (input port clocked by clk)
Endpoint: _703_ (recovery check against rising-edge clock clk)
Path Group: asynchronous
Path Type: max

Fanout     Cap    Slew   Delay    Time   Description
-----------------------------------------------------------------------------
                  0.15    0.00    0.00   clock clk (rise edge)
                          0.00    0.00   clock network delay (ideal)
                          2.00    2.00 v input external delay
                  0.01    0.00    2.00 v rst (in)
     1    0.00                           rst (net)
                  0.01    0.00    2.00 v _634_/A (sky130_fd_sc_hd__buf_1)
                  0.16    0.19    2.19 v _634_/X (sky130_fd_sc_hd__buf_1)
     9    0.03                           _341_ (net)
                  0.16    0.00    2.19 v _635_/A (sky130_fd_sc_hd__buf_1)
                  0.25    0.32    2.51 v _635_/X (sky130_fd_sc_hd__buf_1)
    10    0.04                           _342_ (net)
                  0.25    0.00    2.51 v _645_/A (sky130_fd_sc_hd__inv_2)
                  0.06    0.10    2.61 ^ _645_/Y (sky130_fd_sc_hd__inv_2)
     1    0.00                           _010_ (net)
                  0.06    0.00    2.61 ^ _703_/RESET_B (sky130_fd_sc_hd__dfrtp_2)
                                  2.61   data arrival time

                  0.15   10.00   10.00   clock clk (rise edge)
                          0.00   10.00   clock network delay (ideal)
                         -0.25    9.75   clock uncertainty
                          0.00    9.75   clock reconvergence pessimism
                                  9.75 ^ _703_/CLK (sky130_fd_sc_hd__dfrtp_2)
                          0.25   10.00   library recovery time
                                 10.00   data required time
-----------------------------------------------------------------------------
                                 10.00   data required time
                                 -2.61   data arrival time
-----------------------------------------------------------------------------
                                  7.38   slack (MET)


Startpoint: rst (input port clocked by clk)
Endpoint: _704_ (recovery check against rising-edge clock clk)
Path Group: asynchronous
Path Type: max

Fanout     Cap    Slew   Delay    Time   Description
-----------------------------------------------------------------------------
                  0.15    0.00    0.00   clock clk (rise edge)
                          0.00    0.00   clock network delay (ideal)
                          2.00    2.00 v input external delay
                  0.01    0.00    2.00 v rst (in)
     1    0.00                           rst (net)
                  0.01    0.00    2.00 v _634_/A (sky130_fd_sc_hd__buf_1)
                  0.16    0.19    2.19 v _634_/X (sky130_fd_sc_hd__buf_1)
     9    0.03                           _341_ (net)
                  0.16    0.00    2.19 v _646_/A (sky130_fd_sc_hd__buf_1)
                  0.25    0.32    2.51 v _646_/X (sky130_fd_sc_hd__buf_1)
    10    0.04                           _343_ (net)
                  0.25    0.00    2.51 v _647_/A (sky130_fd_sc_hd__inv_2)
                  0.06    0.10    2.61 ^ _647_/Y (sky130_fd_sc_hd__inv_2)
     1    0.00                           _011_ (net)
                  0.06    0.00    2.61 ^ _704_/RESET_B (sky130_fd_sc_hd__dfrtp_2)
                                  2.61   data arrival time

                  0.15   10.00   10.00   clock clk (rise edge)
                          0.00   10.00   clock network delay (ideal)
                         -0.25    9.75   clock uncertainty
                          0.00    9.75   clock reconvergence pessimism
                                  9.75 ^ _704_/CLK (sky130_fd_sc_hd__dfrtp_2)
                          0.25   10.00   library recovery time
                                 10.00   data required time
-----------------------------------------------------------------------------
                                 10.00   data required time
                                 -2.61   data arrival time
-----------------------------------------------------------------------------
                                  7.38   slack (MET)


Startpoint: rst (input port clocked by clk)
Endpoint: _705_ (recovery check against rising-edge clock clk)
Path Group: asynchronous
Path Type: max

Fanout     Cap    Slew   Delay    Time   Description
-----------------------------------------------------------------------------
                  0.15    0.00    0.00   clock clk (rise edge)
                          0.00    0.00   clock network delay (ideal)
                          2.00    2.00 v input external delay
                  0.01    0.00    2.00 v rst (in)
     1    0.00                           rst (net)
                  0.01    0.00    2.00 v _634_/A (sky130_fd_sc_hd__buf_1)
                  0.16    0.19    2.19 v _634_/X (sky130_fd_sc_hd__buf_1)
     9    0.03                           _341_ (net)
                  0.16    0.00    2.19 v _646_/A (sky130_fd_sc_hd__buf_1)
                  0.25    0.32    2.51 v _646_/X (sky130_fd_sc_hd__buf_1)
    10    0.04                           _343_ (net)
                  0.25    0.00    2.51 v _648_/A (sky130_fd_sc_hd__inv_2)
                  0.06    0.10    2.61 ^ _648_/Y (sky130_fd_sc_hd__inv_2)
     1    0.00                           _012_ (net)
                  0.06    0.00    2.61 ^ _705_/RESET_B (sky130_fd_sc_hd__dfrtp_2)
                                  2.61   data arrival time

                  0.15   10.00   10.00   clock clk (rise edge)
                          0.00   10.00   clock network delay (ideal)
                         -0.25    9.75   clock uncertainty
                          0.00    9.75   clock reconvergence pessimism
                                  9.75 ^ _705_/CLK (sky130_fd_sc_hd__dfrtp_2)
                          0.25   10.00   library recovery time
                                 10.00   data required time
-----------------------------------------------------------------------------
                                 10.00   data required time
                                 -2.61   data arrival time
-----------------------------------------------------------------------------
                                  7.38   slack (MET)


Startpoint: rst (input port clocked by clk)
Endpoint: _706_ (recovery check against rising-edge clock clk)
Path Group: asynchronous
Path Type: max

Fanout     Cap    Slew   Delay    Time   Description
-----------------------------------------------------------------------------
                  0.15    0.00    0.00   clock clk (rise edge)
                          0.00    0.00   clock network delay (ideal)
                          2.00    2.00 v input external delay
                  0.01    0.00    2.00 v rst (in)
     1    0.00                           rst (net)
                  0.01    0.00    2.00 v _634_/A (sky130_fd_sc_hd__buf_1)
                  0.16    0.19    2.19 v _634_/X (sky130_fd_sc_hd__buf_1)
     9    0.03                           _341_ (net)
                  0.16    0.00    2.19 v _646_/A (sky130_fd_sc_hd__buf_1)
                  0.25    0.32    2.51 v _646_/X (sky130_fd_sc_hd__buf_1)
    10    0.04                           _343_ (net)
                  0.25    0.00    2.51 v _649_/A (sky130_fd_sc_hd__inv_2)
                  0.06    0.10    2.61 ^ _649_/Y (sky130_fd_sc_hd__inv_2)
     1    0.00                           _013_ (net)
                  0.06    0.00    2.61 ^ _706_/RESET_B (sky130_fd_sc_hd__dfrtp_2)
                                  2.61   data arrival time

                  0.15   10.00   10.00   clock clk (rise edge)
                          0.00   10.00   clock network delay (ideal)
                         -0.25    9.75   clock uncertainty
                          0.00    9.75   clock reconvergence pessimism
                                  9.75 ^ _706_/CLK (sky130_fd_sc_hd__dfrtp_2)
                          0.25   10.00   library recovery time
                                 10.00   data required time
-----------------------------------------------------------------------------
                                 10.00   data required time
                                 -2.61   data arrival time
-----------------------------------------------------------------------------
                                  7.38   slack (MET)


Startpoint: rst (input port clocked by clk)
Endpoint: _707_ (recovery check against rising-edge clock clk)
Path Group: asynchronous
Path Type: max

Fanout     Cap    Slew   Delay    Time   Description
-----------------------------------------------------------------------------
                  0.15    0.00    0.00   clock clk (rise edge)
                          0.00    0.00   clock network delay (ideal)
                          2.00    2.00 v input external delay
                  0.01    0.00    2.00 v rst (in)
     1    0.00                           rst (net)
                  0.01    0.00    2.00 v _634_/A (sky130_fd_sc_hd__buf_1)
                  0.16    0.19    2.19 v _634_/X (sky130_fd_sc_hd__buf_1)
     9    0.03                           _341_ (net)
                  0.16    0.00    2.19 v _646_/A (sky130_fd_sc_hd__buf_1)
                  0.25    0.32    2.51 v _646_/X (sky130_fd_sc_hd__buf_1)
    10    0.04                           _343_ (net)
                  0.25    0.00    2.51 v _650_/A (sky130_fd_sc_hd__inv_2)
                  0.06    0.10    2.61 ^ _650_/Y (sky130_fd_sc_hd__inv_2)
     1    0.00                           _014_ (net)
                  0.06    0.00    2.61 ^ _707_/RESET_B (sky130_fd_sc_hd__dfrtp_2)
                                  2.61   data arrival time

                  0.15   10.00   10.00   clock clk (rise edge)
                          0.00   10.00   clock network delay (ideal)
                         -0.25    9.75   clock uncertainty
                          0.00    9.75   clock reconvergence pessimism
                                  9.75 ^ _707_/CLK (sky130_fd_sc_hd__dfrtp_2)
                          0.25   10.00   library recovery time
                                 10.00   data required time
-----------------------------------------------------------------------------
                                 10.00   data required time
                                 -2.61   data arrival time
-----------------------------------------------------------------------------
                                  7.38   slack (MET)


Startpoint: rst (input port clocked by clk)
Endpoint: _708_ (recovery check against rising-edge clock clk)
Path Group: asynchronous
Path Type: max

Fanout     Cap    Slew   Delay    Time   Description
-----------------------------------------------------------------------------
                  0.15    0.00    0.00   clock clk (rise edge)
                          0.00    0.00   clock network delay (ideal)
                          2.00    2.00 v input external delay
                  0.01    0.00    2.00 v rst (in)
     1    0.00                           rst (net)
                  0.01    0.00    2.00 v _634_/A (sky130_fd_sc_hd__buf_1)
                  0.16    0.19    2.19 v _634_/X (sky130_fd_sc_hd__buf_1)
     9    0.03                           _341_ (net)
                  0.16    0.00    2.19 v _646_/A (sky130_fd_sc_hd__buf_1)
                  0.25    0.32    2.51 v _646_/X (sky130_fd_sc_hd__buf_1)
    10    0.04                           _343_ (net)
                  0.25    0.00    2.51 v _651_/A (sky130_fd_sc_hd__inv_2)
                  0.06    0.10    2.61 ^ _651_/Y (sky130_fd_sc_hd__inv_2)
     1    0.00                           _015_ (net)
                  0.06    0.00    2.61 ^ _708_/RESET_B (sky130_fd_sc_hd__dfrtp_2)
                                  2.61   data arrival time

                  0.15   10.00   10.00   clock clk (rise edge)
                          0.00   10.00   clock network delay (ideal)
                         -0.25    9.75   clock uncertainty
                          0.00    9.75   clock reconvergence pessimism
                                  9.75 ^ _708_/CLK (sky130_fd_sc_hd__dfrtp_2)
                          0.25   10.00   library recovery time
                                 10.00   data required time
-----------------------------------------------------------------------------
                                 10.00   data required time
                                 -2.61   data arrival time
-----------------------------------------------------------------------------
                                  7.38   slack (MET)


Startpoint: rst (input port clocked by clk)
Endpoint: _709_ (recovery check against rising-edge clock clk)
Path Group: asynchronous
Path Type: max

Fanout     Cap    Slew   Delay    Time   Description
-----------------------------------------------------------------------------
                  0.15    0.00    0.00   clock clk (rise edge)
                          0.00    0.00   clock network delay (ideal)
                          2.00    2.00 v input external delay
                  0.01    0.00    2.00 v rst (in)
     1    0.00                           rst (net)
                  0.01    0.00    2.00 v _634_/A (sky130_fd_sc_hd__buf_1)
                  0.16    0.19    2.19 v _634_/X (sky130_fd_sc_hd__buf_1)
     9    0.03                           _341_ (net)
                  0.16    0.00    2.19 v _646_/A (sky130_fd_sc_hd__buf_1)
                  0.25    0.32    2.51 v _646_/X (sky130_fd_sc_hd__buf_1)
    10    0.04                           _343_ (net)
                  0.25    0.00    2.51 v _652_/A (sky130_fd_sc_hd__inv_2)
                  0.06    0.10    2.61 ^ _652_/Y (sky130_fd_sc_hd__inv_2)
     1    0.00                           _016_ (net)
                  0.06    0.00    2.61 ^ _709_/RESET_B (sky130_fd_sc_hd__dfrtp_2)
                                  2.61   data arrival time

                  0.15   10.00   10.00   clock clk (rise edge)
                          0.00   10.00   clock network delay (ideal)
                         -0.25    9.75   clock uncertainty
                          0.00    9.75   clock reconvergence pessimism
                                  9.75 ^ _709_/CLK (sky130_fd_sc_hd__dfrtp_2)
                          0.25   10.00   library recovery time
                                 10.00   data required time
-----------------------------------------------------------------------------
                                 10.00   data required time
                                 -2.61   data arrival time
-----------------------------------------------------------------------------
                                  7.38   slack (MET)


Startpoint: rst (input port clocked by clk)
Endpoint: _710_ (recovery check against rising-edge clock clk)
Path Group: asynchronous
Path Type: max

Fanout     Cap    Slew   Delay    Time   Description
-----------------------------------------------------------------------------
                  0.15    0.00    0.00   clock clk (rise edge)
                          0.00    0.00   clock network delay (ideal)
                          2.00    2.00 v input external delay
                  0.01    0.00    2.00 v rst (in)
     1    0.00                           rst (net)
                  0.01    0.00    2.00 v _634_/A (sky130_fd_sc_hd__buf_1)
                  0.16    0.19    2.19 v _634_/X (sky130_fd_sc_hd__buf_1)
     9    0.03                           _341_ (net)
                  0.16    0.00    2.19 v _646_/A (sky130_fd_sc_hd__buf_1)
                  0.25    0.32    2.51 v _646_/X (sky130_fd_sc_hd__buf_1)
    10    0.04                           _343_ (net)
                  0.25    0.00    2.51 v _653_/A (sky130_fd_sc_hd__inv_2)
                  0.06    0.10    2.61 ^ _653_/Y (sky130_fd_sc_hd__inv_2)
     1    0.00                           _017_ (net)
                  0.06    0.00    2.61 ^ _710_/RESET_B (sky130_fd_sc_hd__dfrtp_2)
                                  2.61   data arrival time

                  0.15   10.00   10.00   clock clk (rise edge)
                          0.00   10.00   clock network delay (ideal)
                         -0.25    9.75   clock uncertainty
                          0.00    9.75   clock reconvergence pessimism
                                  9.75 ^ _710_/CLK (sky130_fd_sc_hd__dfrtp_2)
                          0.25   10.00   library recovery time
                                 10.00   data required time
-----------------------------------------------------------------------------
                                 10.00   data required time
                                 -2.61   data arrival time
-----------------------------------------------------------------------------
                                  7.38   slack (MET)


Startpoint: rst (input port clocked by clk)
Endpoint: _711_ (recovery check against rising-edge clock clk)
Path Group: asynchronous
Path Type: max

Fanout     Cap    Slew   Delay    Time   Description
-----------------------------------------------------------------------------
                  0.15    0.00    0.00   clock clk (rise edge)
                          0.00    0.00   clock network delay (ideal)
                          2.00    2.00 v input external delay
                  0.01    0.00    2.00 v rst (in)
     1    0.00                           rst (net)
                  0.01    0.00    2.00 v _634_/A (sky130_fd_sc_hd__buf_1)
                  0.16    0.19    2.19 v _634_/X (sky130_fd_sc_hd__buf_1)
     9    0.03                           _341_ (net)
                  0.16    0.00    2.19 v _646_/A (sky130_fd_sc_hd__buf_1)
                  0.25    0.32    2.51 v _646_/X (sky130_fd_sc_hd__buf_1)
    10    0.04                           _343_ (net)
                  0.25    0.00    2.51 v _654_/A (sky130_fd_sc_hd__inv_2)
                  0.06    0.10    2.61 ^ _654_/Y (sky130_fd_sc_hd__inv_2)
     1    0.00                           _018_ (net)
                  0.06    0.00    2.61 ^ _711_/RESET_B (sky130_fd_sc_hd__dfrtp_2)
                                  2.61   data arrival time

                  0.15   10.00   10.00   clock clk (rise edge)
                          0.00   10.00   clock network delay (ideal)
                         -0.25    9.75   clock uncertainty
                          0.00    9.75   clock reconvergence pessimism
                                  9.75 ^ _711_/CLK (sky130_fd_sc_hd__dfrtp_2)
                          0.25   10.00   library recovery time
                                 10.00   data required time
-----------------------------------------------------------------------------
                                 10.00   data required time
                                 -2.61   data arrival time
-----------------------------------------------------------------------------
                                  7.38   slack (MET)


Startpoint: rst (input port clocked by clk)
Endpoint: _712_ (recovery check against rising-edge clock clk)
Path Group: asynchronous
Path Type: max

Fanout     Cap    Slew   Delay    Time   Description
-----------------------------------------------------------------------------
                  0.15    0.00    0.00   clock clk (rise edge)
                          0.00    0.00   clock network delay (ideal)
                          2.00    2.00 v input external delay
                  0.01    0.00    2.00 v rst (in)
     1    0.00                           rst (net)
                  0.01    0.00    2.00 v _634_/A (sky130_fd_sc_hd__buf_1)
                  0.16    0.19    2.19 v _634_/X (sky130_fd_sc_hd__buf_1)
     9    0.03                           _341_ (net)
                  0.16    0.00    2.19 v _646_/A (sky130_fd_sc_hd__buf_1)
                  0.25    0.32    2.51 v _646_/X (sky130_fd_sc_hd__buf_1)
    10    0.04                           _343_ (net)
                  0.25    0.00    2.51 v _655_/A (sky130_fd_sc_hd__inv_2)
                  0.06    0.10    2.61 ^ _655_/Y (sky130_fd_sc_hd__inv_2)
     1    0.00                           _019_ (net)
                  0.06    0.00    2.61 ^ _712_/RESET_B (sky130_fd_sc_hd__dfrtp_2)
                                  2.61   data arrival time

                  0.15   10.00   10.00   clock clk (rise edge)
                          0.00   10.00   clock network delay (ideal)
                         -0.25    9.75   clock uncertainty
                          0.00    9.75   clock reconvergence pessimism
                                  9.75 ^ _712_/CLK (sky130_fd_sc_hd__dfrtp_2)
                          0.25   10.00   library recovery time
                                 10.00   data required time
-----------------------------------------------------------------------------
                                 10.00   data required time
                                 -2.61   data arrival time
-----------------------------------------------------------------------------
                                  7.38   slack (MET)


Startpoint: rst (input port clocked by clk)
Endpoint: _713_ (recovery check against rising-edge clock clk)
Path Group: asynchronous
Path Type: max

Fanout     Cap    Slew   Delay    Time   Description
-----------------------------------------------------------------------------
                  0.15    0.00    0.00   clock clk (rise edge)
                          0.00    0.00   clock network delay (ideal)
                          2.00    2.00 v input external delay
                  0.01    0.00    2.00 v rst (in)
     1    0.00                           rst (net)
                  0.01    0.00    2.00 v _634_/A (sky130_fd_sc_hd__buf_1)
                  0.16    0.19    2.19 v _634_/X (sky130_fd_sc_hd__buf_1)
     9    0.03                           _341_ (net)
                  0.16    0.00    2.19 v _646_/A (sky130_fd_sc_hd__buf_1)
                  0.25    0.32    2.51 v _646_/X (sky130_fd_sc_hd__buf_1)
    10    0.04                           _343_ (net)
                  0.25    0.00    2.51 v _656_/A (sky130_fd_sc_hd__inv_2)
                  0.06    0.10    2.61 ^ _656_/Y (sky130_fd_sc_hd__inv_2)
     1    0.00                           _020_ (net)
                  0.06    0.00    2.61 ^ _713_/RESET_B (sky130_fd_sc_hd__dfrtp_2)
                                  2.61   data arrival time

                  0.15   10.00   10.00   clock clk (rise edge)
                          0.00   10.00   clock network delay (ideal)
                         -0.25    9.75   clock uncertainty
                          0.00    9.75   clock reconvergence pessimism
                                  9.75 ^ _713_/CLK (sky130_fd_sc_hd__dfrtp_2)
                          0.25   10.00   library recovery time
                                 10.00   data required time
-----------------------------------------------------------------------------
                                 10.00   data required time
                                 -2.61   data arrival time
-----------------------------------------------------------------------------
                                  7.38   slack (MET)


Startpoint: rst (input port clocked by clk)
Endpoint: _714_ (recovery check against rising-edge clock clk)
Path Group: asynchronous
Path Type: max

Fanout     Cap    Slew   Delay    Time   Description
-----------------------------------------------------------------------------
                  0.15    0.00    0.00   clock clk (rise edge)
                          0.00    0.00   clock network delay (ideal)
                          2.00    2.00 v input external delay
                  0.01    0.00    2.00 v rst (in)
     1    0.00                           rst (net)
                  0.01    0.00    2.00 v _634_/A (sky130_fd_sc_hd__buf_1)
                  0.16    0.19    2.19 v _634_/X (sky130_fd_sc_hd__buf_1)
     9    0.03                           _341_ (net)
                  0.16    0.00    2.19 v _657_/A (sky130_fd_sc_hd__buf_1)
                  0.25    0.32    2.51 v _657_/X (sky130_fd_sc_hd__buf_1)
    10    0.04                           _344_ (net)
                  0.25    0.00    2.51 v _658_/A (sky130_fd_sc_hd__inv_2)
                  0.06    0.10    2.61 ^ _658_/Y (sky130_fd_sc_hd__inv_2)
     1    0.00                           _021_ (net)
                  0.06    0.00    2.61 ^ _714_/RESET_B (sky130_fd_sc_hd__dfrtp_2)
                                  2.61   data arrival time

                  0.15   10.00   10.00   clock clk (rise edge)
                          0.00   10.00   clock network delay (ideal)
                         -0.25    9.75   clock uncertainty
                          0.00    9.75   clock reconvergence pessimism
                                  9.75 ^ _714_/CLK (sky130_fd_sc_hd__dfrtp_2)
                          0.25   10.00   library recovery time
                                 10.00   data required time
-----------------------------------------------------------------------------
                                 10.00   data required time
                                 -2.61   data arrival time
-----------------------------------------------------------------------------
                                  7.38   slack (MET)


Startpoint: rst (input port clocked by clk)
Endpoint: _715_ (recovery check against rising-edge clock clk)
Path Group: asynchronous
Path Type: max

Fanout     Cap    Slew   Delay    Time   Description
-----------------------------------------------------------------------------
                  0.15    0.00    0.00   clock clk (rise edge)
                          0.00    0.00   clock network delay (ideal)
                          2.00    2.00 v input external delay
                  0.01    0.00    2.00 v rst (in)
     1    0.00                           rst (net)
                  0.01    0.00    2.00 v _634_/A (sky130_fd_sc_hd__buf_1)
                  0.16    0.19    2.19 v _634_/X (sky130_fd_sc_hd__buf_1)
     9    0.03                           _341_ (net)
                  0.16    0.00    2.19 v _657_/A (sky130_fd_sc_hd__buf_1)
                  0.25    0.32    2.51 v _657_/X (sky130_fd_sc_hd__buf_1)
    10    0.04                           _344_ (net)
                  0.25    0.00    2.51 v _659_/A (sky130_fd_sc_hd__inv_2)
                  0.06    0.10    2.61 ^ _659_/Y (sky130_fd_sc_hd__inv_2)
     1    0.00                           _022_ (net)
                  0.06    0.00    2.61 ^ _715_/RESET_B (sky130_fd_sc_hd__dfrtp_2)
                                  2.61   data arrival time

                  0.15   10.00   10.00   clock clk (rise edge)
                          0.00   10.00   clock network delay (ideal)
                         -0.25    9.75   clock uncertainty
                          0.00    9.75   clock reconvergence pessimism
                                  9.75 ^ _715_/CLK (sky130_fd_sc_hd__dfrtp_2)
                          0.25   10.00   library recovery time
                                 10.00   data required time
-----------------------------------------------------------------------------
                                 10.00   data required time
                                 -2.61   data arrival time
-----------------------------------------------------------------------------
                                  7.38   slack (MET)


Startpoint: rst (input port clocked by clk)
Endpoint: _716_ (recovery check against rising-edge clock clk)
Path Group: asynchronous
Path Type: max

Fanout     Cap    Slew   Delay    Time   Description
-----------------------------------------------------------------------------
                  0.15    0.00    0.00   clock clk (rise edge)
                          0.00    0.00   clock network delay (ideal)
                          2.00    2.00 v input external delay
                  0.01    0.00    2.00 v rst (in)
     1    0.00                           rst (net)
                  0.01    0.00    2.00 v _634_/A (sky130_fd_sc_hd__buf_1)
                  0.16    0.19    2.19 v _634_/X (sky130_fd_sc_hd__buf_1)
     9    0.03                           _341_ (net)
                  0.16    0.00    2.19 v _657_/A (sky130_fd_sc_hd__buf_1)
                  0.25    0.32    2.51 v _657_/X (sky130_fd_sc_hd__buf_1)
    10    0.04                           _344_ (net)
                  0.25    0.00    2.51 v _660_/A (sky130_fd_sc_hd__inv_2)
                  0.06    0.10    2.61 ^ _660_/Y (sky130_fd_sc_hd__inv_2)
     1    0.00                           _023_ (net)
                  0.06    0.00    2.61 ^ _716_/RESET_B (sky130_fd_sc_hd__dfrtp_2)
                                  2.61   data arrival time

                  0.15   10.00   10.00   clock clk (rise edge)
                          0.00   10.00   clock network delay (ideal)
                         -0.25    9.75   clock uncertainty
                          0.00    9.75   clock reconvergence pessimism
                                  9.75 ^ _716_/CLK (sky130_fd_sc_hd__dfrtp_2)
                          0.25   10.00   library recovery time
                                 10.00   data required time
-----------------------------------------------------------------------------
                                 10.00   data required time
                                 -2.61   data arrival time
-----------------------------------------------------------------------------
                                  7.38   slack (MET)


Startpoint: rst (input port clocked by clk)
Endpoint: _717_ (recovery check against rising-edge clock clk)
Path Group: asynchronous
Path Type: max

Fanout     Cap    Slew   Delay    Time   Description
-----------------------------------------------------------------------------
                  0.15    0.00    0.00   clock clk (rise edge)
                          0.00    0.00   clock network delay (ideal)
                          2.00    2.00 v input external delay
                  0.01    0.00    2.00 v rst (in)
     1    0.00                           rst (net)
                  0.01    0.00    2.00 v _634_/A (sky130_fd_sc_hd__buf_1)
                  0.16    0.19    2.19 v _634_/X (sky130_fd_sc_hd__buf_1)
     9    0.03                           _341_ (net)
                  0.16    0.00    2.19 v _657_/A (sky130_fd_sc_hd__buf_1)
                  0.25    0.32    2.51 v _657_/X (sky130_fd_sc_hd__buf_1)
    10    0.04                           _344_ (net)
                  0.25    0.00    2.51 v _661_/A (sky130_fd_sc_hd__inv_2)
                  0.06    0.10    2.61 ^ _661_/Y (sky130_fd_sc_hd__inv_2)
     1    0.00                           _024_ (net)
                  0.06    0.00    2.61 ^ _717_/RESET_B (sky130_fd_sc_hd__dfrtp_2)
                                  2.61   data arrival time

                  0.15   10.00   10.00   clock clk (rise edge)
                          0.00   10.00   clock network delay (ideal)
                         -0.25    9.75   clock uncertainty
                          0.00    9.75   clock reconvergence pessimism
                                  9.75 ^ _717_/CLK (sky130_fd_sc_hd__dfrtp_2)
                          0.25   10.00   library recovery time
                                 10.00   data required time
-----------------------------------------------------------------------------
                                 10.00   data required time
                                 -2.61   data arrival time
-----------------------------------------------------------------------------
                                  7.38   slack (MET)


Startpoint: rst (input port clocked by clk)
Endpoint: _718_ (recovery check against rising-edge clock clk)
Path Group: asynchronous
Path Type: max

Fanout     Cap    Slew   Delay    Time   Description
-----------------------------------------------------------------------------
                  0.15    0.00    0.00   clock clk (rise edge)
                          0.00    0.00   clock network delay (ideal)
                          2.00    2.00 v input external delay
                  0.01    0.00    2.00 v rst (in)
     1    0.00                           rst (net)
                  0.01    0.00    2.00 v _634_/A (sky130_fd_sc_hd__buf_1)
                  0.16    0.19    2.19 v _634_/X (sky130_fd_sc_hd__buf_1)
     9    0.03                           _341_ (net)
                  0.16    0.00    2.19 v _657_/A (sky130_fd_sc_hd__buf_1)
                  0.25    0.32    2.51 v _657_/X (sky130_fd_sc_hd__buf_1)
    10    0.04                           _344_ (net)
                  0.25    0.00    2.51 v _662_/A (sky130_fd_sc_hd__inv_2)
                  0.06    0.10    2.61 ^ _662_/Y (sky130_fd_sc_hd__inv_2)
     1    0.00                           _025_ (net)
                  0.06    0.00    2.61 ^ _718_/RESET_B (sky130_fd_sc_hd__dfrtp_2)
                                  2.61   data arrival time

                  0.15   10.00   10.00   clock clk (rise edge)
                          0.00   10.00   clock network delay (ideal)
                         -0.25    9.75   clock uncertainty
                          0.00    9.75   clock reconvergence pessimism
                                  9.75 ^ _718_/CLK (sky130_fd_sc_hd__dfrtp_2)
                          0.25   10.00   library recovery time
                                 10.00   data required time
-----------------------------------------------------------------------------
                                 10.00   data required time
                                 -2.61   data arrival time
-----------------------------------------------------------------------------
                                  7.38   slack (MET)


Startpoint: rst (input port clocked by clk)
Endpoint: _719_ (recovery check against rising-edge clock clk)
Path Group: asynchronous
Path Type: max

Fanout     Cap    Slew   Delay    Time   Description
-----------------------------------------------------------------------------
                  0.15    0.00    0.00   clock clk (rise edge)
                          0.00    0.00   clock network delay (ideal)
                          2.00    2.00 v input external delay
                  0.01    0.00    2.00 v rst (in)
     1    0.00                           rst (net)
                  0.01    0.00    2.00 v _634_/A (sky130_fd_sc_hd__buf_1)
                  0.16    0.19    2.19 v _634_/X (sky130_fd_sc_hd__buf_1)
     9    0.03                           _341_ (net)
                  0.16    0.00    2.19 v _657_/A (sky130_fd_sc_hd__buf_1)
                  0.25    0.32    2.51 v _657_/X (sky130_fd_sc_hd__buf_1)
    10    0.04                           _344_ (net)
                  0.25    0.00    2.51 v _663_/A (sky130_fd_sc_hd__inv_2)
                  0.06    0.10    2.61 ^ _663_/Y (sky130_fd_sc_hd__inv_2)
     1    0.00                           _026_ (net)
                  0.06    0.00    2.61 ^ _719_/RESET_B (sky130_fd_sc_hd__dfrtp_2)
                                  2.61   data arrival time

                  0.15   10.00   10.00   clock clk (rise edge)
                          0.00   10.00   clock network delay (ideal)
                         -0.25    9.75   clock uncertainty
                          0.00    9.75   clock reconvergence pessimism
                                  9.75 ^ _719_/CLK (sky130_fd_sc_hd__dfrtp_2)
                          0.25   10.00   library recovery time
                                 10.00   data required time
-----------------------------------------------------------------------------
                                 10.00   data required time
                                 -2.61   data arrival time
-----------------------------------------------------------------------------
                                  7.38   slack (MET)


Startpoint: rst (input port clocked by clk)
Endpoint: _720_ (recovery check against rising-edge clock clk)
Path Group: asynchronous
Path Type: max

Fanout     Cap    Slew   Delay    Time   Description
-----------------------------------------------------------------------------
                  0.15    0.00    0.00   clock clk (rise edge)
                          0.00    0.00   clock network delay (ideal)
                          2.00    2.00 v input external delay
                  0.01    0.00    2.00 v rst (in)
     1    0.00                           rst (net)
                  0.01    0.00    2.00 v _634_/A (sky130_fd_sc_hd__buf_1)
                  0.16    0.19    2.19 v _634_/X (sky130_fd_sc_hd__buf_1)
     9    0.03                           _341_ (net)
                  0.16    0.00    2.19 v _657_/A (sky130_fd_sc_hd__buf_1)
                  0.25    0.32    2.51 v _657_/X (sky130_fd_sc_hd__buf_1)
    10    0.04                           _344_ (net)
                  0.25    0.00    2.51 v _664_/A (sky130_fd_sc_hd__inv_2)
                  0.06    0.10    2.61 ^ _664_/Y (sky130_fd_sc_hd__inv_2)
     1    0.00                           _027_ (net)
                  0.06    0.00    2.61 ^ _720_/RESET_B (sky130_fd_sc_hd__dfrtp_2)
                                  2.61   data arrival time

                  0.15   10.00   10.00   clock clk (rise edge)
                          0.00   10.00   clock network delay (ideal)
                         -0.25    9.75   clock uncertainty
                          0.00    9.75   clock reconvergence pessimism
                                  9.75 ^ _720_/CLK (sky130_fd_sc_hd__dfrtp_2)
                          0.25   10.00   library recovery time
                                 10.00   data required time
-----------------------------------------------------------------------------
                                 10.00   data required time
                                 -2.61   data arrival time
-----------------------------------------------------------------------------
                                  7.38   slack (MET)


Startpoint: rst (input port clocked by clk)
Endpoint: _721_ (recovery check against rising-edge clock clk)
Path Group: asynchronous
Path Type: max

Fanout     Cap    Slew   Delay    Time   Description
-----------------------------------------------------------------------------
                  0.15    0.00    0.00   clock clk (rise edge)
                          0.00    0.00   clock network delay (ideal)
                          2.00    2.00 v input external delay
                  0.01    0.00    2.00 v rst (in)
     1    0.00                           rst (net)
                  0.01    0.00    2.00 v _634_/A (sky130_fd_sc_hd__buf_1)
                  0.16    0.19    2.19 v _634_/X (sky130_fd_sc_hd__buf_1)
     9    0.03                           _341_ (net)
                  0.16    0.00    2.19 v _657_/A (sky130_fd_sc_hd__buf_1)
                  0.25    0.32    2.51 v _657_/X (sky130_fd_sc_hd__buf_1)
    10    0.04                           _344_ (net)
                  0.25    0.00    2.51 v _665_/A (sky130_fd_sc_hd__inv_2)
                  0.06    0.10    2.61 ^ _665_/Y (sky130_fd_sc_hd__inv_2)
     1    0.00                           _028_ (net)
                  0.06    0.00    2.61 ^ _721_/RESET_B (sky130_fd_sc_hd__dfrtp_2)
                                  2.61   data arrival time

                  0.15   10.00   10.00   clock clk (rise edge)
                          0.00   10.00   clock network delay (ideal)
                         -0.25    9.75   clock uncertainty
                          0.00    9.75   clock reconvergence pessimism
                                  9.75 ^ _721_/CLK (sky130_fd_sc_hd__dfrtp_2)
                          0.25   10.00   library recovery time
                                 10.00   data required time
-----------------------------------------------------------------------------
                                 10.00   data required time
                                 -2.61   data arrival time
-----------------------------------------------------------------------------
                                  7.38   slack (MET)


Startpoint: rst (input port clocked by clk)
Endpoint: _722_ (recovery check against rising-edge clock clk)
Path Group: asynchronous
Path Type: max

Fanout     Cap    Slew   Delay    Time   Description
-----------------------------------------------------------------------------
                  0.15    0.00    0.00   clock clk (rise edge)
                          0.00    0.00   clock network delay (ideal)
                          2.00    2.00 v input external delay
                  0.01    0.00    2.00 v rst (in)
     1    0.00                           rst (net)
                  0.01    0.00    2.00 v _634_/A (sky130_fd_sc_hd__buf_1)
                  0.16    0.19    2.19 v _634_/X (sky130_fd_sc_hd__buf_1)
     9    0.03                           _341_ (net)
                  0.16    0.00    2.19 v _657_/A (sky130_fd_sc_hd__buf_1)
                  0.25    0.32    2.51 v _657_/X (sky130_fd_sc_hd__buf_1)
    10    0.04                           _344_ (net)
                  0.25    0.00    2.51 v _666_/A (sky130_fd_sc_hd__inv_2)
                  0.06    0.10    2.61 ^ _666_/Y (sky130_fd_sc_hd__inv_2)
     1    0.00                           _029_ (net)
                  0.06    0.00    2.61 ^ _722_/RESET_B (sky130_fd_sc_hd__dfrtp_2)
                                  2.61   data arrival time

                  0.15   10.00   10.00   clock clk (rise edge)
                          0.00   10.00   clock network delay (ideal)
                         -0.25    9.75   clock uncertainty
                          0.00    9.75   clock reconvergence pessimism
                                  9.75 ^ _722_/CLK (sky130_fd_sc_hd__dfrtp_2)
                          0.25   10.00   library recovery time
                                 10.00   data required time
-----------------------------------------------------------------------------
                                 10.00   data required time
                                 -2.61   data arrival time
-----------------------------------------------------------------------------
                                  7.38   slack (MET)


Startpoint: rst (input port clocked by clk)
Endpoint: _723_ (recovery check against rising-edge clock clk)
Path Group: asynchronous
Path Type: max

Fanout     Cap    Slew   Delay    Time   Description
-----------------------------------------------------------------------------
                  0.15    0.00    0.00   clock clk (rise edge)
                          0.00    0.00   clock network delay (ideal)
                          2.00    2.00 v input external delay
                  0.01    0.00    2.00 v rst (in)
     1    0.00                           rst (net)
                  0.01    0.00    2.00 v _634_/A (sky130_fd_sc_hd__buf_1)
                  0.16    0.19    2.19 v _634_/X (sky130_fd_sc_hd__buf_1)
     9    0.03                           _341_ (net)
                  0.16    0.00    2.19 v _657_/A (sky130_fd_sc_hd__buf_1)
                  0.25    0.32    2.51 v _657_/X (sky130_fd_sc_hd__buf_1)
    10    0.04                           _344_ (net)
                  0.25    0.00    2.51 v _667_/A (sky130_fd_sc_hd__inv_2)
                  0.06    0.10    2.61 ^ _667_/Y (sky130_fd_sc_hd__inv_2)
     1    0.00                           _030_ (net)
                  0.06    0.00    2.61 ^ _723_/RESET_B (sky130_fd_sc_hd__dfrtp_2)
                                  2.61   data arrival time

                  0.15   10.00   10.00   clock clk (rise edge)
                          0.00   10.00   clock network delay (ideal)
                         -0.25    9.75   clock uncertainty
                          0.00    9.75   clock reconvergence pessimism
                                  9.75 ^ _723_/CLK (sky130_fd_sc_hd__dfrtp_2)
                          0.25   10.00   library recovery time
                                 10.00   data required time
-----------------------------------------------------------------------------
                                 10.00   data required time
                                 -2.61   data arrival time
-----------------------------------------------------------------------------
                                  7.38   slack (MET)


Startpoint: rst (input port clocked by clk)
Endpoint: _724_ (recovery check against rising-edge clock clk)
Path Group: asynchronous
Path Type: max

Fanout     Cap    Slew   Delay    Time   Description
-----------------------------------------------------------------------------
                  0.15    0.00    0.00   clock clk (rise edge)
                          0.00    0.00   clock network delay (ideal)
                          2.00    2.00 v input external delay
                  0.01    0.00    2.00 v rst (in)
     1    0.00                           rst (net)
                  0.01    0.00    2.00 v _634_/A (sky130_fd_sc_hd__buf_1)
                  0.16    0.19    2.19 v _634_/X (sky130_fd_sc_hd__buf_1)
     9    0.03                           _341_ (net)
                  0.16    0.00    2.19 v _668_/A (sky130_fd_sc_hd__buf_1)
                  0.25    0.32    2.51 v _668_/X (sky130_fd_sc_hd__buf_1)
    10    0.04                           _345_ (net)
                  0.25    0.00    2.51 v _669_/A (sky130_fd_sc_hd__inv_2)
                  0.06    0.10    2.61 ^ _669_/Y (sky130_fd_sc_hd__inv_2)
     1    0.00                           _031_ (net)
                  0.06    0.00    2.61 ^ _724_/RESET_B (sky130_fd_sc_hd__dfrtp_2)
                                  2.61   data arrival time

                  0.15   10.00   10.00   clock clk (rise edge)
                          0.00   10.00   clock network delay (ideal)
                         -0.25    9.75   clock uncertainty
                          0.00    9.75   clock reconvergence pessimism
                                  9.75 ^ _724_/CLK (sky130_fd_sc_hd__dfrtp_2)
                          0.25   10.00   library recovery time
                                 10.00   data required time
-----------------------------------------------------------------------------
                                 10.00   data required time
                                 -2.61   data arrival time
-----------------------------------------------------------------------------
                                  7.38   slack (MET)


Startpoint: rst (input port clocked by clk)
Endpoint: _725_ (recovery check against rising-edge clock clk)
Path Group: asynchronous
Path Type: max

Fanout     Cap    Slew   Delay    Time   Description
-----------------------------------------------------------------------------
                  0.15    0.00    0.00   clock clk (rise edge)
                          0.00    0.00   clock network delay (ideal)
                          2.00    2.00 v input external delay
                  0.01    0.00    2.00 v rst (in)
     1    0.00                           rst (net)
                  0.01    0.00    2.00 v _634_/A (sky130_fd_sc_hd__buf_1)
                  0.16    0.19    2.19 v _634_/X (sky130_fd_sc_hd__buf_1)
     9    0.03                           _341_ (net)
                  0.16    0.00    2.19 v _668_/A (sky130_fd_sc_hd__buf_1)
                  0.25    0.32    2.51 v _668_/X (sky130_fd_sc_hd__buf_1)
    10    0.04                           _345_ (net)
                  0.25    0.00    2.51 v _670_/A (sky130_fd_sc_hd__inv_2)
                  0.06    0.10    2.61 ^ _670_/Y (sky130_fd_sc_hd__inv_2)
     1    0.00                           _032_ (net)
                  0.06    0.00    2.61 ^ _725_/RESET_B (sky130_fd_sc_hd__dfrtp_2)
                                  2.61   data arrival time

                  0.15   10.00   10.00   clock clk (rise edge)
                          0.00   10.00   clock network delay (ideal)
                         -0.25    9.75   clock uncertainty
                          0.00    9.75   clock reconvergence pessimism
                                  9.75 ^ _725_/CLK (sky130_fd_sc_hd__dfrtp_2)
                          0.25   10.00   library recovery time
                                 10.00   data required time
-----------------------------------------------------------------------------
                                 10.00   data required time
                                 -2.61   data arrival time
-----------------------------------------------------------------------------
                                  7.38   slack (MET)


Startpoint: rst (input port clocked by clk)
Endpoint: _726_ (recovery check against rising-edge clock clk)
Path Group: asynchronous
Path Type: max

Fanout     Cap    Slew   Delay    Time   Description
-----------------------------------------------------------------------------
                  0.15    0.00    0.00   clock clk (rise edge)
                          0.00    0.00   clock network delay (ideal)
                          2.00    2.00 v input external delay
                  0.01    0.00    2.00 v rst (in)
     1    0.00                           rst (net)
                  0.01    0.00    2.00 v _634_/A (sky130_fd_sc_hd__buf_1)
                  0.16    0.19    2.19 v _634_/X (sky130_fd_sc_hd__buf_1)
     9    0.03                           _341_ (net)
                  0.16    0.00    2.19 v _668_/A (sky130_fd_sc_hd__buf_1)
                  0.25    0.32    2.51 v _668_/X (sky130_fd_sc_hd__buf_1)
    10    0.04                           _345_ (net)
                  0.25    0.00    2.51 v _671_/A (sky130_fd_sc_hd__inv_2)
                  0.06    0.10    2.61 ^ _671_/Y (sky130_fd_sc_hd__inv_2)
     1    0.00                           _033_ (net)
                  0.06    0.00    2.61 ^ _726_/RESET_B (sky130_fd_sc_hd__dfrtp_2)
                                  2.61   data arrival time

                  0.15   10.00   10.00   clock clk (rise edge)
                          0.00   10.00   clock network delay (ideal)
                         -0.25    9.75   clock uncertainty
                          0.00    9.75   clock reconvergence pessimism
                                  9.75 ^ _726_/CLK (sky130_fd_sc_hd__dfrtp_2)
                          0.25   10.00   library recovery time
                                 10.00   data required time
-----------------------------------------------------------------------------
                                 10.00   data required time
                                 -2.61   data arrival time
-----------------------------------------------------------------------------
                                  7.38   slack (MET)


Startpoint: rst (input port clocked by clk)
Endpoint: _727_ (recovery check against rising-edge clock clk)
Path Group: asynchronous
Path Type: max

Fanout     Cap    Slew   Delay    Time   Description
-----------------------------------------------------------------------------
                  0.15    0.00    0.00   clock clk (rise edge)
                          0.00    0.00   clock network delay (ideal)
                          2.00    2.00 v input external delay
                  0.01    0.00    2.00 v rst (in)
     1    0.00                           rst (net)
                  0.01    0.00    2.00 v _634_/A (sky130_fd_sc_hd__buf_1)
                  0.16    0.19    2.19 v _634_/X (sky130_fd_sc_hd__buf_1)
     9    0.03                           _341_ (net)
                  0.16    0.00    2.19 v _668_/A (sky130_fd_sc_hd__buf_1)
                  0.25    0.32    2.51 v _668_/X (sky130_fd_sc_hd__buf_1)
    10    0.04                           _345_ (net)
                  0.25    0.00    2.51 v _672_/A (sky130_fd_sc_hd__inv_2)
                  0.06    0.10    2.61 ^ _672_/Y (sky130_fd_sc_hd__inv_2)
     1    0.00                           _034_ (net)
                  0.06    0.00    2.61 ^ _727_/RESET_B (sky130_fd_sc_hd__dfrtp_2)
                                  2.61   data arrival time

                  0.15   10.00   10.00   clock clk (rise edge)
                          0.00   10.00   clock network delay (ideal)
                         -0.25    9.75   clock uncertainty
                          0.00    9.75   clock reconvergence pessimism
                                  9.75 ^ _727_/CLK (sky130_fd_sc_hd__dfrtp_2)
                          0.25   10.00   library recovery time
                                 10.00   data required time
-----------------------------------------------------------------------------
                                 10.00   data required time
                                 -2.61   data arrival time
-----------------------------------------------------------------------------
                                  7.38   slack (MET)


Startpoint: rst (input port clocked by clk)
Endpoint: _728_ (recovery check against rising-edge clock clk)
Path Group: asynchronous
Path Type: max

Fanout     Cap    Slew   Delay    Time   Description
-----------------------------------------------------------------------------
                  0.15    0.00    0.00   clock clk (rise edge)
                          0.00    0.00   clock network delay (ideal)
                          2.00    2.00 v input external delay
                  0.01    0.00    2.00 v rst (in)
     1    0.00                           rst (net)
                  0.01    0.00    2.00 v _634_/A (sky130_fd_sc_hd__buf_1)
                  0.16    0.19    2.19 v _634_/X (sky130_fd_sc_hd__buf_1)
     9    0.03                           _341_ (net)
                  0.16    0.00    2.19 v _668_/A (sky130_fd_sc_hd__buf_1)
                  0.25    0.32    2.51 v _668_/X (sky130_fd_sc_hd__buf_1)
    10    0.04                           _345_ (net)
                  0.25    0.00    2.51 v _673_/A (sky130_fd_sc_hd__inv_2)
                  0.06    0.10    2.61 ^ _673_/Y (sky130_fd_sc_hd__inv_2)
     1    0.00                           _035_ (net)
                  0.06    0.00    2.61 ^ _728_/RESET_B (sky130_fd_sc_hd__dfrtp_2)
                                  2.61   data arrival time

                  0.15   10.00   10.00   clock clk (rise edge)
                          0.00   10.00   clock network delay (ideal)
                         -0.25    9.75   clock uncertainty
                          0.00    9.75   clock reconvergence pessimism
                                  9.75 ^ _728_/CLK (sky130_fd_sc_hd__dfrtp_2)
                          0.25   10.00   library recovery time
                                 10.00   data required time
-----------------------------------------------------------------------------
                                 10.00   data required time
                                 -2.61   data arrival time
-----------------------------------------------------------------------------
                                  7.38   slack (MET)


Startpoint: rst (input port clocked by clk)
Endpoint: _729_ (recovery check against rising-edge clock clk)
Path Group: asynchronous
Path Type: max

Fanout     Cap    Slew   Delay    Time   Description
-----------------------------------------------------------------------------
                  0.15    0.00    0.00   clock clk (rise edge)
                          0.00    0.00   clock network delay (ideal)
                          2.00    2.00 v input external delay
                  0.01    0.00    2.00 v rst (in)
     1    0.00                           rst (net)
                  0.01    0.00    2.00 v _634_/A (sky130_fd_sc_hd__buf_1)
                  0.16    0.19    2.19 v _634_/X (sky130_fd_sc_hd__buf_1)
     9    0.03                           _341_ (net)
                  0.16    0.00    2.19 v _668_/A (sky130_fd_sc_hd__buf_1)
                  0.25    0.32    2.51 v _668_/X (sky130_fd_sc_hd__buf_1)
    10    0.04                           _345_ (net)
                  0.25    0.00    2.51 v _674_/A (sky130_fd_sc_hd__inv_2)
                  0.06    0.10    2.61 ^ _674_/Y (sky130_fd_sc_hd__inv_2)
     1    0.00                           _036_ (net)
                  0.06    0.00    2.61 ^ _729_/RESET_B (sky130_fd_sc_hd__dfrtp_2)
                                  2.61   data arrival time

                  0.15   10.00   10.00   clock clk (rise edge)
                          0.00   10.00   clock network delay (ideal)
                         -0.25    9.75   clock uncertainty
                          0.00    9.75   clock reconvergence pessimism
                                  9.75 ^ _729_/CLK (sky130_fd_sc_hd__dfrtp_2)
                          0.25   10.00   library recovery time
                                 10.00   data required time
-----------------------------------------------------------------------------
                                 10.00   data required time
                                 -2.61   data arrival time
-----------------------------------------------------------------------------
                                  7.38   slack (MET)


Startpoint: rst (input port clocked by clk)
Endpoint: _730_ (recovery check against rising-edge clock clk)
Path Group: asynchronous
Path Type: max

Fanout     Cap    Slew   Delay    Time   Description
-----------------------------------------------------------------------------
                  0.15    0.00    0.00   clock clk (rise edge)
                          0.00    0.00   clock network delay (ideal)
                          2.00    2.00 v input external delay
                  0.01    0.00    2.00 v rst (in)
     1    0.00                           rst (net)
                  0.01    0.00    2.00 v _634_/A (sky130_fd_sc_hd__buf_1)
                  0.16    0.19    2.19 v _634_/X (sky130_fd_sc_hd__buf_1)
     9    0.03                           _341_ (net)
                  0.16    0.00    2.19 v _668_/A (sky130_fd_sc_hd__buf_1)
                  0.25    0.32    2.51 v _668_/X (sky130_fd_sc_hd__buf_1)
    10    0.04                           _345_ (net)
                  0.25    0.00    2.51 v _675_/A (sky130_fd_sc_hd__inv_2)
                  0.06    0.10    2.61 ^ _675_/Y (sky130_fd_sc_hd__inv_2)
     1    0.00                           _037_ (net)
                  0.06    0.00    2.61 ^ _730_/RESET_B (sky130_fd_sc_hd__dfrtp_2)
                                  2.61   data arrival time

                  0.15   10.00   10.00   clock clk (rise edge)
                          0.00   10.00   clock network delay (ideal)
                         -0.25    9.75   clock uncertainty
                          0.00    9.75   clock reconvergence pessimism
                                  9.75 ^ _730_/CLK (sky130_fd_sc_hd__dfrtp_2)
                          0.25   10.00   library recovery time
                                 10.00   data required time
-----------------------------------------------------------------------------
                                 10.00   data required time
                                 -2.61   data arrival time
-----------------------------------------------------------------------------
                                  7.38   slack (MET)


Startpoint: rst (input port clocked by clk)
Endpoint: _731_ (recovery check against rising-edge clock clk)
Path Group: asynchronous
Path Type: max

Fanout     Cap    Slew   Delay    Time   Description
-----------------------------------------------------------------------------
                  0.15    0.00    0.00   clock clk (rise edge)
                          0.00    0.00   clock network delay (ideal)
                          2.00    2.00 v input external delay
                  0.01    0.00    2.00 v rst (in)
     1    0.00                           rst (net)
                  0.01    0.00    2.00 v _634_/A (sky130_fd_sc_hd__buf_1)
                  0.16    0.19    2.19 v _634_/X (sky130_fd_sc_hd__buf_1)
     9    0.03                           _341_ (net)
                  0.16    0.00    2.19 v _668_/A (sky130_fd_sc_hd__buf_1)
                  0.25    0.32    2.51 v _668_/X (sky130_fd_sc_hd__buf_1)
    10    0.04                           _345_ (net)
                  0.25    0.00    2.51 v _676_/A (sky130_fd_sc_hd__inv_2)
                  0.06    0.10    2.61 ^ _676_/Y (sky130_fd_sc_hd__inv_2)
     1    0.00                           _038_ (net)
                  0.06    0.00    2.61 ^ _731_/RESET_B (sky130_fd_sc_hd__dfrtp_2)
                                  2.61   data arrival time

                  0.15   10.00   10.00   clock clk (rise edge)
                          0.00   10.00   clock network delay (ideal)
                         -0.25    9.75   clock uncertainty
                          0.00    9.75   clock reconvergence pessimism
                                  9.75 ^ _731_/CLK (sky130_fd_sc_hd__dfrtp_2)
                          0.25   10.00   library recovery time
                                 10.00   data required time
-----------------------------------------------------------------------------
                                 10.00   data required time
                                 -2.61   data arrival time
-----------------------------------------------------------------------------
                                  7.38   slack (MET)


Startpoint: rst (input port clocked by clk)
Endpoint: _732_ (recovery check against rising-edge clock clk)
Path Group: asynchronous
Path Type: max

Fanout     Cap    Slew   Delay    Time   Description
-----------------------------------------------------------------------------
                  0.15    0.00    0.00   clock clk (rise edge)
                          0.00    0.00   clock network delay (ideal)
                          2.00    2.00 v input external delay
                  0.01    0.00    2.00 v rst (in)
     1    0.00                           rst (net)
                  0.01    0.00    2.00 v _634_/A (sky130_fd_sc_hd__buf_1)
                  0.16    0.19    2.19 v _634_/X (sky130_fd_sc_hd__buf_1)
     9    0.03                           _341_ (net)
                  0.16    0.00    2.19 v _668_/A (sky130_fd_sc_hd__buf_1)
                  0.25    0.32    2.51 v _668_/X (sky130_fd_sc_hd__buf_1)
    10    0.04                           _345_ (net)
                  0.25    0.00    2.51 v _677_/A (sky130_fd_sc_hd__inv_2)
                  0.06    0.10    2.61 ^ _677_/Y (sky130_fd_sc_hd__inv_2)
     1    0.00                           _039_ (net)
                  0.06    0.00    2.61 ^ _732_/RESET_B (sky130_fd_sc_hd__dfrtp_2)
                                  2.61   data arrival time

                  0.15   10.00   10.00   clock clk (rise edge)
                          0.00   10.00   clock network delay (ideal)
                         -0.25    9.75   clock uncertainty
                          0.00    9.75   clock reconvergence pessimism
                                  9.75 ^ _732_/CLK (sky130_fd_sc_hd__dfrtp_2)
                          0.25   10.00   library recovery time
                                 10.00   data required time
-----------------------------------------------------------------------------
                                 10.00   data required time
                                 -2.61   data arrival time
-----------------------------------------------------------------------------
                                  7.38   slack (MET)


Startpoint: rst (input port clocked by clk)
Endpoint: _733_ (recovery check against rising-edge clock clk)
Path Group: asynchronous
Path Type: max

Fanout     Cap    Slew   Delay    Time   Description
-----------------------------------------------------------------------------
                  0.15    0.00    0.00   clock clk (rise edge)
                          0.00    0.00   clock network delay (ideal)
                          2.00    2.00 v input external delay
                  0.01    0.00    2.00 v rst (in)
     1    0.00                           rst (net)
                  0.01    0.00    2.00 v _634_/A (sky130_fd_sc_hd__buf_1)
                  0.16    0.19    2.19 v _634_/X (sky130_fd_sc_hd__buf_1)
     9    0.03                           _341_ (net)
                  0.16    0.00    2.19 v _668_/A (sky130_fd_sc_hd__buf_1)
                  0.25    0.32    2.51 v _668_/X (sky130_fd_sc_hd__buf_1)
    10    0.04                           _345_ (net)
                  0.25    0.00    2.51 v _678_/A (sky130_fd_sc_hd__inv_2)
                  0.06    0.10    2.61 ^ _678_/Y (sky130_fd_sc_hd__inv_2)
     1    0.00                           _040_ (net)
                  0.06    0.00    2.61 ^ _733_/RESET_B (sky130_fd_sc_hd__dfrtp_2)
                                  2.61   data arrival time

                  0.15   10.00   10.00   clock clk (rise edge)
                          0.00   10.00   clock network delay (ideal)
                         -0.25    9.75   clock uncertainty
                          0.00    9.75   clock reconvergence pessimism
                                  9.75 ^ _733_/CLK (sky130_fd_sc_hd__dfrtp_2)
                          0.25   10.00   library recovery time
                                 10.00   data required time
-----------------------------------------------------------------------------
                                 10.00   data required time
                                 -2.61   data arrival time
-----------------------------------------------------------------------------
                                  7.38   slack (MET)


Startpoint: rst (input port clocked by clk)
Endpoint: _734_ (recovery check against rising-edge clock clk)
Path Group: asynchronous
Path Type: max

Fanout     Cap    Slew   Delay    Time   Description
-----------------------------------------------------------------------------
                  0.15    0.00    0.00   clock clk (rise edge)
                          0.00    0.00   clock network delay (ideal)
                          2.00    2.00 v input external delay
                  0.01    0.00    2.00 v rst (in)
     1    0.00                           rst (net)
                  0.01    0.00    2.00 v _634_/A (sky130_fd_sc_hd__buf_1)
                  0.16    0.19    2.19 v _634_/X (sky130_fd_sc_hd__buf_1)
     9    0.03                           _341_ (net)
                  0.16    0.00    2.19 v _679_/A (sky130_fd_sc_hd__buf_1)
                  0.25    0.32    2.51 v _679_/X (sky130_fd_sc_hd__buf_1)
    10    0.04                           _346_ (net)
                  0.25    0.00    2.51 v _680_/A (sky130_fd_sc_hd__inv_2)
                  0.06    0.10    2.61 ^ _680_/Y (sky130_fd_sc_hd__inv_2)
     1    0.00                           _041_ (net)
                  0.06    0.00    2.61 ^ _734_/RESET_B (sky130_fd_sc_hd__dfrtp_2)
                                  2.61   data arrival time

                  0.15   10.00   10.00   clock clk (rise edge)
                          0.00   10.00   clock network delay (ideal)
                         -0.25    9.75   clock uncertainty
                          0.00    9.75   clock reconvergence pessimism
                                  9.75 ^ _734_/CLK (sky130_fd_sc_hd__dfrtp_2)
                          0.25   10.00   library recovery time
                                 10.00   data required time
-----------------------------------------------------------------------------
                                 10.00   data required time
                                 -2.61   data arrival time
-----------------------------------------------------------------------------
                                  7.38   slack (MET)


Startpoint: rst (input port clocked by clk)
Endpoint: _735_ (recovery check against rising-edge clock clk)
Path Group: asynchronous
Path Type: max

Fanout     Cap    Slew   Delay    Time   Description
-----------------------------------------------------------------------------
                  0.15    0.00    0.00   clock clk (rise edge)
                          0.00    0.00   clock network delay (ideal)
                          2.00    2.00 v input external delay
                  0.01    0.00    2.00 v rst (in)
     1    0.00                           rst (net)
                  0.01    0.00    2.00 v _634_/A (sky130_fd_sc_hd__buf_1)
                  0.16    0.19    2.19 v _634_/X (sky130_fd_sc_hd__buf_1)
     9    0.03                           _341_ (net)
                  0.16    0.00    2.19 v _679_/A (sky130_fd_sc_hd__buf_1)
                  0.25    0.32    2.51 v _679_/X (sky130_fd_sc_hd__buf_1)
    10    0.04                           _346_ (net)
                  0.25    0.00    2.51 v _681_/A (sky130_fd_sc_hd__inv_2)
                  0.06    0.10    2.61 ^ _681_/Y (sky130_fd_sc_hd__inv_2)
     1    0.00                           _042_ (net)
                  0.06    0.00    2.61 ^ _735_/RESET_B (sky130_fd_sc_hd__dfrtp_2)
                                  2.61   data arrival time

                  0.15   10.00   10.00   clock clk (rise edge)
                          0.00   10.00   clock network delay (ideal)
                         -0.25    9.75   clock uncertainty
                          0.00    9.75   clock reconvergence pessimism
                                  9.75 ^ _735_/CLK (sky130_fd_sc_hd__dfrtp_2)
                          0.25   10.00   library recovery time
                                 10.00   data required time
-----------------------------------------------------------------------------
                                 10.00   data required time
                                 -2.61   data arrival time
-----------------------------------------------------------------------------
                                  7.38   slack (MET)


Startpoint: rst (input port clocked by clk)
Endpoint: _736_ (recovery check against rising-edge clock clk)
Path Group: asynchronous
Path Type: max

Fanout     Cap    Slew   Delay    Time   Description
-----------------------------------------------------------------------------
                  0.15    0.00    0.00   clock clk (rise edge)
                          0.00    0.00   clock network delay (ideal)
                          2.00    2.00 v input external delay
                  0.01    0.00    2.00 v rst (in)
     1    0.00                           rst (net)
                  0.01    0.00    2.00 v _634_/A (sky130_fd_sc_hd__buf_1)
                  0.16    0.19    2.19 v _634_/X (sky130_fd_sc_hd__buf_1)
     9    0.03                           _341_ (net)
                  0.16    0.00    2.19 v _679_/A (sky130_fd_sc_hd__buf_1)
                  0.25    0.32    2.51 v _679_/X (sky130_fd_sc_hd__buf_1)
    10    0.04                           _346_ (net)
                  0.25    0.00    2.51 v _682_/A (sky130_fd_sc_hd__inv_2)
                  0.06    0.10    2.61 ^ _682_/Y (sky130_fd_sc_hd__inv_2)
     1    0.00                           _043_ (net)
                  0.06    0.00    2.61 ^ _736_/RESET_B (sky130_fd_sc_hd__dfrtp_2)
                                  2.61   data arrival time

                  0.15   10.00   10.00   clock clk (rise edge)
                          0.00   10.00   clock network delay (ideal)
                         -0.25    9.75   clock uncertainty
                          0.00    9.75   clock reconvergence pessimism
                                  9.75 ^ _736_/CLK (sky130_fd_sc_hd__dfrtp_2)
                          0.25   10.00   library recovery time
                                 10.00   data required time
-----------------------------------------------------------------------------
                                 10.00   data required time
                                 -2.61   data arrival time
-----------------------------------------------------------------------------
                                  7.38   slack (MET)


Startpoint: rst (input port clocked by clk)
Endpoint: _737_ (recovery check against rising-edge clock clk)
Path Group: asynchronous
Path Type: max

Fanout     Cap    Slew   Delay    Time   Description
-----------------------------------------------------------------------------
                  0.15    0.00    0.00   clock clk (rise edge)
                          0.00    0.00   clock network delay (ideal)
                          2.00    2.00 v input external delay
                  0.01    0.00    2.00 v rst (in)
     1    0.00                           rst (net)
                  0.01    0.00    2.00 v _634_/A (sky130_fd_sc_hd__buf_1)
                  0.16    0.19    2.19 v _634_/X (sky130_fd_sc_hd__buf_1)
     9    0.03                           _341_ (net)
                  0.16    0.00    2.19 v _679_/A (sky130_fd_sc_hd__buf_1)
                  0.25    0.32    2.51 v _679_/X (sky130_fd_sc_hd__buf_1)
    10    0.04                           _346_ (net)
                  0.25    0.00    2.51 v _683_/A (sky130_fd_sc_hd__inv_2)
                  0.06    0.10    2.61 ^ _683_/Y (sky130_fd_sc_hd__inv_2)
     1    0.00                           _044_ (net)
                  0.06    0.00    2.61 ^ _737_/RESET_B (sky130_fd_sc_hd__dfrtp_2)
                                  2.61   data arrival time

                  0.15   10.00   10.00   clock clk (rise edge)
                          0.00   10.00   clock network delay (ideal)
                         -0.25    9.75   clock uncertainty
                          0.00    9.75   clock reconvergence pessimism
                                  9.75 ^ _737_/CLK (sky130_fd_sc_hd__dfrtp_2)
                          0.25   10.00   library recovery time
                                 10.00   data required time
-----------------------------------------------------------------------------
                                 10.00   data required time
                                 -2.61   data arrival time
-----------------------------------------------------------------------------
                                  7.38   slack (MET)


Startpoint: rst (input port clocked by clk)
Endpoint: _738_ (recovery check against rising-edge clock clk)
Path Group: asynchronous
Path Type: max

Fanout     Cap    Slew   Delay    Time   Description
-----------------------------------------------------------------------------
                  0.15    0.00    0.00   clock clk (rise edge)
                          0.00    0.00   clock network delay (ideal)
                          2.00    2.00 v input external delay
                  0.01    0.00    2.00 v rst (in)
     1    0.00                           rst (net)
                  0.01    0.00    2.00 v _634_/A (sky130_fd_sc_hd__buf_1)
                  0.16    0.19    2.19 v _634_/X (sky130_fd_sc_hd__buf_1)
     9    0.03                           _341_ (net)
                  0.16    0.00    2.19 v _679_/A (sky130_fd_sc_hd__buf_1)
                  0.25    0.32    2.51 v _679_/X (sky130_fd_sc_hd__buf_1)
    10    0.04                           _346_ (net)
                  0.25    0.00    2.51 v _684_/A (sky130_fd_sc_hd__inv_2)
                  0.06    0.10    2.61 ^ _684_/Y (sky130_fd_sc_hd__inv_2)
     1    0.00                           _045_ (net)
                  0.06    0.00    2.61 ^ _738_/RESET_B (sky130_fd_sc_hd__dfrtp_2)
                                  2.61   data arrival time

                  0.15   10.00   10.00   clock clk (rise edge)
                          0.00   10.00   clock network delay (ideal)
                         -0.25    9.75   clock uncertainty
                          0.00    9.75   clock reconvergence pessimism
                                  9.75 ^ _738_/CLK (sky130_fd_sc_hd__dfrtp_2)
                          0.25   10.00   library recovery time
                                 10.00   data required time
-----------------------------------------------------------------------------
                                 10.00   data required time
                                 -2.61   data arrival time
-----------------------------------------------------------------------------
                                  7.38   slack (MET)


Startpoint: rst (input port clocked by clk)
Endpoint: _739_ (recovery check against rising-edge clock clk)
Path Group: asynchronous
Path Type: max

Fanout     Cap    Slew   Delay    Time   Description
-----------------------------------------------------------------------------
                  0.15    0.00    0.00   clock clk (rise edge)
                          0.00    0.00   clock network delay (ideal)
                          2.00    2.00 v input external delay
                  0.01    0.00    2.00 v rst (in)
     1    0.00                           rst (net)
                  0.01    0.00    2.00 v _634_/A (sky130_fd_sc_hd__buf_1)
                  0.16    0.19    2.19 v _634_/X (sky130_fd_sc_hd__buf_1)
     9    0.03                           _341_ (net)
                  0.16    0.00    2.19 v _679_/A (sky130_fd_sc_hd__buf_1)
                  0.25    0.32    2.51 v _679_/X (sky130_fd_sc_hd__buf_1)
    10    0.04                           _346_ (net)
                  0.25    0.00    2.51 v _685_/A (sky130_fd_sc_hd__inv_2)
                  0.06    0.10    2.61 ^ _685_/Y (sky130_fd_sc_hd__inv_2)
     1    0.00                           _046_ (net)
                  0.06    0.00    2.61 ^ _739_/RESET_B (sky130_fd_sc_hd__dfrtp_2)
                                  2.61   data arrival time

                  0.15   10.00   10.00   clock clk (rise edge)
                          0.00   10.00   clock network delay (ideal)
                         -0.25    9.75   clock uncertainty
                          0.00    9.75   clock reconvergence pessimism
                                  9.75 ^ _739_/CLK (sky130_fd_sc_hd__dfrtp_2)
                          0.25   10.00   library recovery time
                                 10.00   data required time
-----------------------------------------------------------------------------
                                 10.00   data required time
                                 -2.61   data arrival time
-----------------------------------------------------------------------------
                                  7.38   slack (MET)


Startpoint: rst (input port clocked by clk)
Endpoint: _740_ (recovery check against rising-edge clock clk)
Path Group: asynchronous
Path Type: max

Fanout     Cap    Slew   Delay    Time   Description
-----------------------------------------------------------------------------
                  0.15    0.00    0.00   clock clk (rise edge)
                          0.00    0.00   clock network delay (ideal)
                          2.00    2.00 v input external delay
                  0.01    0.00    2.00 v rst (in)
     1    0.00                           rst (net)
                  0.01    0.00    2.00 v _634_/A (sky130_fd_sc_hd__buf_1)
                  0.16    0.19    2.19 v _634_/X (sky130_fd_sc_hd__buf_1)
     9    0.03                           _341_ (net)
                  0.16    0.00    2.19 v _679_/A (sky130_fd_sc_hd__buf_1)
                  0.25    0.32    2.51 v _679_/X (sky130_fd_sc_hd__buf_1)
    10    0.04                           _346_ (net)
                  0.25    0.00    2.51 v _686_/A (sky130_fd_sc_hd__inv_2)
                  0.06    0.10    2.61 ^ _686_/Y (sky130_fd_sc_hd__inv_2)
     1    0.00                           _047_ (net)
                  0.06    0.00    2.61 ^ _740_/RESET_B (sky130_fd_sc_hd__dfrtp_2)
                                  2.61   data arrival time

                  0.15   10.00   10.00   clock clk (rise edge)
                          0.00   10.00   clock network delay (ideal)
                         -0.25    9.75   clock uncertainty
                          0.00    9.75   clock reconvergence pessimism
                                  9.75 ^ _740_/CLK (sky130_fd_sc_hd__dfrtp_2)
                          0.25   10.00   library recovery time
                                 10.00   data required time
-----------------------------------------------------------------------------
                                 10.00   data required time
                                 -2.61   data arrival time
-----------------------------------------------------------------------------
                                  7.38   slack (MET)


Startpoint: rst (input port clocked by clk)
Endpoint: _741_ (recovery check against rising-edge clock clk)
Path Group: asynchronous
Path Type: max

Fanout     Cap    Slew   Delay    Time   Description
-----------------------------------------------------------------------------
                  0.15    0.00    0.00   clock clk (rise edge)
                          0.00    0.00   clock network delay (ideal)
                          2.00    2.00 v input external delay
                  0.01    0.00    2.00 v rst (in)
     1    0.00                           rst (net)
                  0.01    0.00    2.00 v _634_/A (sky130_fd_sc_hd__buf_1)
                  0.16    0.19    2.19 v _634_/X (sky130_fd_sc_hd__buf_1)
     9    0.03                           _341_ (net)
                  0.16    0.00    2.19 v _679_/A (sky130_fd_sc_hd__buf_1)
                  0.25    0.32    2.51 v _679_/X (sky130_fd_sc_hd__buf_1)
    10    0.04                           _346_ (net)
                  0.25    0.00    2.51 v _687_/A (sky130_fd_sc_hd__inv_2)
                  0.06    0.10    2.61 ^ _687_/Y (sky130_fd_sc_hd__inv_2)
     1    0.00                           _048_ (net)
                  0.06    0.00    2.61 ^ _741_/RESET_B (sky130_fd_sc_hd__dfrtp_2)
                                  2.61   data arrival time

                  0.15   10.00   10.00   clock clk (rise edge)
                          0.00   10.00   clock network delay (ideal)
                         -0.25    9.75   clock uncertainty
                          0.00    9.75   clock reconvergence pessimism
                                  9.75 ^ _741_/CLK (sky130_fd_sc_hd__dfrtp_2)
                          0.25   10.00   library recovery time
                                 10.00   data required time
-----------------------------------------------------------------------------
                                 10.00   data required time
                                 -2.61   data arrival time
-----------------------------------------------------------------------------
                                  7.38   slack (MET)


Startpoint: rst (input port clocked by clk)
Endpoint: _742_ (recovery check against rising-edge clock clk)
Path Group: asynchronous
Path Type: max

Fanout     Cap    Slew   Delay    Time   Description
-----------------------------------------------------------------------------
                  0.15    0.00    0.00   clock clk (rise edge)
                          0.00    0.00   clock network delay (ideal)
                          2.00    2.00 v input external delay
                  0.01    0.00    2.00 v rst (in)
     1    0.00                           rst (net)
                  0.01    0.00    2.00 v _634_/A (sky130_fd_sc_hd__buf_1)
                  0.16    0.19    2.19 v _634_/X (sky130_fd_sc_hd__buf_1)
     9    0.03                           _341_ (net)
                  0.16    0.00    2.19 v _679_/A (sky130_fd_sc_hd__buf_1)
                  0.25    0.32    2.51 v _679_/X (sky130_fd_sc_hd__buf_1)
    10    0.04                           _346_ (net)
                  0.25    0.00    2.51 v _688_/A (sky130_fd_sc_hd__inv_2)
                  0.06    0.10    2.61 ^ _688_/Y (sky130_fd_sc_hd__inv_2)
     1    0.00                           _049_ (net)
                  0.06    0.00    2.61 ^ _742_/RESET_B (sky130_fd_sc_hd__dfrtp_2)
                                  2.61   data arrival time

                  0.15   10.00   10.00   clock clk (rise edge)
                          0.00   10.00   clock network delay (ideal)
                         -0.25    9.75   clock uncertainty
                          0.00    9.75   clock reconvergence pessimism
                                  9.75 ^ _742_/CLK (sky130_fd_sc_hd__dfrtp_2)
                          0.25   10.00   library recovery time
                                 10.00   data required time
-----------------------------------------------------------------------------
                                 10.00   data required time
                                 -2.61   data arrival time
-----------------------------------------------------------------------------
                                  7.38   slack (MET)


Startpoint: rst (input port clocked by clk)
Endpoint: _743_ (recovery check against rising-edge clock clk)
Path Group: asynchronous
Path Type: max

Fanout     Cap    Slew   Delay    Time   Description
-----------------------------------------------------------------------------
                  0.15    0.00    0.00   clock clk (rise edge)
                          0.00    0.00   clock network delay (ideal)
                          2.00    2.00 v input external delay
                  0.01    0.00    2.00 v rst (in)
     1    0.00                           rst (net)
                  0.01    0.00    2.00 v _634_/A (sky130_fd_sc_hd__buf_1)
                  0.16    0.19    2.19 v _634_/X (sky130_fd_sc_hd__buf_1)
     9    0.03                           _341_ (net)
                  0.16    0.00    2.19 v _679_/A (sky130_fd_sc_hd__buf_1)
                  0.25    0.32    2.51 v _679_/X (sky130_fd_sc_hd__buf_1)
    10    0.04                           _346_ (net)
                  0.25    0.00    2.51 v _689_/A (sky130_fd_sc_hd__inv_2)
                  0.06    0.10    2.61 ^ _689_/Y (sky130_fd_sc_hd__inv_2)
     1    0.00                           _050_ (net)
                  0.06    0.00    2.61 ^ _743_/RESET_B (sky130_fd_sc_hd__dfrtp_2)
                                  2.61   data arrival time

                  0.15   10.00   10.00   clock clk (rise edge)
                          0.00   10.00   clock network delay (ideal)
                         -0.25    9.75   clock uncertainty
                          0.00    9.75   clock reconvergence pessimism
                                  9.75 ^ _743_/CLK (sky130_fd_sc_hd__dfrtp_2)
                          0.25   10.00   library recovery time
                                 10.00   data required time
-----------------------------------------------------------------------------
                                 10.00   data required time
                                 -2.61   data arrival time
-----------------------------------------------------------------------------
                                  7.38   slack (MET)


Startpoint: _699_ (rising edge-triggered flip-flop clocked by clk)
Endpoint: _711_ (rising edge-triggered flip-flop clocked by clk)
Path Group: clk
Path Type: max

Fanout     Cap    Slew   Delay    Time   Description
-----------------------------------------------------------------------------
                  0.15    0.00    0.00   clock clk (rise edge)
                          0.00    0.00   clock network delay (ideal)
                  0.15    0.00    0.00 ^ _699_/CLK (sky130_fd_sc_hd__dfrtp_2)
                  0.17    0.51    0.51 ^ _699_/Q (sky130_fd_sc_hd__dfrtp_2)
     9    0.03                           u_core.Q_1 (net)
                  0.17    0.00    0.51 ^ _347_/A_N (sky130_fd_sc_hd__and2b_2)
                  0.05    0.26    0.76 v _347_/X (sky130_fd_sc_hd__and2b_2)
     2    0.01                           _108_ (net)
                  0.05    0.00    0.76 v _348_/A (sky130_fd_sc_hd__buf_1)
                  0.19    0.22    0.99 v _348_/X (sky130_fd_sc_hd__buf_1)
    10    0.03                           _109_ (net)
                  0.19    0.00    0.99 v _423_/C1 (sky130_fd_sc_hd__a211o_2)
                  0.07    0.36    1.35 v _423_/X (sky130_fd_sc_hd__a211o_2)
     3    0.01                           _184_ (net)
                  0.07    0.00    1.35 v _429_/A2 (sky130_fd_sc_hd__a21o_2)
                  0.07    0.27    1.62 v _429_/X (sky130_fd_sc_hd__a21o_2)
     5    0.02                           _190_ (net)
                  0.07    0.00    1.62 v _541_/B1 (sky130_fd_sc_hd__a2bb2o_2)
                  0.05    0.28    1.90 v _541_/X (sky130_fd_sc_hd__a2bb2o_2)
     1    0.00                           _290_ (net)
                  0.05    0.00    1.90 v _542_/C1 (sky130_fd_sc_hd__o221ai_2)
                  0.15    0.06    1.96 ^ _542_/Y (sky130_fd_sc_hd__o221ai_2)
     1    0.00                           _291_ (net)
                  0.15    0.00    1.96 ^ _543_/C1 (sky130_fd_sc_hd__o211ai_2)
                  0.08    0.10    2.06 v _543_/Y (sky130_fd_sc_hd__o211ai_2)
     2    0.00                           _292_ (net)
                  0.08    0.00    2.06 v _601_/A1_N (sky130_fd_sc_hd__a2bb2o_2)
                  0.04    0.25    2.32 ^ _601_/X (sky130_fd_sc_hd__a2bb2o_2)
     1    0.00                           _071_ (net)
                  0.04    0.00    2.32 ^ _711_/D (sky130_fd_sc_hd__dfrtp_2)
                                  2.32   data arrival time

                  0.15   10.00   10.00   clock clk (rise edge)
                          0.00   10.00   clock network delay (ideal)
                         -0.25    9.75   clock uncertainty
                          0.00    9.75   clock reconvergence pessimism
                                  9.75 ^ _711_/CLK (sky130_fd_sc_hd__dfrtp_2)
                         -0.05    9.70   library setup time
                                  9.70   data required time
-----------------------------------------------------------------------------
                                  9.70   data required time
                                 -2.32   data arrival time
-----------------------------------------------------------------------------
                                  7.39   slack (MET)


Startpoint: _699_ (rising edge-triggered flip-flop clocked by clk)
Endpoint: _709_ (rising edge-triggered flip-flop clocked by clk)
Path Group: clk
Path Type: max

Fanout     Cap    Slew   Delay    Time   Description
-----------------------------------------------------------------------------
                  0.15    0.00    0.00   clock clk (rise edge)
                          0.00    0.00   clock network delay (ideal)
                  0.15    0.00    0.00 ^ _699_/CLK (sky130_fd_sc_hd__dfrtp_2)
                  0.10    0.52    0.52 v _699_/Q (sky130_fd_sc_hd__dfrtp_2)
     9    0.03                           u_core.Q_1 (net)
                  0.10    0.00    0.52 v _347_/A_N (sky130_fd_sc_hd__and2b_2)
                  0.05    0.25    0.77 ^ _347_/X (sky130_fd_sc_hd__and2b_2)
     2    0.01                           _108_ (net)
                  0.05    0.00    0.77 ^ _418_/A2 (sky130_fd_sc_hd__o21bai_2)
                  0.07    0.08    0.85 v _418_/Y (sky130_fd_sc_hd__o21bai_2)
     2    0.01                           _179_ (net)
                  0.07    0.00    0.85 v _421_/A2 (sky130_fd_sc_hd__a21oi_2)
                  0.14    0.19    1.04 ^ _421_/Y (sky130_fd_sc_hd__a21oi_2)
     3    0.01                           _182_ (net)
                  0.14    0.00    1.04 ^ _549_/A_N (sky130_fd_sc_hd__and2b_2)
                  0.05    0.26    1.29 v _549_/X (sky130_fd_sc_hd__and2b_2)
     2    0.01                           _296_ (net)
                  0.05    0.00    1.29 v _550_/A3 (sky130_fd_sc_hd__o32a_2)
                  0.05    0.32    1.62 v _550_/X (sky130_fd_sc_hd__o32a_2)
     1    0.00                           _297_ (net)
                  0.05    0.00    1.62 v _552_/B1 (sky130_fd_sc_hd__a32o_2)
                  0.04    0.23    1.85 v _552_/X (sky130_fd_sc_hd__a32o_2)
     2    0.00                           _299_ (net)
                  0.04    0.00    1.85 v _604_/A0 (sky130_fd_sc_hd__mux2_2)
                  0.05    0.26    2.11 v _604_/X (sky130_fd_sc_hd__mux2_2)
     1    0.00                           _327_ (net)
                  0.05    0.00    2.11 v _605_/A (sky130_fd_sc_hd__buf_1)
                  0.02    0.09    2.20 v _605_/X (sky130_fd_sc_hd__buf_1)
     1    0.00                           _069_ (net)
                  0.02    0.00    2.20 v _709_/D (sky130_fd_sc_hd__dfrtp_2)
                                  2.20   data arrival time

                  0.15   10.00   10.00   clock clk (rise edge)
                          0.00   10.00   clock network delay (ideal)
                         -0.25    9.75   clock uncertainty
                          0.00    9.75   clock reconvergence pessimism
                                  9.75 ^ _709_/CLK (sky130_fd_sc_hd__dfrtp_2)
                         -0.08    9.67   library setup time
                                  9.67   data required time
-----------------------------------------------------------------------------
                                  9.67   data required time
                                 -2.20   data arrival time
-----------------------------------------------------------------------------
                                  7.47   slack (MET)


Startpoint: rst (input port clocked by clk)
Endpoint: _744_ (recovery check against rising-edge clock clk)
Path Group: asynchronous
Path Type: max

Fanout     Cap    Slew   Delay    Time   Description
-----------------------------------------------------------------------------
                  0.15    0.00    0.00   clock clk (rise edge)
                          0.00    0.00   clock network delay (ideal)
                          2.00    2.00 v input external delay
                  0.01    0.00    2.00 v rst (in)
     1    0.00                           rst (net)
                  0.01    0.00    2.00 v _634_/A (sky130_fd_sc_hd__buf_1)
                  0.16    0.19    2.19 v _634_/X (sky130_fd_sc_hd__buf_1)
     9    0.03                           _341_ (net)
                  0.16    0.00    2.19 v _690_/A (sky130_fd_sc_hd__inv_2)
                  0.05    0.08    2.27 ^ _690_/Y (sky130_fd_sc_hd__inv_2)
     1    0.00                           _051_ (net)
                  0.05    0.00    2.27 ^ _744_/RESET_B (sky130_fd_sc_hd__dfrtp_2)
                                  2.27   data arrival time

                  0.15   10.00   10.00   clock clk (rise edge)
                          0.00   10.00   clock network delay (ideal)
                         -0.25    9.75   clock uncertainty
                          0.00    9.75   clock reconvergence pessimism
                                  9.75 ^ _744_/CLK (sky130_fd_sc_hd__dfrtp_2)
                          0.25   10.00   library recovery time
                                 10.00   data required time
-----------------------------------------------------------------------------
                                 10.00   data required time
                                 -2.27   data arrival time
-----------------------------------------------------------------------------
                                  7.73   slack (MET)


Startpoint: rst (input port clocked by clk)
Endpoint: _745_ (recovery check against rising-edge clock clk)
Path Group: asynchronous
Path Type: max

Fanout     Cap    Slew   Delay    Time   Description
-----------------------------------------------------------------------------
                  0.15    0.00    0.00   clock clk (rise edge)
                          0.00    0.00   clock network delay (ideal)
                          2.00    2.00 v input external delay
                  0.01    0.00    2.00 v rst (in)
     1    0.00                           rst (net)
                  0.01    0.00    2.00 v _634_/A (sky130_fd_sc_hd__buf_1)
                  0.16    0.19    2.19 v _634_/X (sky130_fd_sc_hd__buf_1)
     9    0.03                           _341_ (net)
                  0.16    0.00    2.19 v _691_/A (sky130_fd_sc_hd__inv_2)
                  0.05    0.08    2.27 ^ _691_/Y (sky130_fd_sc_hd__inv_2)
     1    0.00                           _052_ (net)
                  0.05    0.00    2.27 ^ _745_/RESET_B (sky130_fd_sc_hd__dfrtp_2)
                                  2.27   data arrival time

                  0.15   10.00   10.00   clock clk (rise edge)
                          0.00   10.00   clock network delay (ideal)
                         -0.25    9.75   clock uncertainty
                          0.00    9.75   clock reconvergence pessimism
                                  9.75 ^ _745_/CLK (sky130_fd_sc_hd__dfrtp_2)
                          0.25   10.00   library recovery time
                                 10.00   data required time
-----------------------------------------------------------------------------
                                 10.00   data required time
                                 -2.27   data arrival time
-----------------------------------------------------------------------------
                                  7.73   slack (MET)


Startpoint: rst (input port clocked by clk)
Endpoint: _746_ (recovery check against rising-edge clock clk)
Path Group: asynchronous
Path Type: max

Fanout     Cap    Slew   Delay    Time   Description
-----------------------------------------------------------------------------
                  0.15    0.00    0.00   clock clk (rise edge)
                          0.00    0.00   clock network delay (ideal)
                          2.00    2.00 v input external delay
                  0.01    0.00    2.00 v rst (in)
     1    0.00                           rst (net)
                  0.01    0.00    2.00 v _634_/A (sky130_fd_sc_hd__buf_1)
                  0.16    0.19    2.19 v _634_/X (sky130_fd_sc_hd__buf_1)
     9    0.03                           _341_ (net)
                  0.16    0.00    2.19 v _692_/A (sky130_fd_sc_hd__inv_2)
                  0.05    0.08    2.27 ^ _692_/Y (sky130_fd_sc_hd__inv_2)
     1    0.00                           _053_ (net)
                  0.05    0.00    2.27 ^ _746_/RESET_B (sky130_fd_sc_hd__dfrtp_2)
                                  2.27   data arrival time

                  0.15   10.00   10.00   clock clk (rise edge)
                          0.00   10.00   clock network delay (ideal)
                         -0.25    9.75   clock uncertainty
                          0.00    9.75   clock reconvergence pessimism
                                  9.75 ^ _746_/CLK (sky130_fd_sc_hd__dfrtp_2)
                          0.25   10.00   library recovery time
                                 10.00   data required time
-----------------------------------------------------------------------------
                                 10.00   data required time
                                 -2.27   data arrival time
-----------------------------------------------------------------------------
                                  7.73   slack (MET)


Startpoint: rst (input port clocked by clk)
Endpoint: _747_ (recovery check against rising-edge clock clk)
Path Group: asynchronous
Path Type: max

Fanout     Cap    Slew   Delay    Time   Description
-----------------------------------------------------------------------------
                  0.15    0.00    0.00   clock clk (rise edge)
                          0.00    0.00   clock network delay (ideal)
                          2.00    2.00 v input external delay
                  0.01    0.00    2.00 v rst (in)
     1    0.00                           rst (net)
                  0.01    0.00    2.00 v _634_/A (sky130_fd_sc_hd__buf_1)
                  0.16    0.19    2.19 v _634_/X (sky130_fd_sc_hd__buf_1)
     9    0.03                           _341_ (net)
                  0.16    0.00    2.19 v _693_/A (sky130_fd_sc_hd__inv_2)
                  0.05    0.08    2.27 ^ _693_/Y (sky130_fd_sc_hd__inv_2)
     1    0.00                           _054_ (net)
                  0.05    0.00    2.27 ^ _747_/RESET_B (sky130_fd_sc_hd__dfrtp_2)
                                  2.27   data arrival time

                  0.15   10.00   10.00   clock clk (rise edge)
                          0.00   10.00   clock network delay (ideal)
                         -0.25    9.75   clock uncertainty
                          0.00    9.75   clock reconvergence pessimism
                                  9.75 ^ _747_/CLK (sky130_fd_sc_hd__dfrtp_2)
                          0.25   10.00   library recovery time
                                 10.00   data required time
-----------------------------------------------------------------------------
                                 10.00   data required time
                                 -2.27   data arrival time
-----------------------------------------------------------------------------
                                  7.73   slack (MET)


Startpoint: _697_ (rising edge-triggered flip-flop clocked by clk)
Endpoint: _707_ (rising edge-triggered flip-flop clocked by clk)
Path Group: clk
Path Type: max

Fanout     Cap    Slew   Delay    Time   Description
-----------------------------------------------------------------------------
                  0.15    0.00    0.00   clock clk (rise edge)
                          0.00    0.00   clock network delay (ideal)
                  0.15    0.00    0.00 ^ _697_/CLK (sky130_fd_sc_hd__dfrtp_2)
                  0.07    0.48    0.48 v _697_/Q (sky130_fd_sc_hd__dfrtp_2)
     4    0.01                           u_core.count[3] (net)
                  0.07    0.00    0.48 v _589_/A (sky130_fd_sc_hd__nor4b_2)
                  0.48    0.51    0.99 ^ _589_/Y (sky130_fd_sc_hd__nor4b_2)
     5    0.02                           _319_ (net)
                  0.48    0.00    0.99 ^ _590_/B (sky130_fd_sc_hd__nand2_2)
                  0.14    0.19    1.18 v _590_/Y (sky130_fd_sc_hd__nand2_2)
     7    0.02                           _320_ (net)
                  0.14    0.00    1.18 v _591_/A (sky130_fd_sc_hd__buf_1)
                  0.17    0.25    1.44 v _591_/X (sky130_fd_sc_hd__buf_1)
    10    0.03                           _321_ (net)
                  0.17    0.00    1.44 v _608_/S (sky130_fd_sc_hd__mux2_2)
                  0.05    0.32    1.76 v _608_/X (sky130_fd_sc_hd__mux2_2)
     1    0.00                           _329_ (net)
                  0.05    0.00    1.76 v _609_/A (sky130_fd_sc_hd__buf_1)
                  0.02    0.09    1.85 v _609_/X (sky130_fd_sc_hd__buf_1)
     1    0.00                           _067_ (net)
                  0.02    0.00    1.85 v _707_/D (sky130_fd_sc_hd__dfrtp_2)
                                  1.85   data arrival time

                  0.15   10.00   10.00   clock clk (rise edge)
                          0.00   10.00   clock network delay (ideal)
                         -0.25    9.75   clock uncertainty
                          0.00    9.75   clock reconvergence pessimism
                                  9.75 ^ _707_/CLK (sky130_fd_sc_hd__dfrtp_2)
                         -0.08    9.67   library setup time
                                  9.67   data required time
-----------------------------------------------------------------------------
                                  9.67   data required time
                                 -1.85   data arrival time
-----------------------------------------------------------------------------
                                  7.82   slack (MET)


Startpoint: _697_ (rising edge-triggered flip-flop clocked by clk)
Endpoint: _701_ (rising edge-triggered flip-flop clocked by clk)
Path Group: clk
Path Type: max

Fanout     Cap    Slew   Delay    Time   Description
-----------------------------------------------------------------------------
                  0.15    0.00    0.00   clock clk (rise edge)
                          0.00    0.00   clock network delay (ideal)
                  0.15    0.00    0.00 ^ _697_/CLK (sky130_fd_sc_hd__dfrtp_2)
                  0.07    0.48    0.48 v _697_/Q (sky130_fd_sc_hd__dfrtp_2)
     4    0.01                           u_core.count[3] (net)
                  0.07    0.00    0.48 v _589_/A (sky130_fd_sc_hd__nor4b_2)
                  0.48    0.51    0.99 ^ _589_/Y (sky130_fd_sc_hd__nor4b_2)
     5    0.02                           _319_ (net)
                  0.48    0.00    0.99 ^ _590_/B (sky130_fd_sc_hd__nand2_2)
                  0.14    0.19    1.18 v _590_/Y (sky130_fd_sc_hd__nand2_2)
     7    0.02                           _320_ (net)
                  0.14    0.00    1.18 v _620_/S (sky130_fd_sc_hd__mux2_2)
                  0.05    0.31    1.49 v _620_/X (sky130_fd_sc_hd__mux2_2)
     1    0.00                           _335_ (net)
                  0.05    0.00    1.49 v _621_/A (sky130_fd_sc_hd__buf_1)
                  0.02    0.09    1.58 v _621_/X (sky130_fd_sc_hd__buf_1)
     1    0.00                           _061_ (net)
                  0.02    0.00    1.58 v _701_/D (sky130_fd_sc_hd__dfrtp_2)
                                  1.58   data arrival time

                  0.15   10.00   10.00   clock clk (rise edge)
                          0.00   10.00   clock network delay (ideal)
                         -0.25    9.75   clock uncertainty
                          0.00    9.75   clock reconvergence pessimism
                                  9.75 ^ _701_/CLK (sky130_fd_sc_hd__dfrtp_2)
                         -0.08    9.67   library setup time
                                  9.67   data required time
-----------------------------------------------------------------------------
                                  9.67   data required time
                                 -1.58   data arrival time
-----------------------------------------------------------------------------
                                  8.09   slack (MET)


Startpoint: _697_ (rising edge-triggered flip-flop clocked by clk)
Endpoint: _702_ (rising edge-triggered flip-flop clocked by clk)
Path Group: clk
Path Type: max

Fanout     Cap    Slew   Delay    Time   Description
-----------------------------------------------------------------------------
                  0.15    0.00    0.00   clock clk (rise edge)
                          0.00    0.00   clock network delay (ideal)
                  0.15    0.00    0.00 ^ _697_/CLK (sky130_fd_sc_hd__dfrtp_2)
                  0.07    0.48    0.48 v _697_/Q (sky130_fd_sc_hd__dfrtp_2)
     4    0.01                           u_core.count[3] (net)
                  0.07    0.00    0.48 v _589_/A (sky130_fd_sc_hd__nor4b_2)
                  0.48    0.51    0.99 ^ _589_/Y (sky130_fd_sc_hd__nor4b_2)
     5    0.02                           _319_ (net)
                  0.48    0.00    0.99 ^ _590_/B (sky130_fd_sc_hd__nand2_2)
                  0.14    0.19    1.18 v _590_/Y (sky130_fd_sc_hd__nand2_2)
     7    0.02                           _320_ (net)
                  0.14    0.00    1.18 v _618_/S (sky130_fd_sc_hd__mux2_2)
                  0.05    0.31    1.49 v _618_/X (sky130_fd_sc_hd__mux2_2)
     1    0.00                           _334_ (net)
                  0.05    0.00    1.49 v _619_/A (sky130_fd_sc_hd__buf_1)
                  0.02    0.09    1.58 v _619_/X (sky130_fd_sc_hd__buf_1)
     1    0.00                           _062_ (net)
                  0.02    0.00    1.58 v _702_/D (sky130_fd_sc_hd__dfrtp_2)
                                  1.58   data arrival time

                  0.15   10.00   10.00   clock clk (rise edge)
                          0.00   10.00   clock network delay (ideal)
                         -0.25    9.75   clock uncertainty
                          0.00    9.75   clock reconvergence pessimism
                                  9.75 ^ _702_/CLK (sky130_fd_sc_hd__dfrtp_2)
                         -0.08    9.67   library setup time
                                  9.67   data required time
-----------------------------------------------------------------------------
                                  9.67   data required time
                                 -1.58   data arrival time
-----------------------------------------------------------------------------
                                  8.09   slack (MET)


Startpoint: _697_ (rising edge-triggered flip-flop clocked by clk)
Endpoint: _703_ (rising edge-triggered flip-flop clocked by clk)
Path Group: clk
Path Type: max

Fanout     Cap    Slew   Delay    Time   Description
-----------------------------------------------------------------------------
                  0.15    0.00    0.00   clock clk (rise edge)
                          0.00    0.00   clock network delay (ideal)
                  0.15    0.00    0.00 ^ _697_/CLK (sky130_fd_sc_hd__dfrtp_2)
                  0.07    0.48    0.48 v _697_/Q (sky130_fd_sc_hd__dfrtp_2)
     4    0.01                           u_core.count[3] (net)
                  0.07    0.00    0.48 v _589_/A (sky130_fd_sc_hd__nor4b_2)
                  0.48    0.51    0.99 ^ _589_/Y (sky130_fd_sc_hd__nor4b_2)
     5    0.02                           _319_ (net)
                  0.48    0.00    0.99 ^ _590_/B (sky130_fd_sc_hd__nand2_2)
                  0.14    0.19    1.18 v _590_/Y (sky130_fd_sc_hd__nand2_2)
     7    0.02                           _320_ (net)
                  0.14    0.00    1.18 v _616_/S (sky130_fd_sc_hd__mux2_2)
                  0.05    0.31    1.49 v _616_/X (sky130_fd_sc_hd__mux2_2)
     1    0.00                           _333_ (net)
                  0.05    0.00    1.49 v _617_/A (sky130_fd_sc_hd__buf_1)
                  0.02    0.09    1.58 v _617_/X (sky130_fd_sc_hd__buf_1)
     1    0.00                           _063_ (net)
                  0.02    0.00    1.58 v _703_/D (sky130_fd_sc_hd__dfrtp_2)
                                  1.58   data arrival time

                  0.15   10.00   10.00   clock clk (rise edge)
                          0.00   10.00   clock network delay (ideal)
                         -0.25    9.75   clock uncertainty
                          0.00    9.75   clock reconvergence pessimism
                                  9.75 ^ _703_/CLK (sky130_fd_sc_hd__dfrtp_2)
                         -0.08    9.67   library setup time
                                  9.67   data required time
-----------------------------------------------------------------------------
                                  9.67   data required time
                                 -1.58   data arrival time
-----------------------------------------------------------------------------
                                  8.09   slack (MET)


Startpoint: _697_ (rising edge-triggered flip-flop clocked by clk)
Endpoint: _704_ (rising edge-triggered flip-flop clocked by clk)
Path Group: clk
Path Type: max

Fanout     Cap    Slew   Delay    Time   Description
-----------------------------------------------------------------------------
                  0.15    0.00    0.00   clock clk (rise edge)
                          0.00    0.00   clock network delay (ideal)
                  0.15    0.00    0.00 ^ _697_/CLK (sky130_fd_sc_hd__dfrtp_2)
                  0.07    0.48    0.48 v _697_/Q (sky130_fd_sc_hd__dfrtp_2)
     4    0.01                           u_core.count[3] (net)
                  0.07    0.00    0.48 v _589_/A (sky130_fd_sc_hd__nor4b_2)
                  0.48    0.51    0.99 ^ _589_/Y (sky130_fd_sc_hd__nor4b_2)
     5    0.02                           _319_ (net)
                  0.48    0.00    0.99 ^ _590_/B (sky130_fd_sc_hd__nand2_2)
                  0.14    0.19    1.18 v _590_/Y (sky130_fd_sc_hd__nand2_2)
     7    0.02                           _320_ (net)
                  0.14    0.00    1.18 v _614_/S (sky130_fd_sc_hd__mux2_2)
                  0.05    0.31    1.49 v _614_/X (sky130_fd_sc_hd__mux2_2)
     1    0.00                           _332_ (net)
                  0.05    0.00    1.49 v _615_/A (sky130_fd_sc_hd__buf_1)
                  0.02    0.09    1.58 v _615_/X (sky130_fd_sc_hd__buf_1)
     1    0.00                           _064_ (net)
                  0.02    0.00    1.58 v _704_/D (sky130_fd_sc_hd__dfrtp_2)
                                  1.58   data arrival time

                  0.15   10.00   10.00   clock clk (rise edge)
                          0.00   10.00   clock network delay (ideal)
                         -0.25    9.75   clock uncertainty
                          0.00    9.75   clock reconvergence pessimism
                                  9.75 ^ _704_/CLK (sky130_fd_sc_hd__dfrtp_2)
                         -0.08    9.67   library setup time
                                  9.67   data required time
-----------------------------------------------------------------------------
                                  9.67   data required time
                                 -1.58   data arrival time
-----------------------------------------------------------------------------
                                  8.09   slack (MET)


Startpoint: _697_ (rising edge-triggered flip-flop clocked by clk)
Endpoint: _705_ (rising edge-triggered flip-flop clocked by clk)
Path Group: clk
Path Type: max

Fanout     Cap    Slew   Delay    Time   Description
-----------------------------------------------------------------------------
                  0.15    0.00    0.00   clock clk (rise edge)
                          0.00    0.00   clock network delay (ideal)
                  0.15    0.00    0.00 ^ _697_/CLK (sky130_fd_sc_hd__dfrtp_2)
                  0.07    0.48    0.48 v _697_/Q (sky130_fd_sc_hd__dfrtp_2)
     4    0.01                           u_core.count[3] (net)
                  0.07    0.00    0.48 v _589_/A (sky130_fd_sc_hd__nor4b_2)
                  0.48    0.51    0.99 ^ _589_/Y (sky130_fd_sc_hd__nor4b_2)
     5    0.02                           _319_ (net)
                  0.48    0.00    0.99 ^ _590_/B (sky130_fd_sc_hd__nand2_2)
                  0.14    0.19    1.18 v _590_/Y (sky130_fd_sc_hd__nand2_2)
     7    0.02                           _320_ (net)
                  0.14    0.00    1.18 v _612_/S (sky130_fd_sc_hd__mux2_2)
                  0.05    0.31    1.49 v _612_/X (sky130_fd_sc_hd__mux2_2)
     1    0.00                           _331_ (net)
                  0.05    0.00    1.49 v _613_/A (sky130_fd_sc_hd__buf_1)
                  0.02    0.09    1.58 v _613_/X (sky130_fd_sc_hd__buf_1)
     1    0.00                           _065_ (net)
                  0.02    0.00    1.58 v _705_/D (sky130_fd_sc_hd__dfrtp_2)
                                  1.58   data arrival time

                  0.15   10.00   10.00   clock clk (rise edge)
                          0.00   10.00   clock network delay (ideal)
                         -0.25    9.75   clock uncertainty
                          0.00    9.75   clock reconvergence pessimism
                                  9.75 ^ _705_/CLK (sky130_fd_sc_hd__dfrtp_2)
                         -0.08    9.67   library setup time
                                  9.67   data required time
-----------------------------------------------------------------------------
                                  9.67   data required time
                                 -1.58   data arrival time
-----------------------------------------------------------------------------
                                  8.09   slack (MET)


Startpoint: _697_ (rising edge-triggered flip-flop clocked by clk)
Endpoint: _706_ (rising edge-triggered flip-flop clocked by clk)
Path Group: clk
Path Type: max

Fanout     Cap    Slew   Delay    Time   Description
-----------------------------------------------------------------------------
                  0.15    0.00    0.00   clock clk (rise edge)
                          0.00    0.00   clock network delay (ideal)
                  0.15    0.00    0.00 ^ _697_/CLK (sky130_fd_sc_hd__dfrtp_2)
                  0.07    0.48    0.48 v _697_/Q (sky130_fd_sc_hd__dfrtp_2)
     4    0.01                           u_core.count[3] (net)
                  0.07    0.00    0.48 v _589_/A (sky130_fd_sc_hd__nor4b_2)
                  0.48    0.51    0.99 ^ _589_/Y (sky130_fd_sc_hd__nor4b_2)
     5    0.02                           _319_ (net)
                  0.48    0.00    0.99 ^ _590_/B (sky130_fd_sc_hd__nand2_2)
                  0.14    0.19    1.18 v _590_/Y (sky130_fd_sc_hd__nand2_2)
     7    0.02                           _320_ (net)
                  0.14    0.00    1.18 v _610_/S (sky130_fd_sc_hd__mux2_2)
                  0.05    0.31    1.49 v _610_/X (sky130_fd_sc_hd__mux2_2)
     1    0.00                           _330_ (net)
                  0.05    0.00    1.49 v _611_/A (sky130_fd_sc_hd__buf_1)
                  0.02    0.09    1.58 v _611_/X (sky130_fd_sc_hd__buf_1)
     1    0.00                           _066_ (net)
                  0.02    0.00    1.58 v _706_/D (sky130_fd_sc_hd__dfrtp_2)
                                  1.58   data arrival time

                  0.15   10.00   10.00   clock clk (rise edge)
                          0.00   10.00   clock network delay (ideal)
                         -0.25    9.75   clock uncertainty
                          0.00    9.75   clock reconvergence pessimism
                                  9.75 ^ _706_/CLK (sky130_fd_sc_hd__dfrtp_2)
                         -0.08    9.67   library setup time
                                  9.67   data required time
-----------------------------------------------------------------------------
                                  9.67   data required time
                                 -1.58   data arrival time
-----------------------------------------------------------------------------
                                  8.09   slack (MET)


Startpoint: _698_ (rising edge-triggered flip-flop clocked by clk)
Endpoint: _700_ (rising edge-triggered flip-flop clocked by clk)
Path Group: clk
Path Type: max

Fanout     Cap    Slew   Delay    Time   Description
-----------------------------------------------------------------------------
                  0.15    0.00    0.00   clock clk (rise edge)
                          0.00    0.00   clock network delay (ideal)
                  0.15    0.00    0.00 ^ _698_/CLK (sky130_fd_sc_hd__dfrtp_2)
                  0.08    0.43    0.43 ^ _698_/Q (sky130_fd_sc_hd__dfrtp_2)
     3    0.01                           u_core.busy (net)
                  0.08    0.00    0.43 ^ _362_/A (sky130_fd_sc_hd__buf_1)
                  0.28    0.27    0.70 ^ _362_/X (sky130_fd_sc_hd__buf_1)
    10    0.02                           _123_ (net)
                  0.28    0.00    0.70 ^ _363_/A (sky130_fd_sc_hd__buf_1)
                  0.37    0.37    1.07 ^ _363_/X (sky130_fd_sc_hd__buf_1)
    10    0.03                           _124_ (net)
                  0.37    0.00    1.07 ^ _622_/B1 (sky130_fd_sc_hd__o21a_2)
                  0.03    0.20    1.27 ^ _622_/X (sky130_fd_sc_hd__o21a_2)
     1    0.00                           _060_ (net)
                  0.03    0.00    1.27 ^ _700_/D (sky130_fd_sc_hd__dfrtp_2)
                                  1.27   data arrival time

                  0.15   10.00   10.00   clock clk (rise edge)
                          0.00   10.00   clock network delay (ideal)
                         -0.25    9.75   clock uncertainty
                          0.00    9.75   clock reconvergence pessimism
                                  9.75 ^ _700_/CLK (sky130_fd_sc_hd__dfrtp_2)
                         -0.05    9.70   library setup time
                                  9.70   data required time
-----------------------------------------------------------------------------
                                  9.70   data required time
                                 -1.27   data arrival time
-----------------------------------------------------------------------------
                                  8.44   slack (MET)



max_report_end
checks_report

===========================================================================
report_checks -unconstrained
===========================================================================
======================= Typical Corner ===================================

Startpoint: rst (input port clocked by clk)
Endpoint: _694_ (recovery check against rising-edge clock clk)
Path Group: asynchronous
Path Type: max

Fanout     Cap    Slew   Delay    Time   Description
-----------------------------------------------------------------------------
                  0.15    0.00    0.00   clock clk (rise edge)
                          0.00    0.00   clock network delay (ideal)
                          2.00    2.00 v input external delay
                  0.01    0.00    2.00 v rst (in)
     1    0.00                           rst (net)
                  0.01    0.00    2.00 v _634_/A (sky130_fd_sc_hd__buf_1)
                  0.16    0.19    2.19 v _634_/X (sky130_fd_sc_hd__buf_1)
     9    0.03                           _341_ (net)
                  0.16    0.00    2.19 v _635_/A (sky130_fd_sc_hd__buf_1)
                  0.25    0.32    2.51 v _635_/X (sky130_fd_sc_hd__buf_1)
    10    0.04                           _342_ (net)
                  0.25    0.00    2.51 v _636_/A (sky130_fd_sc_hd__inv_2)
                  0.06    0.10    2.61 ^ _636_/Y (sky130_fd_sc_hd__inv_2)
     1    0.00                           _001_ (net)
                  0.06    0.00    2.61 ^ _694_/RESET_B (sky130_fd_sc_hd__dfrtp_2)
                                  2.61   data arrival time

                  0.15   10.00   10.00   clock clk (rise edge)
                          0.00   10.00   clock network delay (ideal)
                         -0.25    9.75   clock uncertainty
                          0.00    9.75   clock reconvergence pessimism
                                  9.75 ^ _694_/CLK (sky130_fd_sc_hd__dfrtp_2)
                          0.25   10.00   library recovery time
                                 10.00   data required time
-----------------------------------------------------------------------------
                                 10.00   data required time
                                 -2.61   data arrival time
-----------------------------------------------------------------------------
                                  7.38   slack (MET)


Startpoint: _727_ (rising edge-triggered flip-flop clocked by clk)
Endpoint: _744_ (rising edge-triggered flip-flop clocked by clk)
Path Group: clk
Path Type: max

Fanout     Cap    Slew   Delay    Time   Description
-----------------------------------------------------------------------------
                  0.15    0.00    0.00   clock clk (rise edge)
                          0.00    0.00   clock network delay (ideal)
                  0.15    0.00    0.00 ^ _727_/CLK (sky130_fd_sc_hd__dfrtp_2)
                  0.08    0.50    0.50 v _727_/Q (sky130_fd_sc_hd__dfrtp_2)
     6    0.02                           u_core.M[2] (net)
                  0.08    0.00    0.50 v _355_/B (sky130_fd_sc_hd__nor2_2)
                  0.31    0.28    0.78 ^ _355_/Y (sky130_fd_sc_hd__nor2_2)
     7    0.03                           _116_ (net)
                  0.31    0.00    0.78 ^ _357_/C (sky130_fd_sc_hd__nand4b_2)
                  0.13    0.19    0.97 v _357_/Y (sky130_fd_sc_hd__nand4b_2)
     3    0.01                           _118_ (net)
                  0.13    0.00    0.97 v _360_/A1 (sky130_fd_sc_hd__a21oi_2)
                  0.31    0.33    1.30 ^ _360_/Y (sky130_fd_sc_hd__a21oi_2)
     4    0.02                           _121_ (net)
                  0.31    0.00    1.30 ^ _361_/A (sky130_fd_sc_hd__buf_1)
                  0.68    0.59    1.89 ^ _361_/X (sky130_fd_sc_hd__buf_1)
    10    0.06                           _122_ (net)
                  0.68    0.00    1.89 ^ _377_/A2 (sky130_fd_sc_hd__a32oi_2)
                  0.13    0.20    2.10 v _377_/Y (sky130_fd_sc_hd__a32oi_2)
     1    0.00                           _138_ (net)
                  0.13    0.00    2.10 v _405_/A2 (sky130_fd_sc_hd__o22a_2)
                  0.07    0.29    2.39 v _405_/X (sky130_fd_sc_hd__o22a_2)
     3    0.01                           _166_ (net)
                  0.07    0.00    2.39 v _444_/A1 (sky130_fd_sc_hd__a21oi_2)
                  0.15    0.18    2.57 ^ _444_/Y (sky130_fd_sc_hd__a21oi_2)
     2    0.01                           _205_ (net)
                  0.15    0.00    2.57 ^ _471_/A2 (sky130_fd_sc_hd__o21bai_2)
                  0.08    0.10    2.68 v _471_/Y (sky130_fd_sc_hd__o21bai_2)
     3    0.01                           _230_ (net)
                  0.08    0.00    2.68 v _486_/B1 (sky130_fd_sc_hd__a22o_2)
                  0.04    0.22    2.90 v _486_/X (sky130_fd_sc_hd__a22o_2)
     1    0.00                           _244_ (net)
                  0.04    0.00    2.90 v _488_/B1 (sky130_fd_sc_hd__a22o_2)
                  0.04    0.20    3.10 v _488_/X (sky130_fd_sc_hd__a22o_2)
     1    0.00                           _104_ (net)
                  0.04    0.00    3.10 v _744_/D (sky130_fd_sc_hd__dfrtp_2)
                                  3.10   data arrival time

                  0.15   10.00   10.00   clock clk (rise edge)
                          0.00   10.00   clock network delay (ideal)
                         -0.25    9.75   clock uncertainty
                          0.00    9.75   clock reconvergence pessimism
                                  9.75 ^ _744_/CLK (sky130_fd_sc_hd__dfrtp_2)
                         -0.09    9.66   library setup time
                                  9.66   data required time
-----------------------------------------------------------------------------
                                  9.66   data required time
                                 -3.10   data arrival time
-----------------------------------------------------------------------------
                                  6.56   slack (MET)




===========================================================================
report_checks --slack_max -0.01
============================================================================
======================= Typical Corner ===================================

No paths found.


===========================================================================
 report_check_types -max_slew -max_cap -max_fanout -violators
============================================================================
======================= Typical Corner ===================================



===========================================================================
report_parasitic_annotation -report_unannotated
============================================================================
Found 420 unannotated drivers.
 clk
 multiplicand[0]
 multiplicand[1]
 multiplicand[2]
 multiplicand[3]
 multiplicand[4]
 multiplicand[5]
 multiplicand[6]
 multiplicand[7]
 multiplier[0]
 multiplier[1]
 multiplier[2]
 multiplier[3]
 multiplier[4]
 multiplier[5]
 multiplier[6]
 multiplier[7]
 rst
 start
 _347_/X
 _348_/X
 _349_/X
 _350_/X
 _351_/Y
 _352_/Y
 _353_/X
 _354_/Y
 _355_/Y
 _356_/Y
 _357_/Y
 _358_/Y
 _359_/X
 _360_/Y
 _361_/X
 _362_/X
 _363_/X
 _364_/Y
 _365_/X
 _366_/X
 _367_/X
 _368_/Y
 _369_/Y
 _370_/Y
 _371_/Y
 _372_/Y
 _373_/X
 _374_/Y
 _375_/X
 _376_/Y
 _377_/Y
 _378_/Y
 _379_/Y
 _380_/Y
 _381_/Y
 _382_/X
 _383_/Y
 _384_/Y
 _385_/X
 _386_/Y
 _387_/Y
 _388_/Y
 _389_/Y
 _390_/Y
 _391_/Y
 _392_/Y
 _393_/Y
 _394_/Y
 _395_/X
 _396_/Y
 _397_/Y
 _398_/X
 _399_/Y
 _400_/X
 _401_/Y
 _402_/X
 _403_/Y
 _404_/Y
 _405_/X
 _406_/X
 _407_/Y
 _408_/X
 _409_/Y
 _410_/Y
 _411_/Y
 _412_/X
 _413_/Y
 _414_/Y
 _415_/Y
 _416_/Y
 _417_/Y
 _418_/Y
 _419_/Y
 _420_/X
 _421_/Y
 _422_/Y
 _423_/X
 _424_/Y
 _425_/Y
 _426_/Y
 _427_/Y
 _428_/Y
 _429_/X
 _430_/Y
 _431_/X
 _432_/X
 _433_/X
 _434_/Y
 _435_/Y
 _436_/Y
 _437_/X
 _438_/Y
 _439_/X
 _440_/X
 _441_/X
 _442_/X
 _443_/Y
 _444_/Y
 _445_/X
 _446_/Y
 _447_/Y
 _448_/X
 _449_/Y
 _450_/Y
 _451_/Y
 _452_/X
 _453_/Y
 _454_/Y
 _455_/Y
 _456_/Y
 _457_/X
 _458_/Y
 _459_/X
 _460_/X
 _461_/X
 _462_/X
 _463_/X
 _464_/Y
 _465_/Y
 _466_/Y
 _467_/X
 _468_/X
 _469_/Y
 _470_/Y
 _471_/Y
 _472_/Y
 _473_/X
 _474_/Y
 _475_/Y
 _476_/X
 _477_/Y
 _478_/X
 _479_/Y
 _480_/Y
 _481_/X
 _482_/Y
 _483_/X
 _484_/X
 _485_/X
 _486_/X
 _487_/X
 _488_/X
 _489_/X
 _490_/X
 _491_/Y
 _492_/Y
 _493_/Y
 _494_/Y
 _495_/Y
 _496_/X
 _497_/Y
 _498_/X
 _499_/Y
 _500_/X
 _501_/X
 _502_/X
 _503_/X
 _504_/X
 _505_/Y
 _506_/Y
 _507_/X
 _508_/Y
 _509_/X
 _510_/Y
 _511_/X
 _512_/Y
 _513_/Y
 _514_/X
 _515_/Y
 _516_/Y
 _517_/X
 _518_/Y
 _519_/X
 _520_/Y
 _521_/X
 _522_/X
 _523_/X
 _524_/Y
 _525_/X
 _526_/X
 _527_/X
 _528_/Y
 _529_/Y
 _530_/X
 _531_/X
 _532_/X
 _533_/X
 _534_/X
 _535_/X
 _536_/X
 _537_/X
 _538_/Y
 _539_/X
 _540_/Y
 _541_/X
 _542_/Y
 _543_/Y
 _544_/X
 _545_/X
 _546_/X
 _547_/X
 _548_/X
 _549_/X
 _550_/X
 _551_/Y
 _552_/X
 _553_/X
 _554_/Y
 _555_/X
 _556_/X
 _557_/X
 _558_/X
 _559_/X
 _560_/X
 _561_/X
 _562_/X
 _563_/X
 _564_/X
 _565_/X
 _566_/X
 _567_/X
 _568_/X
 _569_/X
 _570_/X
 _571_/Y
 _572_/X
 _573_/X
 _574_/X
 _575_/X
 _576_/X
 _577_/X
 _578_/X
 _579_/X
 _580_/X
 _581_/X
 _582_/X
 _583_/X
 _584_/X
 _585_/X
 _586_/X
 _587_/X
 _588_/X
 _589_/Y
 _590_/Y
 _591_/X
 _592_/X
 _593_/Y
 _594_/Y
 _595_/X
 _596_/X
 _597_/X
 _598_/X
 _599_/X
 _600_/X
 _601_/X
 _602_/X
 _603_/X
 _604_/X
 _605_/X
 _606_/X
 _607_/X
 _608_/X
 _609_/X
 _610_/X
 _611_/X
 _612_/X
 _613_/X
 _614_/X
 _615_/X
 _616_/X
 _617_/X
 _618_/X
 _619_/X
 _620_/X
 _621_/X
 _622_/X
 _623_/X
 _624_/X
 _625_/Y
 _626_/Y
 _627_/X
 _628_/Y
 _629_/Y
 _630_/Y
 _631_/Y
 _632_/X
 _633_/Y
 _634_/X
 _635_/X
 _636_/Y
 _637_/Y
 _638_/Y
 _639_/Y
 _640_/Y
 _641_/Y
 _642_/Y
 _643_/Y
 _644_/Y
 _645_/Y
 _646_/X
 _647_/Y
 _648_/Y
 _649_/Y
 _650_/Y
 _651_/Y
 _652_/Y
 _653_/Y
 _654_/Y
 _655_/Y
 _656_/Y
 _657_/X
 _658_/Y
 _659_/Y
 _660_/Y
 _661_/Y
 _662_/Y
 _663_/Y
 _664_/Y
 _665_/Y
 _666_/Y
 _667_/Y
 _668_/X
 _669_/Y
 _670_/Y
 _671_/Y
 _672_/Y
 _673_/Y
 _674_/Y
 _675_/Y
 _676_/Y
 _677_/Y
 _678_/Y
 _679_/X
 _680_/Y
 _681_/Y
 _682_/Y
 _683_/Y
 _684_/Y
 _685_/Y
 _686_/Y
 _687_/Y
 _688_/Y
 _689_/Y
 _690_/Y
 _691_/Y
 _692_/Y
 _693_/Y
 _694_/Q
 _695_/Q
 _696_/Q
 _697_/Q
 _698_/Q
 _699_/Q
 _700_/Q
 _701_/Q
 _702_/Q
 _703_/Q
 _704_/Q
 _705_/Q
 _706_/Q
 _707_/Q
 _708_/Q
 _709_/Q
 _710_/Q
 _711_/Q
 _712_/Q
 _713_/Q
 _714_/Q
 _715_/Q
 _716_/Q
 _717_/Q
 _718_/Q
 _719_/Q
 _720_/Q
 _721_/Q
 _722_/Q
 _723_/Q
 _724_/Q
 _725_/Q
 _726_/Q
 _727_/Q
 _728_/Q
 _729_/Q
 _730_/Q
 _731_/Q
 _732_/Q
 _733_/Q
 _734_/Q
 _735_/Q
 _736_/Q
 _737_/Q
 _738_/Q
 _739_/Q
 _740_/Q
 _741_/Q
 _742_/Q
 _743_/Q
 _744_/Q
 _745_/Q
 _746_/Q
 _747_/Q
Found 0 partially unannotated drivers.

===========================================================================
max slew violation count 0
max fanout violation count 0
max cap violation count 0
============================================================================

===========================================================================
check_setup -verbose -unconstrained_endpoints -multiple_clock -no_clock -no_input_delay -loops -generated_clocks
===========================================================================
checks_report_end
power_report

===========================================================================
 report_power
============================================================================
======================= Typical Corner ===================================

Group                  Internal  Switching    Leakage      Total
                          Power      Power      Power      Power (Watts)
----------------------------------------------------------------
Sequential             3.20e-04   1.93e-04   5.76e-10   5.13e-04  28.7%
Combinational          7.33e-04   5.43e-04   1.11e-09   1.28e-03  71.3%
Macro                  0.00e+00   0.00e+00   0.00e+00   0.00e+00   0.0%
Pad                    0.00e+00   0.00e+00   0.00e+00   0.00e+00   0.0%
----------------------------------------------------------------
Total                  1.05e-03   7.36e-04   1.69e-09   1.79e-03 100.0%
                          58.9%      41.1%       0.0%

power_report_end
skew_report

===========================================================================
report_clock_skew
============================================================================
Clock clk
Latency      CRPR       Skew
_694_/CLK ^
   0.33
_694_/CLK ^
   0.30      0.00       0.03

skew_report_end
summary_report

===========================================================================
report_tns
============================================================================
tns 0.00

===========================================================================
report_wns
============================================================================
wns 0.00

===========================================================================
report_worst_slack -max (Setup)
============================================================================
worst slack 6.56

===========================================================================
report_worst_slack -min (Hold)
============================================================================
worst slack 0.22
summary_report_end
[WARNING] Did not save OpenROAD database!
Writing SDF to '/openlane/designs/booth8_chip/runs/RUN_2026.02.14_13.42.57/results/synthesis/booth8_chip.sdf'…
